VBCSCompilerPreWarmer: pre-warm launched (dotnet PID 11780)
VBCSCompiler prewarm took 7.45 ms
[Licensing::Module] Trying to connect to existing licensing client channel...
Built from '6000.6/respin/6000.6.0f1-fa21a270ab12' branch; Version is '6000.6.0f1 (f7f8ed4d1e24) revision 16251117'; Using compiler version '194234433'; Build Type 'Release'
[Licensing::IpcConnector] Channel LicenseClient-Usuario doesn't exist
OS: 'Windows 11  (10.0.26100) Professional' Language: 'pt' Physical Memory: 16249 MB
BatchMode: 1, IsHumanControllingUs: 0, StartBugReporterOnCrash: 0, Is64bit: 1
System  architecture: x64
Process architecture: x64
Date: 2026-09-30T10:08:50Z
[Licensing::Module] Successfully launched the LicensingClient (PId: 18252)

COMMAND LINE ARGUMENTS:
C:\Program Files\Unity\Hub\Editor\6000.6.0f1\Editor\Unity.exe
-batchmode
-projectPath
C:\Users\Usuario\misterio_de_varginha-jogofeiratecnica-2026-prot-tipo_principal-2026-09-22-10-19-30
-runTests
-testPlatform
PlayMode
-testFilter
Game.Tests.PlayMode.VarginhaSchoolRescueTests;Game.Tests.PlayMode.VarginhaStudentAllyTests
-testResults
C:\Users\Usuario\misterio_de_varginha-jogofeiratecnica-2026-prot-tipo_principal-2026-09-22-10-19-30\scratch\review-2001d7e\isolated.xml
-logFile
C:\Users\Usuario\misterio_de_varginha-jogofeiratecnica-2026-prot-tipo_principal-2026-09-22-10-19-30\scratch\review-2001d7e\isolated.log
Successfully changed project path to: C:\Users\Usuario\misterio_de_varginha-jogofeiratecnica-2026-prot-tipo_principal-2026-09-22-10-19-30
C:/Users/Usuario/misterio_de_varginha-jogofeiratecnica-2026-prot-tipo_principal-2026-09-22-10-19-30
[UnityMemory] Configuration Parameters - Can be set up in boot.config
    "memorysetup-temp-allocator-size-gi-baking-worker=262144"
    "memorysetup-temp-allocator-size-gi-baking-worker=262144"
    "memorysetup-temp-allocator-size-gi-baking-worker=262144"
    "memorysetup-temp-allocator-size-gi-baking-worker=262144"
    "memorysetup-temp-allocator-size-gi-baking-worker=262144"
    "memorysetup-temp-allocator-size-nav-mesh-worker=65536"
    "memorysetup-temp-allocator-size-audio-worker=65536"
    "memorysetup-temp-allocator-size-cloud-worker=32768"
    "memorysetup-temp-allocator-size-gfx=262144"
    "memorysetup-remapper-allocator-initial-capacity=32768"
    "memorysetup-temp-allocator-size-preload-manager=33554432"
    "memorysetup-allocator-temp-initial-block-size-main=262144"
    "memorysetup-allocator-temp-initial-block-size-worker=262144"
    "memorysetup-temp-allocator-size-job-worker=262144"
    "memorysetup-temp-allocator-size-background-worker=32768"
    "memorysetup-bucket-allocator-granularity=16"
    "memorysetup-bucket-allocator-bucket-count=8"
    "memorysetup-bucket-allocator-block-size=33554432"
    "memorysetup-bucket-allocator-block-count=8"
    "memorysetup-main-allocator-block-size=16777216"
    "memorysetup-thread-allocator-block-size=16777216"
    "memorysetup-main-allocator-mimalloc-enabled=1"
    "memorysetup-gfx-main-allocator-block-size=16777216"
    "memorysetup-gfx-thread-allocator-block-size=16777216"
    "memorysetup-cache-allocator-block-size=4194304"
    "memorysetup-typetree-allocator-block-size=2097152"
    "memorysetup-profiler-bucket-allocator-granularity=16"
    "memorysetup-profiler-bucket-allocator-bucket-count=8"
    "memorysetup-profiler-bucket-allocator-block-size=33554432"
    "memorysetup-profiler-bucket-allocator-block-count=8"
    "memorysetup-profiler-allocator-block-size=16777216"
    "memorysetup-profiler-editor-allocator-block-size=1048576"
    "memorysetup-temp-allocator-size-main=16777216"
    "memorysetup-job-temp-allocator-block-size=2097152"
    "memorysetup-job-temp-allocator-block-size-background=1048576"
    "memorysetup-job-temp-allocator-reduction-small-platforms=262144"
Logging is directed to a specific file, skipping project log.
Player connection [19520]  Target information:

Player connection [19520]  * "[IP] 192.168.1.77 [Port] 55504 [Flags] 2 [Guid] 2958605507 [EditorId] 2958605507 [Version] 1048832 [Id] WindowsEditor(7,pcFabio) [Debug] 1 [PackageName] WindowsEditor [ProjectName] Editor" 

Player connection [19520]  * "[IP] 169.254.99.59 [Port] 55504 [Flags] 2 [Guid] 2958605507 [EditorId] 2958605507 [Version] 1048832 [Id] WindowsEditor(7,pcFabio) [Debug] 1 [PackageName] WindowsEditor [ProjectName] Editor" 

Player connection [19520]  * "[IP] 26.12.41.207 [Port] 55504 [Flags] 2 [Guid] 2958605507 [EditorId] 2958605507 [Version] 1048832 [Id] WindowsEditor(7,pcFabio) [Debug] 1 [PackageName] WindowsEditor [ProjectName] Editor" 

Player connection [19520]  * "[IP] 172.28.48.1 [Port] 55504 [Flags] 2 [Guid] 2958605507 [EditorId] 2958605507 [Version] 1048832 [Id] WindowsEditor(7,pcFabio) [Debug] 1 [PackageName] WindowsEditor [ProjectName] Editor" 

Player connection [19520] Host joined multi-casting on [225.0.0.222:54997]...
Player connection [19520] Host joined alternative multi-casting on [225.0.0.222:34997]...
Input System module state changed to: Initialized.
[Physics::Module] Initialized fallback backend.
[Physics::Module] Id: 0xdecafbad
[Licensing::IpcConnector] Successfully connected to: "LicenseClient-Usuario" at "2026-09-30T10:08:50.822348Z"
[Licensing::Client] Code 10 while verifying Licensing Client signature (process Id: 18252, path: "C:/Program Files/Unity/Hub/Editor/6000.6.0f1/Editor/Data/Resources/Licensing/Client/Unity.Licensing.Client.exe")
[Licensing::Module] LicensingClient has failed validation; ignoring
[Package Manager] Connected to IPC stream "Upm-25660" after 0.4 seconds.
[Licensing::Module] Licensing is not yet initialized.
[Licensing::Client] Handshaking with LicensingClient:
  Version:                 1.18.3+d7ffd15
  Session Id:              ac138c9d6b7c46eeb29dffbcafc59887
  Correlation Id:          a9d15287a5a422a520fccc0f95e96a06
  External correlation Id: 6342415434590994239
  Machine Id:              UGXahkfwolpUz5l/Qdm5qPTN3yU=
[Licensing::Module] Successfully connected to LicensingClient on channel: "LicenseClient-Usuario" (connect: 0.37s, validation: 0.18s, handshake: 0.06s)
[Licensing::IpcConnector] Successfully connected to: "LicenseClient-Usuario-notifications" at "2026-09-30T10:08:51.0622229Z"
[Licensing::Module] Connected to LicensingClient (PId: 18252, launch time: 0.01, total connection time: 0.61s)
[Licensing::Module] Error: Access token is unavailable; failed to update
[Licensing::Client] Successfully resolved entitlement details
[Licensing::Module] License group:
  Id: 4674237084585-UnityPersXXXX
  Product: Unity Personal
  Type: Assigned
  Expiration: Unlimited
[Licensing::Client] Successfully updated license, isAsync: True, time: 0.01
[Licensing::Module] Licensing Background thread has ended after 0.67s
[Licensing::Module] Licensing is initialized (took 0.14s).
[Licensing::Client] Successfully resolved entitlement details
Library Redirect Path: Library/
Launching Unity Data Store - C:/Program Files/Unity/Hub/Editor/6000.6.0f1/Editor/Data/Tools/Unity.DataStore.exe 
Unity Data Store artifact dir = Library/DataStore, working dir = C:/Users/Usuario/misterio_de_varginha-jogofeiratecnica-2026-prot-tipo_principal-2026-09-22-10-19-30[Physics::Module] Selected backend.
[Physics::Module] Name: PhysX
[Physics::Module] Id: 0xf2b8ea05
[Physics::Module] SDK Version: 4.1.2
[Physics::Module] Integration Version: 1.0.0
[Physics::Module] Threading Mode: Multi-Threaded
Unity Data Store running and initialised
Initialize engine version: 6000.6.0f1 (f7f8ed4d1e24)
[EntityIdStore] init: VM path (explicit commit), pageSize=4096, blockCount=1048576, entitiesPerBlock=256, slots reserved=4294967296 bytes
[Subsystems] Discovering subsystems at path C:/Program Files/Unity/Hub/Editor/6000.6.0f1/Editor/Data/Resources/UnitySubsystems
[Subsystems] Discovering subsystems at path C:/Users/Usuario/misterio_de_varginha-jogofeiratecnica-2026-prot-tipo_principal-2026-09-22-10-19-30/Assets
GfxDevice: creating device client; kGfxThreadingModeNonThreaded
d3d12: failed to create D3D12 device (0x887a0004).
GfxDevice: creating device client; kGfxThreadingModeNonThreaded
Direct3D:
    Version:  Direct3D 11.0 [level 10.1]
    Renderer: NVIDIA GeForce G210  (ID=0xa60)
    Vendor:   NVIDIA
    VRAM:     972 MB
    Driver:   9.18.13.4174
C:\build\output\unity\unity\External\baselib\baselib\Source\WinApi\Baselib_DynamicLibrary_WinApi.inl.h(100):Baselib_DynamicLibrary_GetFunction: The requested function was not found (0x06000001) - Não foi possível encontrar o procedimento especificado.  (WinError:0000007f)
C:\build\output\unity\unity\External\baselib\baselib\Source\WinApi\Baselib_DynamicLibrary_WinApi.inl.h(100):Baselib_DynamicLibrary_GetFunction: The requested function was not found (0x06000001) - Não foi possível encontrar o procedimento especificado.  (WinError:0000007f)
C:\build\output\unity\unity\External\baselib\baselib\Source\WinApi\Baselib_DynamicLibrary_WinApi.inl.h(100):Baselib_DynamicLibrary_GetFunction: The requested function was not found (0x06000001) - Não foi possível encontrar o procedimento especificado.  (WinError:0000007f)
C:\build\output\unity\unity\External\baselib\baselib\Source\WinApi\Baselib_DynamicLibrary_WinApi.inl.h(100):Baselib_DynamicLibrary_GetFunction: The requested function was not found (0x06000001) - Não foi possível encontrar o procedimento especificado.  (WinError:0000007f)
C:\build\output\unity\unity\External\baselib\baselib\Source\WinApi\Baselib_DynamicLibrary_WinApi.inl.h(100):Baselib_DynamicLibrary_GetFunction: The requested function was not found (0x06000001) - Não foi possível encontrar o procedimento especificado.  (WinError:0000007f)
C:\build\output\unity\unity\External\baselib\baselib\Source\WinApi\Baselib_DynamicLibrary_WinApi.inl.h(100):Baselib_DynamicLibrary_GetFunction: The requested function was not found (0x06000001) - Não foi possível encontrar o procedimento especificado.  (WinError:0000007f)
C:\build\output\unity\unity\External\baselib\baselib\Source\WinApi\Baselib_DynamicLibrary_WinApi.inl.h(100):Baselib_DynamicLibrary_GetFunction: The requested function was not found (0x06000001) - Não foi possível encontrar o procedimento especificado.  (WinError:0000007f)
Initialize mono
Mono path[0] = 'C:/Program Files/Unity/Hub/Editor/6000.6.0f1/Editor/Data/Managed'
Mono path[1] = 'C:/Program Files/Unity/Hub/Editor/6000.6.0f1/Editor/Data/BCLExtensions/runtime/netstandard2.1'
Mono path[2] = 'C:/Program Files/Unity/Hub/Editor/6000.6.0f1/Editor/Data/MonoBleedingEdge/lib/mono/unityjit-win32'
Mono config path = 'C:/Program Files/Unity/Hub/Editor/6000.6.0f1/Editor/Data/MonoBleedingEdge/etc'
Using monoOptions --debugger-agent=transport=dt_socket,embedding=1,server=y,suspend=n,address=127.0.0.1:56660
CodeReloadManager initialized
ImportWorker Server TCP listen port: 0
AcceleratorClientConnectionCallback - disconnected - :0
Begin MonoManager ReloadAssembly
Registering precompiled unity dll's ...
Register platform support module: C:/Program Files/Unity/Hub/Editor/6000.6.0f1/Editor/Data/PlaybackEngines/WindowsStandaloneSupport/UnityEditor.WindowsStandalone.Extensions.dll
Registered in 0.002369 seconds.
Native extension for WindowsStandalone target not found
Package Manager log level set to [2]
ScheduleIndexationOnStartup MainProcess:False IndexOnStartup:True
Scripting: successfully reloaded assembly
- Finished resetting the current domain, in  0.866 seconds
Domain Reload Profiling: 1596ms
	BeginReloadAssembly (182ms)
		CreateAndSetChildDomain (17ms)
	RebuildCommonClasses (7ms)
	RebuildNativeTypeToScriptingClass (25ms)
	initialDomainReloadingComplete (91ms)
	LoadAllAssembliesAndSetupDomain (423ms)
		LoadAssemblies (160ms)
		TypeCache.Refresh (292ms)
			TypeCache.ScanAssembly (273ms)
		AnalyzeDomain (1ms)
	FinalizeReload (867ms)
		SetupLoadedEditorAssemblies (0ms)
			InitializePlatformSupportModulesInManaged (3ms)
			BeforeProcessingInitializeOnLoad (140ms)
			ProcessInitializeOnLoadAttributes (180ms)
			ProcessInitializeOnLoadMethodAttributes (258ms)
			EditorAssembliesLoaded (3ms)
[Licensing::Client] Successfully resolved entitlement details
Application.AssetDatabase Initial Refresh Start
[Package Manager] Restoring resolved packages state from cache
[Licensing::Client] Successfully resolved entitlement details
[Package Manager] Registered 73 packages:
  Packages from [https://packages.unity.com]:
    com.unity.2d.animation@16.0.0 (location: C:\Users\Usuario\misterio_de_varginha-jogofeiratecnica-2026-prot-tipo_principal-2026-09-22-10-19-30\Library\PackageCache\com.unity.2d.animation@147f6a6d9e7f)
    com.unity.2d.aseprite@6.0.0 (location: C:\Users\Usuario\misterio_de_varginha-jogofeiratecnica-2026-prot-tipo_principal-2026-09-22-10-19-30\Library\PackageCache\com.unity.2d.aseprite@ab909e3e9b5f)
    com.unity.2d.psdimporter@15.0.0 (location: C:\Users\Usuario\misterio_de_varginha-jogofeiratecnica-2026-prot-tipo_principal-2026-09-22-10-19-30\Library\PackageCache\com.unity.2d.psdimporter@3ef8178676f6)
    com.unity.2d.spriteshape@16.0.0 (location: C:\Users\Usuario\misterio_de_varginha-jogofeiratecnica-2026-prot-tipo_principal-2026-09-22-10-19-30\Library\PackageCache\com.unity.2d.spriteshape@42798c9d35d3)
    com.unity.2d.tilemap.extras@9.0.0 (location: C:\Users\Usuario\misterio_de_varginha-jogofeiratecnica-2026-prot-tipo_principal-2026-09-22-10-19-30\Library\PackageCache\com.unity.2d.tilemap.extras@598e8b65eaae)
    com.unity.2d.tooling@4.0.0 (location: C:\Users\Usuario\misterio_de_varginha-jogofeiratecnica-2026-prot-tipo_principal-2026-09-22-10-19-30\Library\PackageCache\com.unity.2d.tooling@92c2769ac09c)
    com.unity.collab-proxy@2.13.6 (location: C:\Users\Usuario\misterio_de_varginha-jogofeiratecnica-2026-prot-tipo_principal-2026-09-22-10-19-30\Library\PackageCache\com.unity.collab-proxy@4628d2ba6ea4)
    com.unity.ide.rider@3.0.38 (location: C:\Users\Usuario\misterio_de_varginha-jogofeiratecnica-2026-prot-tipo_principal-2026-09-22-10-19-30\Library\PackageCache\com.unity.ide.rider@1f60b3138684)
    com.unity.ide.visualstudio@2.0.26 (location: C:\Users\Usuario\misterio_de_varginha-jogofeiratecnica-2026-prot-tipo_principal-2026-09-22-10-19-30\Library\PackageCache\com.unity.ide.visualstudio@a99d56dec63f)
    com.unity.inputsystem@1.20.0 (location: C:\Users\Usuario\misterio_de_varginha-jogofeiratecnica-2026-prot-tipo_principal-2026-09-22-10-19-30\Library\PackageCache\com.unity.inputsystem@7a4e1a2a8194)
    com.unity.learn.iet-framework@6.0.7 (location: C:\Users\Usuario\misterio_de_varginha-jogofeiratecnica-2026-prot-tipo_principal-2026-09-22-10-19-30\Library\PackageCache\com.unity.learn.iet-framework@96330db47073)
    com.unity.visualscripting@1.9.12 (location: C:\Users\Usuario\misterio_de_varginha-jogofeiratecnica-2026-prot-tipo_principal-2026-09-22-10-19-30\Library\PackageCache\com.unity.visualscripting@4edfcc09512f)
    com.unity.pipeline@0.7.0-exp.1 (location: C:\Users\Usuario\misterio_de_varginha-jogofeiratecnica-2026-prot-tipo_principal-2026-09-22-10-19-30\Library\PackageCache\com.unity.pipeline@ab05e9cd7f74)
    com.unity.nuget.mono-cecil@1.11.6 (location: C:\Users\Usuario\misterio_de_varginha-jogofeiratecnica-2026-prot-tipo_principal-2026-09-22-10-19-30\Library\PackageCache\com.unity.nuget.mono-cecil@ecb9724e46ff)
    com.unity.nuget.newtonsoft-json@3.2.2 (location: C:\Users\Usuario\misterio_de_varginha-jogofeiratecnica-2026-prot-tipo_principal-2026-09-22-10-19-30\Library\PackageCache\com.unity.nuget.newtonsoft-json@4dfd81071c64)
    com.unity.settings-manager@2.1.1 (location: C:\Users\Usuario\misterio_de_varginha-jogofeiratecnica-2026-prot-tipo_principal-2026-09-22-10-19-30\Library\PackageCache\com.unity.settings-manager@0b8638c5ce86)
    com.unity.2d.common@15.0.0 (location: C:\Users\Usuario\misterio_de_varginha-jogofeiratecnica-2026-prot-tipo_principal-2026-09-22-10-19-30\Library\PackageCache\com.unity.2d.common@b779c433ed47)
    com.unity.searcher@4.9.5 (location: C:\Users\Usuario\misterio_de_varginha-jogofeiratecnica-2026-prot-tipo_principal-2026-09-22-10-19-30\Library\PackageCache\com.unity.searcher@a463122f2c00)
    com.unity.profiling.core@1.0.3 (location: C:\Users\Usuario\misterio_de_varginha-jogofeiratecnica-2026-prot-tipo_principal-2026-09-22-10-19-30\Library\PackageCache\com.unity.profiling.core@8a49f7027d06)
  Built-in packages:
    com.unity.2d.sprite@1.0.0 (location: C:\Users\Usuario\misterio_de_varginha-jogofeiratecnica-2026-prot-tipo_principal-2026-09-22-10-19-30\Library\PackageCache\com.unity.2d.sprite@947350d67f82)
    com.unity.2d.tilemap@1.0.0 (location: C:\Users\Usuario\misterio_de_varginha-jogofeiratecnica-2026-prot-tipo_principal-2026-09-22-10-19-30\Library\PackageCache\com.unity.2d.tilemap@639ca1d99254)
    com.unity.render-pipelines.universal@17.6.0 (location: C:\Users\Usuario\misterio_de_varginha-jogofeiratecnica-2026-prot-tipo_principal-2026-09-22-10-19-30\Library\PackageCache\com.unity.render-pipelines.universal@8457e85b8184)
    com.unity.test-framework@1.8.0 (location: C:\Users\Usuario\misterio_de_varginha-jogofeiratecnica-2026-prot-tipo_principal-2026-09-22-10-19-30\Library\PackageCache\com.unity.test-framework@7a3849e09bd0)
    com.unity.timeline@6.6.0 (location: C:\Users\Usuario\misterio_de_varginha-jogofeiratecnica-2026-prot-tipo_principal-2026-09-22-10-19-30\Library\PackageCache\com.unity.timeline@281d5f7e7d7d)
    com.unity.ugui@2.6.0 (location: C:\Users\Usuario\misterio_de_varginha-jogofeiratecnica-2026-prot-tipo_principal-2026-09-22-10-19-30\Library\PackageCache\com.unity.ugui@23caec89ae27)
    com.unity.modules.accessibility@1.0.0 (location: C:\Users\Usuario\misterio_de_varginha-jogofeiratecnica-2026-prot-tipo_principal-2026-09-22-10-19-30\Library\PackageCache\com.unity.modules.accessibility)
    com.unity.modules.adaptiveperformance@1.0.0 (location: C:\Users\Usuario\misterio_de_varginha-jogofeiratecnica-2026-prot-tipo_principal-2026-09-22-10-19-30\Library\PackageCache\com.unity.modules.adaptiveperformance)
    com.unity.modules.ai@1.0.0 (location: C:\Users\Usuario\misterio_de_varginha-jogofeiratecnica-2026-prot-tipo_principal-2026-09-22-10-19-30\Library\PackageCache\com.unity.modules.ai)
    com.unity.modules.androidjni@1.0.0 (location: C:\Users\Usuario\misterio_de_varginha-jogofeiratecnica-2026-prot-tipo_principal-2026-09-22-10-19-30\Library\PackageCache\com.unity.modules.androidjni)
    com.unity.modules.animation@1.0.0 (location: C:\Users\Usuario\misterio_de_varginha-jogofeiratecnica-2026-prot-tipo_principal-2026-09-22-10-19-30\Library\PackageCache\com.unity.modules.animation)
    com.unity.modules.assetbundle@1.0.0 (location: C:\Users\Usuario\misterio_de_varginha-jogofeiratecnica-2026-prot-tipo_principal-2026-09-22-10-19-30\Library\PackageCache\com.unity.modules.assetbundle)
    com.unity.modules.audio@1.0.0 (location: C:\Users\Usuario\misterio_de_varginha-jogofeiratecnica-2026-prot-tipo_principal-2026-09-22-10-19-30\Library\PackageCache\com.unity.modules.audio)
    com.unity.modules.cloth@1.0.0 (location: C:\Users\Usuario\misterio_de_varginha-jogofeiratecnica-2026-prot-tipo_principal-2026-09-22-10-19-30\Library\PackageCache\com.unity.modules.cloth)
    com.unity.modules.director@1.0.0 (location: C:\Users\Usuario\misterio_de_varginha-jogofeiratecnica-2026-prot-tipo_principal-2026-09-22-10-19-30\Library\PackageCache\com.unity.modules.director)
    com.unity.modules.imageconversion@1.0.0 (location: C:\Users\Usuario\misterio_de_varginha-jogofeiratecnica-2026-prot-tipo_principal-2026-09-22-10-19-30\Library\PackageCache\com.unity.modules.imageconversion)
    com.unity.modules.imgui@1.0.0 (location: C:\Users\Usuario\misterio_de_varginha-jogofeiratecnica-2026-prot-tipo_principal-2026-09-22-10-19-30\Library\PackageCache\com.unity.modules.imgui)
    com.unity.modules.jsonserialize@1.0.0 (location: C:\Users\Usuario\misterio_de_varginha-jogofeiratecnica-2026-prot-tipo_principal-2026-09-22-10-19-30\Library\PackageCache\com.unity.modules.jsonserialize)
    com.unity.modules.particlesystem@1.0.0 (location: C:\Users\Usuario\misterio_de_varginha-jogofeiratecnica-2026-prot-tipo_principal-2026-09-22-10-19-30\Library\PackageCache\com.unity.modules.particlesystem)
    com.unity.modules.physics@1.0.0 (location: C:\Users\Usuario\misterio_de_varginha-jogofeiratecnica-2026-prot-tipo_principal-2026-09-22-10-19-30\Library\PackageCache\com.unity.modules.physics)
    com.unity.modules.physics2d@1.0.0 (location: C:\Users\Usuario\misterio_de_varginha-jogofeiratecnica-2026-prot-tipo_principal-2026-09-22-10-19-30\Library\PackageCache\com.unity.modules.physics2d)
    com.unity.modules.physicscore2d@1.0.0 (location: C:\Users\Usuario\misterio_de_varginha-jogofeiratecnica-2026-prot-tipo_principal-2026-09-22-10-19-30\Library\PackageCache\com.unity.modules.physicscore2d)
    com.unity.modules.screencapture@1.0.0 (location: C:\Users\Usuario\misterio_de_varginha-jogofeiratecnica-2026-prot-tipo_principal-2026-09-22-10-19-30\Library\PackageCache\com.unity.modules.screencapture)
    com.unity.modules.terrain@1.0.0 (location: C:\Users\Usuario\misterio_de_varginha-jogofeiratecnica-2026-prot-tipo_principal-2026-09-22-10-19-30\Library\PackageCache\com.unity.modules.terrain)
    com.unity.modules.terrainphysics@1.0.0 (location: C:\Users\Usuario\misterio_de_varginha-jogofeiratecnica-2026-prot-tipo_principal-2026-09-22-10-19-30\Library\PackageCache\com.unity.modules.terrainphysics)
    com.unity.modules.tetgen@1.0.0 (location: C:\Users\Usuario\misterio_de_varginha-jogofeiratecnica-2026-prot-tipo_principal-2026-09-22-10-19-30\Library\PackageCache\com.unity.modules.tetgen)
    com.unity.modules.tilemap@1.0.0 (location: C:\Users\Usuario\misterio_de_varginha-jogofeiratecnica-2026-prot-tipo_principal-2026-09-22-10-19-30\Library\PackageCache\com.unity.modules.tilemap)
    com.unity.modules.timelinefoundation@1.0.0 (location: C:\Users\Usuario\misterio_de_varginha-jogofeiratecnica-2026-prot-tipo_principal-2026-09-22-10-19-30\Library\PackageCache\com.unity.modules.timelinefoundation)
    com.unity.modules.ui@1.0.0 (location: C:\Users\Usuario\misterio_de_varginha-jogofeiratecnica-2026-prot-tipo_principal-2026-09-22-10-19-30\Library\PackageCache\com.unity.modules.ui)
    com.unity.modules.uielements@1.0.0 (location: C:\Users\Usuario\misterio_de_varginha-jogofeiratecnica-2026-prot-tipo_principal-2026-09-22-10-19-30\Library\PackageCache\com.unity.modules.uielements)
    com.unity.modules.umbra@1.0.0 (location: C:\Users\Usuario\misterio_de_varginha-jogofeiratecnica-2026-prot-tipo_principal-2026-09-22-10-19-30\Library\PackageCache\com.unity.modules.umbra)
    com.unity.modules.unityanalytics@1.0.0 (location: C:\Users\Usuario\misterio_de_varginha-jogofeiratecnica-2026-prot-tipo_principal-2026-09-22-10-19-30\Library\PackageCache\com.unity.modules.unityanalytics)
    com.unity.modules.unitywebrequest@1.0.0 (location: C:\Users\Usuario\misterio_de_varginha-jogofeiratecnica-2026-prot-tipo_principal-2026-09-22-10-19-30\Library\PackageCache\com.unity.modules.unitywebrequest)
    com.unity.modules.unitywebrequestassetbundle@1.0.0 (location: C:\Users\Usuario\misterio_de_varginha-jogofeiratecnica-2026-prot-tipo_principal-2026-09-22-10-19-30\Library\PackageCache\com.unity.modules.unitywebrequestassetbundle)
    com.unity.modules.unitywebrequestaudio@1.0.0 (location: C:\Users\Usuario\misterio_de_varginha-jogofeiratecnica-2026-prot-tipo_principal-2026-09-22-10-19-30\Library\PackageCache\com.unity.modules.unitywebrequestaudio)
    com.unity.modules.unitywebrequesttexture@1.0.0 (location: C:\Users\Usuario\misterio_de_varginha-jogofeiratecnica-2026-prot-tipo_principal-2026-09-22-10-19-30\Library\PackageCache\com.unity.modules.unitywebrequesttexture)
    com.unity.modules.unitywebrequestwww@1.0.0 (location: C:\Users\Usuario\misterio_de_varginha-jogofeiratecnica-2026-prot-tipo_principal-2026-09-22-10-19-30\Library\PackageCache\com.unity.modules.unitywebrequestwww)
    com.unity.modules.vectorgraphics@1.0.0 (location: C:\Users\Usuario\misterio_de_varginha-jogofeiratecnica-2026-prot-tipo_principal-2026-09-22-10-19-30\Library\PackageCache\com.unity.modules.vectorgraphics)
    com.unity.modules.vehicles@1.0.0 (location: C:\Users\Usuario\misterio_de_varginha-jogofeiratecnica-2026-prot-tipo_principal-2026-09-22-10-19-30\Library\PackageCache\com.unity.modules.vehicles)
    com.unity.modules.video@1.0.0 (location: C:\Users\Usuario\misterio_de_varginha-jogofeiratecnica-2026-prot-tipo_principal-2026-09-22-10-19-30\Library\PackageCache\com.unity.modules.video)
    com.unity.modules.wind@1.0.0 (location: C:\Users\Usuario\misterio_de_varginha-jogofeiratecnica-2026-prot-tipo_principal-2026-09-22-10-19-30\Library\PackageCache\com.unity.modules.wind)
    com.unity.modules.xr@1.0.0 (location: C:\Users\Usuario\misterio_de_varginha-jogofeiratecnica-2026-prot-tipo_principal-2026-09-22-10-19-30\Library\PackageCache\com.unity.modules.xr)
    com.unity.modules.subsystems@1.0.0 (location: C:\Users\Usuario\misterio_de_varginha-jogofeiratecnica-2026-prot-tipo_principal-2026-09-22-10-19-30\Library\PackageCache\com.unity.modules.subsystems)
    com.unity.modules.hierarchycore@1.0.0 (location: C:\Users\Usuario\misterio_de_varginha-jogofeiratecnica-2026-prot-tipo_principal-2026-09-22-10-19-30\Library\PackageCache\com.unity.modules.hierarchycore)
    com.unity.ext.nunit@2.1.0 (location: C:\Users\Usuario\misterio_de_varginha-jogofeiratecnica-2026-prot-tipo_principal-2026-09-22-10-19-30\Library\PackageCache\com.unity.ext.nunit@0198eae3b53e)
    com.unity.render-pipelines.core@17.6.0 (location: C:\Users\Usuario\misterio_de_varginha-jogofeiratecnica-2026-prot-tipo_principal-2026-09-22-10-19-30\Library\PackageCache\com.unity.render-pipelines.core@2d66c71e606e)
    com.unity.shadergraph@17.6.0 (location: C:\Users\Usuario\misterio_de_varginha-jogofeiratecnica-2026-prot-tipo_principal-2026-09-22-10-19-30\Library\PackageCache\com.unity.shadergraph@ef6135652377)
    com.unity.render-pipelines.universal-config@17.6.0 (location: C:\Users\Usuario\misterio_de_varginha-jogofeiratecnica-2026-prot-tipo_principal-2026-09-22-10-19-30\Library\PackageCache\com.unity.render-pipelines.universal-config@561422b74439)
    com.unity.editorcoroutines@6.6.0 (location: C:\Users\Usuario\misterio_de_varginha-jogofeiratecnica-2026-prot-tipo_principal-2026-09-22-10-19-30\Library\PackageCache\com.unity.editorcoroutines@8cd72baa102a)
    com.unity.mathematics@1.4.0 (location: C:\Users\Usuario\misterio_de_varginha-jogofeiratecnica-2026-prot-tipo_principal-2026-09-22-10-19-30\Library\PackageCache\com.unity.mathematics@8306a64d0cd6)
    com.unity.collections@6.6.0 (location: C:\Users\Usuario\misterio_de_varginha-jogofeiratecnica-2026-prot-tipo_principal-2026-09-22-10-19-30\Library\PackageCache\com.unity.collections@10fff0607388)
    com.unity.graph-authoring@1.0.0 (location: C:\Users\Usuario\misterio_de_varginha-jogofeiratecnica-2026-prot-tipo_principal-2026-09-22-10-19-30\Library\PackageCache\com.unity.graph-authoring@cfd2588851ee)
    com.unity.burst@2.0.0 (location: C:\Users\Usuario\misterio_de_varginha-jogofeiratecnica-2026-prot-tipo_principal-2026-09-22-10-19-30\Library\PackageCache\com.unity.burst@626e66ab421b)
    com.unity.test-framework.performance@6.6.0 (location: C:\Users\Usuario\misterio_de_varginha-jogofeiratecnica-2026-prot-tipo_principal-2026-09-22-10-19-30\Library\PackageCache\com.unity.test-framework.performance@0a60b857a52e)
[Subsystems] No new subsystems found in resolved package list.
[Package Manager] Done registering packages in 0.03 seconds
Starting: C:\Program Files\Unity\Hub\Editor\6000.6.0f1\Editor\Data\Tools\BuildPipeline\bee_backend.exe --ipc --defer-dag-verification --dagfile="Library/Bee/1900b0aE.dag" --continue-on-failure --profile="Library/Bee/backend1.traceevents" ScriptAssemblies
WorkingDir: C:/Users/Usuario/misterio_de_varginha-jogofeiratecnica-2026-prot-tipo_principal-2026-09-22-10-19-30
DisplayProgressbar: Compiling Scripts
ExitCode: 0 Duration: 0s410ms
[1029/1342  0s] ILPP-Configuration Library/ilpp-configuration.nevergeneratedoutput
*** Tundra build success (0.37 seconds), 1 items updated, 1342 evaluated
AssetDatabase: script compilation time: 1.084230s
Begin MonoManager ReloadAssembly
'Packages/com.unity.render-pipelines.core/Editor/Deprecated.cs' contains partial class of Unity.Object, exactly 1 of the partial classes needs to be in a file with the same filename. This is to know the one that can be referenced from ie. GameObjects
'Packages/com.unity.render-pipelines.core/Editor/Deprecated.cs' contains partial class of Unity.Object, exactly 1 of the partial classes needs to be in a file with the same filename. This is to know the one that can be referenced from ie. GameObjects
Refreshing native plugins compatible for Editor in 2.82 ms, found 5 plugins.
Native extension for WindowsStandalone target not found
Start HTTP server: port:7800
ScheduleIndexationOnStartup MainProcess:True IndexOnStartup:True
Scripting: successfully reloaded assembly
- Finished resetting the current domain, in  1.599 seconds
Domain Reload Profiling: 3361ms
	BeginReloadAssembly (436ms)
		DisableScriptedObjects (30ms)
		CreateAndSetChildDomain (170ms)
	RebuildCommonClasses (12ms)
	RebuildNativeTypeToScriptingClass (22ms)
	initialDomainReloadingComplete (123ms)
	LoadAllAssembliesAndSetupDomain (1169ms)
		LoadAssemblies (525ms)
		TypeCache.Refresh (395ms)
			TypeCache.ScanAssembly (370ms)
		AnalyzeDomain (177ms)
			BuildScriptInfoCaches (158ms)
			ResolveRequiredComponents (17ms)
	FinalizeReload (1600ms)
		SetupLoadedEditorAssemblies (0ms)
			BeforeProcessingInitializeOnLoad (160ms)
			ProcessInitializeOnLoadAttributes (947ms)
			ProcessInitializeOnLoadMethodAttributes (165ms)
			AfterProcessingInitializeOnLoad (11ms)
		AwakeInstancesAfterBackupRestoration (34ms)
Starting new worker id: 0 with log in C:/Users/Usuario/misterio_de_varginha-jogofeiratecnica-2026-prot-tipo_principal-2026-09-22-10-19-30/Logs/AssetImportWorkerHW0.log

Asset Pipeline Refresh (id=d97628243928c9d4b81e5578c18269c8): Total: 5.713 seconds - Initiated by InitialRefreshV2(ForceSynchronousImport)
	(Values over 0.05ms)
	Summary:
		Imports: total=0 (actual=0, local cache=0, cache server=0)
		Asset DB Process Time: managed=0 ms, native=2348 ms
		Asset DB Callback time: managed=269 ms, native=32 ms
		Scripting: domain reloads=1, domain reload time=1866 ms, compile time=1087 ms, other=110 ms
		Project Asset Count: scripts=1783, non-scripts=3410
		Asset File Changes: new=0, changed=0, moved=0, deleted=0
		Scan Filter Count: 0
	InvokePackagesCallback: 35.119ms
	ApplyChangesToAssetFolders: 0.858ms
	Scan: 168.805ms
	Collect global state as custom dependencies: 20.044ms
	CategorizeScriptCompilationAssets: 77.192ms
	ProcessAssetsWithTransientArtifactChanges: 130.828ms
	CategorizeAssets: 81.822ms
	CompileScripts: 1086.828ms
	ImportOutOfDateAssets: 1626.892ms (1612.331ms without children)
		UnloadImportedAssets: 0.111ms
		EnsureUptoDateAssetsAreRegisteredWithGuidPM: 1.282ms
		ImportSchedulerStart: 13.164ms
	PostProcessAllAssets: 269.216ms
		MonoPostProcessAllAssets: 269.059ms
			UniversalRenderPipelineGlobalSettingsPostprocessor.OnPostprocessAllAssets 228.610ms
			SyncVS.PostprocessSyncProject 10.924ms
			WindowAssetPostprocessingWatcher.OnPostprocessAllAssets 2.639ms
			SpeedTree9Postprocessor.OnPostprocessAllAssets 2.200ms
			EditModeScopePostprocessor.OnPostprocessAllAssets 1.546ms
			ShaderReflectionAssetPostProcessor.OnPostprocessAllAssets 0.999ms
			ReferencedClipsPostProcessor.OnPostprocessAllAssets 0.372ms
			InputActionAssetPostprocessor.OnPostprocessAllAssets 0.342ms
			AssetDatabaseCallbacks.OnPostprocessAllAssets 0.233ms
			TerrainToolbarOverlayPostProcessor.OnPostprocessAllAssets 0.230ms
			ProjectSettingsPostprocessor.OnPostprocessAllAssets 0.197ms
			RenderPipelineGlobalSettingsPostprocessor.OnPostprocessAllAssets 0.130ms
	UnloadStreamsBegin: 2.960ms
	PersistCurrentRevisions: 0.295ms
	GenerateScriptTypeHashes: 2.593ms
	GenerateScriptTypeSerializationHashes: 5.012ms
	Untracked: 2183.579ms

Application.AssetDatabase Initial Refresh End
Shader Hidden/ChartRasterizerHardware is not supported: GPU does not support conservative rasterization
Launched and connected shader compiler UnityShaderCompiler.exe after 0.01 seconds
Shader Hidden/ChartRasterizerHardware is not supported: GPU does not support conservative rasterization
Scanning for USB devices : 2.824ms
Initializing Unity extensions:
[MODES] ModeService[none].Initialize
[MODES] ModeService[none].LoadModes
[MODES] Loading mode Default (0) for mode-current-id-Template 2D Kit
Unloading 164 Unused Serialized files (Serialized files now loaded: 0)
Unloading 7995 unused Assets / (9.3 MB). Loaded Objects now: 8971.
Memory consumption went from 461.2 MB to 451.8 MB.
Total: 49.786600 ms (FindLiveObjects: 1.542900 ms CreateObjectMapping: 1.131300 ms MarkObjects: 8.046700 ms  DeleteObjects: 38.706800 ms)

Refreshing native plugins compatible for Editor in 2.84 ms, found 5 plugins.
GpuFence::Create(): Failed to create ID3D11Fence, error 0x80070057
[Project] Loading completed in 10.012 seconds
	Project init time: 				9.398 seconds
		Template init time: 		0.000 seconds
		Package Manager init time: 		0.507 seconds
		Asset Database init time: 		0.370 seconds
		Global illumination init time: 	0.004 seconds
		Assemblies load time: 			1.660 seconds
		Unity extensions init time: 	0.029 seconds
		Asset Database refresh time: 	5.714 seconds
	Scene opening time: 			0.477 seconds
##utp:{"type":"ProjectInfo","version":2,"phase":"Immediate","time":1790762940435,"processId":25660,"projectLoad":10.0119592,"projectInit":9.3984549,"templateInit":0.0,"packageManagerInit":0.5067475,"assetDatabaseInit":0.3698417,"globalIlluminationInit":0.0035152,"assembliesLoad":1.6600075,"unityExtensionsInit":0.0291125,"assetDatabaseRefresh":5.7135077,"sceneOpening":0.4765254}
##utp:{"type":"EditorInfo","version":2,"phase":"Immediate","time":1790762940435,"processId":25660,"editorVersion":"6000.6.0f1 (f7f8ed4d1e24)","branch":"6000.6/respin/6000.6.0f1-fa21a270ab12","buildType":"Release","platform":"Windows"}
[Licensing::Client] Successfully resolved entitlement details
[Licensing::Client] Successfully resolved entitlement details
Running tests for ExecutionSettings with details:
targetPlatform = 
playerHeartbeatTimeout = 600
filters[0] = 
   Filter with settings:
   testMode = PlayMode
   targetPlatform = 
   testNames = null
   groupNames = Game.Tests.PlayMode.VarginhaSchoolRescueTests, Game.Tests.PlayMode.VarginhaStudentAllyTests
   categoryNames = null
   assemblyNames = null
ignoreTests = {}
featureFlags = null

UnityEngine.Debug:ExtractStackTraceNoAlloc (byte*,int,string)
UnityEngine.StackTraceUtility:ExtractStackTrace ()
UnityEngine.DebugLogHandler:Internal_Log (UnityEngine.LogType,UnityEngine.LogOption,string,UnityEngine.Object)
UnityEngine.DebugLogHandler:LogFormat (UnityEngine.LogType,UnityEngine.Object,string,object[])
UnityEngine.Logger:Log (UnityEngine.LogType,object)
UnityEngine.Debug:Log (object)
UnityEditor.TestTools.TestRunner.CommandLineTest.Executer:InitializeAndExecuteRun (string[]) (at ./Library/PackageCache/com.unity.test-framework@7a3849e09bd0/UnityEditor.TestRunner/CommandLineTest/Executer.cs:53)
UnityEditor.TestTools.TestRunner.CommandLineTest.TestStarter:InitializeAndExecuteRun () (at ./Library/PackageCache/com.unity.test-framework@7a3849e09bd0/UnityEditor.TestRunner/CommandLineTest/TestStarter.cs:64)
UnityEditor.EditorApplication:Internal_CallUpdateFunctions ()

(Filename: ./Library/PackageCache/com.unity.test-framework@7a3849e09bd0/UnityEditor.TestRunner/CommandLineTest/Executer.cs Line: 53)

Start Indexing on Editor startup
[Indexing] Starting Initial Indexing for Assets
[Licensing::Client] Successfully resolved entitlement details
Reloading assemblies due to reload request.
Reloading assemblies after forced synchronous recompile.
Begin MonoManager ReloadAssembly
Worker ready: AssetImportWorkerHW0 0
'Packages/com.unity.render-pipelines.core/Editor/Deprecated.cs' contains partial class of Unity.Object, exactly 1 of the partial classes needs to be in a file with the same filename. This is to know the one that can be referenced from ie. GameObjects
'Packages/com.unity.render-pipelines.core/Editor/Deprecated.cs' contains partial class of Unity.Object, exactly 1 of the partial classes needs to be in a file with the same filename. This is to know the one that can be referenced from ie. GameObjects
Refreshing native plugins compatible for Editor in 2.75 ms, found 5 plugins.
Native extension for WindowsStandalone target not found
[MODES] ModeService[none].Initialize
[MODES] ModeService[none].LoadModes
Start HTTP server: port:7800
ScheduleIndexationOnStartup MainProcess:True IndexOnStartup:True
Refreshing native plugins compatible for Editor in 3.08 ms, found 5 plugins.
Scripting: successfully reloaded assembly
- Finished resetting the current domain, in  2.501 seconds
Domain Reload Profiling: 4168ms
	BeginReloadAssembly (1189ms)
		DisableScriptedObjects (36ms)
		CreateAndSetChildDomain (224ms)
	RebuildCommonClasses (13ms)
	RebuildNativeTypeToScriptingClass (22ms)
	initialDomainReloadingComplete (123ms)
	LoadAllAssembliesAndSetupDomain (317ms)
		LoadAssemblies (199ms)
		TypeCache.Refresh (10ms)
		AnalyzeDomain (18ms)
			ResolveRequiredComponents (13ms)
	FinalizeReload (2503ms)
		SetupLoadedEditorAssemblies (0ms)
			LogAssemblyErrors (3ms)
			BeforeProcessingInitializeOnLoad (482ms)
			ProcessInitializeOnLoadAttributes (789ms)
			ProcessInitializeOnLoadMethodAttributes (324ms)
			AfterProcessingInitializeOnLoad (9ms)
		AwakeInstancesAfterBackupRestoration (243ms)
No restricted APIs configured; Validation skipped.
Checking 24 assemblies for restricted APIs found 0 usage(s) in 4 ms
Refreshing native plugins compatible for Editor in 2.92 ms, found 5 plugins.

Asset Pipeline Refresh (id=ea10bb9affedb054e9bc983a343bc613): Total: 6.330 seconds - Initiated by StopAssetImportingV2(ForceSynchronousImport | ForceDomainReload)
	(Values over 0.05ms)
	Summary:
		Imports: total=0 (actual=0, local cache=0, cache server=0)
		Asset DB Process Time: managed=0 ms, native=3045 ms
		Asset DB Callback time: managed=1079 ms, native=439 ms
		Scripting: domain reloads=1, domain reload time=1761 ms, compile time=4 ms, other=0 ms
		Project Asset Count: scripts=1783, non-scripts=3410
		Asset File Changes: new=0, changed=0, moved=0, deleted=0
		Scan Filter Count: 0
	InvokePackagesCallback: 4.403ms
	ApplyChangesToAssetFolders: 0.370ms
	Collect global state as custom dependencies: 12.445ms
	ProcessAssetsWithTransientArtifactChanges: 309.537ms
	CategorizeAssets: 102.744ms
	CompileScripts: 3.956ms
	ImportOutOfDateAssets: 2522.923ms (2520.422ms without children)
		CollectScriptTypesHashes: 2.934ms
		ReloadNativeAssets: 0.953ms
		UnloadImportedAssets: 0.210ms
		EnsureUptoDateAssetsAreRegisteredWithGuidPM: 0.881ms
		ImportSchedulerStart: 0.362ms
	PostProcessAllAssets: 1512.332ms
		AssemblyValidation.PostprocessAllAssets 36.123ms
		PostProcessCallbackCreateDeferredMaterials 24.183ms
		SpriteAtlasDatabase.OnAssetPostprocessCallback 19.626ms
		ShaderAssetModifiedCallback 11.774ms
		ComputeShaderImportPostprocess 10.949ms
		RaytracingShaderImportPostprocess 10.792ms
		SpeedTreeImporter.PostprocessAllAssets 9.740ms
		LocalizationDatabase.AssetDatabasePostprocessCallback 4.370ms
		BlockShaderImporter.PostprocessAllAssets 4.097ms
		XRBuildSystem.XRAssetImported 0.940ms
		MonoPostProcessAllAssets: 1077.774ms
			SyncVS.PostprocessSyncProject 353.849ms
			ShaderGraphAssetPostProcessor.OnPostprocessAllAssets 262.789ms
			PostProcessor.OnPostprocessAllAssets 66.306ms
			MaterialPostprocessor.OnPostprocessAllAssets 47.487ms
			InputActionAssetPostprocessor.OnPostprocessAllAssets 46.961ms
			InputActionJsonNameModifierAssetProcessor.OnPostprocessAllAssets 46.572ms
			TextAssetPostProcessor.OnPostprocessAllAssets 30.583ms
			AssetPostprocessor.OnPostprocessAllAssets 28.754ms
			SpriteSlicePostprocessor.OnPostprocessAllAssets 25.158ms
			StyleCatalogPostProcessor.OnPostprocessAllAssets 24.113ms
			UniversalRenderPipelineGlobalSettingsPostprocessor.OnPostprocessAllAssets 19.033ms
			AssetChangedListener.OnPostprocessAllAssets 18.944ms
			BuilderAssetPostprocessor.OnPostprocessAllAssets 7.588ms
			SpeedTree9Postprocessor.OnPostprocessAllAssets 6.819ms
			RetainedModeAssetPostprocessor.OnPostprocessAllAssets 2.651ms
			WindowAssetPostprocessingWatcher.OnPostprocessAllAssets 1.690ms
			TMPro_TexturePostProcessor.OnPostprocessAllAssets 1.604ms
			ProjectSettingsPostprocessor.OnPostprocessAllAssets 1.137ms
			EditModeScopePostprocessor.OnPostprocessAllAssets 1.020ms
			VarginhaStudentAtlasImporter.OnPostprocessAllAssets 0.808ms
			SpriteEditorTexturePostprocessor.OnPostprocessAllAssets 0.712ms
			ShaderReflectionAssetPostProcessor.OnPostprocessAllAssets 0.628ms
			SpeedTreePostProcessor.OnPostprocessAllAssets 0.619ms
			ThemePostprocessor.OnPostprocessAllAssets 0.613ms
			ArtifactBrowserPostProcessor.OnPostprocessAllAssets 0.547ms
			ReferencedClipsPostProcessor.OnPostprocessAllAssets 0.486ms
			SpriteShapeAssetPostProcessor.OnPostprocessAllAssets 0.481ms
			AssetEvents.OnPostprocessAllAssets 0.373ms
			AssetProcessor.OnPostprocessAllAssets 0.370ms
			AudioMixerPostprocessor.OnPostprocessAllAssets 0.368ms
			SpriteLibraryAssetPostprocessor.OnPostprocessAllAssets 0.271ms
			UVCSAssetPostprocessor.OnPostprocessAllAssets 0.245ms
			TerrainToolbarOverlayPostProcessor.OnPostprocessAllAssets 0.229ms
			RenderPipelineGlobalSettingsPostprocessor.OnPostprocessAllAssets 0.203ms
			SamplePostprocessor.OnPostprocessAllAssets 0.191ms
			AssetDatabaseCallbacks.OnPostprocessAllAssets 0.180ms
			ConfigAssetsTracker.OnPostprocessAllAssets 0.179ms
			PSDImportPostProcessor.OnPostprocessAllAssets 0.178ms
			ScenarioDriftAssetsTracker.OnPostprocessAllAssets 0.157ms
			PSDImporterAssetPostProcessor.OnPostprocessAllAssets 0.134ms
			AssetReloadNotifier.OnPostprocessAllAssets 0.124ms
			AudioContainerPostProcessor.OnPostprocessAllAssets 0.096ms
	PostAssetChangesProfiler: 5.844ms
	GatherAllCurrentPrimaryImportResultRevisions: 0.439ms
	UnloadStreamsBegin: 5.140ms
	PersistCurrentRevisions: 0.186ms
	GenerateScriptTypeHashes: 7.221ms
	GenerateScriptTypeSerializationHashes: 12.020ms
	Untracked: 1802.109ms

[UnityConnectServicesConfig] config is NOT valid, switching to default
Created GICache directory at C:/Users/Usuario/AppData/LocalLow/Unity/Caches/GiCache. Took: 0.029s, timestamps: [10.015 - 10.044]
[Licensing::Client] Successfully resolved entitlement details
[Licensing::Client] Successfully resolved entitlement details
[Licensing::Client] Successfully resolved entitlement details
Unloading 0 Unused Serialized files (Serialized files now loaded: 0)
Unloading 7095 unused Assets / (2.4 MB). Loaded Objects now: 9131.
Memory consumption went from 462.7 MB to 460.4 MB.
Total: 15.230200 ms (FindLiveObjects: 1.696600 ms CreateObjectMapping: 0.952800 ms MarkObjects: 10.589500 ms  DeleteObjects: 1.648200 ms)

Importing 'GUID: 4015f6b55fbf9b54ab66c0d32ab3d81a - Path: Assets/InitTestScened523ced0-1431-4fc5-be18-22f459fbeea4.unity' with importer (DefaultImporter)
Imported 'GUID: 4015f6b55fbf9b54ab66c0d32ab3d81a' -> (Import Result ID: 'd89c015eea57a25c5af36e220bbc3bab') in 0.006 seconds [static dependencies only]. Details - ImportResultOutputID=ef0dd409df100bca78e27c5ef7e63bc5 DependenciesID=e7cc82496b68103bf983df4bdaa2d2bc StaticDependenciesID=89d4469604fc14f8ec097c5222a4a438 
Refreshing native plugins compatible for Editor in 2.71 ms, found 5 plugins.
Asset Pipeline Refresh (id=2f10ebb6b023053479291e9aaf8a9444): Total: 0.068 seconds - Initiated by StopAssetImportingV2(NoUpdateAssetOptions)
Executing IPrebuildSetup for: Unity.PerformanceTesting.Editor.TestRunBuilder.
UnityEngine.Debug:ExtractStackTraceNoAlloc (byte*,int,string)
UnityEngine.StackTraceUtility:ExtractStackTrace ()
UnityEngine.DebugLogHandler:Internal_Log (UnityEngine.LogType,UnityEngine.LogOption,string,UnityEngine.Object)
UnityEngine.DebugLogHandler:LogFormat (UnityEngine.LogType,UnityEngine.Object,string,object[])
UnityEngine.Logger:Log (UnityEngine.LogType,object)
UnityEngine.Debug:Log (object)
UnityEditor.TestTools.TestRunner.TestRun.Tasks.BuildActionTaskBase`1/<ExecuteMethods>d__8<UnityEngine.TestTools.IPrebuildSetup>:MoveNext () (at ./Library/PackageCache/com.unity.test-framework@7a3849e09bd0/UnityEditor.TestRunner/TestRun/Tasks/BuildActionTaskBase.cs:48)
UnityEditor.TestTools.TestRunner.TestRun.Tasks.BuildActionTaskBase`1/<Execute>d__7<UnityEngine.TestTools.IPrebuildSetup>:MoveNext () (at ./Library/PackageCache/com.unity.test-framework@7a3849e09bd0/UnityEditor.TestRunner/TestRun/Tasks/BuildActionTaskBase.cs:34)
UnityEditor.TestTools.TestRunner.TestRun.TestJobRunner:ExecuteStep () (at ./Library/PackageCache/com.unity.test-framework@7a3849e09bd0/UnityEditor.TestRunner/TestRun/TestJobRunner.cs:194)
UnityEditor.TestTools.TestRunner.TestRun.TestJobRunner:ExecuteCallback () (at ./Library/PackageCache/com.unity.test-framework@7a3849e09bd0/UnityEditor.TestRunner/TestRun/TestJobRunner.cs:129)
UnityEditor.EditorApplication:Internal_CallUpdateFunctions ()

(Filename: ./Library/PackageCache/com.unity.test-framework@7a3849e09bd0/UnityEditor.TestRunner/TestRun/Tasks/BuildActionTaskBase.cs Line: 48)

SpriteAtlasPacking completed in 0.005409 sec
Entering Playmode with Reload Domain disabled.
If you experience any issues, please disable "Enter Play Mode Options" in Editor Settings
Loaded scene 'Temp/__Backupscenes/0.backup'
	Deserialize:            1.046 ms
	Integration:            3340.031 ms
	Integration of assets:  0.001 ms
	Thread Wait Time:       0.019 ms
	Total Operation Time:   3341.097 ms
QA run started: 167
UnityEngine.Debug:ExtractStackTraceNoAlloc (byte*,int,string)
UnityEngine.StackTraceUtility:ExtractStackTrace ()
UnityEngine.DebugLogHandler:Internal_Log (UnityEngine.LogType,UnityEngine.LogOption,string,UnityEngine.Object)
UnityEngine.DebugLogHandler:LogFormat (UnityEngine.LogType,UnityEngine.Object,string,object[])
UnityEngine.Logger:Log (UnityEngine.LogType,object)
UnityEngine.Debug:Log (object)
Game.Editor.Testing.VarginhaBatchTestProgress:RunStarted (UnityEditor.TestTools.TestRunner.Api.ITestAdaptor) (at Assets/Scripts/Editor/Testing/VarginhaBatchTestProgress.cs:18)
UnityEditor.TestTools.TestRunner.Api.CallbacksDelegator/<>c__DisplayClass7_0:<RunStarted>b__0 (UnityEditor.TestTools.TestRunner.Api.ICallbacks) (at ./Library/PackageCache/com.unity.test-framework@7a3849e09bd0/UnityEditor.TestRunner/Api/CallbacksDelegator.cs:42)
UnityEditor.TestTools.TestRunner.Api.CallbacksDelegator:TryInvokeAllCallbacks (System.Action`1<UnityEditor.TestTools.TestRunner.Api.ICallbacks>) (at ./Library/PackageCache/com.unity.test-framework@7a3849e09bd0/UnityEditor.TestRunner/Api/CallbacksDelegator.cs:135)
UnityEditor.TestTools.TestRunner.Api.CallbacksDelegator:RunStarted (NUnit.Framework.Interfaces.ITest) (at ./Library/PackageCache/com.unity.test-framework@7a3849e09bd0/UnityEditor.TestRunner/Api/CallbacksDelegator.cs:42)
UnityEngine.Events.InvokableCall`1<NUnit.Framework.Interfaces.ITest>:Invoke (NUnit.Framework.Interfaces.ITest)
UnityEngine.Events.UnityEvent`1<NUnit.Framework.Interfaces.ITest>:Invoke (NUnit.Framework.Interfaces.ITest)
UnityEngine.Events.InvokableCall`1<NUnit.Framework.Interfaces.ITest>:Invoke (NUnit.Framework.Interfaces.ITest)
UnityEngine.Events.UnityEvent`1<NUnit.Framework.Interfaces.ITest>:Invoke (NUnit.Framework.Interfaces.ITest)
UnityEngine.TestTools.TestRunner.PlaymodeTestsController/<Run>d__26:MoveNext () (at ./Library/PackageCache/com.unity.test-framework@7a3849e09bd0/UnityEngine.TestRunner/TestRunner/PlaymodeTestsController.cs:146)
UnityEngine.SetupCoroutine:InvokeMoveNext (System.Collections.IEnumerator,intptr)
UnityEngine.MonoBehaviour:StartCoroutineManaged2 (System.Collections.IEnumerator)
UnityEngine.MonoBehaviour:StartCoroutine (System.Collections.IEnumerator)
UnityEngine.TestTools.TestRunner.PlaymodeTestsController/<Start>d__22:MoveNext () (at ./Library/PackageCache/com.unity.test-framework@7a3849e09bd0/UnityEngine.TestRunner/TestRunner/PlaymodeTestsController.cs:81)
UnityEngine.SetupCoroutine:InvokeMoveNext (System.Collections.IEnumerator,intptr)

(Filename: Assets/Scripts/Editor/Testing/VarginhaBatchTestProgress.cs Line: 18)

QA test: Game.Tests.PlayMode.VarginhaSchoolRescueTests.BoardingFinishesWithBlockedSlotAndLeaderLeavingTheRadius
UnityEngine.Debug:ExtractStackTraceNoAlloc (byte*,int,string)
UnityEngine.StackTraceUtility:ExtractStackTrace ()
UnityEngine.DebugLogHandler:Internal_Log (UnityEngine.LogType,UnityEngine.LogOption,string,UnityEngine.Object)
UnityEngine.DebugLogHandler:LogFormat (UnityEngine.LogType,UnityEngine.Object,string,object[])
UnityEngine.Logger:Log (UnityEngine.LogType,object)
UnityEngine.Debug:Log (object)
Game.Editor.Testing.VarginhaBatchTestProgress:TestStarted (UnityEditor.TestTools.TestRunner.Api.ITestAdaptor) (at Assets/Scripts/Editor/Testing/VarginhaBatchTestProgress.cs:22)
UnityEditor.TestTools.TestRunner.Api.CallbacksDelegator/<>c__DisplayClass12_0:<TestStarted>b__0 (UnityEditor.TestTools.TestRunner.Api.ICallbacks) (at ./Library/PackageCache/com.unity.test-framework@7a3849e09bd0/UnityEditor.TestRunner/Api/CallbacksDelegator.cs:81)
UnityEditor.TestTools.TestRunner.Api.CallbacksDelegator:TryInvokeAllCallbacks (System.Action`1<UnityEditor.TestTools.TestRunner.Api.ICallbacks>) (at ./Library/PackageCache/com.unity.test-framework@7a3849e09bd0/UnityEditor.TestRunner/Api/CallbacksDelegator.cs:135)
UnityEditor.TestTools.TestRunner.Api.CallbacksDelegator:TestStarted (NUnit.Framework.Interfaces.ITest) (at ./Library/PackageCache/com.unity.test-framework@7a3849e09bd0/UnityEditor.TestRunner/Api/CallbacksDelegator.cs:81)
UnityEngine.Events.InvokableCall`1<NUnit.Framework.Interfaces.ITest>:Invoke (NUnit.Framework.Interfaces.ITest)
UnityEngine.Events.UnityEvent`1<NUnit.Framework.Interfaces.ITest>:Invoke (NUnit.Framework.Interfaces.ITest)
UnityEngine.Events.InvokableCall`1<NUnit.Framework.Interfaces.ITest>:Invoke (NUnit.Framework.Interfaces.ITest)
UnityEngine.Events.UnityEvent`1<NUnit.Framework.Interfaces.ITest>:Invoke (NUnit.Framework.Interfaces.ITest)
UnityEngine.TestTools.TestRunner.TestListenerWrapper:TestStarted (NUnit.Framework.Interfaces.ITest) (at ./Library/PackageCache/com.unity.test-framework@7a3849e09bd0/UnityEngine.TestRunner/TestRunner/TestListenerWrapper.cs:19)
UnityEngine.TestRunner.NUnitExtensions.Runner.UnityWorkItem:Execute () (at ./Library/PackageCache/com.unity.test-framework@7a3849e09bd0/UnityEngine.TestRunner/NUnitExtensions/Runner/UnityWorkItem.cs:83)
UnityEngine.TestRunner.NUnitExtensions.Runner.CompositeWorkItem/<RunChildren>d__17:MoveNext () (at ./Library/PackageCache/com.unity.test-framework@7a3849e09bd0/UnityEngine.TestRunner/NUnitExtensions/Runner/CompositeWorkItem.cs:205)
UnityEngine.TestRunner.NUnitExtensions.Runner.CompositeWorkItem/<PerformWork>d__13:MoveNext () (at ./Library/PackageCache/com.unity.test-framework@7a3849e09bd0/UnityEngine.TestRunner/NUnitExtensions/Runner/CompositeWorkItem.cs:83)
UnityEngine.TestRunner.NUnitExtensions.Runner.CompositeWorkItem/<RunChildren>d__17:MoveNext () (at ./Library/PackageCache/com.unity.test-framework@7a3849e09bd0/UnityEngine.TestRunner/NUnitExtensions/Runner/CompositeWorkItem.cs:209)
UnityEngine.TestRunner.NUnitExtensions.Runner.CompositeWorkItem/<PerformWork>d__13:MoveNext () (at ./Library/PackageCache/com.unity.test-framework@7a3849e09bd0/UnityEngine.TestRunner/NUnitExtensions/Runner/CompositeWorkItem.cs:83)
UnityEngine.TestRunner.NUnitExtensions.Runner.CompositeWorkItem/<RunChildren>d__17:MoveNext () (at ./Library/PackageCache/com.unity.test-framework@7a3849e09bd0/UnityEngine.TestRunner/NUnitExtensions/Runner/CompositeWorkItem.cs:209)
UnityEngine.TestRunner.NUnitExtensions.Runner.CompositeWorkItem/<PerformWork>d__13:MoveNext () (at ./Library/PackageCache/com.unity.test-framework@7a3849e09bd0/UnityEngine.TestRunner/NUnitExtensions/Runner/CompositeWorkItem.cs:83)
UnityEngine.TestRunner.NUnitExtensions.Runner.CompositeWorkItem/<RunChildren>d__17:MoveNext () (at ./Library/PackageCache/com.unity.test-framework@7a3849e09bd0/UnityEngine.TestRunner/NUnitExtensions/Runner/CompositeWorkItem.cs:209)
UnityEngine.TestRunner.NUnitExtensions.Runner.CompositeWorkItem/<PerformWork>d__13:MoveNext () (at ./Library/PackageCache/com.unity.test-framework@7a3849e09bd0/UnityEngine.TestRunner/NUnitExtensions/Runner/CompositeWorkItem.cs:83)
UnityEngine.TestRunner.NUnitExtensions.Runner.CompositeWorkItem/<RunChildren>d__17:MoveNext () (at ./Library/PackageCache/com.unity.test-framework@7a3849e09bd0/UnityEngine.TestRunner/NUnitExtensions/Runner/CompositeWorkItem.cs:209)
UnityEngine.TestRunner.NUnitExtensions.Runner.CompositeWorkItem/<PerformWork>d__13:MoveNext () (at ./Library/PackageCache/com.unity.test-framework@7a3849e09bd0/UnityEngine.TestRunner/NUnitExtensions/Runner/CompositeWorkItem.cs:83)
UnityEngine.TestRunner.NUnitExtensions.Runner.CompositeWorkItem/<RunChildren>d__17:MoveNext () (at ./Library/PackageCache/com.unity.test-framework@7a3849e09bd0/UnityEngine.TestRunner/NUnitExtensions/Runner/CompositeWorkItem.cs:209)
UnityEngine.TestRunner.NUnitExtensions.Runner.CompositeWorkItem/<PerformWork>d__13:MoveNext () (at ./Library/PackageCache/com.unity.test-framework@7a3849e09bd0/UnityEngine.TestRunner/NUnitExtensions/Runner/CompositeWorkItem.cs:83)
UnityEngine.TestTools.TestRunner.PlaymodeTestsController/<TestRunnerCoroutine>d__25:MoveNext () (at ./Library/PackageCache/com.unity.test-framework@7a3849e09bd0/UnityEngine.TestRunner/TestRunner/PlaymodeTestsController.cs:100)
UnityEngine.SetupCoroutine:InvokeMoveNext (System.Collections.IEnumerator,intptr)

(Filename: Assets/Scripts/Editor/Testing/VarginhaBatchTestProgress.cs Line: 22)

QA result: Failed Game.Tests.PlayMode.VarginhaSchoolRescueTests.BoardingFinishesWithBlockedSlotAndLeaderLeavingTheRadius
UnityEngine.Debug:ExtractStackTraceNoAlloc (byte*,int,string)
UnityEngine.StackTraceUtility:ExtractStackTrace ()
UnityEngine.DebugLogHandler:Internal_Log (UnityEngine.LogType,UnityEngine.LogOption,string,UnityEngine.Object)
UnityEngine.DebugLogHandler:LogFormat (UnityEngine.LogType,UnityEngine.Object,string,object[])
UnityEngine.Logger:Log (UnityEngine.LogType,object)
UnityEngine.Debug:Log (object)
Game.Editor.Testing.VarginhaBatchTestProgress:TestFinished (UnityEditor.TestTools.TestRunner.Api.ITestResultAdaptor) (at Assets/Scripts/Editor/Testing/VarginhaBatchTestProgress.cs:26)
UnityEditor.TestTools.TestRunner.Api.CallbacksDelegator/<>c__DisplayClass14_0:<TestFinished>b__0 (UnityEditor.TestTools.TestRunner.Api.ICallbacks) (at ./Library/PackageCache/com.unity.test-framework@7a3849e09bd0/UnityEditor.TestRunner/Api/CallbacksDelegator.cs:95)
UnityEditor.TestTools.TestRunner.Api.CallbacksDelegator:TryInvokeAllCallbacks (System.Action`1<UnityEditor.TestTools.TestRunner.Api.ICallbacks>) (at ./Library/PackageCache/com.unity.test-framework@7a3849e09bd0/UnityEditor.TestRunner/Api/CallbacksDelegator.cs:135)
UnityEditor.TestTools.TestRunner.Api.CallbacksDelegator:TestFinished (NUnit.Framework.Interfaces.ITestResult) (at ./Library/PackageCache/com.unity.test-framework@7a3849e09bd0/UnityEditor.TestRunner/Api/CallbacksDelegator.cs:95)
UnityEngine.Events.InvokableCall`1<NUnit.Framework.Interfaces.ITestResult>:Invoke (NUnit.Framework.Interfaces.ITestResult)
UnityEngine.Events.UnityEvent`1<NUnit.Framework.Interfaces.ITestResult>:Invoke (NUnit.Framework.Interfaces.ITestResult)
UnityEngine.Events.InvokableCall`1<NUnit.Framework.Interfaces.ITestResult>:Invoke (NUnit.Framework.Interfaces.ITestResult)
UnityEngine.Events.UnityEvent`1<NUnit.Framework.Interfaces.ITestResult>:Invoke (NUnit.Framework.Interfaces.ITestResult)
UnityEngine.TestTools.TestRunner.TestListenerWrapper:TestFinished (NUnit.Framework.Interfaces.ITestResult) (at ./Library/PackageCache/com.unity.test-framework@7a3849e09bd0/UnityEngine.TestRunner/TestRunner/TestListenerWrapper.cs:24)
UnityEngine.TestRunner.NUnitExtensions.Runner.UnityWorkItem:WorkItemComplete () (at ./Library/PackageCache/com.unity.test-framework@7a3849e09bd0/UnityEngine.TestRunner/NUnitExtensions/Runner/UnityWorkItem.cs:107)
UnityEngine.TestRunner.NUnitExtensions.Runner.CoroutineTestWorkItem/<PerformWork>d__7:<>m__Finally1 () (at ./Library/PackageCache/com.unity.test-framework@7a3849e09bd0/UnityEngine.TestRunner/NUnitExtensions/Runner/CoroutineTestWorkItem.cs:67)
UnityEngine.TestRunner.NUnitExtensions.Runner.CoroutineTestWorkItem/<PerformWork>d__7:MoveNext () (at ./Library/PackageCache/com.unity.test-framework@7a3849e09bd0/UnityEngine.TestRunner/NUnitExtensions/Runner/CoroutineTestWorkItem.cs:64)
UnityEngine.TestRunner.NUnitExtensions.Runner.CompositeWorkItem/<RunChildren>d__17:MoveNext () (at ./Library/PackageCache/com.unity.test-framework@7a3849e09bd0/UnityEngine.TestRunner/NUnitExtensions/Runner/CompositeWorkItem.cs:209)
UnityEngine.TestRunner.NUnitExtensions.Runner.CompositeWorkItem/<PerformWork>d__13:MoveNext () (at ./Library/PackageCache/com.unity.test-framework@7a3849e09bd0/UnityEngine.TestRunner/NUnitExtensions/Runner/CompositeWorkItem.cs:83)
UnityEngine.TestRunner.NUnitExtensions.Runner.CompositeWorkItem/<RunChildren>d__17:MoveNext () (at ./Library/PackageCache/com.unity.test-framework@7a3849e09bd0/UnityEngine.TestRunner/NUnitExtensions/Runner/CompositeWorkItem.cs:209)
UnityEngine.TestRunner.NUnitExtensions.Runner.CompositeWorkItem/<PerformWork>d__13:MoveNext () (at ./Library/PackageCache/com.unity.test-framework@7a3849e09bd0/UnityEngine.TestRunner/NUnitExtensions/Runner/CompositeWorkItem.cs:83)
UnityEngine.TestRunner.NUnitExtensions.Runner.CompositeWorkItem/<RunChildren>d__17:MoveNext () (at ./Library/PackageCache/com.unity.test-framework@7a3849e09bd0/UnityEngine.TestRunner/NUnitExtensions/Runner/CompositeWorkItem.cs:209)
UnityEngine.TestRunner.NUnitExtensions.Runner.CompositeWorkItem/<PerformWork>d__13:MoveNext () (at ./Library/PackageCache/com.unity.test-framework@7a3849e09bd0/UnityEngine.TestRunner/NUnitExtensions/Runner/CompositeWorkItem.cs:83)
UnityEngine.TestRunner.NUnitExtensions.Runner.CompositeWorkItem/<RunChildren>d__17:MoveNext () (at ./Library/PackageCache/com.unity.test-framework@7a3849e09bd0/UnityEngine.TestRunner/NUnitExtensions/Runner/CompositeWorkItem.cs:209)
UnityEngine.TestRunner.NUnitExtensions.Runner.CompositeWorkItem/<PerformWork>d__13:MoveNext () (at ./Library/PackageCache/com.unity.test-framework@7a3849e09bd0/UnityEngine.TestRunner/NUnitExtensions/Runner/CompositeWorkItem.cs:83)
UnityEngine.TestRunner.NUnitExtensions.Runner.CompositeWorkItem/<RunChildren>d__17:MoveNext () (at ./Library/PackageCache/com.unity.test-framework@7a3849e09bd0/UnityEngine.TestRunner/NUnitExtensions/Runner/CompositeWorkItem.cs:209)
UnityEngine.TestRunner.NUnitExtensions.Runner.CompositeWorkItem/<PerformWork>d__13:MoveNext () (at ./Library/PackageCache/com.unity.test-framework@7a3849e09bd0/UnityEngine.TestRunner/NUnitExtensions/Runner/CompositeWorkItem.cs:83)
UnityEngine.TestRunner.NUnitExtensions.Runner.CompositeWorkItem/<RunChildren>d__17:MoveNext () (at ./Library/PackageCache/com.unity.test-framework@7a3849e09bd0/UnityEngine.TestRunner/NUnitExtensions/Runner/CompositeWorkItem.cs:209)
UnityEngine.TestRunner.NUnitExtensions.Runner.CompositeWorkItem/<PerformWork>d__13:MoveNext () (at ./Library/PackageCache/com.unity.test-framework@7a3849e09bd0/UnityEngine.TestRunner/NUnitExtensions/Runner/CompositeWorkItem.cs:83)
UnityEngine.TestTools.TestRunner.PlaymodeTestsController/<TestRunnerCoroutine>d__25:MoveNext () (at ./Library/PackageCache/com.unity.test-framework@7a3849e09bd0/UnityEngine.TestRunner/TestRunner/PlaymodeTestsController.cs:100)
UnityEngine.SetupCoroutine:InvokeMoveNext (System.Collections.IEnumerator,intptr)

(Filename: Assets/Scripts/Editor/Testing/VarginhaBatchTestProgress.cs Line: 26)

QA test: Game.Tests.PlayMode.VarginhaSchoolRescueTests.ConfirmedEncounterRescuesStudentsWhenDefeatedEnemiesWereRemoved
UnityEngine.Debug:ExtractStackTraceNoAlloc (byte*,int,string)
UnityEngine.StackTraceUtility:ExtractStackTrace ()
UnityEngine.DebugLogHandler:Internal_Log (UnityEngine.LogType,UnityEngine.LogOption,string,UnityEngine.Object)
UnityEngine.DebugLogHandler:LogFormat (UnityEngine.LogType,UnityEngine.Object,string,object[])
UnityEngine.Logger:Log (UnityEngine.LogType,object)
UnityEngine.Debug:Log (object)
Game.Editor.Testing.VarginhaBatchTestProgress:TestStarted (UnityEditor.TestTools.TestRunner.Api.ITestAdaptor) (at Assets/Scripts/Editor/Testing/VarginhaBatchTestProgress.cs:22)
UnityEditor.TestTools.TestRunner.Api.CallbacksDelegator/<>c__DisplayClass12_0:<TestStarted>b__0 (UnityEditor.TestTools.TestRunner.Api.ICallbacks) (at ./Library/PackageCache/com.unity.test-framework@7a3849e09bd0/UnityEditor.TestRunner/Api/CallbacksDelegator.cs:81)
UnityEditor.TestTools.TestRunner.Api.CallbacksDelegator:TryInvokeAllCallbacks (System.Action`1<UnityEditor.TestTools.TestRunner.Api.ICallbacks>) (at ./Library/PackageCache/com.unity.test-framework@7a3849e09bd0/UnityEditor.TestRunner/Api/CallbacksDelegator.cs:135)
UnityEditor.TestTools.TestRunner.Api.CallbacksDelegator:TestStarted (NUnit.Framework.Interfaces.ITest) (at ./Library/PackageCache/com.unity.test-framework@7a3849e09bd0/UnityEditor.TestRunner/Api/CallbacksDelegator.cs:81)
UnityEngine.Events.InvokableCall`1<NUnit.Framework.Interfaces.ITest>:Invoke (NUnit.Framework.Interfaces.ITest)
UnityEngine.Events.UnityEvent`1<NUnit.Framework.Interfaces.ITest>:Invoke (NUnit.Framework.Interfaces.ITest)
UnityEngine.Events.InvokableCall`1<NUnit.Framework.Interfaces.ITest>:Invoke (NUnit.Framework.Interfaces.ITest)
UnityEngine.Events.UnityEvent`1<NUnit.Framework.Interfaces.ITest>:Invoke (NUnit.Framework.Interfaces.ITest)
UnityEngine.TestTools.TestRunner.TestListenerWrapper:TestStarted (NUnit.Framework.Interfaces.ITest) (at ./Library/PackageCache/com.unity.test-framework@7a3849e09bd0/UnityEngine.TestRunner/TestRunner/TestListenerWrapper.cs:19)
UnityEngine.TestRunner.NUnitExtensions.Runner.UnityWorkItem:Execute () (at ./Library/PackageCache/com.unity.test-framework@7a3849e09bd0/UnityEngine.TestRunner/NUnitExtensions/Runner/UnityWorkItem.cs:83)
UnityEngine.TestRunner.NUnitExtensions.Runner.CompositeWorkItem/<RunChildren>d__17:MoveNext () (at ./Library/PackageCache/com.unity.test-framework@7a3849e09bd0/UnityEngine.TestRunner/NUnitExtensions/Runner/CompositeWorkItem.cs:205)
UnityEngine.TestRunner.NUnitExtensions.Runner.CompositeWorkItem/<PerformWork>d__13:MoveNext () (at ./Library/PackageCache/com.unity.test-framework@7a3849e09bd0/UnityEngine.TestRunner/NUnitExtensions/Runner/CompositeWorkItem.cs:83)
UnityEngine.TestRunner.NUnitExtensions.Runner.CompositeWorkItem/<RunChildren>d__17:MoveNext () (at ./Library/PackageCache/com.unity.test-framework@7a3849e09bd0/UnityEngine.TestRunner/NUnitExtensions/Runner/CompositeWorkItem.cs:209)
UnityEngine.TestRunner.NUnitExtensions.Runner.CompositeWorkItem/<PerformWork>d__13:MoveNext () (at ./Library/PackageCache/com.unity.test-framework@7a3849e09bd0/UnityEngine.TestRunner/NUnitExtensions/Runner/CompositeWorkItem.cs:83)
UnityEngine.TestRunner.NUnitExtensions.Runner.CompositeWorkItem/<RunChildren>d__17:MoveNext () (at ./Library/PackageCache/com.unity.test-framework@7a3849e09bd0/UnityEngine.TestRunner/NUnitExtensions/Runner/CompositeWorkItem.cs:209)
UnityEngine.TestRunner.NUnitExtensions.Runner.CompositeWorkItem/<PerformWork>d__13:MoveNext () (at ./Library/PackageCache/com.unity.test-framework@7a3849e09bd0/UnityEngine.TestRunner/NUnitExtensions/Runner/CompositeWorkItem.cs:83)
UnityEngine.TestRunner.NUnitExtensions.Runner.CompositeWorkItem/<RunChildren>d__17:MoveNext () (at ./Library/PackageCache/com.unity.test-framework@7a3849e09bd0/UnityEngine.TestRunner/NUnitExtensions/Runner/CompositeWorkItem.cs:209)
UnityEngine.TestRunner.NUnitExtensions.Runner.CompositeWorkItem/<PerformWork>d__13:MoveNext () (at ./Library/PackageCache/com.unity.test-framework@7a3849e09bd0/UnityEngine.TestRunner/NUnitExtensions/Runner/CompositeWorkItem.cs:83)
UnityEngine.TestRunner.NUnitExtensions.Runner.CompositeWorkItem/<RunChildren>d__17:MoveNext () (at ./Library/PackageCache/com.unity.test-framework@7a3849e09bd0/UnityEngine.TestRunner/NUnitExtensions/Runner/CompositeWorkItem.cs:209)
UnityEngine.TestRunner.NUnitExtensions.Runner.CompositeWorkItem/<PerformWork>d__13:MoveNext () (at ./Library/PackageCache/com.unity.test-framework@7a3849e09bd0/UnityEngine.TestRunner/NUnitExtensions/Runner/CompositeWorkItem.cs:83)
UnityEngine.TestRunner.NUnitExtensions.Runner.CompositeWorkItem/<RunChildren>d__17:MoveNext () (at ./Library/PackageCache/com.unity.test-framework@7a3849e09bd0/UnityEngine.TestRunner/NUnitExtensions/Runner/CompositeWorkItem.cs:209)
UnityEngine.TestRunner.NUnitExtensions.Runner.CompositeWorkItem/<PerformWork>d__13:MoveNext () (at ./Library/PackageCache/com.unity.test-framework@7a3849e09bd0/UnityEngine.TestRunner/NUnitExtensions/Runner/CompositeWorkItem.cs:83)
UnityEngine.TestTools.TestRunner.PlaymodeTestsController/<TestRunnerCoroutine>d__25:MoveNext () (at ./Library/PackageCache/com.unity.test-framework@7a3849e09bd0/UnityEngine.TestRunner/TestRunner/PlaymodeTestsController.cs:100)
UnityEngine.SetupCoroutine:InvokeMoveNext (System.Collections.IEnumerator,intptr)

(Filename: Assets/Scripts/Editor/Testing/VarginhaBatchTestProgress.cs Line: 22)

QA result: Passed Game.Tests.PlayMode.VarginhaSchoolRescueTests.ConfirmedEncounterRescuesStudentsWhenDefeatedEnemiesWereRemoved
UnityEngine.Debug:ExtractStackTraceNoAlloc (byte*,int,string)
UnityEngine.StackTraceUtility:ExtractStackTrace ()
UnityEngine.DebugLogHandler:Internal_Log (UnityEngine.LogType,UnityEngine.LogOption,string,UnityEngine.Object)
UnityEngine.DebugLogHandler:LogFormat (UnityEngine.LogType,UnityEngine.Object,string,object[])
UnityEngine.Logger:Log (UnityEngine.LogType,object)
UnityEngine.Debug:Log (object)
Game.Editor.Testing.VarginhaBatchTestProgress:TestFinished (UnityEditor.TestTools.TestRunner.Api.ITestResultAdaptor) (at Assets/Scripts/Editor/Testing/VarginhaBatchTestProgress.cs:26)
UnityEditor.TestTools.TestRunner.Api.CallbacksDelegator/<>c__DisplayClass14_0:<TestFinished>b__0 (UnityEditor.TestTools.TestRunner.Api.ICallbacks) (at ./Library/PackageCache/com.unity.test-framework@7a3849e09bd0/UnityEditor.TestRunner/Api/CallbacksDelegator.cs:95)
UnityEditor.TestTools.TestRunner.Api.CallbacksDelegator:TryInvokeAllCallbacks (System.Action`1<UnityEditor.TestTools.TestRunner.Api.ICallbacks>) (at ./Library/PackageCache/com.unity.test-framework@7a3849e09bd0/UnityEditor.TestRunner/Api/CallbacksDelegator.cs:135)
UnityEditor.TestTools.TestRunner.Api.CallbacksDelegator:TestFinished (NUnit.Framework.Interfaces.ITestResult) (at ./Library/PackageCache/com.unity.test-framework@7a3849e09bd0/UnityEditor.TestRunner/Api/CallbacksDelegator.cs:95)
UnityEngine.Events.InvokableCall`1<NUnit.Framework.Interfaces.ITestResult>:Invoke (NUnit.Framework.Interfaces.ITestResult)
UnityEngine.Events.UnityEvent`1<NUnit.Framework.Interfaces.ITestResult>:Invoke (NUnit.Framework.Interfaces.ITestResult)
UnityEngine.Events.InvokableCall`1<NUnit.Framework.Interfaces.ITestResult>:Invoke (NUnit.Framework.Interfaces.ITestResult)
UnityEngine.Events.UnityEvent`1<NUnit.Framework.Interfaces.ITestResult>:Invoke (NUnit.Framework.Interfaces.ITestResult)
UnityEngine.TestTools.TestRunner.TestListenerWrapper:TestFinished (NUnit.Framework.Interfaces.ITestResult) (at ./Library/PackageCache/com.unity.test-framework@7a3849e09bd0/UnityEngine.TestRunner/TestRunner/TestListenerWrapper.cs:24)
UnityEngine.TestRunner.NUnitExtensions.Runner.UnityWorkItem:WorkItemComplete () (at ./Library/PackageCache/com.unity.test-framework@7a3849e09bd0/UnityEngine.TestRunner/NUnitExtensions/Runner/UnityWorkItem.cs:107)
UnityEngine.TestRunner.NUnitExtensions.Runner.DefaultTestWorkItem/<PerformWork>d__2:<>m__Finally1 () (at ./Library/PackageCache/com.unity.test-framework@7a3849e09bd0/UnityEngine.TestRunner/NUnitExtensions/Runner/DefaultTestWorkItem.cs:98)
UnityEngine.TestRunner.NUnitExtensions.Runner.DefaultTestWorkItem/<PerformWork>d__2:MoveNext () (at ./Library/PackageCache/com.unity.test-framework@7a3849e09bd0/UnityEngine.TestRunner/NUnitExtensions/Runner/DefaultTestWorkItem.cs:95)
UnityEngine.TestRunner.NUnitExtensions.Runner.CompositeWorkItem/<RunChildren>d__17:MoveNext () (at ./Library/PackageCache/com.unity.test-framework@7a3849e09bd0/UnityEngine.TestRunner/NUnitExtensions/Runner/CompositeWorkItem.cs:209)
UnityEngine.TestRunner.NUnitExtensions.Runner.CompositeWorkItem/<PerformWork>d__13:MoveNext () (at ./Library/PackageCache/com.unity.test-framework@7a3849e09bd0/UnityEngine.TestRunner/NUnitExtensions/Runner/CompositeWorkItem.cs:83)
UnityEngine.TestRunner.NUnitExtensions.Runner.CompositeWorkItem/<RunChildren>d__17:MoveNext () (at ./Library/PackageCache/com.unity.test-framework@7a3849e09bd0/UnityEngine.TestRunner/NUnitExtensions/Runner/CompositeWorkItem.cs:209)
UnityEngine.TestRunner.NUnitExtensions.Runner.CompositeWorkItem/<PerformWork>d__13:MoveNext () (at ./Library/PackageCache/com.unity.test-framework@7a3849e09bd0/UnityEngine.TestRunner/NUnitExtensions/Runner/CompositeWorkItem.cs:83)
UnityEngine.TestRunner.NUnitExtensions.Runner.CompositeWorkItem/<RunChildren>d__17:MoveNext () (at ./Library/PackageCache/com.unity.test-framework@7a3849e09bd0/UnityEngine.TestRunner/NUnitExtensions/Runner/CompositeWorkItem.cs:209)
UnityEngine.TestRunner.NUnitExtensions.Runner.CompositeWorkItem/<PerformWork>d__13:MoveNext () (at ./Library/PackageCache/com.unity.test-framework@7a3849e09bd0/UnityEngine.TestRunner/NUnitExtensions/Runner/CompositeWorkItem.cs:83)
UnityEngine.TestRunner.NUnitExtensions.Runner.CompositeWorkItem/<RunChildren>d__17:MoveNext () (at ./Library/PackageCache/com.unity.test-framework@7a3849e09bd0/UnityEngine.TestRunner/NUnitExtensions/Runner/CompositeWorkItem.cs:209)
UnityEngine.TestRunner.NUnitExtensions.Runner.CompositeWorkItem/<PerformWork>d__13:MoveNext () (at ./Library/PackageCache/com.unity.test-framework@7a3849e09bd0/UnityEngine.TestRunner/NUnitExtensions/Runner/CompositeWorkItem.cs:83)
UnityEngine.TestRunner.NUnitExtensions.Runner.CompositeWorkItem/<RunChildren>d__17:MoveNext () (at ./Library/PackageCache/com.unity.test-framework@7a3849e09bd0/UnityEngine.TestRunner/NUnitExtensions/Runner/CompositeWorkItem.cs:209)
UnityEngine.TestRunner.NUnitExtensions.Runner.CompositeWorkItem/<PerformWork>d__13:MoveNext () (at ./Library/PackageCache/com.unity.test-framework@7a3849e09bd0/UnityEngine.TestRunner/NUnitExtensions/Runner/CompositeWorkItem.cs:83)
UnityEngine.TestRunner.NUnitExtensions.Runner.CompositeWorkItem/<RunChildren>d__17:MoveNext () (at ./Library/PackageCache/com.unity.test-framework@7a3849e09bd0/UnityEngine.TestRunner/NUnitExtensions/Runner/CompositeWorkItem.cs:209)
UnityEngine.TestRunner.NUnitExtensions.Runner.CompositeWorkItem/<PerformWork>d__13:MoveNext () (at ./Library/PackageCache/com.unity.test-framework@7a3849e09bd0/UnityEngine.TestRunner/NUnitExtensions/Runner/CompositeWorkItem.cs:83)
UnityEngine.TestTools.TestRunner.PlaymodeTestsController/<TestRunnerCoroutine>d__25:MoveNext () (at ./Library/PackageCache/com.unity.test-framework@7a3849e09bd0/UnityEngine.TestRunner/TestRunner/PlaymodeTestsController.cs:100)
UnityEngine.SetupCoroutine:InvokeMoveNext (System.Collections.IEnumerator,intptr)

(Filename: Assets/Scripts/Editor/Testing/VarginhaBatchTestProgress.cs Line: 26)

QA test: Game.Tests.PlayMode.VarginhaSchoolRescueTests.NineReleasedStudentsWalkOutTheDoorAndReachExternalFusca
UnityEngine.Debug:ExtractStackTraceNoAlloc (byte*,int,string)
UnityEngine.StackTraceUtility:ExtractStackTrace ()
UnityEngine.DebugLogHandler:Internal_Log (UnityEngine.LogType,UnityEngine.LogOption,string,UnityEngine.Object)
UnityEngine.DebugLogHandler:LogFormat (UnityEngine.LogType,UnityEngine.Object,string,object[])
UnityEngine.Logger:Log (UnityEngine.LogType,object)
UnityEngine.Debug:Log (object)
Game.Editor.Testing.VarginhaBatchTestProgress:TestStarted (UnityEditor.TestTools.TestRunner.Api.ITestAdaptor) (at Assets/Scripts/Editor/Testing/VarginhaBatchTestProgress.cs:22)
UnityEditor.TestTools.TestRunner.Api.CallbacksDelegator/<>c__DisplayClass12_0:<TestStarted>b__0 (UnityEditor.TestTools.TestRunner.Api.ICallbacks) (at ./Library/PackageCache/com.unity.test-framework@7a3849e09bd0/UnityEditor.TestRunner/Api/CallbacksDelegator.cs:81)
UnityEditor.TestTools.TestRunner.Api.CallbacksDelegator:TryInvokeAllCallbacks (System.Action`1<UnityEditor.TestTools.TestRunner.Api.ICallbacks>) (at ./Library/PackageCache/com.unity.test-framework@7a3849e09bd0/UnityEditor.TestRunner/Api/CallbacksDelegator.cs:135)
UnityEditor.TestTools.TestRunner.Api.CallbacksDelegator:TestStarted (NUnit.Framework.Interfaces.ITest) (at ./Library/PackageCache/com.unity.test-framework@7a3849e09bd0/UnityEditor.TestRunner/Api/CallbacksDelegator.cs:81)
UnityEngine.Events.InvokableCall`1<NUnit.Framework.Interfaces.ITest>:Invoke (NUnit.Framework.Interfaces.ITest)
UnityEngine.Events.UnityEvent`1<NUnit.Framework.Interfaces.ITest>:Invoke (NUnit.Framework.Interfaces.ITest)
UnityEngine.Events.InvokableCall`1<NUnit.Framework.Interfaces.ITest>:Invoke (NUnit.Framework.Interfaces.ITest)
UnityEngine.Events.UnityEvent`1<NUnit.Framework.Interfaces.ITest>:Invoke (NUnit.Framework.Interfaces.ITest)
UnityEngine.TestTools.TestRunner.TestListenerWrapper:TestStarted (NUnit.Framework.Interfaces.ITest) (at ./Library/PackageCache/com.unity.test-framework@7a3849e09bd0/UnityEngine.TestRunner/TestRunner/TestListenerWrapper.cs:19)
UnityEngine.TestRunner.NUnitExtensions.Runner.UnityWorkItem:Execute () (at ./Library/PackageCache/com.unity.test-framework@7a3849e09bd0/UnityEngine.TestRunner/NUnitExtensions/Runner/UnityWorkItem.cs:83)
UnityEngine.TestRunner.NUnitExtensions.Runner.CompositeWorkItem/<RunChildren>d__17:MoveNext () (at ./Library/PackageCache/com.unity.test-framework@7a3849e09bd0/UnityEngine.TestRunner/NUnitExtensions/Runner/CompositeWorkItem.cs:205)
UnityEngine.TestRunner.NUnitExtensions.Runner.CompositeWorkItem/<PerformWork>d__13:MoveNext () (at ./Library/PackageCache/com.unity.test-framework@7a3849e09bd0/UnityEngine.TestRunner/NUnitExtensions/Runner/CompositeWorkItem.cs:83)
UnityEngine.TestRunner.NUnitExtensions.Runner.CompositeWorkItem/<RunChildren>d__17:MoveNext () (at ./Library/PackageCache/com.unity.test-framework@7a3849e09bd0/UnityEngine.TestRunner/NUnitExtensions/Runner/CompositeWorkItem.cs:209)
UnityEngine.TestRunner.NUnitExtensions.Runner.CompositeWorkItem/<PerformWork>d__13:MoveNext () (at ./Library/PackageCache/com.unity.test-framework@7a3849e09bd0/UnityEngine.TestRunner/NUnitExtensions/Runner/CompositeWorkItem.cs:83)
UnityEngine.TestRunner.NUnitExtensions.Runner.CompositeWorkItem/<RunChildren>d__17:MoveNext () (at ./Library/PackageCache/com.unity.test-framework@7a3849e09bd0/UnityEngine.TestRunner/NUnitExtensions/Runner/CompositeWorkItem.cs:209)
UnityEngine.TestRunner.NUnitExtensions.Runner.CompositeWorkItem/<PerformWork>d__13:MoveNext () (at ./Library/PackageCache/com.unity.test-framework@7a3849e09bd0/UnityEngine.TestRunner/NUnitExtensions/Runner/CompositeWorkItem.cs:83)
UnityEngine.TestRunner.NUnitExtensions.Runner.CompositeWorkItem/<RunChildren>d__17:MoveNext () (at ./Library/PackageCache/com.unity.test-framework@7a3849e09bd0/UnityEngine.TestRunner/NUnitExtensions/Runner/CompositeWorkItem.cs:209)
UnityEngine.TestRunner.NUnitExtensions.Runner.CompositeWorkItem/<PerformWork>d__13:MoveNext () (at ./Library/PackageCache/com.unity.test-framework@7a3849e09bd0/UnityEngine.TestRunner/NUnitExtensions/Runner/CompositeWorkItem.cs:83)
UnityEngine.TestRunner.NUnitExtensions.Runner.CompositeWorkItem/<RunChildren>d__17:MoveNext () (at ./Library/PackageCache/com.unity.test-framework@7a3849e09bd0/UnityEngine.TestRunner/NUnitExtensions/Runner/CompositeWorkItem.cs:209)
UnityEngine.TestRunner.NUnitExtensions.Runner.CompositeWorkItem/<PerformWork>d__13:MoveNext () (at ./Library/PackageCache/com.unity.test-framework@7a3849e09bd0/UnityEngine.TestRunner/NUnitExtensions/Runner/CompositeWorkItem.cs:83)
UnityEngine.TestRunner.NUnitExtensions.Runner.CompositeWorkItem/<RunChildren>d__17:MoveNext () (at ./Library/PackageCache/com.unity.test-framework@7a3849e09bd0/UnityEngine.TestRunner/NUnitExtensions/Runner/CompositeWorkItem.cs:209)
UnityEngine.TestRunner.NUnitExtensions.Runner.CompositeWorkItem/<PerformWork>d__13:MoveNext () (at ./Library/PackageCache/com.unity.test-framework@7a3849e09bd0/UnityEngine.TestRunner/NUnitExtensions/Runner/CompositeWorkItem.cs:83)
UnityEngine.TestTools.TestRunner.PlaymodeTestsController/<TestRunnerCoroutine>d__25:MoveNext () (at ./Library/PackageCache/com.unity.test-framework@7a3849e09bd0/UnityEngine.TestRunner/TestRunner/PlaymodeTestsController.cs:100)
UnityEngine.SetupCoroutine:InvokeMoveNext (System.Collections.IEnumerator,intptr)

(Filename: Assets/Scripts/Editor/Testing/VarginhaBatchTestProgress.cs Line: 22)

QA result: Failed Game.Tests.PlayMode.VarginhaSchoolRescueTests.NineReleasedStudentsWalkOutTheDoorAndReachExternalFusca
UnityEngine.Debug:ExtractStackTraceNoAlloc (byte*,int,string)
UnityEngine.StackTraceUtility:ExtractStackTrace ()
UnityEngine.DebugLogHandler:Internal_Log (UnityEngine.LogType,UnityEngine.LogOption,string,UnityEngine.Object)
UnityEngine.DebugLogHandler:LogFormat (UnityEngine.LogType,UnityEngine.Object,string,object[])
UnityEngine.Logger:Log (UnityEngine.LogType,object)
UnityEngine.Debug:Log (object)
Game.Editor.Testing.VarginhaBatchTestProgress:TestFinished (UnityEditor.TestTools.TestRunner.Api.ITestResultAdaptor) (at Assets/Scripts/Editor/Testing/VarginhaBatchTestProgress.cs:26)
UnityEditor.TestTools.TestRunner.Api.CallbacksDelegator/<>c__DisplayClass14_0:<TestFinished>b__0 (UnityEditor.TestTools.TestRunner.Api.ICallbacks) (at ./Library/PackageCache/com.unity.test-framework@7a3849e09bd0/UnityEditor.TestRunner/Api/CallbacksDelegator.cs:95)
UnityEditor.TestTools.TestRunner.Api.CallbacksDelegator:TryInvokeAllCallbacks (System.Action`1<UnityEditor.TestTools.TestRunner.Api.ICallbacks>) (at ./Library/PackageCache/com.unity.test-framework@7a3849e09bd0/UnityEditor.TestRunner/Api/CallbacksDelegator.cs:135)
UnityEditor.TestTools.TestRunner.Api.CallbacksDelegator:TestFinished (NUnit.Framework.Interfaces.ITestResult) (at ./Library/PackageCache/com.unity.test-framework@7a3849e09bd0/UnityEditor.TestRunner/Api/CallbacksDelegator.cs:95)
UnityEngine.Events.InvokableCall`1<NUnit.Framework.Interfaces.ITestResult>:Invoke (NUnit.Framework.Interfaces.ITestResult)
UnityEngine.Events.UnityEvent`1<NUnit.Framework.Interfaces.ITestResult>:Invoke (NUnit.Framework.Interfaces.ITestResult)
UnityEngine.Events.InvokableCall`1<NUnit.Framework.Interfaces.ITestResult>:Invoke (NUnit.Framework.Interfaces.ITestResult)
UnityEngine.Events.UnityEvent`1<NUnit.Framework.Interfaces.ITestResult>:Invoke (NUnit.Framework.Interfaces.ITestResult)
UnityEngine.TestTools.TestRunner.TestListenerWrapper:TestFinished (NUnit.Framework.Interfaces.ITestResult) (at ./Library/PackageCache/com.unity.test-framework@7a3849e09bd0/UnityEngine.TestRunner/TestRunner/TestListenerWrapper.cs:24)
UnityEngine.TestRunner.NUnitExtensions.Runner.UnityWorkItem:WorkItemComplete () (at ./Library/PackageCache/com.unity.test-framework@7a3849e09bd0/UnityEngine.TestRunner/NUnitExtensions/Runner/UnityWorkItem.cs:107)
UnityEngine.TestRunner.NUnitExtensions.Runner.CoroutineTestWorkItem/<PerformWork>d__7:<>m__Finally1 () (at ./Library/PackageCache/com.unity.test-framework@7a3849e09bd0/UnityEngine.TestRunner/NUnitExtensions/Runner/CoroutineTestWorkItem.cs:67)
UnityEngine.TestRunner.NUnitExtensions.Runner.CoroutineTestWorkItem/<PerformWork>d__7:MoveNext () (at ./Library/PackageCache/com.unity.test-framework@7a3849e09bd0/UnityEngine.TestRunner/NUnitExtensions/Runner/CoroutineTestWorkItem.cs:64)
UnityEngine.TestRunner.NUnitExtensions.Runner.CompositeWorkItem/<RunChildren>d__17:MoveNext () (at ./Library/PackageCache/com.unity.test-framework@7a3849e09bd0/UnityEngine.TestRunner/NUnitExtensions/Runner/CompositeWorkItem.cs:209)
UnityEngine.TestRunner.NUnitExtensions.Runner.CompositeWorkItem/<PerformWork>d__13:MoveNext () (at ./Library/PackageCache/com.unity.test-framework@7a3849e09bd0/UnityEngine.TestRunner/NUnitExtensions/Runner/CompositeWorkItem.cs:83)
UnityEngine.TestRunner.NUnitExtensions.Runner.CompositeWorkItem/<RunChildren>d__17:MoveNext () (at ./Library/PackageCache/com.unity.test-framework@7a3849e09bd0/UnityEngine.TestRunner/NUnitExtensions/Runner/CompositeWorkItem.cs:209)
UnityEngine.TestRunner.NUnitExtensions.Runner.CompositeWorkItem/<PerformWork>d__13:MoveNext () (at ./Library/PackageCache/com.unity.test-framework@7a3849e09bd0/UnityEngine.TestRunner/NUnitExtensions/Runner/CompositeWorkItem.cs:83)
UnityEngine.TestRunner.NUnitExtensions.Runner.CompositeWorkItem/<RunChildren>d__17:MoveNext () (at ./Library/PackageCache/com.unity.test-framework@7a3849e09bd0/UnityEngine.TestRunner/NUnitExtensions/Runner/CompositeWorkItem.cs:209)
UnityEngine.TestRunner.NUnitExtensions.Runner.CompositeWorkItem/<PerformWork>d__13:MoveNext () (at ./Library/PackageCache/com.unity.test-framework@7a3849e09bd0/UnityEngine.TestRunner/NUnitExtensions/Runner/CompositeWorkItem.cs:83)
UnityEngine.TestRunner.NUnitExtensions.Runner.CompositeWorkItem/<RunChildren>d__17:MoveNext () (at ./Library/PackageCache/com.unity.test-framework@7a3849e09bd0/UnityEngine.TestRunner/NUnitExtensions/Runner/CompositeWorkItem.cs:209)
UnityEngine.TestRunner.NUnitExtensions.Runner.CompositeWorkItem/<PerformWork>d__13:MoveNext () (at ./Library/PackageCache/com.unity.test-framework@7a3849e09bd0/UnityEngine.TestRunner/NUnitExtensions/Runner/CompositeWorkItem.cs:83)
UnityEngine.TestRunner.NUnitExtensions.Runner.CompositeWorkItem/<RunChildren>d__17:MoveNext () (at ./Library/PackageCache/com.unity.test-framework@7a3849e09bd0/UnityEngine.TestRunner/NUnitExtensions/Runner/CompositeWorkItem.cs:209)
UnityEngine.TestRunner.NUnitExtensions.Runner.CompositeWorkItem/<PerformWork>d__13:MoveNext () (at ./Library/PackageCache/com.unity.test-framework@7a3849e09bd0/UnityEngine.TestRunner/NUnitExtensions/Runner/CompositeWorkItem.cs:83)
UnityEngine.TestRunner.NUnitExtensions.Runner.CompositeWorkItem/<RunChildren>d__17:MoveNext () (at ./Library/PackageCache/com.unity.test-framework@7a3849e09bd0/UnityEngine.TestRunner/NUnitExtensions/Runner/CompositeWorkItem.cs:209)
UnityEngine.TestRunner.NUnitExtensions.Runner.CompositeWorkItem/<PerformWork>d__13:MoveNext () (at ./Library/PackageCache/com.unity.test-framework@7a3849e09bd0/UnityEngine.TestRunner/NUnitExtensions/Runner/CompositeWorkItem.cs:83)
UnityEngine.TestTools.TestRunner.PlaymodeTestsController/<TestRunnerCoroutine>d__25:MoveNext () (at ./Library/PackageCache/com.unity.test-framework@7a3849e09bd0/UnityEngine.TestRunner/TestRunner/PlaymodeTestsController.cs:100)
UnityEngine.SetupCoroutine:InvokeMoveNext (System.Collections.IEnumerator,intptr)

(Filename: Assets/Scripts/Editor/Testing/VarginhaBatchTestProgress.cs Line: 26)

QA test: Game.Tests.PlayMode.VarginhaSchoolRescueTests.ReleasedStudentGoesToTheCarAndWaitsWhileLeaderIsAway
UnityEngine.Debug:ExtractStackTraceNoAlloc (byte*,int,string)
UnityEngine.StackTraceUtility:ExtractStackTrace ()
UnityEngine.DebugLogHandler:Internal_Log (UnityEngine.LogType,UnityEngine.LogOption,string,UnityEngine.Object)
UnityEngine.DebugLogHandler:LogFormat (UnityEngine.LogType,UnityEngine.Object,string,object[])
UnityEngine.Logger:Log (UnityEngine.LogType,object)
UnityEngine.Debug:Log (object)
Game.Editor.Testing.VarginhaBatchTestProgress:TestStarted (UnityEditor.TestTools.TestRunner.Api.ITestAdaptor) (at Assets/Scripts/Editor/Testing/VarginhaBatchTestProgress.cs:22)
UnityEditor.TestTools.TestRunner.Api.CallbacksDelegator/<>c__DisplayClass12_0:<TestStarted>b__0 (UnityEditor.TestTools.TestRunner.Api.ICallbacks) (at ./Library/PackageCache/com.unity.test-framework@7a3849e09bd0/UnityEditor.TestRunner/Api/CallbacksDelegator.cs:81)
UnityEditor.TestTools.TestRunner.Api.CallbacksDelegator:TryInvokeAllCallbacks (System.Action`1<UnityEditor.TestTools.TestRunner.Api.ICallbacks>) (at ./Library/PackageCache/com.unity.test-framework@7a3849e09bd0/UnityEditor.TestRunner/Api/CallbacksDelegator.cs:135)
UnityEditor.TestTools.TestRunner.Api.CallbacksDelegator:TestStarted (NUnit.Framework.Interfaces.ITest) (at ./Library/PackageCache/com.unity.test-framework@7a3849e09bd0/UnityEditor.TestRunner/Api/CallbacksDelegator.cs:81)
UnityEngine.Events.InvokableCall`1<NUnit.Framework.Interfaces.ITest>:Invoke (NUnit.Framework.Interfaces.ITest)
UnityEngine.Events.UnityEvent`1<NUnit.Framework.Interfaces.ITest>:Invoke (NUnit.Framework.Interfaces.ITest)
UnityEngine.Events.InvokableCall`1<NUnit.Framework.Interfaces.ITest>:Invoke (NUnit.Framework.Interfaces.ITest)
UnityEngine.Events.UnityEvent`1<NUnit.Framework.Interfaces.ITest>:Invoke (NUnit.Framework.Interfaces.ITest)
UnityEngine.TestTools.TestRunner.TestListenerWrapper:TestStarted (NUnit.Framework.Interfaces.ITest) (at ./Library/PackageCache/com.unity.test-framework@7a3849e09bd0/UnityEngine.TestRunner/TestRunner/TestListenerWrapper.cs:19)
UnityEngine.TestRunner.NUnitExtensions.Runner.UnityWorkItem:Execute () (at ./Library/PackageCache/com.unity.test-framework@7a3849e09bd0/UnityEngine.TestRunner/NUnitExtensions/Runner/UnityWorkItem.cs:83)
UnityEngine.TestRunner.NUnitExtensions.Runner.CompositeWorkItem/<RunChildren>d__17:MoveNext () (at ./Library/PackageCache/com.unity.test-framework@7a3849e09bd0/UnityEngine.TestRunner/NUnitExtensions/Runner/CompositeWorkItem.cs:205)
UnityEngine.TestRunner.NUnitExtensions.Runner.CompositeWorkItem/<PerformWork>d__13:MoveNext () (at ./Library/PackageCache/com.unity.test-framework@7a3849e09bd0/UnityEngine.TestRunner/NUnitExtensions/Runner/CompositeWorkItem.cs:83)
UnityEngine.TestRunner.NUnitExtensions.Runner.CompositeWorkItem/<RunChildren>d__17:MoveNext () (at ./Library/PackageCache/com.unity.test-framework@7a3849e09bd0/UnityEngine.TestRunner/NUnitExtensions/Runner/CompositeWorkItem.cs:209)
UnityEngine.TestRunner.NUnitExtensions.Runner.CompositeWorkItem/<PerformWork>d__13:MoveNext () (at ./Library/PackageCache/com.unity.test-framework@7a3849e09bd0/UnityEngine.TestRunner/NUnitExtensions/Runner/CompositeWorkItem.cs:83)
UnityEngine.TestRunner.NUnitExtensions.Runner.CompositeWorkItem/<RunChildren>d__17:MoveNext () (at ./Library/PackageCache/com.unity.test-framework@7a3849e09bd0/UnityEngine.TestRunner/NUnitExtensions/Runner/CompositeWorkItem.cs:209)
UnityEngine.TestRunner.NUnitExtensions.Runner.CompositeWorkItem/<PerformWork>d__13:MoveNext () (at ./Library/PackageCache/com.unity.test-framework@7a3849e09bd0/UnityEngine.TestRunner/NUnitExtensions/Runner/CompositeWorkItem.cs:83)
UnityEngine.TestRunner.NUnitExtensions.Runner.CompositeWorkItem/<RunChildren>d__17:MoveNext () (at ./Library/PackageCache/com.unity.test-framework@7a3849e09bd0/UnityEngine.TestRunner/NUnitExtensions/Runner/CompositeWorkItem.cs:209)
UnityEngine.TestRunner.NUnitExtensions.Runner.CompositeWorkItem/<PerformWork>d__13:MoveNext () (at ./Library/PackageCache/com.unity.test-framework@7a3849e09bd0/UnityEngine.TestRunner/NUnitExtensions/Runner/CompositeWorkItem.cs:83)
UnityEngine.TestRunner.NUnitExtensions.Runner.CompositeWorkItem/<RunChildren>d__17:MoveNext () (at ./Library/PackageCache/com.unity.test-framework@7a3849e09bd0/UnityEngine.TestRunner/NUnitExtensions/Runner/CompositeWorkItem.cs:209)
UnityEngine.TestRunner.NUnitExtensions.Runner.CompositeWorkItem/<PerformWork>d__13:MoveNext () (at ./Library/PackageCache/com.unity.test-framework@7a3849e09bd0/UnityEngine.TestRunner/NUnitExtensions/Runner/CompositeWorkItem.cs:83)
UnityEngine.TestRunner.NUnitExtensions.Runner.CompositeWorkItem/<RunChildren>d__17:MoveNext () (at ./Library/PackageCache/com.unity.test-framework@7a3849e09bd0/UnityEngine.TestRunner/NUnitExtensions/Runner/CompositeWorkItem.cs:209)
UnityEngine.TestRunner.NUnitExtensions.Runner.CompositeWorkItem/<PerformWork>d__13:MoveNext () (at ./Library/PackageCache/com.unity.test-framework@7a3849e09bd0/UnityEngine.TestRunner/NUnitExtensions/Runner/CompositeWorkItem.cs:83)
UnityEngine.TestTools.TestRunner.PlaymodeTestsController/<TestRunnerCoroutine>d__25:MoveNext () (at ./Library/PackageCache/com.unity.test-framework@7a3849e09bd0/UnityEngine.TestRunner/TestRunner/PlaymodeTestsController.cs:100)
UnityEngine.SetupCoroutine:InvokeMoveNext (System.Collections.IEnumerator,intptr)

(Filename: Assets/Scripts/Editor/Testing/VarginhaBatchTestProgress.cs Line: 22)

QA result: Passed Game.Tests.PlayMode.VarginhaSchoolRescueTests.ReleasedStudentGoesToTheCarAndWaitsWhileLeaderIsAway
UnityEngine.Debug:ExtractStackTraceNoAlloc (byte*,int,string)
UnityEngine.StackTraceUtility:ExtractStackTrace ()
UnityEngine.DebugLogHandler:Internal_Log (UnityEngine.LogType,UnityEngine.LogOption,string,UnityEngine.Object)
UnityEngine.DebugLogHandler:LogFormat (UnityEngine.LogType,UnityEngine.Object,string,object[])
UnityEngine.Logger:Log (UnityEngine.LogType,object)
UnityEngine.Debug:Log (object)
Game.Editor.Testing.VarginhaBatchTestProgress:TestFinished (UnityEditor.TestTools.TestRunner.Api.ITestResultAdaptor) (at Assets/Scripts/Editor/Testing/VarginhaBatchTestProgress.cs:26)
UnityEditor.TestTools.TestRunner.Api.CallbacksDelegator/<>c__DisplayClass14_0:<TestFinished>b__0 (UnityEditor.TestTools.TestRunner.Api.ICallbacks) (at ./Library/PackageCache/com.unity.test-framework@7a3849e09bd0/UnityEditor.TestRunner/Api/CallbacksDelegator.cs:95)
UnityEditor.TestTools.TestRunner.Api.CallbacksDelegator:TryInvokeAllCallbacks (System.Action`1<UnityEditor.TestTools.TestRunner.Api.ICallbacks>) (at ./Library/PackageCache/com.unity.test-framework@7a3849e09bd0/UnityEditor.TestRunner/Api/CallbacksDelegator.cs:135)
UnityEditor.TestTools.TestRunner.Api.CallbacksDelegator:TestFinished (NUnit.Framework.Interfaces.ITestResult) (at ./Library/PackageCache/com.unity.test-framework@7a3849e09bd0/UnityEditor.TestRunner/Api/CallbacksDelegator.cs:95)
UnityEngine.Events.InvokableCall`1<NUnit.Framework.Interfaces.ITestResult>:Invoke (NUnit.Framework.Interfaces.ITestResult)
UnityEngine.Events.UnityEvent`1<NUnit.Framework.Interfaces.ITestResult>:Invoke (NUnit.Framework.Interfaces.ITestResult)
UnityEngine.Events.InvokableCall`1<NUnit.Framework.Interfaces.ITestResult>:Invoke (NUnit.Framework.Interfaces.ITestResult)
UnityEngine.Events.UnityEvent`1<NUnit.Framework.Interfaces.ITestResult>:Invoke (NUnit.Framework.Interfaces.ITestResult)
UnityEngine.TestTools.TestRunner.TestListenerWrapper:TestFinished (NUnit.Framework.Interfaces.ITestResult) (at ./Library/PackageCache/com.unity.test-framework@7a3849e09bd0/UnityEngine.TestRunner/TestRunner/TestListenerWrapper.cs:24)
UnityEngine.TestRunner.NUnitExtensions.Runner.UnityWorkItem:WorkItemComplete () (at ./Library/PackageCache/com.unity.test-framework@7a3849e09bd0/UnityEngine.TestRunner/NUnitExtensions/Runner/UnityWorkItem.cs:107)
UnityEngine.TestRunner.NUnitExtensions.Runner.CoroutineTestWorkItem/<PerformWork>d__7:<>m__Finally1 () (at ./Library/PackageCache/com.unity.test-framework@7a3849e09bd0/UnityEngine.TestRunner/NUnitExtensions/Runner/CoroutineTestWorkItem.cs:67)
UnityEngine.TestRunner.NUnitExtensions.Runner.CoroutineTestWorkItem/<PerformWork>d__7:MoveNext () (at ./Library/PackageCache/com.unity.test-framework@7a3849e09bd0/UnityEngine.TestRunner/NUnitExtensions/Runner/CoroutineTestWorkItem.cs:64)
UnityEngine.TestRunner.NUnitExtensions.Runner.CompositeWorkItem/<RunChildren>d__17:MoveNext () (at ./Library/PackageCache/com.unity.test-framework@7a3849e09bd0/UnityEngine.TestRunner/NUnitExtensions/Runner/CompositeWorkItem.cs:209)
UnityEngine.TestRunner.NUnitExtensions.Runner.CompositeWorkItem/<PerformWork>d__13:MoveNext () (at ./Library/PackageCache/com.unity.test-framework@7a3849e09bd0/UnityEngine.TestRunner/NUnitExtensions/Runner/CompositeWorkItem.cs:83)
UnityEngine.TestRunner.NUnitExtensions.Runner.CompositeWorkItem/<RunChildren>d__17:MoveNext () (at ./Library/PackageCache/com.unity.test-framework@7a3849e09bd0/UnityEngine.TestRunner/NUnitExtensions/Runner/CompositeWorkItem.cs:209)
UnityEngine.TestRunner.NUnitExtensions.Runner.CompositeWorkItem/<PerformWork>d__13:MoveNext () (at ./Library/PackageCache/com.unity.test-framework@7a3849e09bd0/UnityEngine.TestRunner/NUnitExtensions/Runner/CompositeWorkItem.cs:83)
UnityEngine.TestRunner.NUnitExtensions.Runner.CompositeWorkItem/<RunChildren>d__17:MoveNext () (at ./Library/PackageCache/com.unity.test-framework@7a3849e09bd0/UnityEngine.TestRunner/NUnitExtensions/Runner/CompositeWorkItem.cs:209)
UnityEngine.TestRunner.NUnitExtensions.Runner.CompositeWorkItem/<PerformWork>d__13:MoveNext () (at ./Library/PackageCache/com.unity.test-framework@7a3849e09bd0/UnityEngine.TestRunner/NUnitExtensions/Runner/CompositeWorkItem.cs:83)
UnityEngine.TestRunner.NUnitExtensions.Runner.CompositeWorkItem/<RunChildren>d__17:MoveNext () (at ./Library/PackageCache/com.unity.test-framework@7a3849e09bd0/UnityEngine.TestRunner/NUnitExtensions/Runner/CompositeWorkItem.cs:209)
UnityEngine.TestRunner.NUnitExtensions.Runner.CompositeWorkItem/<PerformWork>d__13:MoveNext () (at ./Library/PackageCache/com.unity.test-framework@7a3849e09bd0/UnityEngine.TestRunner/NUnitExtensions/Runner/CompositeWorkItem.cs:83)
UnityEngine.TestRunner.NUnitExtensions.Runner.CompositeWorkItem/<RunChildren>d__17:MoveNext () (at ./Library/PackageCache/com.unity.test-framework@7a3849e09bd0/UnityEngine.TestRunner/NUnitExtensions/Runner/CompositeWorkItem.cs:209)
UnityEngine.TestRunner.NUnitExtensions.Runner.CompositeWorkItem/<PerformWork>d__13:MoveNext () (at ./Library/PackageCache/com.unity.test-framework@7a3849e09bd0/UnityEngine.TestRunner/NUnitExtensions/Runner/CompositeWorkItem.cs:83)
UnityEngine.TestRunner.NUnitExtensions.Runner.CompositeWorkItem/<RunChildren>d__17:MoveNext () (at ./Library/PackageCache/com.unity.test-framework@7a3849e09bd0/UnityEngine.TestRunner/NUnitExtensions/Runner/CompositeWorkItem.cs:209)
UnityEngine.TestRunner.NUnitExtensions.Runner.CompositeWorkItem/<PerformWork>d__13:MoveNext () (at ./Library/PackageCache/com.unity.test-framework@7a3849e09bd0/UnityEngine.TestRunner/NUnitExtensions/Runner/CompositeWorkItem.cs:83)
UnityEngine.TestTools.TestRunner.PlaymodeTestsController/<TestRunnerCoroutine>d__25:MoveNext () (at ./Library/PackageCache/com.unity.test-framework@7a3849e09bd0/UnityEngine.TestRunner/TestRunner/PlaymodeTestsController.cs:100)
UnityEngine.SetupCoroutine:InvokeMoveNext (System.Collections.IEnumerator,intptr)

(Filename: Assets/Scripts/Editor/Testing/VarginhaBatchTestProgress.cs Line: 26)

QA test: Game.Tests.PlayMode.VarginhaStudentAllyTests.AlliedSummonsAreGatedUntilHardPhasesButFinalPhaseAlwaysAllowsAll
UnityEngine.Debug:ExtractStackTraceNoAlloc (byte*,int,string)
UnityEngine.StackTraceUtility:ExtractStackTrace ()
UnityEngine.DebugLogHandler:Internal_Log (UnityEngine.LogType,UnityEngine.LogOption,string,UnityEngine.Object)
UnityEngine.DebugLogHandler:LogFormat (UnityEngine.LogType,UnityEngine.Object,string,object[])
UnityEngine.Logger:Log (UnityEngine.LogType,object)
UnityEngine.Debug:Log (object)
Game.Editor.Testing.VarginhaBatchTestProgress:TestStarted (UnityEditor.TestTools.TestRunner.Api.ITestAdaptor) (at Assets/Scripts/Editor/Testing/VarginhaBatchTestProgress.cs:22)
UnityEditor.TestTools.TestRunner.Api.CallbacksDelegator/<>c__DisplayClass12_0:<TestStarted>b__0 (UnityEditor.TestTools.TestRunner.Api.ICallbacks) (at ./Library/PackageCache/com.unity.test-framework@7a3849e09bd0/UnityEditor.TestRunner/Api/CallbacksDelegator.cs:81)
UnityEditor.TestTools.TestRunner.Api.CallbacksDelegator:TryInvokeAllCallbacks (System.Action`1<UnityEditor.TestTools.TestRunner.Api.ICallbacks>) (at ./Library/PackageCache/com.unity.test-framework@7a3849e09bd0/UnityEditor.TestRunner/Api/CallbacksDelegator.cs:135)
UnityEditor.TestTools.TestRunner.Api.CallbacksDelegator:TestStarted (NUnit.Framework.Interfaces.ITest) (at ./Library/PackageCache/com.unity.test-framework@7a3849e09bd0/UnityEditor.TestRunner/Api/CallbacksDelegator.cs:81)
UnityEngine.Events.InvokableCall`1<NUnit.Framework.Interfaces.ITest>:Invoke (NUnit.Framework.Interfaces.ITest)
UnityEngine.Events.UnityEvent`1<NUnit.Framework.Interfaces.ITest>:Invoke (NUnit.Framework.Interfaces.ITest)
UnityEngine.Events.InvokableCall`1<NUnit.Framework.Interfaces.ITest>:Invoke (NUnit.Framework.Interfaces.ITest)
UnityEngine.Events.UnityEvent`1<NUnit.Framework.Interfaces.ITest>:Invoke (NUnit.Framework.Interfaces.ITest)
UnityEngine.TestTools.TestRunner.TestListenerWrapper:TestStarted (NUnit.Framework.Interfaces.ITest) (at ./Library/PackageCache/com.unity.test-framework@7a3849e09bd0/UnityEngine.TestRunner/TestRunner/TestListenerWrapper.cs:19)
UnityEngine.TestRunner.NUnitExtensions.Runner.UnityWorkItem:Execute () (at ./Library/PackageCache/com.unity.test-framework@7a3849e09bd0/UnityEngine.TestRunner/NUnitExtensions/Runner/UnityWorkItem.cs:83)
UnityEngine.TestRunner.NUnitExtensions.Runner.CompositeWorkItem/<RunChildren>d__17:MoveNext () (at ./Library/PackageCache/com.unity.test-framework@7a3849e09bd0/UnityEngine.TestRunner/NUnitExtensions/Runner/CompositeWorkItem.cs:205)
UnityEngine.TestRunner.NUnitExtensions.Runner.CompositeWorkItem/<PerformWork>d__13:MoveNext () (at ./Library/PackageCache/com.unity.test-framework@7a3849e09bd0/UnityEngine.TestRunner/NUnitExtensions/Runner/CompositeWorkItem.cs:83)
UnityEngine.TestRunner.NUnitExtensions.Runner.CompositeWorkItem/<RunChildren>d__17:MoveNext () (at ./Library/PackageCache/com.unity.test-framework@7a3849e09bd0/UnityEngine.TestRunner/NUnitExtensions/Runner/CompositeWorkItem.cs:209)
UnityEngine.TestRunner.NUnitExtensions.Runner.CompositeWorkItem/<PerformWork>d__13:MoveNext () (at ./Library/PackageCache/com.unity.test-framework@7a3849e09bd0/UnityEngine.TestRunner/NUnitExtensions/Runner/CompositeWorkItem.cs:83)
UnityEngine.TestRunner.NUnitExtensions.Runner.CompositeWorkItem/<RunChildren>d__17:MoveNext () (at ./Library/PackageCache/com.unity.test-framework@7a3849e09bd0/UnityEngine.TestRunner/NUnitExtensions/Runner/CompositeWorkItem.cs:209)
UnityEngine.TestRunner.NUnitExtensions.Runner.CompositeWorkItem/<PerformWork>d__13:MoveNext () (at ./Library/PackageCache/com.unity.test-framework@7a3849e09bd0/UnityEngine.TestRunner/NUnitExtensions/Runner/CompositeWorkItem.cs:83)
UnityEngine.TestRunner.NUnitExtensions.Runner.CompositeWorkItem/<RunChildren>d__17:MoveNext () (at ./Library/PackageCache/com.unity.test-framework@7a3849e09bd0/UnityEngine.TestRunner/NUnitExtensions/Runner/CompositeWorkItem.cs:209)
UnityEngine.TestRunner.NUnitExtensions.Runner.CompositeWorkItem/<PerformWork>d__13:MoveNext () (at ./Library/PackageCache/com.unity.test-framework@7a3849e09bd0/UnityEngine.TestRunner/NUnitExtensions/Runner/CompositeWorkItem.cs:83)
UnityEngine.TestRunner.NUnitExtensions.Runner.CompositeWorkItem/<RunChildren>d__17:MoveNext () (at ./Library/PackageCache/com.unity.test-framework@7a3849e09bd0/UnityEngine.TestRunner/NUnitExtensions/Runner/CompositeWorkItem.cs:209)
UnityEngine.TestRunner.NUnitExtensions.Runner.CompositeWorkItem/<PerformWork>d__13:MoveNext () (at ./Library/PackageCache/com.unity.test-framework@7a3849e09bd0/UnityEngine.TestRunner/NUnitExtensions/Runner/CompositeWorkItem.cs:83)
UnityEngine.TestRunner.NUnitExtensions.Runner.CompositeWorkItem/<RunChildren>d__17:MoveNext () (at ./Library/PackageCache/com.unity.test-framework@7a3849e09bd0/UnityEngine.TestRunner/NUnitExtensions/Runner/CompositeWorkItem.cs:209)
UnityEngine.TestRunner.NUnitExtensions.Runner.CompositeWorkItem/<PerformWork>d__13:MoveNext () (at ./Library/PackageCache/com.unity.test-framework@7a3849e09bd0/UnityEngine.TestRunner/NUnitExtensions/Runner/CompositeWorkItem.cs:83)
UnityEngine.TestTools.TestRunner.PlaymodeTestsController/<TestRunnerCoroutine>d__25:MoveNext () (at ./Library/PackageCache/com.unity.test-framework@7a3849e09bd0/UnityEngine.TestRunner/TestRunner/PlaymodeTestsController.cs:100)
UnityEngine.SetupCoroutine:InvokeMoveNext (System.Collections.IEnumerator,intptr)

(Filename: Assets/Scripts/Editor/Testing/VarginhaBatchTestProgress.cs Line: 22)

QA result: Passed Game.Tests.PlayMode.VarginhaStudentAllyTests.AlliedSummonsAreGatedUntilHardPhasesButFinalPhaseAlwaysAllowsAll
UnityEngine.Debug:ExtractStackTraceNoAlloc (byte*,int,string)
UnityEngine.StackTraceUtility:ExtractStackTrace ()
UnityEngine.DebugLogHandler:Internal_Log (UnityEngine.LogType,UnityEngine.LogOption,string,UnityEngine.Object)
UnityEngine.DebugLogHandler:LogFormat (UnityEngine.LogType,UnityEngine.Object,string,object[])
UnityEngine.Logger:Log (UnityEngine.LogType,object)
UnityEngine.Debug:Log (object)
Game.Editor.Testing.VarginhaBatchTestProgress:TestFinished (UnityEditor.TestTools.TestRunner.Api.ITestResultAdaptor) (at Assets/Scripts/Editor/Testing/VarginhaBatchTestProgress.cs:26)
UnityEditor.TestTools.TestRunner.Api.CallbacksDelegator/<>c__DisplayClass14_0:<TestFinished>b__0 (UnityEditor.TestTools.TestRunner.Api.ICallbacks) (at ./Library/PackageCache/com.unity.test-framework@7a3849e09bd0/UnityEditor.TestRunner/Api/CallbacksDelegator.cs:95)
UnityEditor.TestTools.TestRunner.Api.CallbacksDelegator:TryInvokeAllCallbacks (System.Action`1<UnityEditor.TestTools.TestRunner.Api.ICallbacks>) (at ./Library/PackageCache/com.unity.test-framework@7a3849e09bd0/UnityEditor.TestRunner/Api/CallbacksDelegator.cs:135)
UnityEditor.TestTools.TestRunner.Api.CallbacksDelegator:TestFinished (NUnit.Framework.Interfaces.ITestResult) (at ./Library/PackageCache/com.unity.test-framework@7a3849e09bd0/UnityEditor.TestRunner/Api/CallbacksDelegator.cs:95)
UnityEngine.Events.InvokableCall`1<NUnit.Framework.Interfaces.ITestResult>:Invoke (NUnit.Framework.Interfaces.ITestResult)
UnityEngine.Events.UnityEvent`1<NUnit.Framework.Interfaces.ITestResult>:Invoke (NUnit.Framework.Interfaces.ITestResult)
UnityEngine.Events.InvokableCall`1<NUnit.Framework.Interfaces.ITestResult>:Invoke (NUnit.Framework.Interfaces.ITestResult)
UnityEngine.Events.UnityEvent`1<NUnit.Framework.Interfaces.ITestResult>:Invoke (NUnit.Framework.Interfaces.ITestResult)
UnityEngine.TestTools.TestRunner.TestListenerWrapper:TestFinished (NUnit.Framework.Interfaces.ITestResult) (at ./Library/PackageCache/com.unity.test-framework@7a3849e09bd0/UnityEngine.TestRunner/TestRunner/TestListenerWrapper.cs:24)
UnityEngine.TestRunner.NUnitExtensions.Runner.UnityWorkItem:WorkItemComplete () (at ./Library/PackageCache/com.unity.test-framework@7a3849e09bd0/UnityEngine.TestRunner/NUnitExtensions/Runner/UnityWorkItem.cs:107)
UnityEngine.TestRunner.NUnitExtensions.Runner.DefaultTestWorkItem/<PerformWork>d__2:<>m__Finally1 () (at ./Library/PackageCache/com.unity.test-framework@7a3849e09bd0/UnityEngine.TestRunner/NUnitExtensions/Runner/DefaultTestWorkItem.cs:98)
UnityEngine.TestRunner.NUnitExtensions.Runner.DefaultTestWorkItem/<PerformWork>d__2:MoveNext () (at ./Library/PackageCache/com.unity.test-framework@7a3849e09bd0/UnityEngine.TestRunner/NUnitExtensions/Runner/DefaultTestWorkItem.cs:95)
UnityEngine.TestRunner.NUnitExtensions.Runner.CompositeWorkItem/<RunChildren>d__17:MoveNext () (at ./Library/PackageCache/com.unity.test-framework@7a3849e09bd0/UnityEngine.TestRunner/NUnitExtensions/Runner/CompositeWorkItem.cs:209)
UnityEngine.TestRunner.NUnitExtensions.Runner.CompositeWorkItem/<PerformWork>d__13:MoveNext () (at ./Library/PackageCache/com.unity.test-framework@7a3849e09bd0/UnityEngine.TestRunner/NUnitExtensions/Runner/CompositeWorkItem.cs:83)
UnityEngine.TestRunner.NUnitExtensions.Runner.CompositeWorkItem/<RunChildren>d__17:MoveNext () (at ./Library/PackageCache/com.unity.test-framework@7a3849e09bd0/UnityEngine.TestRunner/NUnitExtensions/Runner/CompositeWorkItem.cs:209)
UnityEngine.TestRunner.NUnitExtensions.Runner.CompositeWorkItem/<PerformWork>d__13:MoveNext () (at ./Library/PackageCache/com.unity.test-framework@7a3849e09bd0/UnityEngine.TestRunner/NUnitExtensions/Runner/CompositeWorkItem.cs:83)
UnityEngine.TestRunner.NUnitExtensions.Runner.CompositeWorkItem/<RunChildren>d__17:MoveNext () (at ./Library/PackageCache/com.unity.test-framework@7a3849e09bd0/UnityEngine.TestRunner/NUnitExtensions/Runner/CompositeWorkItem.cs:209)
UnityEngine.TestRunner.NUnitExtensions.Runner.CompositeWorkItem/<PerformWork>d__13:MoveNext () (at ./Library/PackageCache/com.unity.test-framework@7a3849e09bd0/UnityEngine.TestRunner/NUnitExtensions/Runner/CompositeWorkItem.cs:83)
UnityEngine.TestRunner.NUnitExtensions.Runner.CompositeWorkItem/<RunChildren>d__17:MoveNext () (at ./Library/PackageCache/com.unity.test-framework@7a3849e09bd0/UnityEngine.TestRunner/NUnitExtensions/Runner/CompositeWorkItem.cs:209)
UnityEngine.TestRunner.NUnitExtensions.Runner.CompositeWorkItem/<PerformWork>d__13:MoveNext () (at ./Library/PackageCache/com.unity.test-framework@7a3849e09bd0/UnityEngine.TestRunner/NUnitExtensions/Runner/CompositeWorkItem.cs:83)
UnityEngine.TestRunner.NUnitExtensions.Runner.CompositeWorkItem/<RunChildren>d__17:MoveNext () (at ./Library/PackageCache/com.unity.test-framework@7a3849e09bd0/UnityEngine.TestRunner/NUnitExtensions/Runner/CompositeWorkItem.cs:209)
UnityEngine.TestRunner.NUnitExtensions.Runner.CompositeWorkItem/<PerformWork>d__13:MoveNext () (at ./Library/PackageCache/com.unity.test-framework@7a3849e09bd0/UnityEngine.TestRunner/NUnitExtensions/Runner/CompositeWorkItem.cs:83)
UnityEngine.TestRunner.NUnitExtensions.Runner.CompositeWorkItem/<RunChildren>d__17:MoveNext () (at ./Library/PackageCache/com.unity.test-framework@7a3849e09bd0/UnityEngine.TestRunner/NUnitExtensions/Runner/CompositeWorkItem.cs:209)
UnityEngine.TestRunner.NUnitExtensions.Runner.CompositeWorkItem/<PerformWork>d__13:MoveNext () (at ./Library/PackageCache/com.unity.test-framework@7a3849e09bd0/UnityEngine.TestRunner/NUnitExtensions/Runner/CompositeWorkItem.cs:83)
UnityEngine.TestTools.TestRunner.PlaymodeTestsController/<TestRunnerCoroutine>d__25:MoveNext () (at ./Library/PackageCache/com.unity.test-framework@7a3849e09bd0/UnityEngine.TestRunner/TestRunner/PlaymodeTestsController.cs:100)
UnityEngine.SetupCoroutine:InvokeMoveNext (System.Collections.IEnumerator,intptr)

(Filename: Assets/Scripts/Editor/Testing/VarginhaBatchTestProgress.cs Line: 26)

QA test: Game.Tests.PlayMode.VarginhaStudentAllyTests.AlliesRouteThroughADoorInsteadOfStoppingAtThePartition
UnityEngine.Debug:ExtractStackTraceNoAlloc (byte*,int,string)
UnityEngine.StackTraceUtility:ExtractStackTrace ()
UnityEngine.DebugLogHandler:Internal_Log (UnityEngine.LogType,UnityEngine.LogOption,string,UnityEngine.Object)
UnityEngine.DebugLogHandler:LogFormat (UnityEngine.LogType,UnityEngine.Object,string,object[])
UnityEngine.Logger:Log (UnityEngine.LogType,object)
UnityEngine.Debug:Log (object)
Game.Editor.Testing.VarginhaBatchTestProgress:TestStarted (UnityEditor.TestTools.TestRunner.Api.ITestAdaptor) (at Assets/Scripts/Editor/Testing/VarginhaBatchTestProgress.cs:22)
UnityEditor.TestTools.TestRunner.Api.CallbacksDelegator/<>c__DisplayClass12_0:<TestStarted>b__0 (UnityEditor.TestTools.TestRunner.Api.ICallbacks) (at ./Library/PackageCache/com.unity.test-framework@7a3849e09bd0/UnityEditor.TestRunner/Api/CallbacksDelegator.cs:81)
UnityEditor.TestTools.TestRunner.Api.CallbacksDelegator:TryInvokeAllCallbacks (System.Action`1<UnityEditor.TestTools.TestRunner.Api.ICallbacks>) (at ./Library/PackageCache/com.unity.test-framework@7a3849e09bd0/UnityEditor.TestRunner/Api/CallbacksDelegator.cs:135)
UnityEditor.TestTools.TestRunner.Api.CallbacksDelegator:TestStarted (NUnit.Framework.Interfaces.ITest) (at ./Library/PackageCache/com.unity.test-framework@7a3849e09bd0/UnityEditor.TestRunner/Api/CallbacksDelegator.cs:81)
UnityEngine.Events.InvokableCall`1<NUnit.Framework.Interfaces.ITest>:Invoke (NUnit.Framework.Interfaces.ITest)
UnityEngine.Events.UnityEvent`1<NUnit.Framework.Interfaces.ITest>:Invoke (NUnit.Framework.Interfaces.ITest)
UnityEngine.Events.InvokableCall`1<NUnit.Framework.Interfaces.ITest>:Invoke (NUnit.Framework.Interfaces.ITest)
UnityEngine.Events.UnityEvent`1<NUnit.Framework.Interfaces.ITest>:Invoke (NUnit.Framework.Interfaces.ITest)
UnityEngine.TestTools.TestRunner.TestListenerWrapper:TestStarted (NUnit.Framework.Interfaces.ITest) (at ./Library/PackageCache/com.unity.test-framework@7a3849e09bd0/UnityEngine.TestRunner/TestRunner/TestListenerWrapper.cs:19)
UnityEngine.TestRunner.NUnitExtensions.Runner.UnityWorkItem:Execute () (at ./Library/PackageCache/com.unity.test-framework@7a3849e09bd0/UnityEngine.TestRunner/NUnitExtensions/Runner/UnityWorkItem.cs:83)
UnityEngine.TestRunner.NUnitExtensions.Runner.CompositeWorkItem/<RunChildren>d__17:MoveNext () (at ./Library/PackageCache/com.unity.test-framework@7a3849e09bd0/UnityEngine.TestRunner/NUnitExtensions/Runner/CompositeWorkItem.cs:205)
UnityEngine.TestRunner.NUnitExtensions.Runner.CompositeWorkItem/<PerformWork>d__13:MoveNext () (at ./Library/PackageCache/com.unity.test-framework@7a3849e09bd0/UnityEngine.TestRunner/NUnitExtensions/Runner/CompositeWorkItem.cs:83)
UnityEngine.TestRunner.NUnitExtensions.Runner.CompositeWorkItem/<RunChildren>d__17:MoveNext () (at ./Library/PackageCache/com.unity.test-framework@7a3849e09bd0/UnityEngine.TestRunner/NUnitExtensions/Runner/CompositeWorkItem.cs:209)
UnityEngine.TestRunner.NUnitExtensions.Runner.CompositeWorkItem/<PerformWork>d__13:MoveNext () (at ./Library/PackageCache/com.unity.test-framework@7a3849e09bd0/UnityEngine.TestRunner/NUnitExtensions/Runner/CompositeWorkItem.cs:83)
UnityEngine.TestRunner.NUnitExtensions.Runner.CompositeWorkItem/<RunChildren>d__17:MoveNext () (at ./Library/PackageCache/com.unity.test-framework@7a3849e09bd0/UnityEngine.TestRunner/NUnitExtensions/Runner/CompositeWorkItem.cs:209)
UnityEngine.TestRunner.NUnitExtensions.Runner.CompositeWorkItem/<PerformWork>d__13:MoveNext () (at ./Library/PackageCache/com.unity.test-framework@7a3849e09bd0/UnityEngine.TestRunner/NUnitExtensions/Runner/CompositeWorkItem.cs:83)
UnityEngine.TestRunner.NUnitExtensions.Runner.CompositeWorkItem/<RunChildren>d__17:MoveNext () (at ./Library/PackageCache/com.unity.test-framework@7a3849e09bd0/UnityEngine.TestRunner/NUnitExtensions/Runner/CompositeWorkItem.cs:209)
UnityEngine.TestRunner.NUnitExtensions.Runner.CompositeWorkItem/<PerformWork>d__13:MoveNext () (at ./Library/PackageCache/com.unity.test-framework@7a3849e09bd0/UnityEngine.TestRunner/NUnitExtensions/Runner/CompositeWorkItem.cs:83)
UnityEngine.TestRunner.NUnitExtensions.Runner.CompositeWorkItem/<RunChildren>d__17:MoveNext () (at ./Library/PackageCache/com.unity.test-framework@7a3849e09bd0/UnityEngine.TestRunner/NUnitExtensions/Runner/CompositeWorkItem.cs:209)
UnityEngine.TestRunner.NUnitExtensions.Runner.CompositeWorkItem/<PerformWork>d__13:MoveNext () (at ./Library/PackageCache/com.unity.test-framework@7a3849e09bd0/UnityEngine.TestRunner/NUnitExtensions/Runner/CompositeWorkItem.cs:83)
UnityEngine.TestRunner.NUnitExtensions.Runner.CompositeWorkItem/<RunChildren>d__17:MoveNext () (at ./Library/PackageCache/com.unity.test-framework@7a3849e09bd0/UnityEngine.TestRunner/NUnitExtensions/Runner/CompositeWorkItem.cs:209)
UnityEngine.TestRunner.NUnitExtensions.Runner.CompositeWorkItem/<PerformWork>d__13:MoveNext () (at ./Library/PackageCache/com.unity.test-framework@7a3849e09bd0/UnityEngine.TestRunner/NUnitExtensions/Runner/CompositeWorkItem.cs:83)
UnityEngine.TestTools.TestRunner.PlaymodeTestsController/<TestRunnerCoroutine>d__25:MoveNext () (at ./Library/PackageCache/com.unity.test-framework@7a3849e09bd0/UnityEngine.TestRunner/TestRunner/PlaymodeTestsController.cs:100)
UnityEngine.SetupCoroutine:InvokeMoveNext (System.Collections.IEnumerator,intptr)

(Filename: Assets/Scripts/Editor/Testing/VarginhaBatchTestProgress.cs Line: 22)

QA result: Passed Game.Tests.PlayMode.VarginhaStudentAllyTests.AlliesRouteThroughADoorInsteadOfStoppingAtThePartition
UnityEngine.Debug:ExtractStackTraceNoAlloc (byte*,int,string)
UnityEngine.StackTraceUtility:ExtractStackTrace ()
UnityEngine.DebugLogHandler:Internal_Log (UnityEngine.LogType,UnityEngine.LogOption,string,UnityEngine.Object)
UnityEngine.DebugLogHandler:LogFormat (UnityEngine.LogType,UnityEngine.Object,string,object[])
UnityEngine.Logger:Log (UnityEngine.LogType,object)
UnityEngine.Debug:Log (object)
Game.Editor.Testing.VarginhaBatchTestProgress:TestFinished (UnityEditor.TestTools.TestRunner.Api.ITestResultAdaptor) (at Assets/Scripts/Editor/Testing/VarginhaBatchTestProgress.cs:26)
UnityEditor.TestTools.TestRunner.Api.CallbacksDelegator/<>c__DisplayClass14_0:<TestFinished>b__0 (UnityEditor.TestTools.TestRunner.Api.ICallbacks) (at ./Library/PackageCache/com.unity.test-framework@7a3849e09bd0/UnityEditor.TestRunner/Api/CallbacksDelegator.cs:95)
UnityEditor.TestTools.TestRunner.Api.CallbacksDelegator:TryInvokeAllCallbacks (System.Action`1<UnityEditor.TestTools.TestRunner.Api.ICallbacks>) (at ./Library/PackageCache/com.unity.test-framework@7a3849e09bd0/UnityEditor.TestRunner/Api/CallbacksDelegator.cs:135)
UnityEditor.TestTools.TestRunner.Api.CallbacksDelegator:TestFinished (NUnit.Framework.Interfaces.ITestResult) (at ./Library/PackageCache/com.unity.test-framework@7a3849e09bd0/UnityEditor.TestRunner/Api/CallbacksDelegator.cs:95)
UnityEngine.Events.InvokableCall`1<NUnit.Framework.Interfaces.ITestResult>:Invoke (NUnit.Framework.Interfaces.ITestResult)
UnityEngine.Events.UnityEvent`1<NUnit.Framework.Interfaces.ITestResult>:Invoke (NUnit.Framework.Interfaces.ITestResult)
UnityEngine.Events.InvokableCall`1<NUnit.Framework.Interfaces.ITestResult>:Invoke (NUnit.Framework.Interfaces.ITestResult)
UnityEngine.Events.UnityEvent`1<NUnit.Framework.Interfaces.ITestResult>:Invoke (NUnit.Framework.Interfaces.ITestResult)
UnityEngine.TestTools.TestRunner.TestListenerWrapper:TestFinished (NUnit.Framework.Interfaces.ITestResult) (at ./Library/PackageCache/com.unity.test-framework@7a3849e09bd0/UnityEngine.TestRunner/TestRunner/TestListenerWrapper.cs:24)
UnityEngine.TestRunner.NUnitExtensions.Runner.UnityWorkItem:WorkItemComplete () (at ./Library/PackageCache/com.unity.test-framework@7a3849e09bd0/UnityEngine.TestRunner/NUnitExtensions/Runner/UnityWorkItem.cs:107)
UnityEngine.TestRunner.NUnitExtensions.Runner.CoroutineTestWorkItem/<PerformWork>d__7:<>m__Finally1 () (at ./Library/PackageCache/com.unity.test-framework@7a3849e09bd0/UnityEngine.TestRunner/NUnitExtensions/Runner/CoroutineTestWorkItem.cs:67)
UnityEngine.TestRunner.NUnitExtensions.Runner.CoroutineTestWorkItem/<PerformWork>d__7:MoveNext () (at ./Library/PackageCache/com.unity.test-framework@7a3849e09bd0/UnityEngine.TestRunner/NUnitExtensions/Runner/CoroutineTestWorkItem.cs:64)
UnityEngine.TestRunner.NUnitExtensions.Runner.CompositeWorkItem/<RunChildren>d__17:MoveNext () (at ./Library/PackageCache/com.unity.test-framework@7a3849e09bd0/UnityEngine.TestRunner/NUnitExtensions/Runner/CompositeWorkItem.cs:209)
UnityEngine.TestRunner.NUnitExtensions.Runner.CompositeWorkItem/<PerformWork>d__13:MoveNext () (at ./Library/PackageCache/com.unity.test-framework@7a3849e09bd0/UnityEngine.TestRunner/NUnitExtensions/Runner/CompositeWorkItem.cs:83)
UnityEngine.TestRunner.NUnitExtensions.Runner.CompositeWorkItem/<RunChildren>d__17:MoveNext () (at ./Library/PackageCache/com.unity.test-framework@7a3849e09bd0/UnityEngine.TestRunner/NUnitExtensions/Runner/CompositeWorkItem.cs:209)
UnityEngine.TestRunner.NUnitExtensions.Runner.CompositeWorkItem/<PerformWork>d__13:MoveNext () (at ./Library/PackageCache/com.unity.test-framework@7a3849e09bd0/UnityEngine.TestRunner/NUnitExtensions/Runner/CompositeWorkItem.cs:83)
UnityEngine.TestRunner.NUnitExtensions.Runner.CompositeWorkItem/<RunChildren>d__17:MoveNext () (at ./Library/PackageCache/com.unity.test-framework@7a3849e09bd0/UnityEngine.TestRunner/NUnitExtensions/Runner/CompositeWorkItem.cs:209)
UnityEngine.TestRunner.NUnitExtensions.Runner.CompositeWorkItem/<PerformWork>d__13:MoveNext () (at ./Library/PackageCache/com.unity.test-framework@7a3849e09bd0/UnityEngine.TestRunner/NUnitExtensions/Runner/CompositeWorkItem.cs:83)
UnityEngine.TestRunner.NUnitExtensions.Runner.CompositeWorkItem/<RunChildren>d__17:MoveNext () (at ./Library/PackageCache/com.unity.test-framework@7a3849e09bd0/UnityEngine.TestRunner/NUnitExtensions/Runner/CompositeWorkItem.cs:209)
UnityEngine.TestRunner.NUnitExtensions.Runner.CompositeWorkItem/<PerformWork>d__13:MoveNext () (at ./Library/PackageCache/com.unity.test-framework@7a3849e09bd0/UnityEngine.TestRunner/NUnitExtensions/Runner/CompositeWorkItem.cs:83)
UnityEngine.TestRunner.NUnitExtensions.Runner.CompositeWorkItem/<RunChildren>d__17:MoveNext () (at ./Library/PackageCache/com.unity.test-framework@7a3849e09bd0/UnityEngine.TestRunner/NUnitExtensions/Runner/CompositeWorkItem.cs:209)
UnityEngine.TestRunner.NUnitExtensions.Runner.CompositeWorkItem/<PerformWork>d__13:MoveNext () (at ./Library/PackageCache/com.unity.test-framework@7a3849e09bd0/UnityEngine.TestRunner/NUnitExtensions/Runner/CompositeWorkItem.cs:83)
UnityEngine.TestRunner.NUnitExtensions.Runner.CompositeWorkItem/<RunChildren>d__17:MoveNext () (at ./Library/PackageCache/com.unity.test-framework@7a3849e09bd0/UnityEngine.TestRunner/NUnitExtensions/Runner/CompositeWorkItem.cs:209)
UnityEngine.TestRunner.NUnitExtensions.Runner.CompositeWorkItem/<PerformWork>d__13:MoveNext () (at ./Library/PackageCache/com.unity.test-framework@7a3849e09bd0/UnityEngine.TestRunner/NUnitExtensions/Runner/CompositeWorkItem.cs:83)
UnityEngine.TestTools.TestRunner.PlaymodeTestsController/<TestRunnerCoroutine>d__25:MoveNext () (at ./Library/PackageCache/com.unity.test-framework@7a3849e09bd0/UnityEngine.TestRunner/TestRunner/PlaymodeTestsController.cs:100)
UnityEngine.SetupCoroutine:InvokeMoveNext (System.Collections.IEnumerator,intptr)

(Filename: Assets/Scripts/Editor/Testing/VarginhaBatchTestProgress.cs Line: 26)

QA test: Game.Tests.PlayMode.VarginhaStudentAllyTests.AnnaRicochetsAcrossTwoNewTargetsWithoutRepeatingDamage
UnityEngine.Debug:ExtractStackTraceNoAlloc (byte*,int,string)
UnityEngine.StackTraceUtility:ExtractStackTrace ()
UnityEngine.DebugLogHandler:Internal_Log (UnityEngine.LogType,UnityEngine.LogOption,string,UnityEngine.Object)
UnityEngine.DebugLogHandler:LogFormat (UnityEngine.LogType,UnityEngine.Object,string,object[])
UnityEngine.Logger:Log (UnityEngine.LogType,object)
UnityEngine.Debug:Log (object)
Game.Editor.Testing.VarginhaBatchTestProgress:TestStarted (UnityEditor.TestTools.TestRunner.Api.ITestAdaptor) (at Assets/Scripts/Editor/Testing/VarginhaBatchTestProgress.cs:22)
UnityEditor.TestTools.TestRunner.Api.CallbacksDelegator/<>c__DisplayClass12_0:<TestStarted>b__0 (UnityEditor.TestTools.TestRunner.Api.ICallbacks) (at ./Library/PackageCache/com.unity.test-framework@7a3849e09bd0/UnityEditor.TestRunner/Api/CallbacksDelegator.cs:81)
UnityEditor.TestTools.TestRunner.Api.CallbacksDelegator:TryInvokeAllCallbacks (System.Action`1<UnityEditor.TestTools.TestRunner.Api.ICallbacks>) (at ./Library/PackageCache/com.unity.test-framework@7a3849e09bd0/UnityEditor.TestRunner/Api/CallbacksDelegator.cs:135)
UnityEditor.TestTools.TestRunner.Api.CallbacksDelegator:TestStarted (NUnit.Framework.Interfaces.ITest) (at ./Library/PackageCache/com.unity.test-framework@7a3849e09bd0/UnityEditor.TestRunner/Api/CallbacksDelegator.cs:81)
UnityEngine.Events.InvokableCall`1<NUnit.Framework.Interfaces.ITest>:Invoke (NUnit.Framework.Interfaces.ITest)
UnityEngine.Events.UnityEvent`1<NUnit.Framework.Interfaces.ITest>:Invoke (NUnit.Framework.Interfaces.ITest)
UnityEngine.Events.InvokableCall`1<NUnit.Framework.Interfaces.ITest>:Invoke (NUnit.Framework.Interfaces.ITest)
UnityEngine.Events.UnityEvent`1<NUnit.Framework.Interfaces.ITest>:Invoke (NUnit.Framework.Interfaces.ITest)
UnityEngine.TestTools.TestRunner.TestListenerWrapper:TestStarted (NUnit.Framework.Interfaces.ITest) (at ./Library/PackageCache/com.unity.test-framework@7a3849e09bd0/UnityEngine.TestRunner/TestRunner/TestListenerWrapper.cs:19)
UnityEngine.TestRunner.NUnitExtensions.Runner.UnityWorkItem:Execute () (at ./Library/PackageCache/com.unity.test-framework@7a3849e09bd0/UnityEngine.TestRunner/NUnitExtensions/Runner/UnityWorkItem.cs:83)
UnityEngine.TestRunner.NUnitExtensions.Runner.CompositeWorkItem/<RunChildren>d__17:MoveNext () (at ./Library/PackageCache/com.unity.test-framework@7a3849e09bd0/UnityEngine.TestRunner/NUnitExtensions/Runner/CompositeWorkItem.cs:205)
UnityEngine.TestRunner.NUnitExtensions.Runner.CompositeWorkItem/<PerformWork>d__13:MoveNext () (at ./Library/PackageCache/com.unity.test-framework@7a3849e09bd0/UnityEngine.TestRunner/NUnitExtensions/Runner/CompositeWorkItem.cs:83)
UnityEngine.TestRunner.NUnitExtensions.Runner.CompositeWorkItem/<RunChildren>d__17:MoveNext () (at ./Library/PackageCache/com.unity.test-framework@7a3849e09bd0/UnityEngine.TestRunner/NUnitExtensions/Runner/CompositeWorkItem.cs:209)
UnityEngine.TestRunner.NUnitExtensions.Runner.CompositeWorkItem/<PerformWork>d__13:MoveNext () (at ./Library/PackageCache/com.unity.test-framework@7a3849e09bd0/UnityEngine.TestRunner/NUnitExtensions/Runner/CompositeWorkItem.cs:83)
UnityEngine.TestRunner.NUnitExtensions.Runner.CompositeWorkItem/<RunChildren>d__17:MoveNext () (at ./Library/PackageCache/com.unity.test-framework@7a3849e09bd0/UnityEngine.TestRunner/NUnitExtensions/Runner/CompositeWorkItem.cs:209)
UnityEngine.TestRunner.NUnitExtensions.Runner.CompositeWorkItem/<PerformWork>d__13:MoveNext () (at ./Library/PackageCache/com.unity.test-framework@7a3849e09bd0/UnityEngine.TestRunner/NUnitExtensions/Runner/CompositeWorkItem.cs:83)
UnityEngine.TestRunner.NUnitExtensions.Runner.CompositeWorkItem/<RunChildren>d__17:MoveNext () (at ./Library/PackageCache/com.unity.test-framework@7a3849e09bd0/UnityEngine.TestRunner/NUnitExtensions/Runner/CompositeWorkItem.cs:209)
UnityEngine.TestRunner.NUnitExtensions.Runner.CompositeWorkItem/<PerformWork>d__13:MoveNext () (at ./Library/PackageCache/com.unity.test-framework@7a3849e09bd0/UnityEngine.TestRunner/NUnitExtensions/Runner/CompositeWorkItem.cs:83)
UnityEngine.TestRunner.NUnitExtensions.Runner.CompositeWorkItem/<RunChildren>d__17:MoveNext () (at ./Library/PackageCache/com.unity.test-framework@7a3849e09bd0/UnityEngine.TestRunner/NUnitExtensions/Runner/CompositeWorkItem.cs:209)
UnityEngine.TestRunner.NUnitExtensions.Runner.CompositeWorkItem/<PerformWork>d__13:MoveNext () (at ./Library/PackageCache/com.unity.test-framework@7a3849e09bd0/UnityEngine.TestRunner/NUnitExtensions/Runner/CompositeWorkItem.cs:83)
UnityEngine.TestRunner.NUnitExtensions.Runner.CompositeWorkItem/<RunChildren>d__17:MoveNext () (at ./Library/PackageCache/com.unity.test-framework@7a3849e09bd0/UnityEngine.TestRunner/NUnitExtensions/Runner/CompositeWorkItem.cs:209)
UnityEngine.TestRunner.NUnitExtensions.Runner.CompositeWorkItem/<PerformWork>d__13:MoveNext () (at ./Library/PackageCache/com.unity.test-framework@7a3849e09bd0/UnityEngine.TestRunner/NUnitExtensions/Runner/CompositeWorkItem.cs:83)
UnityEngine.TestTools.TestRunner.PlaymodeTestsController/<TestRunnerCoroutine>d__25:MoveNext () (at ./Library/PackageCache/com.unity.test-framework@7a3849e09bd0/UnityEngine.TestRunner/TestRunner/PlaymodeTestsController.cs:100)
UnityEngine.SetupCoroutine:InvokeMoveNext (System.Collections.IEnumerator,intptr)

(Filename: Assets/Scripts/Editor/Testing/VarginhaBatchTestProgress.cs Line: 22)

There are no audio listeners in the scene. Please ensure there is always one audio listener in the scene
There are no audio listeners in the scene. Please ensure there is always one audio listener in the scene
There are no audio listeners in the scene. Please ensure there is always one audio listener in the scene
There are no audio listeners in the scene. Please ensure there is always one audio listener in the scene
There are no audio listeners in the scene. Please ensure there is always one audio listener in the scene
There are no audio listeners in the scene. Please ensure there is always one audio listener in the scene
There are no audio listeners in the scene. Please ensure there is always one audio listener in the scene
There are no audio listeners in the scene. Please ensure there is always one audio listener in the scene
There are no audio listeners in the scene. Please ensure there is always one audio listener in the scene
There are no audio listeners in the scene. Please ensure there is always one audio listener in the scene
There are no audio listeners in the scene. Please ensure there is always one audio listener in the scene
There are no audio listeners in the scene. Please ensure there is always one audio listener in the scene
There are no audio listeners in the scene. Please ensure there is always one audio listener in the scene
There are no audio listeners in the scene. Please ensure there is always one audio listener in the scene
There are no audio listeners in the scene. Please ensure there is always one audio listener in the scene
There are no audio listeners in the scene. Please ensure there is always one audio listener in the scene
There are no audio listeners in the scene. Please ensure there is always one audio listener in the scene
There are no audio listeners in the scene. Please ensure there is always one audio listener in the scene
There are no audio listeners in the scene. Please ensure there is always one audio listener in the scene
There are no audio listeners in the scene. Please ensure there is always one audio listener in the scene
There are no audio listeners in the scene. Please ensure there is always one audio listener in the scene
There are no audio listeners in the scene. Please ensure there is always one audio listener in the scene
There are no audio listeners in the scene. Please ensure there is always one audio listener in the scene
There are no audio listeners in the scene. Please ensure there is always one audio listener in the scene
There are no audio listeners in the scene. Please ensure there is always one audio listener in the scene
There are no audio listeners in the scene. Please ensure there is always one audio listener in the scene
There are no audio listeners in the scene. Please ensure there is always one audio listener in the scene
There are no audio listeners in the scene. Please ensure there is always one audio listener in the scene
There are no audio listeners in the scene. Please ensure there is always one audio listener in the scene
There are no audio listeners in the scene. Please ensure there is always one audio listener in the scene
There are no audio listeners in the scene. Please ensure there is always one audio listener in the scene
There are no audio listeners in the scene. Please ensure there is always one audio listener in the scene
There are no audio listeners in the scene. Please ensure there is always one audio listener in the scene
There are no audio listeners in the scene. Please ensure there is always one audio listener in the scene
There are no audio listeners in the scene. Please ensure there is always one audio listener in the scene
There are no audio listeners in the scene. Please ensure there is always one audio listener in the scene
There are no audio listeners in the scene. Please ensure there is always one audio listener in the scene
There are no audio listeners in the scene. Please ensure there is always one audio listener in the scene
There are no audio listeners in the scene. Please ensure there is always one audio listener in the scene
There are no audio listeners in the scene. Please ensure there is always one audio listener in the scene
There are no audio listeners in the scene. Please ensure there is always one audio listener in the scene
There are no audio listeners in the scene. Please ensure there is always one audio listener in the scene
There are no audio listeners in the scene. Please ensure there is always one audio listener in the scene
There are no audio listeners in the scene. Please ensure there is always one audio listener in the scene
There are no audio listeners in the scene. Please ensure there is always one audio listener in the scene
There are no audio listeners in the scene. Please ensure there is always one audio listener in the scene
There are no audio listeners in the scene. Please ensure there is always one audio listener in the scene
There are no audio listeners in the scene. Please ensure there is always one audio listener in the scene
There are no audio listeners in the scene. Please ensure there is always one audio listener in the scene
There are no audio listeners in the scene. Please ensure there is always one audio listener in the scene
There are no audio listeners in the scene. Please ensure there is always one audio listener in the scene
There are no audio listeners in the scene. Please ensure there is always one audio listener in the scene
There are no audio listeners in the scene. Please ensure there is always one audio listener in the scene
There are no audio listeners in the scene. Please ensure there is always one audio listener in the scene
There are no audio listeners in the scene. Please ensure there is always one audio listener in the scene
There are no audio listeners in the scene. Please ensure there is always one audio listener in the scene
There are no audio listeners in the scene. Please ensure there is always one audio listener in the scene
There are no audio listeners in the scene. Please ensure there is always one audio listener in the scene
There are no audio listeners in the scene. Please ensure there is always one audio listener in the scene
There are no audio listeners in the scene. Please ensure there is always one audio listener in the scene
There are no audio listeners in the scene. Please ensure there is always one audio listener in the scene
There are no audio listeners in the scene. Please ensure there is always one audio listener in the scene
There are no audio listeners in the scene. Please ensure there is always one audio listener in the scene
There are no audio listeners in the scene. Please ensure there is always one audio listener in the scene
There are no audio listeners in the scene. Please ensure there is always one audio listener in the scene
There are no audio listeners in the scene. Please ensure there is always one audio listener in the scene
There are no audio listeners in the scene. Please ensure there is always one audio listener in the scene
There are no audio listeners in the scene. Please ensure there is always one audio listener in the scene
There are no audio listeners in the scene. Please ensure there is always one audio listener in the scene
There are no audio listeners in the scene. Please ensure there is always one audio listener in the scene
There are no audio listeners in the scene. Please ensure there is always one audio listener in the scene
There are no audio listeners in the scene. Please ensure there is always one audio listener in the scene
There are no audio listeners in the scene. Please ensure there is always one audio listener in the scene
There are no audio listeners in the scene. Please ensure there is always one audio listener in the scene
There are no audio listeners in the scene. Please ensure there is always one audio listener in the scene
There are no audio listeners in the scene. Please ensure there is always one audio listener in the scene
There are no audio listeners in the scene. Please ensure there is always one audio listener in the scene
There are no audio listeners in the scene. Please ensure there is always one audio listener in the scene
There are no audio listeners in the scene. Please ensure there is always one audio listener in the scene
There are no audio listeners in the scene. Please ensure there is always one audio listener in the scene
There are no audio listeners in the scene. Please ensure there is always one audio listener in the scene
There are no audio listeners in the scene. Please ensure there is always one audio listener in the scene
There are no audio listeners in the scene. Please ensure there is always one audio listener in the scene
There are no audio listeners in the scene. Please ensure there is always one audio listener in the scene
There are no audio listeners in the scene. Please ensure there is always one audio listener in the scene
There are no audio listeners in the scene. Please ensure there is always one audio listener in the scene
There are no audio listeners in the scene. Please ensure there is always one audio listener in the scene
There are no audio listeners in the scene. Please ensure there is always one audio listener in the scene
There are no audio listeners in the scene. Please ensure there is always one audio listener in the scene
There are no audio listeners in the scene. Please ensure there is always one audio listener in the scene
There are no audio listeners in the scene. Please ensure there is always one audio listener in the scene
There are no audio listeners in the scene. Please ensure there is always one audio listener in the scene
There are no audio listeners in the scene. Please ensure there is always one audio listener in the scene
There are no audio listeners in the scene. Please ensure there is always one audio listener in the scene
There are no audio listeners in the scene. Please ensure there is always one audio listener in the scene
There are no audio listeners in the scene. Please ensure there is always one audio listener in the scene
There are no audio listeners in the scene. Please ensure there is always one audio listener in the scene
There are no audio listeners in the scene. Please ensure there is always one audio listener in the scene
There are no audio listeners in the scene. Please ensure there is always one audio listener in the scene
There are no audio listeners in the scene. Please ensure there is always one audio listener in the scene
There are no audio listeners in the scene. Please ensure there is always one audio listener in the scene
There are no audio listeners in the scene. Please ensure there is always one audio listener in the scene
There are no audio listeners in the scene. Please ensure there is always one audio listener in the scene
There are no audio listeners in the scene. Please ensure there is always one audio listener in the scene
There are no audio listeners in the scene. Please ensure there is always one audio listener in the scene
There are no audio listeners in the scene. Please ensure there is always one audio listener in the scene
There are no audio listeners in the scene. Please ensure there is always one audio listener in the scene
There are no audio listeners in the scene. Please ensure there is always one audio listener in the scene
There are no audio listeners in the scene. Please ensure there is always one audio listener in the scene
There are no audio listeners in the scene. Please ensure there is always one audio listener in the scene
There are no audio listeners in the scene. Please ensure there is always one audio listener in the scene
There are no audio listeners in the scene. Please ensure there is always one audio listener in the scene
There are no audio listeners in the scene. Please ensure there is always one audio listener in the scene
There are no audio listeners in the scene. Please ensure there is always one audio listener in the scene
There are no audio listeners in the scene. Please ensure there is always one audio listener in the scene
There are no audio listeners in the scene. Please ensure there is always one audio listener in the scene
There are no audio listeners in the scene. Please ensure there is always one audio listener in the scene
There are no audio listeners in the scene. Please ensure there is always one audio listener in the scene
There are no audio listeners in the scene. Please ensure there is always one audio listener in the scene
There are no audio listeners in the scene. Please ensure there is always one audio listener in the scene
There are no audio listeners in the scene. Please ensure there is always one audio listener in the scene
There are no audio listeners in the scene. Please ensure there is always one audio listener in the scene
There are no audio listeners in the scene. Please ensure there is always one audio listener in the scene
There are no audio listeners in the scene. Please ensure there is always one audio listener in the scene
There are no audio listeners in the scene. Please ensure there is always one audio listener in the scene
There are no audio listeners in the scene. Please ensure there is always one audio listener in the scene
There are no audio listeners in the scene. Please ensure there is always one audio listener in the scene
There are no audio listeners in the scene. Please ensure there is always one audio listener in the scene
There are no audio listeners in the scene. Please ensure there is always one audio listener in the scene
There are no audio listeners in the scene. Please ensure there is always one audio listener in the scene
There are no audio listeners in the scene. Please ensure there is always one audio listener in the scene
There are no audio listeners in the scene. Please ensure there is always one audio listener in the scene
There are no audio listeners in the scene. Please ensure there is always one audio listener in the scene
There are no audio listeners in the scene. Please ensure there is always one audio listener in the scene
There are no audio listeners in the scene. Please ensure there is always one audio listener in the scene
There are no audio listeners in the scene. Please ensure there is always one audio listener in the scene
There are no audio listeners in the scene. Please ensure there is always one audio listener in the scene
There are no audio listeners in the scene. Please ensure there is always one audio listener in the scene
There are no audio listeners in the scene. Please ensure there is always one audio listener in the scene
There are no audio listeners in the scene. Please ensure there is always one audio listener in the scene
There are no audio listeners in the scene. Please ensure there is always one audio listener in the scene
There are no audio listeners in the scene. Please ensure there is always one audio listener in the scene
There are no audio listeners in the scene. Please ensure there is always one audio listener in the scene
There are no audio listeners in the scene. Please ensure there is always one audio listener in the scene
There are no audio listeners in the scene. Please ensure there is always one audio listener in the scene
There are no audio listeners in the scene. Please ensure there is always one audio listener in the scene
There are no audio listeners in the scene. Please ensure there is always one audio listener in the scene
There are no audio listeners in the scene. Please ensure there is always one audio listener in the scene
There are no audio listeners in the scene. Please ensure there is always one audio listener in the scene
There are no audio listeners in the scene. Please ensure there is always one audio listener in the scene
There are no audio listeners in the scene. Please ensure there is always one audio listener in the scene
There are no audio listeners in the scene. Please ensure there is always one audio listener in the scene
There are no audio listeners in the scene. Please ensure there is always one audio listener in the scene
There are no audio listeners in the scene. Please ensure there is always one audio listener in the scene
There are no audio listeners in the scene. Please ensure there is always one audio listener in the scene
There are no audio listeners in the scene. Please ensure there is always one audio listener in the scene
There are no audio listeners in the scene. Please ensure there is always one audio listener in the scene
There are no audio listeners in the scene. Please ensure there is always one audio listener in the scene
There are no audio listeners in the scene. Please ensure there is always one audio listener in the scene
There are no audio listeners in the scene. Please ensure there is always one audio listener in the scene
There are no audio listeners in the scene. Please ensure there is always one audio listener in the scene
There are no audio listeners in the scene. Please ensure there is always one audio listener in the scene
There are no audio listeners in the scene. Please ensure there is always one audio listener in the scene
There are no audio listeners in the scene. Please ensure there is always one audio listener in the scene
There are no audio listeners in the scene. Please ensure there is always one audio listener in the scene
There are no audio listeners in the scene. Please ensure there is always one audio listener in the scene
There are no audio listeners in the scene. Please ensure there is always one audio listener in the scene
There are no audio listeners in the scene. Please ensure there is always one audio listener in the scene
There are no audio listeners in the scene. Please ensure there is always one audio listener in the scene
There are no audio listeners in the scene. Please ensure there is always one audio listener in the scene
There are no audio listeners in the scene. Please ensure there is always one audio listener in the scene
There are no audio listeners in the scene. Please ensure there is always one audio listener in the scene
There are no audio listeners in the scene. Please ensure there is always one audio listener in the scene
There are no audio listeners in the scene. Please ensure there is always one audio listener in the scene
There are no audio listeners in the scene. Please ensure there is always one audio listener in the scene
There are no audio listeners in the scene. Please ensure there is always one audio listener in the scene
There are no audio listeners in the scene. Please ensure there is always one audio listener in the scene
There are no audio listeners in the scene. Please ensure there is always one audio listener in the scene
There are no audio listeners in the scene. Please ensure there is always one audio listener in the scene
There are no audio listeners in the scene. Please ensure there is always one audio listener in the scene
There are no audio listeners in the scene. Please ensure there is always one audio listener in the scene
There are no audio listeners in the scene. Please ensure there is always one audio listener in the scene
There are no audio listeners in the scene. Please ensure there is always one audio listener in the scene
There are no audio listeners in the scene. Please ensure there is always one audio listener in the scene
There are no audio listeners in the scene. Please ensure there is always one audio listener in the scene
There are no audio listeners in the scene. Please ensure there is always one audio listener in the scene
There are no audio listeners in the scene. Please ensure there is always one audio listener in the scene
There are no audio listeners in the scene. Please ensure there is always one audio listener in the scene
There are no audio listeners in the scene. Please ensure there is always one audio listener in the scene
There are no audio listeners in the scene. Please ensure there is always one audio listener in the scene
There are no audio listeners in the scene. Please ensure there is always one audio listener in the scene
There are no audio listeners in the scene. Please ensure there is always one audio listener in the scene
There are no audio listeners in the scene. Please ensure there is always one audio listener in the scene
There are no audio listeners in the scene. Please ensure there is always one audio listener in the scene
There are no audio listeners in the scene. Please ensure there is always one audio listener in the scene
There are no audio listeners in the scene. Please ensure there is always one audio listener in the scene
There are no audio listeners in the scene. Please ensure there is always one audio listener in the scene
There are no audio listeners in the scene. Please ensure there is always one audio listener in the scene
There are no audio listeners in the scene. Please ensure there is always one audio listener in the scene
There are no audio listeners in the scene. Please ensure there is always one audio listener in the scene
There are no audio listeners in the scene. Please ensure there is always one audio listener in the scene
There are no audio listeners in the scene. Please ensure there is always one audio listener in the scene
There are no audio listeners in the scene. Please ensure there is always one audio listener in the scene
There are no audio listeners in the scene. Please ensure there is always one audio listener in the scene
There are no audio listeners in the scene. Please ensure there is always one audio listener in the scene
There are no audio listeners in the scene. Please ensure there is always one audio listener in the scene
There are no audio listeners in the scene. Please ensure there is always one audio listener in the scene
There are no audio listeners in the scene. Please ensure there is always one audio listener in the scene
There are no audio listeners in the scene. Please ensure there is always one audio listener in the scene
There are no audio listeners in the scene. Please ensure there is always one audio listener in the scene
There are no audio listeners in the scene. Please ensure there is always one audio listener in the scene
There are no audio listeners in the scene. Please ensure there is always one audio listener in the scene
There are no audio listeners in the scene. Please ensure there is always one audio listener in the scene
There are no audio listeners in the scene. Please ensure there is always one audio listener in the scene
There are no audio listeners in the scene. Please ensure there is always one audio listener in the scene
There are no audio listeners in the scene. Please ensure there is always one audio listener in the scene
There are no audio listeners in the scene. Please ensure there is always one audio listener in the scene
There are no audio listeners in the scene. Please ensure there is always one audio listener in the scene
There are no audio listeners in the scene. Please ensure there is always one audio listener in the scene
There are no audio listeners in the scene. Please ensure there is always one audio listener in the scene
There are no audio listeners in the scene. Please ensure there is always one audio listener in the scene
There are no audio listeners in the scene. Please ensure there is always one audio listener in the scene
There are no audio listeners in the scene. Please ensure there is always one audio listener in the scene
There are no audio listeners in the scene. Please ensure there is always one audio listener in the scene
There are no audio listeners in the scene. Please ensure there is always one audio listener in the scene
There are no audio listeners in the scene. Please ensure there is always one audio listener in the scene
There are no audio listeners in the scene. Please ensure there is always one audio listener in the scene
There are no audio listeners in the scene. Please ensure there is always one audio listener in the scene
There are no audio listeners in the scene. Please ensure there is always one audio listener in the scene
There are no audio listeners in the scene. Please ensure there is always one audio listener in the scene
There are no audio listeners in the scene. Please ensure there is always one audio listener in the scene
There are no audio listeners in the scene. Please ensure there is always one audio listener in the scene
There are no audio listeners in the scene. Please ensure there is always one audio listener in the scene
There are no audio listeners in the scene. Please ensure there is always one audio listener in the scene
There are no audio listeners in the scene. Please ensure there is always one audio listener in the scene
There are no audio listeners in the scene. Please ensure there is always one audio listener in the scene
There are no audio listeners in the scene. Please ensure there is always one audio listener in the scene
There are no audio listeners in the scene. Please ensure there is always one audio listener in the scene
There are no audio listeners in the scene. Please ensure there is always one audio listener in the scene
There are no audio listeners in the scene. Please ensure there is always one audio listener in the scene
There are no audio listeners in the scene. Please ensure there is always one audio listener in the scene
There are no audio listeners in the scene. Please ensure there is always one audio listener in the scene
There are no audio listeners in the scene. Please ensure there is always one audio listener in the scene
There are no audio listeners in the scene. Please ensure there is always one audio listener in the scene
There are no audio listeners in the scene. Please ensure there is always one audio listener in the scene
There are no audio listeners in the scene. Please ensure there is always one audio listener in the scene
There are no audio listeners in the scene. Please ensure there is always one audio listener in the scene
There are no audio listeners in the scene. Please ensure there is always one audio listener in the scene
There are no audio listeners in the scene. Please ensure there is always one audio listener in the scene
There are no audio listeners in the scene. Please ensure there is always one audio listener in the scene
There are no audio listeners in the scene. Please ensure there is always one audio listener in the scene
There are no audio listeners in the scene. Please ensure there is always one audio listener in the scene
There are no audio listeners in the scene. Please ensure there is always one audio listener in the scene
There are no audio listeners in the scene. Please ensure there is always one audio listener in the scene
There are no audio listeners in the scene. Please ensure there is always one audio listener in the scene
There are no audio listeners in the scene. Please ensure there is always one audio listener in the scene
There are no audio listeners in the scene. Please ensure there is always one audio listener in the scene
There are no audio listeners in the scene. Please ensure there is always one audio listener in the scene
There are no audio listeners in the scene. Please ensure there is always one audio listener in the scene
There are no audio listeners in the scene. Please ensure there is always one audio listener in the scene
There are no audio listeners in the scene. Please ensure there is always one audio listener in the scene
There are no audio listeners in the scene. Please ensure there is always one audio listener in the scene
There are no audio listeners in the scene. Please ensure there is always one audio listener in the scene
There are no audio listeners in the scene. Please ensure there is always one audio listener in the scene
There are no audio listeners in the scene. Please ensure there is always one audio listener in the scene
There are no audio listeners in the scene. Please ensure there is always one audio listener in the scene
There are no audio listeners in the scene. Please ensure there is always one audio listener in the scene
There are no audio listeners in the scene. Please ensure there is always one audio listener in the scene
There are no audio listeners in the scene. Please ensure there is always one audio listener in the scene
There are no audio listeners in the scene. Please ensure there is always one audio listener in the scene
There are no audio listeners in the scene. Please ensure there is always one audio listener in the scene
There are no audio listeners in the scene. Please ensure there is always one audio listener in the scene
There are no audio listeners in the scene. Please ensure there is always one audio listener in the scene
There are no audio listeners in the scene. Please ensure there is always one audio listener in the scene
There are no audio listeners in the scene. Please ensure there is always one audio listener in the scene
There are no audio listeners in the scene. Please ensure there is always one audio listener in the scene
There are no audio listeners in the scene. Please ensure there is always one audio listener in the scene
There are no audio listeners in the scene. Please ensure there is always one audio listener in the scene
There are no audio listeners in the scene. Please ensure there is always one audio listener in the scene
There are no audio listeners in the scene. Please ensure there is always one audio listener in the scene
There are no audio listeners in the scene. Please ensure there is always one audio listener in the scene
There are no audio listeners in the scene. Please ensure there is always one audio listener in the scene
There are no audio listeners in the scene. Please ensure there is always one audio listener in the scene
There are no audio listeners in the scene. Please ensure there is always one audio listener in the scene
There are no audio listeners in the scene. Please ensure there is always one audio listener in the scene
There are no audio listeners in the scene. Please ensure there is always one audio listener in the scene
There are no audio listeners in the scene. Please ensure there is always one audio listener in the scene
There are no audio listeners in the scene. Please ensure there is always one audio listener in the scene
There are no audio listeners in the scene. Please ensure there is always one audio listener in the scene
There are no audio listeners in the scene. Please ensure there is always one audio listener in the scene
There are no audio listeners in the scene. Please ensure there is always one audio listener in the scene
There are no audio listeners in the scene. Please ensure there is always one audio listener in the scene
There are no audio listeners in the scene. Please ensure there is always one audio listener in the scene
There are no audio listeners in the scene. Please ensure there is always one audio listener in the scene
There are no audio listeners in the scene. Please ensure there is always one audio listener in the scene
There are no audio listeners in the scene. Please ensure there is always one audio listener in the scene
There are no audio listeners in the scene. Please ensure there is always one audio listener in the scene
There are no audio listeners in the scene. Please ensure there is always one audio listener in the scene
There are no audio listeners in the scene. Please ensure there is always one audio listener in the scene
There are no audio listeners in the scene. Please ensure there is always one audio listener in the scene
There are no audio listeners in the scene. Please ensure there is always one audio listener in the scene
There are no audio listeners in the scene. Please ensure there is always one audio listener in the scene
There are no audio listeners in the scene. Please ensure there is always one audio listener in the scene
There are no audio listeners in the scene. Please ensure there is always one audio listener in the scene
There are no audio listeners in the scene. Please ensure there is always one audio listener in the scene
There are no audio listeners in the scene. Please ensure there is always one audio listener in the scene
There are no audio listeners in the scene. Please ensure there is always one audio listener in the scene
There are no audio listeners in the scene. Please ensure there is always one audio listener in the scene
There are no audio listeners in the scene. Please ensure there is always one audio listener in the scene
There are no audio listeners in the scene. Please ensure there is always one audio listener in the scene
There are no audio listeners in the scene. Please ensure there is always one audio listener in the scene
There are no audio listeners in the scene. Please ensure there is always one audio listener in the scene
There are no audio listeners in the scene. Please ensure there is always one audio listener in the scene
There are no audio listeners in the scene. Please ensure there is always one audio listener in the scene
There are no audio listeners in the scene. Please ensure there is always one audio listener in the scene
There are no audio listeners in the scene. Please ensure there is always one audio listener in the scene
There are no audio listeners in the scene. Please ensure there is always one audio listener in the scene
There are no audio listeners in the scene. Please ensure there is always one audio listener in the scene
There are no audio listeners in the scene. Please ensure there is always one audio listener in the scene
There are no audio listeners in the scene. Please ensure there is always one audio listener in the scene
There are no audio listeners in the scene. Please ensure there is always one audio listener in the scene
There are no audio listeners in the scene. Please ensure there is always one audio listener in the scene
There are no audio listeners in the scene. Please ensure there is always one audio listener in the scene
There are no audio listeners in the scene. Please ensure there is always one audio listener in the scene
There are no audio listeners in the scene. Please ensure there is always one audio listener in the scene
There are no audio listeners in the scene. Please ensure there is always one audio listener in the scene
There are no audio listeners in the scene. Please ensure there is always one audio listener in the scene
There are no audio listeners in the scene. Please ensure there is always one audio listener in the scene
There are no audio listeners in the scene. Please ensure there is always one audio listener in the scene
There are no audio listeners in the scene. Please ensure there is always one audio listener in the scene
There are no audio listeners in the scene. Please ensure there is always one audio listener in the scene
There are no audio listeners in the scene. Please ensure there is always one audio listener in the scene
There are no audio listeners in the scene. Please ensure there is always one audio listener in the scene
There are no audio listeners in the scene. Please ensure there is always one audio listener in the scene
There are no audio listeners in the scene. Please ensure there is always one audio listener in the scene
There are no audio listeners in the scene. Please ensure there is always one audio listener in the scene
There are no audio listeners in the scene. Please ensure there is always one audio listener in the scene
There are no audio listeners in the scene. Please ensure there is always one audio listener in the scene
There are no audio listeners in the scene. Please ensure there is always one audio listener in the scene
There are no audio listeners in the scene. Please ensure there is always one audio listener in the scene
There are no audio listeners in the scene. Please ensure there is always one audio listener in the scene
There are no audio listeners in the scene. Please ensure there is always one audio listener in the scene
There are no audio listeners in the scene. Please ensure there is always one audio listener in the scene
There are no audio listeners in the scene. Please ensure there is always one audio listener in the scene
There are no audio listeners in the scene. Please ensure there is always one audio listener in the scene
There are no audio listeners in the scene. Please ensure there is always one audio listener in the scene
There are no audio listeners in the scene. Please ensure there is always one audio listener in the scene
There are no audio listeners in the scene. Please ensure there is always one audio listener in the scene
There are no audio listeners in the scene. Please ensure there is always one audio listener in the scene
There are no audio listeners in the scene. Please ensure there is always one audio listener in the scene
There are no audio listeners in the scene. Please ensure there is always one audio listener in the scene
There are no audio listeners in the scene. Please ensure there is always one audio listener in the scene
There are no audio listeners in the scene. Please ensure there is always one audio listener in the scene
There are no audio listeners in the scene. Please ensure there is always one audio listener in the scene
There are no audio listeners in the scene. Please ensure there is always one audio listener in the scene
There are no audio listeners in the scene. Please ensure there is always one audio listener in the scene
There are no audio listeners in the scene. Please ensure there is always one audio listener in the scene
There are no audio listeners in the scene. Please ensure there is always one audio listener in the scene
There are no audio listeners in the scene. Please ensure there is always one audio listener in the scene
There are no audio listeners in the scene. Please ensure there is always one audio listener in the scene
There are no audio listeners in the scene. Please ensure there is always one audio listener in the scene
There are no audio listeners in the scene. Please ensure there is always one audio listener in the scene
There are no audio listeners in the scene. Please ensure there is always one audio listener in the scene
There are no audio listeners in the scene. Please ensure there is always one audio listener in the scene
There are no audio listeners in the scene. Please ensure there is always one audio listener in the scene
There are no audio listeners in the scene. Please ensure there is always one audio listener in the scene
There are no audio listeners in the scene. Please ensure there is always one audio listener in the scene
There are no audio listeners in the scene. Please ensure there is always one audio listener in the scene
There are no audio listeners in the scene. Please ensure there is always one audio listener in the scene
There are no audio listeners in the scene. Please ensure there is always one audio listener in the scene
There are no audio listeners in the scene. Please ensure there is always one audio listener in the scene
There are no audio listeners in the scene. Please ensure there is always one audio listener in the scene
There are no audio listeners in the scene. Please ensure there is always one audio listener in the scene
There are no audio listeners in the scene. Please ensure there is always one audio listener in the scene
There are no audio listeners in the scene. Please ensure there is always one audio listener in the scene
There are no audio listeners in the scene. Please ensure there is always one audio listener in the scene
There are no audio listeners in the scene. Please ensure there is always one audio listener in the scene
There are no audio listeners in the scene. Please ensure there is always one audio listener in the scene
There are no audio listeners in the scene. Please ensure there is always one audio listener in the scene
There are no audio listeners in the scene. Please ensure there is always one audio listener in the scene
There are no audio listeners in the scene. Please ensure there is always one audio listener in the scene
There are no audio listeners in the scene. Please ensure there is always one audio listener in the scene
There are no audio listeners in the scene. Please ensure there is always one audio listener in the scene
There are no audio listeners in the scene. Please ensure there is always one audio listener in the scene
There are no audio listeners in the scene. Please ensure there is always one audio listener in the scene
There are no audio listeners in the scene. Please ensure there is always one audio listener in the scene
There are no audio listeners in the scene. Please ensure there is always one audio listener in the scene
There are no audio listeners in the scene. Please ensure there is always one audio listener in the scene
There are no audio listeners in the scene. Please ensure there is always one audio listener in the scene
There are no audio listeners in the scene. Please ensure there is always one audio listener in the scene
There are no audio listeners in the scene. Please ensure there is always one audio listener in the scene
There are no audio listeners in the scene. Please ensure there is always one audio listener in the scene
There are no audio listeners in the scene. Please ensure there is always one audio listener in the scene
There are no audio listeners in the scene. Please ensure there is always one audio listener in the scene
There are no audio listeners in the scene. Please ensure there is always one audio listener in the scene
There are no audio listeners in the scene. Please ensure there is always one audio listener in the scene
There are no audio listeners in the scene. Please ensure there is always one audio listener in the scene
There are no audio listeners in the scene. Please ensure there is always one audio listener in the scene
There are no audio listeners in the scene. Please ensure there is always one audio listener in the scene
There are no audio listeners in the scene. Please ensure there is always one audio listener in the scene
There are no audio listeners in the scene. Please ensure there is always one audio listener in the scene
There are no audio listeners in the scene. Please ensure there is always one audio listener in the scene
There are no audio listeners in the scene. Please ensure there is always one audio listener in the scene
There are no audio listeners in the scene. Please ensure there is always one audio listener in the scene
There are no audio listeners in the scene. Please ensure there is always one audio listener in the scene
There are no audio listeners in the scene. Please ensure there is always one audio listener in the scene
There are no audio listeners in the scene. Please ensure there is always one audio listener in the scene
There are no audio listeners in the scene. Please ensure there is always one audio listener in the scene
There are no audio listeners in the scene. Please ensure there is always one audio listener in the scene
There are no audio listeners in the scene. Please ensure there is always one audio listener in the scene
There are no audio listeners in the scene. Please ensure there is always one audio listener in the scene
There are no audio listeners in the scene. Please ensure there is always one audio listener in the scene
There are no audio listeners in the scene. Please ensure there is always one audio listener in the scene
There are no audio listeners in the scene. Please ensure there is always one audio listener in the scene
There are no audio listeners in the scene. Please ensure there is always one audio listener in the scene
There are no audio listeners in the scene. Please ensure there is always one audio listener in the scene
There are no audio listeners in the scene. Please ensure there is always one audio listener in the scene
There are no audio listeners in the scene. Please ensure there is always one audio listener in the scene
There are no audio listeners in the scene. Please ensure there is always one audio listener in the scene
There are no audio listeners in the scene. Please ensure there is always one audio listener in the scene
There are no audio listeners in the scene. Please ensure there is always one audio listener in the scene
There are no audio listeners in the scene. Please ensure there is always one audio listener in the scene
There are no audio listeners in the scene. Please ensure there is always one audio listener in the scene
There are no audio listeners in the scene. Please ensure there is always one audio listener in the scene
There are no audio listeners in the scene. Please ensure there is always one audio listener in the scene
There are no audio listeners in the scene. Please ensure there is always one audio listener in the scene
There are no audio listeners in the scene. Please ensure there is always one audio listener in the scene
There are no audio listeners in the scene. Please ensure there is always one audio listener in the scene
There are no audio listeners in the scene. Please ensure there is always one audio listener in the scene
There are no audio listeners in the scene. Please ensure there is always one audio listener in the scene
There are no audio listeners in the scene. Please ensure there is always one audio listener in the scene
There are no audio listeners in the scene. Please ensure there is always one audio listener in the scene
There are no audio listeners in the scene. Please ensure there is always one audio listener in the scene
There are no audio listeners in the scene. Please ensure there is always one audio listener in the scene
There are no audio listeners in the scene. Please ensure there is always one audio listener in the scene
There are no audio listeners in the scene. Please ensure there is always one audio listener in the scene
There are no audio listeners in the scene. Please ensure there is always one audio listener in the scene
There are no audio listeners in the scene. Please ensure there is always one audio listener in the scene
There are no audio listeners in the scene. Please ensure there is always one audio listener in the scene
There are no audio listeners in the scene. Please ensure there is always one audio listener in the scene
There are no audio listeners in the scene. Please ensure there is always one audio listener in the scene
There are no audio listeners in the scene. Please ensure there is always one audio listener in the scene
There are no audio listeners in the scene. Please ensure there is always one audio listener in the scene
There are no audio listeners in the scene. Please ensure there is always one audio listener in the scene
There are no audio listeners in the scene. Please ensure there is always one audio listener in the scene
There are no audio listeners in the scene. Please ensure there is always one audio listener in the scene
There are no audio listeners in the scene. Please ensure there is always one audio listener in the scene
There are no audio listeners in the scene. Please ensure there is always one audio listener in the scene
There are no audio listeners in the scene. Please ensure there is always one audio listener in the scene
There are no audio listeners in the scene. Please ensure there is always one audio listener in the scene
There are no audio listeners in the scene. Please ensure there is always one audio listener in the scene
There are no audio listeners in the scene. Please ensure there is always one audio listener in the scene
There are no audio listeners in the scene. Please ensure there is always one audio listener in the scene
There are no audio listeners in the scene. Please ensure there is always one audio listener in the scene
There are no audio listeners in the scene. Please ensure there is always one audio listener in the scene
There are no audio listeners in the scene. Please ensure there is always one audio listener in the scene
There are no audio listeners in the scene. Please ensure there is always one audio listener in the scene
There are no audio listeners in the scene. Please ensure there is always one audio listener in the scene
There are no audio listeners in the scene. Please ensure there is always one audio listener in the scene
There are no audio listeners in the scene. Please ensure there is always one audio listener in the scene
There are no audio listeners in the scene. Please ensure there is always one audio listener in the scene
There are no audio listeners in the scene. Please ensure there is always one audio listener in the scene
There are no audio listeners in the scene. Please ensure there is always one audio listener in the scene
There are no audio listeners in the scene. Please ensure there is always one audio listener in the scene
There are no audio listeners in the scene. Please ensure there is always one audio listener in the scene
There are no audio listeners in the scene. Please ensure there is always one audio listener in the scene
There are no audio listeners in the scene. Please ensure there is always one audio listener in the scene
There are no audio listeners in the scene. Please ensure there is always one audio listener in the scene
There are no audio listeners in the scene. Please ensure there is always one audio listener in the scene
There are no audio listeners in the scene. Please ensure there is always one audio listener in the scene
There are no audio listeners in the scene. Please ensure there is always one audio listener in the scene
There are no audio listeners in the scene. Please ensure there is always one audio listener in the scene
There are no audio listeners in the scene. Please ensure there is always one audio listener in the scene
There are no audio listeners in the scene. Please ensure there is always one audio listener in the scene
There are no audio listeners in the scene. Please ensure there is always one audio listener in the scene
There are no audio listeners in the scene. Please ensure there is always one audio listener in the scene
There are no audio listeners in the scene. Please ensure there is always one audio listener in the scene
There are no audio listeners in the scene. Please ensure there is always one audio listener in the scene
There are no audio listeners in the scene. Please ensure there is always one audio listener in the scene
There are no audio listeners in the scene. Please ensure there is always one audio listener in the scene
There are no audio listeners in the scene. Please ensure there is always one audio listener in the scene
There are no audio listeners in the scene. Please ensure there is always one audio listener in the scene
There are no audio listeners in the scene. Please ensure there is always one audio listener in the scene
There are no audio listeners in the scene. Please ensure there is always one audio listener in the scene
There are no audio listeners in the scene. Please ensure there is always one audio listener in the scene
There are no audio listeners in the scene. Please ensure there is always one audio listener in the scene
There are no audio listeners in the scene. Please ensure there is always one audio listener in the scene
There are no audio listeners in the scene. Please ensure there is always one audio listener in the scene
There are no audio listeners in the scene. Please ensure there is always one audio listener in the scene
There are no audio listeners in the scene. Please ensure there is always one audio listener in the scene
There are no audio listeners in the scene. Please ensure there is always one audio listener in the scene
There are no audio listeners in the scene. Please ensure there is always one audio listener in the scene
There are no audio listeners in the scene. Please ensure there is always one audio listener in the scene
There are no audio listeners in the scene. Please ensure there is always one audio listener in the scene
There are no audio listeners in the scene. Please ensure there is always one audio listener in the scene
There are no audio listeners in the scene. Please ensure there is always one audio listener in the scene
There are no audio listeners in the scene. Please ensure there is always one audio listener in the scene
There are no audio listeners in the scene. Please ensure there is always one audio listener in the scene
There are no audio listeners in the scene. Please ensure there is always one audio listener in the scene
There are no audio listeners in the scene. Please ensure there is always one audio listener in the scene
There are no audio listeners in the scene. Please ensure there is always one audio listener in the scene
There are no audio listeners in the scene. Please ensure there is always one audio listener in the scene
There are no audio listeners in the scene. Please ensure there is always one audio listener in the scene
There are no audio listeners in the scene. Please ensure there is always one audio listener in the scene
There are no audio listeners in the scene. Please ensure there is always one audio listener in the scene
There are no audio listeners in the scene. Please ensure there is always one audio listener in the scene
There are no audio listeners in the scene. Please ensure there is always one audio listener in the scene
There are no audio listeners in the scene. Please ensure there is always one audio listener in the scene
There are no audio listeners in the scene. Please ensure there is always one audio listener in the scene
There are no audio listeners in the scene. Please ensure there is always one audio listener in the scene
There are no audio listeners in the scene. Please ensure there is always one audio listener in the scene
There are no audio listeners in the scene. Please ensure there is always one audio listener in the scene
There are no audio listeners in the scene. Please ensure there is always one audio listener in the scene
There are no audio listeners in the scene. Please ensure there is always one audio listener in the scene
There are no audio listeners in the scene. Please ensure there is always one audio listener in the scene
There are no audio listeners in the scene. Please ensure there is always one audio listener in the scene
There are no audio listeners in the scene. Please ensure there is always one audio listener in the scene
There are no audio listeners in the scene. Please ensure there is always one audio listener in the scene
There are no audio listeners in the scene. Please ensure there is always one audio listener in the scene
There are no audio listeners in the scene. Please ensure there is always one audio listener in the scene
There are no audio listeners in the scene. Please ensure there is always one audio listener in the scene
There are no audio listeners in the scene. Please ensure there is always one audio listener in the scene
There are no audio listeners in the scene. Please ensure there is always one audio listener in the scene
There are no audio listeners in the scene. Please ensure there is always one audio listener in the scene
There are no audio listeners in the scene. Please ensure there is always one audio listener in the scene
There are no audio listeners in the scene. Please ensure there is always one audio listener in the scene
There are no audio listeners in the scene. Please ensure there is always one audio listener in the scene
There are no audio listeners in the scene. Please ensure there is always one audio listener in the scene
There are no audio listeners in the scene. Please ensure there is always one audio listener in the scene
There are no audio listeners in the scene. Please ensure there is always one audio listener in the scene
There are no audio listeners in the scene. Please ensure there is always one audio listener in the scene
There are no audio listeners in the scene. Please ensure there is always one audio listener in the scene
There are no audio listeners in the scene. Please ensure there is always one audio listener in the scene
There are no audio listeners in the scene. Please ensure there is always one audio listener in the scene
There are no audio listeners in the scene. Please ensure there is always one audio listener in the scene
There are no audio listeners in the scene. Please ensure there is always one audio listener in the scene
There are no audio listeners in the scene. Please ensure there is always one audio listener in the scene
There are no audio listeners in the scene. Please ensure there is always one audio listener in the scene
There are no audio listeners in the scene. Please ensure there is always one audio listener in the scene
There are no audio listeners in the scene. Please ensure there is always one audio listener in the scene
There are no audio listeners in the scene. Please ensure there is always one audio listener in the scene
There are no audio listeners in the scene. Please ensure there is always one audio listener in the scene
There are no audio listeners in the scene. Please ensure there is always one audio listener in the scene
There are no audio listeners in the scene. Please ensure there is always one audio listener in the scene
There are no audio listeners in the scene. Please ensure there is always one audio listener in the scene
There are no audio listeners in the scene. Please ensure there is always one audio listener in the scene
There are no audio listeners in the scene. Please ensure there is always one audio listener in the scene
There are no audio listeners in the scene. Please ensure there is always one audio listener in the scene
There are no audio listeners in the scene. Please ensure there is always one audio listener in the scene
There are no audio listeners in the scene. Please ensure there is always one audio listener in the scene
There are no audio listeners in the scene. Please ensure there is always one audio listener in the scene
There are no audio listeners in the scene. Please ensure there is always one audio listener in the scene
There are no audio listeners in the scene. Please ensure there is always one audio listener in the scene
There are no audio listeners in the scene. Please ensure there is always one audio listener in the scene
There are no audio listeners in the scene. Please ensure there is always one audio listener in the scene
There are no audio listeners in the scene. Please ensure there is always one audio listener in the scene
There are no audio listeners in the scene. Please ensure there is always one audio listener in the scene
There are no audio listeners in the scene. Please ensure there is always one audio listener in the scene
There are no audio listeners in the scene. Please ensure there is always one audio listener in the scene
There are no audio listeners in the scene. Please ensure there is always one audio listener in the scene
There are no audio listeners in the scene. Please ensure there is always one audio listener in the scene
There are no audio listeners in the scene. Please ensure there is always one audio listener in the scene
There are no audio listeners in the scene. Please ensure there is always one audio listener in the scene
There are no audio listeners in the scene. Please ensure there is always one audio listener in the scene
There are no audio listeners in the scene. Please ensure there is always one audio listener in the scene
There are no audio listeners in the scene. Please ensure there is always one audio listener in the scene
There are no audio listeners in the scene. Please ensure there is always one audio listener in the scene
There are no audio listeners in the scene. Please ensure there is always one audio listener in the scene
There are no audio listeners in the scene. Please ensure there is always one audio listener in the scene
There are no audio listeners in the scene. Please ensure there is always one audio listener in the scene
There are no audio listeners in the scene. Please ensure there is always one audio listener in the scene
There are no audio listeners in the scene. Please ensure there is always one audio listener in the scene
There are no audio listeners in the scene. Please ensure there is always one audio listener in the scene
There are no audio listeners in the scene. Please ensure there is always one audio listener in the scene
There are no audio listeners in the scene. Please ensure there is always one audio listener in the scene
There are no audio listeners in the scene. Please ensure there is always one audio listener in the scene
There are no audio listeners in the scene. Please ensure there is always one audio listener in the scene
There are no audio listeners in the scene. Please ensure there is always one audio listener in the scene
There are no audio listeners in the scene. Please ensure there is always one audio listener in the scene
There are no audio listeners in the scene. Please ensure there is always one audio listener in the scene
There are no audio listeners in the scene. Please ensure there is always one audio listener in the scene
There are no audio listeners in the scene. Please ensure there is always one audio listener in the scene
There are no audio listeners in the scene. Please ensure there is always one audio listener in the scene
There are no audio listeners in the scene. Please ensure there is always one audio listener in the scene
There are no audio listeners in the scene. Please ensure there is always one audio listener in the scene
There are no audio listeners in the scene. Please ensure there is always one audio listener in the scene
There are no audio listeners in the scene. Please ensure there is always one audio listener in the scene
There are no audio listeners in the scene. Please ensure there is always one audio listener in the scene
There are no audio listeners in the scene. Please ensure there is always one audio listener in the scene
There are no audio listeners in the scene. Please ensure there is always one audio listener in the scene
There are no audio listeners in the scene. Please ensure there is always one audio listener in the scene
There are no audio listeners in the scene. Please ensure there is always one audio listener in the scene
There are no audio listeners in the scene. Please ensure there is always one audio listener in the scene
There are no audio listeners in the scene. Please ensure there is always one audio listener in the scene
There are no audio listeners in the scene. Please ensure there is always one audio listener in the scene
There are no audio listeners in the scene. Please ensure there is always one audio listener in the scene
There are no audio listeners in the scene. Please ensure there is always one audio listener in the scene
There are no audio listeners in the scene. Please ensure there is always one audio listener in the scene
There are no audio listeners in the scene. Please ensure there is always one audio listener in the scene
There are no audio listeners in the scene. Please ensure there is always one audio listener in the scene
There are no audio listeners in the scene. Please ensure there is always one audio listener in the scene
There are no audio listeners in the scene. Please ensure there is always one audio listener in the scene
There are no audio listeners in the scene. Please ensure there is always one audio listener in the scene
There are no audio listeners in the scene. Please ensure there is always one audio listener in the scene
There are no audio listeners in the scene. Please ensure there is always one audio listener in the scene
There are no audio listeners in the scene. Please ensure there is always one audio listener in the scene
There are no audio listeners in the scene. Please ensure there is always one audio listener in the scene
There are no audio listeners in the scene. Please ensure there is always one audio listener in the scene
There are no audio listeners in the scene. Please ensure there is always one audio listener in the scene
There are no audio listeners in the scene. Please ensure there is always one audio listener in the scene
There are no audio listeners in the scene. Please ensure there is always one audio listener in the scene
There are no audio listeners in the scene. Please ensure there is always one audio listener in the scene
There are no audio listeners in the scene. Please ensure there is always one audio listener in the scene
There are no audio listeners in the scene. Please ensure there is always one audio listener in the scene
There are no audio listeners in the scene. Please ensure there is always one audio listener in the scene
There are no audio listeners in the scene. Please ensure there is always one audio listener in the scene
There are no audio listeners in the scene. Please ensure there is always one audio listener in the scene
There are no audio listeners in the scene. Please ensure there is always one audio listener in the scene
There are no audio listeners in the scene. Please ensure there is always one audio listener in the scene
There are no audio listeners in the scene. Please ensure there is always one audio listener in the scene
There are no audio listeners in the scene. Please ensure there is always one audio listener in the scene
There are no audio listeners in the scene. Please ensure there is always one audio listener in the scene
There are no audio listeners in the scene. Please ensure there is always one audio listener in the scene
There are no audio listeners in the scene. Please ensure there is always one audio listener in the scene
There are no audio listeners in the scene. Please ensure there is always one audio listener in the scene
There are no audio listeners in the scene. Please ensure there is always one audio listener in the scene
There are no audio listeners in the scene. Please ensure there is always one audio listener in the scene
There are no audio listeners in the scene. Please ensure there is always one audio listener in the scene
There are no audio listeners in the scene. Please ensure there is always one audio listener in the scene
There are no audio listeners in the scene. Please ensure there is always one audio listener in the scene
There are no audio listeners in the scene. Please ensure there is always one audio listener in the scene
There are no audio listeners in the scene. Please ensure there is always one audio listener in the scene
There are no audio listeners in the scene. Please ensure there is always one audio listener in the scene
There are no audio listeners in the scene. Please ensure there is always one audio listener in the scene
There are no audio listeners in the scene. Please ensure there is always one audio listener in the scene
There are no audio listeners in the scene. Please ensure there is always one audio listener in the scene
There are no audio listeners in the scene. Please ensure there is always one audio listener in the scene
There are no audio listeners in the scene. Please ensure there is always one audio listener in the scene
There are no audio listeners in the scene. Please ensure there is always one audio listener in the scene
There are no audio listeners in the scene. Please ensure there is always one audio listener in the scene
There are no audio listeners in the scene. Please ensure there is always one audio listener in the scene
There are no audio listeners in the scene. Please ensure there is always one audio listener in the scene
There are no audio listeners in the scene. Please ensure there is always one audio listener in the scene
There are no audio listeners in the scene. Please ensure there is always one audio listener in the scene
There are no audio listeners in the scene. Please ensure there is always one audio listener in the scene
There are no audio listeners in the scene. Please ensure there is always one audio listener in the scene
There are no audio listeners in the scene. Please ensure there is always one audio listener in the scene
There are no audio listeners in the scene. Please ensure there is always one audio listener in the scene
There are no audio listeners in the scene. Please ensure there is always one audio listener in the scene
There are no audio listeners in the scene. Please ensure there is always one audio listener in the scene
There are no audio listeners in the scene. Please ensure there is always one audio listener in the scene
There are no audio listeners in the scene. Please ensure there is always one audio listener in the scene
There are no audio listeners in the scene. Please ensure there is always one audio listener in the scene
There are no audio listeners in the scene. Please ensure there is always one audio listener in the scene
There are no audio listeners in the scene. Please ensure there is always one audio listener in the scene
There are no audio listeners in the scene. Please ensure there is always one audio listener in the scene
There are no audio listeners in the scene. Please ensure there is always one audio listener in the scene
There are no audio listeners in the scene. Please ensure there is always one audio listener in the scene
There are no audio listeners in the scene. Please ensure there is always one audio listener in the scene
There are no audio listeners in the scene. Please ensure there is always one audio listener in the scene
There are no audio listeners in the scene. Please ensure there is always one audio listener in the scene
There are no audio listeners in the scene. Please ensure there is always one audio listener in the scene
There are no audio listeners in the scene. Please ensure there is always one audio listener in the scene
There are no audio listeners in the scene. Please ensure there is always one audio listener in the scene
There are no audio listeners in the scene. Please ensure there is always one audio listener in the scene
There are no audio listeners in the scene. Please ensure there is always one audio listener in the scene
There are no audio listeners in the scene. Please ensure there is always one audio listener in the scene
There are no audio listeners in the scene. Please ensure there is always one audio listener in the scene
There are no audio listeners in the scene. Please ensure there is always one audio listener in the scene
There are no audio listeners in the scene. Please ensure there is always one audio listener in the scene
There are no audio listeners in the scene. Please ensure there is always one audio listener in the scene
There are no audio listeners in the scene. Please ensure there is always one audio listener in the scene
There are no audio listeners in the scene. Please ensure there is always one audio listener in the scene
There are no audio listeners in the scene. Please ensure there is always one audio listener in the scene
There are no audio listeners in the scene. Please ensure there is always one audio listener in the scene
There are no audio listeners in the scene. Please ensure there is always one audio listener in the scene
There are no audio listeners in the scene. Please ensure there is always one audio listener in the scene
There are no audio listeners in the scene. Please ensure there is always one audio listener in the scene
There are no audio listeners in the scene. Please ensure there is always one audio listener in the scene
There are no audio listeners in the scene. Please ensure there is always one audio listener in the scene
There are no audio listeners in the scene. Please ensure there is always one audio listener in the scene
There are no audio listeners in the scene. Please ensure there is always one audio listener in the scene
There are no audio listeners in the scene. Please ensure there is always one audio listener in the scene
There are no audio listeners in the scene. Please ensure there is always one audio listener in the scene
There are no audio listeners in the scene. Please ensure there is always one audio listener in the scene
There are no audio listeners in the scene. Please ensure there is always one audio listener in the scene
There are no audio listeners in the scene. Please ensure there is always one audio listener in the scene
There are no audio listeners in the scene. Please ensure there is always one audio listener in the scene
There are no audio listeners in the scene. Please ensure there is always one audio listener in the scene
There are no audio listeners in the scene. Please ensure there is always one audio listener in the scene
There are no audio listeners in the scene. Please ensure there is always one audio listener in the scene
There are no audio listeners in the scene. Please ensure there is always one audio listener in the scene
There are no audio listeners in the scene. Please ensure there is always one audio listener in the scene
There are no audio listeners in the scene. Please ensure there is always one audio listener in the scene
There are no audio listeners in the scene. Please ensure there is always one audio listener in the scene
There are no audio listeners in the scene. Please ensure there is always one audio listener in the scene
There are no audio listeners in the scene. Please ensure there is always one audio listener in the scene
There are no audio listeners in the scene. Please ensure there is always one audio listener in the scene
There are no audio listeners in the scene. Please ensure there is always one audio listener in the scene
There are no audio listeners in the scene. Please ensure there is always one audio listener in the scene
There are no audio listeners in the scene. Please ensure there is always one audio listener in the scene
There are no audio listeners in the scene. Please ensure there is always one audio listener in the scene
There are no audio listeners in the scene. Please ensure there is always one audio listener in the scene
There are no audio listeners in the scene. Please ensure there is always one audio listener in the scene
There are no audio listeners in the scene. Please ensure there is always one audio listener in the scene
There are no audio listeners in the scene. Please ensure there is always one audio listener in the scene
There are no audio listeners in the scene. Please ensure there is always one audio listener in the scene
There are no audio listeners in the scene. Please ensure there is always one audio listener in the scene
There are no audio listeners in the scene. Please ensure there is always one audio listener in the scene
There are no audio listeners in the scene. Please ensure there is always one audio listener in the scene
There are no audio listeners in the scene. Please ensure there is always one audio listener in the scene
There are no audio listeners in the scene. Please ensure there is always one audio listener in the scene
There are no audio listeners in the scene. Please ensure there is always one audio listener in the scene
There are no audio listeners in the scene. Please ensure there is always one audio listener in the scene
There are no audio listeners in the scene. Please ensure there is always one audio listener in the scene
There are no audio listeners in the scene. Please ensure there is always one audio listener in the scene
There are no audio listeners in the scene. Please ensure there is always one audio listener in the scene
There are no audio listeners in the scene. Please ensure there is always one audio listener in the scene
There are no audio listeners in the scene. Please ensure there is always one audio listener in the scene
There are no audio listeners in the scene. Please ensure there is always one audio listener in the scene
There are no audio listeners in the scene. Please ensure there is always one audio listener in the scene
There are no audio listeners in the scene. Please ensure there is always one audio listener in the scene
There are no audio listeners in the scene. Please ensure there is always one audio listener in the scene
There are no audio listeners in the scene. Please ensure there is always one audio listener in the scene
There are no audio listeners in the scene. Please ensure there is always one audio listener in the scene
There are no audio listeners in the scene. Please ensure there is always one audio listener in the scene
There are no audio listeners in the scene. Please ensure there is always one audio listener in the scene
There are no audio listeners in the scene. Please ensure there is always one audio listener in the scene
There are no audio listeners in the scene. Please ensure there is always one audio listener in the scene
There are no audio listeners in the scene. Please ensure there is always one audio listener in the scene
There are no audio listeners in the scene. Please ensure there is always one audio listener in the scene
There are no audio listeners in the scene. Please ensure there is always one audio listener in the scene
There are no audio listeners in the scene. Please ensure there is always one audio listener in the scene
There are no audio listeners in the scene. Please ensure there is always one audio listener in the scene
There are no audio listeners in the scene. Please ensure there is always one audio listener in the scene
There are no audio listeners in the scene. Please ensure there is always one audio listener in the scene
There are no audio listeners in the scene. Please ensure there is always one audio listener in the scene
There are no audio listeners in the scene. Please ensure there is always one audio listener in the scene
There are no audio listeners in the scene. Please ensure there is always one audio listener in the scene
There are no audio listeners in the scene. Please ensure there is always one audio listener in the scene
There are no audio listeners in the scene. Please ensure there is always one audio listener in the scene
There are no audio listeners in the scene. Please ensure there is always one audio listener in the scene
There are no audio listeners in the scene. Please ensure there is always one audio listener in the scene
There are no audio listeners in the scene. Please ensure there is always one audio listener in the scene
There are no audio listeners in the scene. Please ensure there is always one audio listener in the scene
There are no audio listeners in the scene. Please ensure there is always one audio listener in the scene
There are no audio listeners in the scene. Please ensure there is always one audio listener in the scene
There are no audio listeners in the scene. Please ensure there is always one audio listener in the scene
There are no audio listeners in the scene. Please ensure there is always one audio listener in the scene
There are no audio listeners in the scene. Please ensure there is always one audio listener in the scene
There are no audio listeners in the scene. Please ensure there is always one audio listener in the scene
There are no audio listeners in the scene. Please ensure there is always one audio listener in the scene
There are no audio listeners in the scene. Please ensure there is always one audio listener in the scene
There are no audio listeners in the scene. Please ensure there is always one audio listener in the scene
There are no audio listeners in the scene. Please ensure there is always one audio listener in the scene
There are no audio listeners in the scene. Please ensure there is always one audio listener in the scene
There are no audio listeners in the scene. Please ensure there is always one audio listener in the scene
There are no audio listeners in the scene. Please ensure there is always one audio listener in the scene
QA result: Passed Game.Tests.PlayMode.VarginhaStudentAllyTests.AnnaRicochetsAcrossTwoNewTargetsWithoutRepeatingDamage
UnityEngine.Debug:ExtractStackTraceNoAlloc (byte*,int,string)
UnityEngine.StackTraceUtility:ExtractStackTrace ()
UnityEngine.DebugLogHandler:Internal_Log (UnityEngine.LogType,UnityEngine.LogOption,string,UnityEngine.Object)
UnityEngine.DebugLogHandler:LogFormat (UnityEngine.LogType,UnityEngine.Object,string,object[])
UnityEngine.Logger:Log (UnityEngine.LogType,object)
UnityEngine.Debug:Log (object)
Game.Editor.Testing.VarginhaBatchTestProgress:TestFinished (UnityEditor.TestTools.TestRunner.Api.ITestResultAdaptor) (at Assets/Scripts/Editor/Testing/VarginhaBatchTestProgress.cs:26)
UnityEditor.TestTools.TestRunner.Api.CallbacksDelegator/<>c__DisplayClass14_0:<TestFinished>b__0 (UnityEditor.TestTools.TestRunner.Api.ICallbacks) (at ./Library/PackageCache/com.unity.test-framework@7a3849e09bd0/UnityEditor.TestRunner/Api/CallbacksDelegator.cs:95)
UnityEditor.TestTools.TestRunner.Api.CallbacksDelegator:TryInvokeAllCallbacks (System.Action`1<UnityEditor.TestTools.TestRunner.Api.ICallbacks>) (at ./Library/PackageCache/com.unity.test-framework@7a3849e09bd0/UnityEditor.TestRunner/Api/CallbacksDelegator.cs:135)
UnityEditor.TestTools.TestRunner.Api.CallbacksDelegator:TestFinished (NUnit.Framework.Interfaces.ITestResult) (at ./Library/PackageCache/com.unity.test-framework@7a3849e09bd0/UnityEditor.TestRunner/Api/CallbacksDelegator.cs:95)
UnityEngine.Events.InvokableCall`1<NUnit.Framework.Interfaces.ITestResult>:Invoke (NUnit.Framework.Interfaces.ITestResult)
UnityEngine.Events.UnityEvent`1<NUnit.Framework.Interfaces.ITestResult>:Invoke (NUnit.Framework.Interfaces.ITestResult)
UnityEngine.Events.InvokableCall`1<NUnit.Framework.Interfaces.ITestResult>:Invoke (NUnit.Framework.Interfaces.ITestResult)
UnityEngine.Events.UnityEvent`1<NUnit.Framework.Interfaces.ITestResult>:Invoke (NUnit.Framework.Interfaces.ITestResult)
UnityEngine.TestTools.TestRunner.TestListenerWrapper:TestFinished (NUnit.Framework.Interfaces.ITestResult) (at ./Library/PackageCache/com.unity.test-framework@7a3849e09bd0/UnityEngine.TestRunner/TestRunner/TestListenerWrapper.cs:24)
UnityEngine.TestRunner.NUnitExtensions.Runner.UnityWorkItem:WorkItemComplete () (at ./Library/PackageCache/com.unity.test-framework@7a3849e09bd0/UnityEngine.TestRunner/NUnitExtensions/Runner/UnityWorkItem.cs:107)
UnityEngine.TestRunner.NUnitExtensions.Runner.CoroutineTestWorkItem/<PerformWork>d__7:<>m__Finally1 () (at ./Library/PackageCache/com.unity.test-framework@7a3849e09bd0/UnityEngine.TestRunner/NUnitExtensions/Runner/CoroutineTestWorkItem.cs:67)
UnityEngine.TestRunner.NUnitExtensions.Runner.CoroutineTestWorkItem/<PerformWork>d__7:MoveNext () (at ./Library/PackageCache/com.unity.test-framework@7a3849e09bd0/UnityEngine.TestRunner/NUnitExtensions/Runner/CoroutineTestWorkItem.cs:64)
UnityEngine.TestRunner.NUnitExtensions.Runner.CompositeWorkItem/<RunChildren>d__17:MoveNext () (at ./Library/PackageCache/com.unity.test-framework@7a3849e09bd0/UnityEngine.TestRunner/NUnitExtensions/Runner/CompositeWorkItem.cs:209)
UnityEngine.TestRunner.NUnitExtensions.Runner.CompositeWorkItem/<PerformWork>d__13:MoveNext () (at ./Library/PackageCache/com.unity.test-framework@7a3849e09bd0/UnityEngine.TestRunner/NUnitExtensions/Runner/CompositeWorkItem.cs:83)
UnityEngine.TestRunner.NUnitExtensions.Runner.CompositeWorkItem/<RunChildren>d__17:MoveNext () (at ./Library/PackageCache/com.unity.test-framework@7a3849e09bd0/UnityEngine.TestRunner/NUnitExtensions/Runner/CompositeWorkItem.cs:209)
UnityEngine.TestRunner.NUnitExtensions.Runner.CompositeWorkItem/<PerformWork>d__13:MoveNext () (at ./Library/PackageCache/com.unity.test-framework@7a3849e09bd0/UnityEngine.TestRunner/NUnitExtensions/Runner/CompositeWorkItem.cs:83)
UnityEngine.TestRunner.NUnitExtensions.Runner.CompositeWorkItem/<RunChildren>d__17:MoveNext () (at ./Library/PackageCache/com.unity.test-framework@7a3849e09bd0/UnityEngine.TestRunner/NUnitExtensions/Runner/CompositeWorkItem.cs:209)
UnityEngine.TestRunner.NUnitExtensions.Runner.CompositeWorkItem/<PerformWork>d__13:MoveNext () (at ./Library/PackageCache/com.unity.test-framework@7a3849e09bd0/UnityEngine.TestRunner/NUnitExtensions/Runner/CompositeWorkItem.cs:83)
UnityEngine.TestRunner.NUnitExtensions.Runner.CompositeWorkItem/<RunChildren>d__17:MoveNext () (at ./Library/PackageCache/com.unity.test-framework@7a3849e09bd0/UnityEngine.TestRunner/NUnitExtensions/Runner/CompositeWorkItem.cs:209)
UnityEngine.TestRunner.NUnitExtensions.Runner.CompositeWorkItem/<PerformWork>d__13:MoveNext () (at ./Library/PackageCache/com.unity.test-framework@7a3849e09bd0/UnityEngine.TestRunner/NUnitExtensions/Runner/CompositeWorkItem.cs:83)
UnityEngine.TestRunner.NUnitExtensions.Runner.CompositeWorkItem/<RunChildren>d__17:MoveNext () (at ./Library/PackageCache/com.unity.test-framework@7a3849e09bd0/UnityEngine.TestRunner/NUnitExtensions/Runner/CompositeWorkItem.cs:209)
UnityEngine.TestRunner.NUnitExtensions.Runner.CompositeWorkItem/<PerformWork>d__13:MoveNext () (at ./Library/PackageCache/com.unity.test-framework@7a3849e09bd0/UnityEngine.TestRunner/NUnitExtensions/Runner/CompositeWorkItem.cs:83)
UnityEngine.TestRunner.NUnitExtensions.Runner.CompositeWorkItem/<RunChildren>d__17:MoveNext () (at ./Library/PackageCache/com.unity.test-framework@7a3849e09bd0/UnityEngine.TestRunner/NUnitExtensions/Runner/CompositeWorkItem.cs:209)
UnityEngine.TestRunner.NUnitExtensions.Runner.CompositeWorkItem/<PerformWork>d__13:MoveNext () (at ./Library/PackageCache/com.unity.test-framework@7a3849e09bd0/UnityEngine.TestRunner/NUnitExtensions/Runner/CompositeWorkItem.cs:83)
UnityEngine.TestTools.TestRunner.PlaymodeTestsController/<TestRunnerCoroutine>d__25:MoveNext () (at ./Library/PackageCache/com.unity.test-framework@7a3849e09bd0/UnityEngine.TestRunner/TestRunner/PlaymodeTestsController.cs:100)
UnityEngine.SetupCoroutine:InvokeMoveNext (System.Collections.IEnumerator,intptr)

(Filename: Assets/Scripts/Editor/Testing/VarginhaBatchTestProgress.cs Line: 26)

QA test: Game.Tests.PlayMode.VarginhaStudentAllyTests.AreaImpactCannotCrossAWallBetweenTwoVisibleTargets
UnityEngine.Debug:ExtractStackTraceNoAlloc (byte*,int,string)
UnityEngine.StackTraceUtility:ExtractStackTrace ()
UnityEngine.DebugLogHandler:Internal_Log (UnityEngine.LogType,UnityEngine.LogOption,string,UnityEngine.Object)
UnityEngine.DebugLogHandler:LogFormat (UnityEngine.LogType,UnityEngine.Object,string,object[])
UnityEngine.Logger:Log (UnityEngine.LogType,object)
UnityEngine.Debug:Log (object)
Game.Editor.Testing.VarginhaBatchTestProgress:TestStarted (UnityEditor.TestTools.TestRunner.Api.ITestAdaptor) (at Assets/Scripts/Editor/Testing/VarginhaBatchTestProgress.cs:22)
UnityEditor.TestTools.TestRunner.Api.CallbacksDelegator/<>c__DisplayClass12_0:<TestStarted>b__0 (UnityEditor.TestTools.TestRunner.Api.ICallbacks) (at ./Library/PackageCache/com.unity.test-framework@7a3849e09bd0/UnityEditor.TestRunner/Api/CallbacksDelegator.cs:81)
UnityEditor.TestTools.TestRunner.Api.CallbacksDelegator:TryInvokeAllCallbacks (System.Action`1<UnityEditor.TestTools.TestRunner.Api.ICallbacks>) (at ./Library/PackageCache/com.unity.test-framework@7a3849e09bd0/UnityEditor.TestRunner/Api/CallbacksDelegator.cs:135)
UnityEditor.TestTools.TestRunner.Api.CallbacksDelegator:TestStarted (NUnit.Framework.Interfaces.ITest) (at ./Library/PackageCache/com.unity.test-framework@7a3849e09bd0/UnityEditor.TestRunner/Api/CallbacksDelegator.cs:81)
UnityEngine.Events.InvokableCall`1<NUnit.Framework.Interfaces.ITest>:Invoke (NUnit.Framework.Interfaces.ITest)
UnityEngine.Events.UnityEvent`1<NUnit.Framework.Interfaces.ITest>:Invoke (NUnit.Framework.Interfaces.ITest)
UnityEngine.Events.InvokableCall`1<NUnit.Framework.Interfaces.ITest>:Invoke (NUnit.Framework.Interfaces.ITest)
UnityEngine.Events.UnityEvent`1<NUnit.Framework.Interfaces.ITest>:Invoke (NUnit.Framework.Interfaces.ITest)
UnityEngine.TestTools.TestRunner.TestListenerWrapper:TestStarted (NUnit.Framework.Interfaces.ITest) (at ./Library/PackageCache/com.unity.test-framework@7a3849e09bd0/UnityEngine.TestRunner/TestRunner/TestListenerWrapper.cs:19)
UnityEngine.TestRunner.NUnitExtensions.Runner.UnityWorkItem:Execute () (at ./Library/PackageCache/com.unity.test-framework@7a3849e09bd0/UnityEngine.TestRunner/NUnitExtensions/Runner/UnityWorkItem.cs:83)
UnityEngine.TestRunner.NUnitExtensions.Runner.CompositeWorkItem/<RunChildren>d__17:MoveNext () (at ./Library/PackageCache/com.unity.test-framework@7a3849e09bd0/UnityEngine.TestRunner/NUnitExtensions/Runner/CompositeWorkItem.cs:205)
UnityEngine.TestRunner.NUnitExtensions.Runner.CompositeWorkItem/<PerformWork>d__13:MoveNext () (at ./Library/PackageCache/com.unity.test-framework@7a3849e09bd0/UnityEngine.TestRunner/NUnitExtensions/Runner/CompositeWorkItem.cs:83)
UnityEngine.TestRunner.NUnitExtensions.Runner.CompositeWorkItem/<RunChildren>d__17:MoveNext () (at ./Library/PackageCache/com.unity.test-framework@7a3849e09bd0/UnityEngine.TestRunner/NUnitExtensions/Runner/CompositeWorkItem.cs:209)
UnityEngine.TestRunner.NUnitExtensions.Runner.CompositeWorkItem/<PerformWork>d__13:MoveNext () (at ./Library/PackageCache/com.unity.test-framework@7a3849e09bd0/UnityEngine.TestRunner/NUnitExtensions/Runner/CompositeWorkItem.cs:83)
UnityEngine.TestRunner.NUnitExtensions.Runner.CompositeWorkItem/<RunChildren>d__17:MoveNext () (at ./Library/PackageCache/com.unity.test-framework@7a3849e09bd0/UnityEngine.TestRunner/NUnitExtensions/Runner/CompositeWorkItem.cs:209)
UnityEngine.TestRunner.NUnitExtensions.Runner.CompositeWorkItem/<PerformWork>d__13:MoveNext () (at ./Library/PackageCache/com.unity.test-framework@7a3849e09bd0/UnityEngine.TestRunner/NUnitExtensions/Runner/CompositeWorkItem.cs:83)
UnityEngine.TestRunner.NUnitExtensions.Runner.CompositeWorkItem/<RunChildren>d__17:MoveNext () (at ./Library/PackageCache/com.unity.test-framework@7a3849e09bd0/UnityEngine.TestRunner/NUnitExtensions/Runner/CompositeWorkItem.cs:209)
UnityEngine.TestRunner.NUnitExtensions.Runner.CompositeWorkItem/<PerformWork>d__13:MoveNext () (at ./Library/PackageCache/com.unity.test-framework@7a3849e09bd0/UnityEngine.TestRunner/NUnitExtensions/Runner/CompositeWorkItem.cs:83)
UnityEngine.TestRunner.NUnitExtensions.Runner.CompositeWorkItem/<RunChildren>d__17:MoveNext () (at ./Library/PackageCache/com.unity.test-framework@7a3849e09bd0/UnityEngine.TestRunner/NUnitExtensions/Runner/CompositeWorkItem.cs:209)
UnityEngine.TestRunner.NUnitExtensions.Runner.CompositeWorkItem/<PerformWork>d__13:MoveNext () (at ./Library/PackageCache/com.unity.test-framework@7a3849e09bd0/UnityEngine.TestRunner/NUnitExtensions/Runner/CompositeWorkItem.cs:83)
UnityEngine.TestRunner.NUnitExtensions.Runner.CompositeWorkItem/<RunChildren>d__17:MoveNext () (at ./Library/PackageCache/com.unity.test-framework@7a3849e09bd0/UnityEngine.TestRunner/NUnitExtensions/Runner/CompositeWorkItem.cs:209)
UnityEngine.TestRunner.NUnitExtensions.Runner.CompositeWorkItem/<PerformWork>d__13:MoveNext () (at ./Library/PackageCache/com.unity.test-framework@7a3849e09bd0/UnityEngine.TestRunner/NUnitExtensions/Runner/CompositeWorkItem.cs:83)
UnityEngine.TestTools.TestRunner.PlaymodeTestsController/<TestRunnerCoroutine>d__25:MoveNext () (at ./Library/PackageCache/com.unity.test-framework@7a3849e09bd0/UnityEngine.TestRunner/TestRunner/PlaymodeTestsController.cs:100)
UnityEngine.SetupCoroutine:InvokeMoveNext (System.Collections.IEnumerator,intptr)

(Filename: Assets/Scripts/Editor/Testing/VarginhaBatchTestProgress.cs Line: 22)

There are no audio listeners in the scene. Please ensure there is always one audio listener in the scene
There are no audio listeners in the scene. Please ensure there is always one audio listener in the scene
There are no audio listeners in the scene. Please ensure there is always one audio listener in the scene
There are no audio listeners in the scene. Please ensure there is always one audio listener in the scene
There are no audio listeners in the scene. Please ensure there is always one audio listener in the scene
There are no audio listeners in the scene. Please ensure there is always one audio listener in the scene
There are no audio listeners in the scene. Please ensure there is always one audio listener in the scene
There are no audio listeners in the scene. Please ensure there is always one audio listener in the scene
There are no audio listeners in the scene. Please ensure there is always one audio listener in the scene
There are no audio listeners in the scene. Please ensure there is always one audio listener in the scene
There are no audio listeners in the scene. Please ensure there is always one audio listener in the scene
There are no audio listeners in the scene. Please ensure there is always one audio listener in the scene
There are no audio listeners in the scene. Please ensure there is always one audio listener in the scene
There are no audio listeners in the scene. Please ensure there is always one audio listener in the scene
There are no audio listeners in the scene. Please ensure there is always one audio listener in the scene
There are no audio listeners in the scene. Please ensure there is always one audio listener in the scene
There are no audio listeners in the scene. Please ensure there is always one audio listener in the scene
There are no audio listeners in the scene. Please ensure there is always one audio listener in the scene
There are no audio listeners in the scene. Please ensure there is always one audio listener in the scene
There are no audio listeners in the scene. Please ensure there is always one audio listener in the scene
There are no audio listeners in the scene. Please ensure there is always one audio listener in the scene
There are no audio listeners in the scene. Please ensure there is always one audio listener in the scene
There are no audio listeners in the scene. Please ensure there is always one audio listener in the scene
There are no audio listeners in the scene. Please ensure there is always one audio listener in the scene
There are no audio listeners in the scene. Please ensure there is always one audio listener in the scene
There are no audio listeners in the scene. Please ensure there is always one audio listener in the scene
There are no audio listeners in the scene. Please ensure there is always one audio listener in the scene
There are no audio listeners in the scene. Please ensure there is always one audio listener in the scene
There are no audio listeners in the scene. Please ensure there is always one audio listener in the scene
There are no audio listeners in the scene. Please ensure there is always one audio listener in the scene
There are no audio listeners in the scene. Please ensure there is always one audio listener in the scene
There are no audio listeners in the scene. Please ensure there is always one audio listener in the scene
There are no audio listeners in the scene. Please ensure there is always one audio listener in the scene
There are no audio listeners in the scene. Please ensure there is always one audio listener in the scene
There are no audio listeners in the scene. Please ensure there is always one audio listener in the scene
There are no audio listeners in the scene. Please ensure there is always one audio listener in the scene
There are no audio listeners in the scene. Please ensure there is always one audio listener in the scene
There are no audio listeners in the scene. Please ensure there is always one audio listener in the scene
There are no audio listeners in the scene. Please ensure there is always one audio listener in the scene
There are no audio listeners in the scene. Please ensure there is always one audio listener in the scene
There are no audio listeners in the scene. Please ensure there is always one audio listener in the scene
There are no audio listeners in the scene. Please ensure there is always one audio listener in the scene
There are no audio listeners in the scene. Please ensure there is always one audio listener in the scene
There are no audio listeners in the scene. Please ensure there is always one audio listener in the scene
There are no audio listeners in the scene. Please ensure there is always one audio listener in the scene
There are no audio listeners in the scene. Please ensure there is always one audio listener in the scene
There are no audio listeners in the scene. Please ensure there is always one audio listener in the scene
There are no audio listeners in the scene. Please ensure there is always one audio listener in the scene
There are no audio listeners in the scene. Please ensure there is always one audio listener in the scene
There are no audio listeners in the scene. Please ensure there is always one audio listener in the scene
There are no audio listeners in the scene. Please ensure there is always one audio listener in the scene
There are no audio listeners in the scene. Please ensure there is always one audio listener in the scene
There are no audio listeners in the scene. Please ensure there is always one audio listener in the scene
There are no audio listeners in the scene. Please ensure there is always one audio listener in the scene
There are no audio listeners in the scene. Please ensure there is always one audio listener in the scene
There are no audio listeners in the scene. Please ensure there is always one audio listener in the scene
There are no audio listeners in the scene. Please ensure there is always one audio listener in the scene
There are no audio listeners in the scene. Please ensure there is always one audio listener in the scene
There are no audio listeners in the scene. Please ensure there is always one audio listener in the scene
There are no audio listeners in the scene. Please ensure there is always one audio listener in the scene
There are no audio listeners in the scene. Please ensure there is always one audio listener in the scene
There are no audio listeners in the scene. Please ensure there is always one audio listener in the scene
There are no audio listeners in the scene. Please ensure there is always one audio listener in the scene
There are no audio listeners in the scene. Please ensure there is always one audio listener in the scene
There are no audio listeners in the scene. Please ensure there is always one audio listener in the scene
There are no audio listeners in the scene. Please ensure there is always one audio listener in the scene
There are no audio listeners in the scene. Please ensure there is always one audio listener in the scene
There are no audio listeners in the scene. Please ensure there is always one audio listener in the scene
There are no audio listeners in the scene. Please ensure there is always one audio listener in the scene
There are no audio listeners in the scene. Please ensure there is always one audio listener in the scene
There are no audio listeners in the scene. Please ensure there is always one audio listener in the scene
There are no audio listeners in the scene. Please ensure there is always one audio listener in the scene
There are no audio listeners in the scene. Please ensure there is always one audio listener in the scene
There are no audio listeners in the scene. Please ensure there is always one audio listener in the scene
There are no audio listeners in the scene. Please ensure there is always one audio listener in the scene
There are no audio listeners in the scene. Please ensure there is always one audio listener in the scene
There are no audio listeners in the scene. Please ensure there is always one audio listener in the scene
There are no audio listeners in the scene. Please ensure there is always one audio listener in the scene
There are no audio listeners in the scene. Please ensure there is always one audio listener in the scene
There are no audio listeners in the scene. Please ensure there is always one audio listener in the scene
There are no audio listeners in the scene. Please ensure there is always one audio listener in the scene
There are no audio listeners in the scene. Please ensure there is always one audio listener in the scene
There are no audio listeners in the scene. Please ensure there is always one audio listener in the scene
There are no audio listeners in the scene. Please ensure there is always one audio listener in the scene
There are no audio listeners in the scene. Please ensure there is always one audio listener in the scene
There are no audio listeners in the scene. Please ensure there is always one audio listener in the scene
There are no audio listeners in the scene. Please ensure there is always one audio listener in the scene
There are no audio listeners in the scene. Please ensure there is always one audio listener in the scene
There are no audio listeners in the scene. Please ensure there is always one audio listener in the scene
There are no audio listeners in the scene. Please ensure there is always one audio listener in the scene
There are no audio listeners in the scene. Please ensure there is always one audio listener in the scene
There are no audio listeners in the scene. Please ensure there is always one audio listener in the scene
There are no audio listeners in the scene. Please ensure there is always one audio listener in the scene
There are no audio listeners in the scene. Please ensure there is always one audio listener in the scene
There are no audio listeners in the scene. Please ensure there is always one audio listener in the scene
There are no audio listeners in the scene. Please ensure there is always one audio listener in the scene
There are no audio listeners in the scene. Please ensure there is always one audio listener in the scene
There are no audio listeners in the scene. Please ensure there is always one audio listener in the scene
There are no audio listeners in the scene. Please ensure there is always one audio listener in the scene
There are no audio listeners in the scene. Please ensure there is always one audio listener in the scene
There are no audio listeners in the scene. Please ensure there is always one audio listener in the scene
There are no audio listeners in the scene. Please ensure there is always one audio listener in the scene
There are no audio listeners in the scene. Please ensure there is always one audio listener in the scene
There are no audio listeners in the scene. Please ensure there is always one audio listener in the scene
There are no audio listeners in the scene. Please ensure there is always one audio listener in the scene
There are no audio listeners in the scene. Please ensure there is always one audio listener in the scene
There are no audio listeners in the scene. Please ensure there is always one audio listener in the scene
There are no audio listeners in the scene. Please ensure there is always one audio listener in the scene
There are no audio listeners in the scene. Please ensure there is always one audio listener in the scene
There are no audio listeners in the scene. Please ensure there is always one audio listener in the scene
There are no audio listeners in the scene. Please ensure there is always one audio listener in the scene
There are no audio listeners in the scene. Please ensure there is always one audio listener in the scene
There are no audio listeners in the scene. Please ensure there is always one audio listener in the scene
There are no audio listeners in the scene. Please ensure there is always one audio listener in the scene
There are no audio listeners in the scene. Please ensure there is always one audio listener in the scene
There are no audio listeners in the scene. Please ensure there is always one audio listener in the scene
There are no audio listeners in the scene. Please ensure there is always one audio listener in the scene
There are no audio listeners in the scene. Please ensure there is always one audio listener in the scene
There are no audio listeners in the scene. Please ensure there is always one audio listener in the scene
There are no audio listeners in the scene. Please ensure there is always one audio listener in the scene
There are no audio listeners in the scene. Please ensure there is always one audio listener in the scene
There are no audio listeners in the scene. Please ensure there is always one audio listener in the scene
There are no audio listeners in the scene. Please ensure there is always one audio listener in the scene
There are no audio listeners in the scene. Please ensure there is always one audio listener in the scene
There are no audio listeners in the scene. Please ensure there is always one audio listener in the scene
There are no audio listeners in the scene. Please ensure there is always one audio listener in the scene
There are no audio listeners in the scene. Please ensure there is always one audio listener in the scene
There are no audio listeners in the scene. Please ensure there is always one audio listener in the scene
There are no audio listeners in the scene. Please ensure there is always one audio listener in the scene
There are no audio listeners in the scene. Please ensure there is always one audio listener in the scene
There are no audio listeners in the scene. Please ensure there is always one audio listener in the scene
There are no audio listeners in the scene. Please ensure there is always one audio listener in the scene
There are no audio listeners in the scene. Please ensure there is always one audio listener in the scene
There are no audio listeners in the scene. Please ensure there is always one audio listener in the scene
There are no audio listeners in the scene. Please ensure there is always one audio listener in the scene
There are no audio listeners in the scene. Please ensure there is always one audio listener in the scene
There are no audio listeners in the scene. Please ensure there is always one audio listener in the scene
There are no audio listeners in the scene. Please ensure there is always one audio listener in the scene
There are no audio listeners in the scene. Please ensure there is always one audio listener in the scene
There are no audio listeners in the scene. Please ensure there is always one audio listener in the scene
There are no audio listeners in the scene. Please ensure there is always one audio listener in the scene
There are no audio listeners in the scene. Please ensure there is always one audio listener in the scene
There are no audio listeners in the scene. Please ensure there is always one audio listener in the scene
There are no audio listeners in the scene. Please ensure there is always one audio listener in the scene
There are no audio listeners in the scene. Please ensure there is always one audio listener in the scene
There are no audio listeners in the scene. Please ensure there is always one audio listener in the scene
There are no audio listeners in the scene. Please ensure there is always one audio listener in the scene
There are no audio listeners in the scene. Please ensure there is always one audio listener in the scene
There are no audio listeners in the scene. Please ensure there is always one audio listener in the scene
There are no audio listeners in the scene. Please ensure there is always one audio listener in the scene
There are no audio listeners in the scene. Please ensure there is always one audio listener in the scene
There are no audio listeners in the scene. Please ensure there is always one audio listener in the scene
There are no audio listeners in the scene. Please ensure there is always one audio listener in the scene
There are no audio listeners in the scene. Please ensure there is always one audio listener in the scene
There are no audio listeners in the scene. Please ensure there is always one audio listener in the scene
There are no audio listeners in the scene. Please ensure there is always one audio listener in the scene
There are no audio listeners in the scene. Please ensure there is always one audio listener in the scene
There are no audio listeners in the scene. Please ensure there is always one audio listener in the scene
There are no audio listeners in the scene. Please ensure there is always one audio listener in the scene
There are no audio listeners in the scene. Please ensure there is always one audio listener in the scene
There are no audio listeners in the scene. Please ensure there is always one audio listener in the scene
There are no audio listeners in the scene. Please ensure there is always one audio listener in the scene
There are no audio listeners in the scene. Please ensure there is always one audio listener in the scene
There are no audio listeners in the scene. Please ensure there is always one audio listener in the scene
There are no audio listeners in the scene. Please ensure there is always one audio listener in the scene
There are no audio listeners in the scene. Please ensure there is always one audio listener in the scene
There are no audio listeners in the scene. Please ensure there is always one audio listener in the scene
There are no audio listeners in the scene. Please ensure there is always one audio listener in the scene
There are no audio listeners in the scene. Please ensure there is always one audio listener in the scene
There are no audio listeners in the scene. Please ensure there is always one audio listener in the scene
There are no audio listeners in the scene. Please ensure there is always one audio listener in the scene
There are no audio listeners in the scene. Please ensure there is always one audio listener in the scene
There are no audio listeners in the scene. Please ensure there is always one audio listener in the scene
There are no audio listeners in the scene. Please ensure there is always one audio listener in the scene
There are no audio listeners in the scene. Please ensure there is always one audio listener in the scene
There are no audio listeners in the scene. Please ensure there is always one audio listener in the scene
There are no audio listeners in the scene. Please ensure there is always one audio listener in the scene
There are no audio listeners in the scene. Please ensure there is always one audio listener in the scene
There are no audio listeners in the scene. Please ensure there is always one audio listener in the scene
There are no audio listeners in the scene. Please ensure there is always one audio listener in the scene
There are no audio listeners in the scene. Please ensure there is always one audio listener in the scene
There are no audio listeners in the scene. Please ensure there is always one audio listener in the scene
There are no audio listeners in the scene. Please ensure there is always one audio listener in the scene
There are no audio listeners in the scene. Please ensure there is always one audio listener in the scene
There are no audio listeners in the scene. Please ensure there is always one audio listener in the scene
There are no audio listeners in the scene. Please ensure there is always one audio listener in the scene
There are no audio listeners in the scene. Please ensure there is always one audio listener in the scene
There are no audio listeners in the scene. Please ensure there is always one audio listener in the scene
There are no audio listeners in the scene. Please ensure there is always one audio listener in the scene
There are no audio listeners in the scene. Please ensure there is always one audio listener in the scene
There are no audio listeners in the scene. Please ensure there is always one audio listener in the scene
There are no audio listeners in the scene. Please ensure there is always one audio listener in the scene
There are no audio listeners in the scene. Please ensure there is always one audio listener in the scene
There are no audio listeners in the scene. Please ensure there is always one audio listener in the scene
There are no audio listeners in the scene. Please ensure there is always one audio listener in the scene
There are no audio listeners in the scene. Please ensure there is always one audio listener in the scene
There are no audio listeners in the scene. Please ensure there is always one audio listener in the scene
There are no audio listeners in the scene. Please ensure there is always one audio listener in the scene
There are no audio listeners in the scene. Please ensure there is always one audio listener in the scene
There are no audio listeners in the scene. Please ensure there is always one audio listener in the scene
There are no audio listeners in the scene. Please ensure there is always one audio listener in the scene
There are no audio listeners in the scene. Please ensure there is always one audio listener in the scene
There are no audio listeners in the scene. Please ensure there is always one audio listener in the scene
There are no audio listeners in the scene. Please ensure there is always one audio listener in the scene
There are no audio listeners in the scene. Please ensure there is always one audio listener in the scene
There are no audio listeners in the scene. Please ensure there is always one audio listener in the scene
There are no audio listeners in the scene. Please ensure there is always one audio listener in the scene
There are no audio listeners in the scene. Please ensure there is always one audio listener in the scene
There are no audio listeners in the scene. Please ensure there is always one audio listener in the scene
There are no audio listeners in the scene. Please ensure there is always one audio listener in the scene
There are no audio listeners in the scene. Please ensure there is always one audio listener in the scene
There are no audio listeners in the scene. Please ensure there is always one audio listener in the scene
There are no audio listeners in the scene. Please ensure there is always one audio listener in the scene
There are no audio listeners in the scene. Please ensure there is always one audio listener in the scene
There are no audio listeners in the scene. Please ensure there is always one audio listener in the scene
There are no audio listeners in the scene. Please ensure there is always one audio listener in the scene
There are no audio listeners in the scene. Please ensure there is always one audio listener in the scene
There are no audio listeners in the scene. Please ensure there is always one audio listener in the scene
There are no audio listeners in the scene. Please ensure there is always one audio listener in the scene
There are no audio listeners in the scene. Please ensure there is always one audio listener in the scene
There are no audio listeners in the scene. Please ensure there is always one audio listener in the scene
There are no audio listeners in the scene. Please ensure there is always one audio listener in the scene
There are no audio listeners in the scene. Please ensure there is always one audio listener in the scene
There are no audio listeners in the scene. Please ensure there is always one audio listener in the scene
There are no audio listeners in the scene. Please ensure there is always one audio listener in the scene
There are no audio listeners in the scene. Please ensure there is always one audio listener in the scene
There are no audio listeners in the scene. Please ensure there is always one audio listener in the scene
There are no audio listeners in the scene. Please ensure there is always one audio listener in the scene
There are no audio listeners in the scene. Please ensure there is always one audio listener in the scene
There are no audio listeners in the scene. Please ensure there is always one audio listener in the scene
There are no audio listeners in the scene. Please ensure there is always one audio listener in the scene
There are no audio listeners in the scene. Please ensure there is always one audio listener in the scene
There are no audio listeners in the scene. Please ensure there is always one audio listener in the scene
There are no audio listeners in the scene. Please ensure there is always one audio listener in the scene
There are no audio listeners in the scene. Please ensure there is always one audio listener in the scene
There are no audio listeners in the scene. Please ensure there is always one audio listener in the scene
There are no audio listeners in the scene. Please ensure there is always one audio listener in the scene
There are no audio listeners in the scene. Please ensure there is always one audio listener in the scene
There are no audio listeners in the scene. Please ensure there is always one audio listener in the scene
There are no audio listeners in the scene. Please ensure there is always one audio listener in the scene
There are no audio listeners in the scene. Please ensure there is always one audio listener in the scene
There are no audio listeners in the scene. Please ensure there is always one audio listener in the scene
There are no audio listeners in the scene. Please ensure there is always one audio listener in the scene
There are no audio listeners in the scene. Please ensure there is always one audio listener in the scene
There are no audio listeners in the scene. Please ensure there is always one audio listener in the scene
There are no audio listeners in the scene. Please ensure there is always one audio listener in the scene
There are no audio listeners in the scene. Please ensure there is always one audio listener in the scene
There are no audio listeners in the scene. Please ensure there is always one audio listener in the scene
There are no audio listeners in the scene. Please ensure there is always one audio listener in the scene
There are no audio listeners in the scene. Please ensure there is always one audio listener in the scene
There are no audio listeners in the scene. Please ensure there is always one audio listener in the scene
There are no audio listeners in the scene. Please ensure there is always one audio listener in the scene
There are no audio listeners in the scene. Please ensure there is always one audio listener in the scene
There are no audio listeners in the scene. Please ensure there is always one audio listener in the scene
There are no audio listeners in the scene. Please ensure there is always one audio listener in the scene
There are no audio listeners in the scene. Please ensure there is always one audio listener in the scene
There are no audio listeners in the scene. Please ensure there is always one audio listener in the scene
There are no audio listeners in the scene. Please ensure there is always one audio listener in the scene
There are no audio listeners in the scene. Please ensure there is always one audio listener in the scene
There are no audio listeners in the scene. Please ensure there is always one audio listener in the scene
There are no audio listeners in the scene. Please ensure there is always one audio listener in the scene
There are no audio listeners in the scene. Please ensure there is always one audio listener in the scene
There are no audio listeners in the scene. Please ensure there is always one audio listener in the scene
There are no audio listeners in the scene. Please ensure there is always one audio listener in the scene
There are no audio listeners in the scene. Please ensure there is always one audio listener in the scene
There are no audio listeners in the scene. Please ensure there is always one audio listener in the scene
There are no audio listeners in the scene. Please ensure there is always one audio listener in the scene
There are no audio listeners in the scene. Please ensure there is always one audio listener in the scene
There are no audio listeners in the scene. Please ensure there is always one audio listener in the scene
There are no audio listeners in the scene. Please ensure there is always one audio listener in the scene
There are no audio listeners in the scene. Please ensure there is always one audio listener in the scene
There are no audio listeners in the scene. Please ensure there is always one audio listener in the scene
There are no audio listeners in the scene. Please ensure there is always one audio listener in the scene
There are no audio listeners in the scene. Please ensure there is always one audio listener in the scene
There are no audio listeners in the scene. Please ensure there is always one audio listener in the scene
There are no audio listeners in the scene. Please ensure there is always one audio listener in the scene
There are no audio listeners in the scene. Please ensure there is always one audio listener in the scene
There are no audio listeners in the scene. Please ensure there is always one audio listener in the scene
There are no audio listeners in the scene. Please ensure there is always one audio listener in the scene
There are no audio listeners in the scene. Please ensure there is always one audio listener in the scene
There are no audio listeners in the scene. Please ensure there is always one audio listener in the scene
There are no audio listeners in the scene. Please ensure there is always one audio listener in the scene
There are no audio listeners in the scene. Please ensure there is always one audio listener in the scene
There are no audio listeners in the scene. Please ensure there is always one audio listener in the scene
There are no audio listeners in the scene. Please ensure there is always one audio listener in the scene
There are no audio listeners in the scene. Please ensure there is always one audio listener in the scene
There are no audio listeners in the scene. Please ensure there is always one audio listener in the scene
There are no audio listeners in the scene. Please ensure there is always one audio listener in the scene
There are no audio listeners in the scene. Please ensure there is always one audio listener in the scene
There are no audio listeners in the scene. Please ensure there is always one audio listener in the scene
There are no audio listeners in the scene. Please ensure there is always one audio listener in the scene
There are no audio listeners in the scene. Please ensure there is always one audio listener in the scene
There are no audio listeners in the scene. Please ensure there is always one audio listener in the scene
There are no audio listeners in the scene. Please ensure there is always one audio listener in the scene
There are no audio listeners in the scene. Please ensure there is always one audio listener in the scene
There are no audio listeners in the scene. Please ensure there is always one audio listener in the scene
There are no audio listeners in the scene. Please ensure there is always one audio listener in the scene
There are no audio listeners in the scene. Please ensure there is always one audio listener in the scene
There are no audio listeners in the scene. Please ensure there is always one audio listener in the scene
There are no audio listeners in the scene. Please ensure there is always one audio listener in the scene
There are no audio listeners in the scene. Please ensure there is always one audio listener in the scene
There are no audio listeners in the scene. Please ensure there is always one audio listener in the scene
There are no audio listeners in the scene. Please ensure there is always one audio listener in the scene
There are no audio listeners in the scene. Please ensure there is always one audio listener in the scene
There are no audio listeners in the scene. Please ensure there is always one audio listener in the scene
There are no audio listeners in the scene. Please ensure there is always one audio listener in the scene
There are no audio listeners in the scene. Please ensure there is always one audio listener in the scene
There are no audio listeners in the scene. Please ensure there is always one audio listener in the scene
There are no audio listeners in the scene. Please ensure there is always one audio listener in the scene
There are no audio listeners in the scene. Please ensure there is always one audio listener in the scene
There are no audio listeners in the scene. Please ensure there is always one audio listener in the scene
There are no audio listeners in the scene. Please ensure there is always one audio listener in the scene
There are no audio listeners in the scene. Please ensure there is always one audio listener in the scene
There are no audio listeners in the scene. Please ensure there is always one audio listener in the scene
There are no audio listeners in the scene. Please ensure there is always one audio listener in the scene
There are no audio listeners in the scene. Please ensure there is always one audio listener in the scene
There are no audio listeners in the scene. Please ensure there is always one audio listener in the scene
There are no audio listeners in the scene. Please ensure there is always one audio listener in the scene
There are no audio listeners in the scene. Please ensure there is always one audio listener in the scene
There are no audio listeners in the scene. Please ensure there is always one audio listener in the scene
There are no audio listeners in the scene. Please ensure there is always one audio listener in the scene
There are no audio listeners in the scene. Please ensure there is always one audio listener in the scene
There are no audio listeners in the scene. Please ensure there is always one audio listener in the scene
There are no audio listeners in the scene. Please ensure there is always one audio listener in the scene
There are no audio listeners in the scene. Please ensure there is always one audio listener in the scene
There are no audio listeners in the scene. Please ensure there is always one audio listener in the scene
There are no audio listeners in the scene. Please ensure there is always one audio listener in the scene
There are no audio listeners in the scene. Please ensure there is always one audio listener in the scene
There are no audio listeners in the scene. Please ensure there is always one audio listener in the scene
There are no audio listeners in the scene. Please ensure there is always one audio listener in the scene
There are no audio listeners in the scene. Please ensure there is always one audio listener in the scene
There are no audio listeners in the scene. Please ensure there is always one audio listener in the scene
There are no audio listeners in the scene. Please ensure there is always one audio listener in the scene
There are no audio listeners in the scene. Please ensure there is always one audio listener in the scene
There are no audio listeners in the scene. Please ensure there is always one audio listener in the scene
There are no audio listeners in the scene. Please ensure there is always one audio listener in the scene
There are no audio listeners in the scene. Please ensure there is always one audio listener in the scene
There are no audio listeners in the scene. Please ensure there is always one audio listener in the scene
There are no audio listeners in the scene. Please ensure there is always one audio listener in the scene
There are no audio listeners in the scene. Please ensure there is always one audio listener in the scene
There are no audio listeners in the scene. Please ensure there is always one audio listener in the scene
There are no audio listeners in the scene. Please ensure there is always one audio listener in the scene
There are no audio listeners in the scene. Please ensure there is always one audio listener in the scene
There are no audio listeners in the scene. Please ensure there is always one audio listener in the scene
There are no audio listeners in the scene. Please ensure there is always one audio listener in the scene
There are no audio listeners in the scene. Please ensure there is always one audio listener in the scene
There are no audio listeners in the scene. Please ensure there is always one audio listener in the scene
There are no audio listeners in the scene. Please ensure there is always one audio listener in the scene
There are no audio listeners in the scene. Please ensure there is always one audio listener in the scene
There are no audio listeners in the scene. Please ensure there is always one audio listener in the scene
There are no audio listeners in the scene. Please ensure there is always one audio listener in the scene
There are no audio listeners in the scene. Please ensure there is always one audio listener in the scene
There are no audio listeners in the scene. Please ensure there is always one audio listener in the scene
There are no audio listeners in the scene. Please ensure there is always one audio listener in the scene
There are no audio listeners in the scene. Please ensure there is always one audio listener in the scene
There are no audio listeners in the scene. Please ensure there is always one audio listener in the scene
There are no audio listeners in the scene. Please ensure there is always one audio listener in the scene
There are no audio listeners in the scene. Please ensure there is always one audio listener in the scene
There are no audio listeners in the scene. Please ensure there is always one audio listener in the scene
There are no audio listeners in the scene. Please ensure there is always one audio listener in the scene
There are no audio listeners in the scene. Please ensure there is always one audio listener in the scene
There are no audio listeners in the scene. Please ensure there is always one audio listener in the scene
There are no audio listeners in the scene. Please ensure there is always one audio listener in the scene
There are no audio listeners in the scene. Please ensure there is always one audio listener in the scene
There are no audio listeners in the scene. Please ensure there is always one audio listener in the scene
There are no audio listeners in the scene. Please ensure there is always one audio listener in the scene
There are no audio listeners in the scene. Please ensure there is always one audio listener in the scene
There are no audio listeners in the scene. Please ensure there is always one audio listener in the scene
There are no audio listeners in the scene. Please ensure there is always one audio listener in the scene
There are no audio listeners in the scene. Please ensure there is always one audio listener in the scene
There are no audio listeners in the scene. Please ensure there is always one audio listener in the scene
There are no audio listeners in the scene. Please ensure there is always one audio listener in the scene
There are no audio listeners in the scene. Please ensure there is always one audio listener in the scene
There are no audio listeners in the scene. Please ensure there is always one audio listener in the scene
There are no audio listeners in the scene. Please ensure there is always one audio listener in the scene
There are no audio listeners in the scene. Please ensure there is always one audio listener in the scene
There are no audio listeners in the scene. Please ensure there is always one audio listener in the scene
There are no audio listeners in the scene. Please ensure there is always one audio listener in the scene
There are no audio listeners in the scene. Please ensure there is always one audio listener in the scene
There are no audio listeners in the scene. Please ensure there is always one audio listener in the scene
There are no audio listeners in the scene. Please ensure there is always one audio listener in the scene
There are no audio listeners in the scene. Please ensure there is always one audio listener in the scene
There are no audio listeners in the scene. Please ensure there is always one audio listener in the scene
There are no audio listeners in the scene. Please ensure there is always one audio listener in the scene
There are no audio listeners in the scene. Please ensure there is always one audio listener in the scene
There are no audio listeners in the scene. Please ensure there is always one audio listener in the scene
There are no audio listeners in the scene. Please ensure there is always one audio listener in the scene
There are no audio listeners in the scene. Please ensure there is always one audio listener in the scene
There are no audio listeners in the scene. Please ensure there is always one audio listener in the scene
There are no audio listeners in the scene. Please ensure there is always one audio listener in the scene
There are no audio listeners in the scene. Please ensure there is always one audio listener in the scene
There are no audio listeners in the scene. Please ensure there is always one audio listener in the scene
There are no audio listeners in the scene. Please ensure there is always one audio listener in the scene
There are no audio listeners in the scene. Please ensure there is always one audio listener in the scene
There are no audio listeners in the scene. Please ensure there is always one audio listener in the scene
There are no audio listeners in the scene. Please ensure there is always one audio listener in the scene
There are no audio listeners in the scene. Please ensure there is always one audio listener in the scene
There are no audio listeners in the scene. Please ensure there is always one audio listener in the scene
There are no audio listeners in the scene. Please ensure there is always one audio listener in the scene
There are no audio listeners in the scene. Please ensure there is always one audio listener in the scene
There are no audio listeners in the scene. Please ensure there is always one audio listener in the scene
There are no audio listeners in the scene. Please ensure there is always one audio listener in the scene
There are no audio listeners in the scene. Please ensure there is always one audio listener in the scene
There are no audio listeners in the scene. Please ensure there is always one audio listener in the scene
There are no audio listeners in the scene. Please ensure there is always one audio listener in the scene
There are no audio listeners in the scene. Please ensure there is always one audio listener in the scene
There are no audio listeners in the scene. Please ensure there is always one audio listener in the scene
There are no audio listeners in the scene. Please ensure there is always one audio listener in the scene
There are no audio listeners in the scene. Please ensure there is always one audio listener in the scene
There are no audio listeners in the scene. Please ensure there is always one audio listener in the scene
There are no audio listeners in the scene. Please ensure there is always one audio listener in the scene
There are no audio listeners in the scene. Please ensure there is always one audio listener in the scene
There are no audio listeners in the scene. Please ensure there is always one audio listener in the scene
There are no audio listeners in the scene. Please ensure there is always one audio listener in the scene
There are no audio listeners in the scene. Please ensure there is always one audio listener in the scene
There are no audio listeners in the scene. Please ensure there is always one audio listener in the scene
There are no audio listeners in the scene. Please ensure there is always one audio listener in the scene
There are no audio listeners in the scene. Please ensure there is always one audio listener in the scene
There are no audio listeners in the scene. Please ensure there is always one audio listener in the scene
There are no audio listeners in the scene. Please ensure there is always one audio listener in the scene
There are no audio listeners in the scene. Please ensure there is always one audio listener in the scene
There are no audio listeners in the scene. Please ensure there is always one audio listener in the scene
There are no audio listeners in the scene. Please ensure there is always one audio listener in the scene
There are no audio listeners in the scene. Please ensure there is always one audio listener in the scene
There are no audio listeners in the scene. Please ensure there is always one audio listener in the scene
There are no audio listeners in the scene. Please ensure there is always one audio listener in the scene
There are no audio listeners in the scene. Please ensure there is always one audio listener in the scene
There are no audio listeners in the scene. Please ensure there is always one audio listener in the scene
There are no audio listeners in the scene. Please ensure there is always one audio listener in the scene
There are no audio listeners in the scene. Please ensure there is always one audio listener in the scene
There are no audio listeners in the scene. Please ensure there is always one audio listener in the scene
There are no audio listeners in the scene. Please ensure there is always one audio listener in the scene
There are no audio listeners in the scene. Please ensure there is always one audio listener in the scene
There are no audio listeners in the scene. Please ensure there is always one audio listener in the scene
There are no audio listeners in the scene. Please ensure there is always one audio listener in the scene
There are no audio listeners in the scene. Please ensure there is always one audio listener in the scene
There are no audio listeners in the scene. Please ensure there is always one audio listener in the scene
There are no audio listeners in the scene. Please ensure there is always one audio listener in the scene
There are no audio listeners in the scene. Please ensure there is always one audio listener in the scene
There are no audio listeners in the scene. Please ensure there is always one audio listener in the scene
There are no audio listeners in the scene. Please ensure there is always one audio listener in the scene
There are no audio listeners in the scene. Please ensure there is always one audio listener in the scene
There are no audio listeners in the scene. Please ensure there is always one audio listener in the scene
There are no audio listeners in the scene. Please ensure there is always one audio listener in the scene
There are no audio listeners in the scene. Please ensure there is always one audio listener in the scene
There are no audio listeners in the scene. Please ensure there is always one audio listener in the scene
There are no audio listeners in the scene. Please ensure there is always one audio listener in the scene
There are no audio listeners in the scene. Please ensure there is always one audio listener in the scene
There are no audio listeners in the scene. Please ensure there is always one audio listener in the scene
There are no audio listeners in the scene. Please ensure there is always one audio listener in the scene
There are no audio listeners in the scene. Please ensure there is always one audio listener in the scene
There are no audio listeners in the scene. Please ensure there is always one audio listener in the scene
There are no audio listeners in the scene. Please ensure there is always one audio listener in the scene
There are no audio listeners in the scene. Please ensure there is always one audio listener in the scene
There are no audio listeners in the scene. Please ensure there is always one audio listener in the scene
There are no audio listeners in the scene. Please ensure there is always one audio listener in the scene
There are no audio listeners in the scene. Please ensure there is always one audio listener in the scene
There are no audio listeners in the scene. Please ensure there is always one audio listener in the scene
There are no audio listeners in the scene. Please ensure there is always one audio listener in the scene
There are no audio listeners in the scene. Please ensure there is always one audio listener in the scene
There are no audio listeners in the scene. Please ensure there is always one audio listener in the scene
There are no audio listeners in the scene. Please ensure there is always one audio listener in the scene
There are no audio listeners in the scene. Please ensure there is always one audio listener in the scene
There are no audio listeners in the scene. Please ensure there is always one audio listener in the scene
There are no audio listeners in the scene. Please ensure there is always one audio listener in the scene
There are no audio listeners in the scene. Please ensure there is always one audio listener in the scene
There are no audio listeners in the scene. Please ensure there is always one audio listener in the scene
There are no audio listeners in the scene. Please ensure there is always one audio listener in the scene
There are no audio listeners in the scene. Please ensure there is always one audio listener in the scene
There are no audio listeners in the scene. Please ensure there is always one audio listener in the scene
There are no audio listeners in the scene. Please ensure there is always one audio listener in the scene
There are no audio listeners in the scene. Please ensure there is always one audio listener in the scene
There are no audio listeners in the scene. Please ensure there is always one audio listener in the scene
There are no audio listeners in the scene. Please ensure there is always one audio listener in the scene
There are no audio listeners in the scene. Please ensure there is always one audio listener in the scene
There are no audio listeners in the scene. Please ensure there is always one audio listener in the scene
There are no audio listeners in the scene. Please ensure there is always one audio listener in the scene
There are no audio listeners in the scene. Please ensure there is always one audio listener in the scene
There are no audio listeners in the scene. Please ensure there is always one audio listener in the scene
There are no audio listeners in the scene. Please ensure there is always one audio listener in the scene
There are no audio listeners in the scene. Please ensure there is always one audio listener in the scene
There are no audio listeners in the scene. Please ensure there is always one audio listener in the scene
There are no audio listeners in the scene. Please ensure there is always one audio listener in the scene
There are no audio listeners in the scene. Please ensure there is always one audio listener in the scene
There are no audio listeners in the scene. Please ensure there is always one audio listener in the scene
There are no audio listeners in the scene. Please ensure there is always one audio listener in the scene
There are no audio listeners in the scene. Please ensure there is always one audio listener in the scene
There are no audio listeners in the scene. Please ensure there is always one audio listener in the scene
There are no audio listeners in the scene. Please ensure there is always one audio listener in the scene
There are no audio listeners in the scene. Please ensure there is always one audio listener in the scene
There are no audio listeners in the scene. Please ensure there is always one audio listener in the scene
There are no audio listeners in the scene. Please ensure there is always one audio listener in the scene
There are no audio listeners in the scene. Please ensure there is always one audio listener in the scene
There are no audio listeners in the scene. Please ensure there is always one audio listener in the scene
There are no audio listeners in the scene. Please ensure there is always one audio listener in the scene
There are no audio listeners in the scene. Please ensure there is always one audio listener in the scene
There are no audio listeners in the scene. Please ensure there is always one audio listener in the scene
There are no audio listeners in the scene. Please ensure there is always one audio listener in the scene
There are no audio listeners in the scene. Please ensure there is always one audio listener in the scene
There are no audio listeners in the scene. Please ensure there is always one audio listener in the scene
There are no audio listeners in the scene. Please ensure there is always one audio listener in the scene
There are no audio listeners in the scene. Please ensure there is always one audio listener in the scene
There are no audio listeners in the scene. Please ensure there is always one audio listener in the scene
There are no audio listeners in the scene. Please ensure there is always one audio listener in the scene
There are no audio listeners in the scene. Please ensure there is always one audio listener in the scene
There are no audio listeners in the scene. Please ensure there is always one audio listener in the scene
There are no audio listeners in the scene. Please ensure there is always one audio listener in the scene
There are no audio listeners in the scene. Please ensure there is always one audio listener in the scene
There are no audio listeners in the scene. Please ensure there is always one audio listener in the scene
There are no audio listeners in the scene. Please ensure there is always one audio listener in the scene
There are no audio listeners in the scene. Please ensure there is always one audio listener in the scene
There are no audio listeners in the scene. Please ensure there is always one audio listener in the scene
There are no audio listeners in the scene. Please ensure there is always one audio listener in the scene
There are no audio listeners in the scene. Please ensure there is always one audio listener in the scene
There are no audio listeners in the scene. Please ensure there is always one audio listener in the scene
There are no audio listeners in the scene. Please ensure there is always one audio listener in the scene
There are no audio listeners in the scene. Please ensure there is always one audio listener in the scene
There are no audio listeners in the scene. Please ensure there is always one audio listener in the scene
There are no audio listeners in the scene. Please ensure there is always one audio listener in the scene
There are no audio listeners in the scene. Please ensure there is always one audio listener in the scene
There are no audio listeners in the scene. Please ensure there is always one audio listener in the scene
There are no audio listeners in the scene. Please ensure there is always one audio listener in the scene
There are no audio listeners in the scene. Please ensure there is always one audio listener in the scene
There are no audio listeners in the scene. Please ensure there is always one audio listener in the scene
There are no audio listeners in the scene. Please ensure there is always one audio listener in the scene
There are no audio listeners in the scene. Please ensure there is always one audio listener in the scene
There are no audio listeners in the scene. Please ensure there is always one audio listener in the scene
There are no audio listeners in the scene. Please ensure there is always one audio listener in the scene
There are no audio listeners in the scene. Please ensure there is always one audio listener in the scene
There are no audio listeners in the scene. Please ensure there is always one audio listener in the scene
There are no audio listeners in the scene. Please ensure there is always one audio listener in the scene
There are no audio listeners in the scene. Please ensure there is always one audio listener in the scene
There are no audio listeners in the scene. Please ensure there is always one audio listener in the scene
There are no audio listeners in the scene. Please ensure there is always one audio listener in the scene
There are no audio listeners in the scene. Please ensure there is always one audio listener in the scene
There are no audio listeners in the scene. Please ensure there is always one audio listener in the scene
There are no audio listeners in the scene. Please ensure there is always one audio listener in the scene
There are no audio listeners in the scene. Please ensure there is always one audio listener in the scene
There are no audio listeners in the scene. Please ensure there is always one audio listener in the scene
There are no audio listeners in the scene. Please ensure there is always one audio listener in the scene
There are no audio listeners in the scene. Please ensure there is always one audio listener in the scene
There are no audio listeners in the scene. Please ensure there is always one audio listener in the scene
There are no audio listeners in the scene. Please ensure there is always one audio listener in the scene
There are no audio listeners in the scene. Please ensure there is always one audio listener in the scene
There are no audio listeners in the scene. Please ensure there is always one audio listener in the scene
There are no audio listeners in the scene. Please ensure there is always one audio listener in the scene
There are no audio listeners in the scene. Please ensure there is always one audio listener in the scene
There are no audio listeners in the scene. Please ensure there is always one audio listener in the scene
There are no audio listeners in the scene. Please ensure there is always one audio listener in the scene
There are no audio listeners in the scene. Please ensure there is always one audio listener in the scene
There are no audio listeners in the scene. Please ensure there is always one audio listener in the scene
There are no audio listeners in the scene. Please ensure there is always one audio listener in the scene
There are no audio listeners in the scene. Please ensure there is always one audio listener in the scene
There are no audio listeners in the scene. Please ensure there is always one audio listener in the scene
There are no audio listeners in the scene. Please ensure there is always one audio listener in the scene
There are no audio listeners in the scene. Please ensure there is always one audio listener in the scene
There are no audio listeners in the scene. Please ensure there is always one audio listener in the scene
There are no audio listeners in the scene. Please ensure there is always one audio listener in the scene
There are no audio listeners in the scene. Please ensure there is always one audio listener in the scene
There are no audio listeners in the scene. Please ensure there is always one audio listener in the scene
There are no audio listeners in the scene. Please ensure there is always one audio listener in the scene
There are no audio listeners in the scene. Please ensure there is always one audio listener in the scene
There are no audio listeners in the scene. Please ensure there is always one audio listener in the scene
There are no audio listeners in the scene. Please ensure there is always one audio listener in the scene
There are no audio listeners in the scene. Please ensure there is always one audio listener in the scene
There are no audio listeners in the scene. Please ensure there is always one audio listener in the scene
There are no audio listeners in the scene. Please ensure there is always one audio listener in the scene
There are no audio listeners in the scene. Please ensure there is always one audio listener in the scene
There are no audio listeners in the scene. Please ensure there is always one audio listener in the scene
There are no audio listeners in the scene. Please ensure there is always one audio listener in the scene
QA result: Passed Game.Tests.PlayMode.VarginhaStudentAllyTests.AreaImpactCannotCrossAWallBetweenTwoVisibleTargets
UnityEngine.Debug:ExtractStackTraceNoAlloc (byte*,int,string)
UnityEngine.StackTraceUtility:ExtractStackTrace ()
UnityEngine.DebugLogHandler:Internal_Log (UnityEngine.LogType,UnityEngine.LogOption,string,UnityEngine.Object)
UnityEngine.DebugLogHandler:LogFormat (UnityEngine.LogType,UnityEngine.Object,string,object[])
UnityEngine.Logger:Log (UnityEngine.LogType,object)
UnityEngine.Debug:Log (object)
Game.Editor.Testing.VarginhaBatchTestProgress:TestFinished (UnityEditor.TestTools.TestRunner.Api.ITestResultAdaptor) (at Assets/Scripts/Editor/Testing/VarginhaBatchTestProgress.cs:26)
UnityEditor.TestTools.TestRunner.Api.CallbacksDelegator/<>c__DisplayClass14_0:<TestFinished>b__0 (UnityEditor.TestTools.TestRunner.Api.ICallbacks) (at ./Library/PackageCache/com.unity.test-framework@7a3849e09bd0/UnityEditor.TestRunner/Api/CallbacksDelegator.cs:95)
UnityEditor.TestTools.TestRunner.Api.CallbacksDelegator:TryInvokeAllCallbacks (System.Action`1<UnityEditor.TestTools.TestRunner.Api.ICallbacks>) (at ./Library/PackageCache/com.unity.test-framework@7a3849e09bd0/UnityEditor.TestRunner/Api/CallbacksDelegator.cs:135)
UnityEditor.TestTools.TestRunner.Api.CallbacksDelegator:TestFinished (NUnit.Framework.Interfaces.ITestResult) (at ./Library/PackageCache/com.unity.test-framework@7a3849e09bd0/UnityEditor.TestRunner/Api/CallbacksDelegator.cs:95)
UnityEngine.Events.InvokableCall`1<NUnit.Framework.Interfaces.ITestResult>:Invoke (NUnit.Framework.Interfaces.ITestResult)
UnityEngine.Events.UnityEvent`1<NUnit.Framework.Interfaces.ITestResult>:Invoke (NUnit.Framework.Interfaces.ITestResult)
UnityEngine.Events.InvokableCall`1<NUnit.Framework.Interfaces.ITestResult>:Invoke (NUnit.Framework.Interfaces.ITestResult)
UnityEngine.Events.UnityEvent`1<NUnit.Framework.Interfaces.ITestResult>:Invoke (NUnit.Framework.Interfaces.ITestResult)
UnityEngine.TestTools.TestRunner.TestListenerWrapper:TestFinished (NUnit.Framework.Interfaces.ITestResult) (at ./Library/PackageCache/com.unity.test-framework@7a3849e09bd0/UnityEngine.TestRunner/TestRunner/TestListenerWrapper.cs:24)
UnityEngine.TestRunner.NUnitExtensions.Runner.UnityWorkItem:WorkItemComplete () (at ./Library/PackageCache/com.unity.test-framework@7a3849e09bd0/UnityEngine.TestRunner/NUnitExtensions/Runner/UnityWorkItem.cs:107)
UnityEngine.TestRunner.NUnitExtensions.Runner.CoroutineTestWorkItem/<PerformWork>d__7:<>m__Finally1 () (at ./Library/PackageCache/com.unity.test-framework@7a3849e09bd0/UnityEngine.TestRunner/NUnitExtensions/Runner/CoroutineTestWorkItem.cs:67)
UnityEngine.TestRunner.NUnitExtensions.Runner.CoroutineTestWorkItem/<PerformWork>d__7:MoveNext () (at ./Library/PackageCache/com.unity.test-framework@7a3849e09bd0/UnityEngine.TestRunner/NUnitExtensions/Runner/CoroutineTestWorkItem.cs:64)
UnityEngine.TestRunner.NUnitExtensions.Runner.CompositeWorkItem/<RunChildren>d__17:MoveNext () (at ./Library/PackageCache/com.unity.test-framework@7a3849e09bd0/UnityEngine.TestRunner/NUnitExtensions/Runner/CompositeWorkItem.cs:209)
UnityEngine.TestRunner.NUnitExtensions.Runner.CompositeWorkItem/<PerformWork>d__13:MoveNext () (at ./Library/PackageCache/com.unity.test-framework@7a3849e09bd0/UnityEngine.TestRunner/NUnitExtensions/Runner/CompositeWorkItem.cs:83)
UnityEngine.TestRunner.NUnitExtensions.Runner.CompositeWorkItem/<RunChildren>d__17:MoveNext () (at ./Library/PackageCache/com.unity.test-framework@7a3849e09bd0/UnityEngine.TestRunner/NUnitExtensions/Runner/CompositeWorkItem.cs:209)
UnityEngine.TestRunner.NUnitExtensions.Runner.CompositeWorkItem/<PerformWork>d__13:MoveNext () (at ./Library/PackageCache/com.unity.test-framework@7a3849e09bd0/UnityEngine.TestRunner/NUnitExtensions/Runner/CompositeWorkItem.cs:83)
UnityEngine.TestRunner.NUnitExtensions.Runner.CompositeWorkItem/<RunChildren>d__17:MoveNext () (at ./Library/PackageCache/com.unity.test-framework@7a3849e09bd0/UnityEngine.TestRunner/NUnitExtensions/Runner/CompositeWorkItem.cs:209)
UnityEngine.TestRunner.NUnitExtensions.Runner.CompositeWorkItem/<PerformWork>d__13:MoveNext () (at ./Library/PackageCache/com.unity.test-framework@7a3849e09bd0/UnityEngine.TestRunner/NUnitExtensions/Runner/CompositeWorkItem.cs:83)
UnityEngine.TestRunner.NUnitExtensions.Runner.CompositeWorkItem/<RunChildren>d__17:MoveNext () (at ./Library/PackageCache/com.unity.test-framework@7a3849e09bd0/UnityEngine.TestRunner/NUnitExtensions/Runner/CompositeWorkItem.cs:209)
UnityEngine.TestRunner.NUnitExtensions.Runner.CompositeWorkItem/<PerformWork>d__13:MoveNext () (at ./Library/PackageCache/com.unity.test-framework@7a3849e09bd0/UnityEngine.TestRunner/NUnitExtensions/Runner/CompositeWorkItem.cs:83)
UnityEngine.TestRunner.NUnitExtensions.Runner.CompositeWorkItem/<RunChildren>d__17:MoveNext () (at ./Library/PackageCache/com.unity.test-framework@7a3849e09bd0/UnityEngine.TestRunner/NUnitExtensions/Runner/CompositeWorkItem.cs:209)
UnityEngine.TestRunner.NUnitExtensions.Runner.CompositeWorkItem/<PerformWork>d__13:MoveNext () (at ./Library/PackageCache/com.unity.test-framework@7a3849e09bd0/UnityEngine.TestRunner/NUnitExtensions/Runner/CompositeWorkItem.cs:83)
UnityEngine.TestRunner.NUnitExtensions.Runner.CompositeWorkItem/<RunChildren>d__17:MoveNext () (at ./Library/PackageCache/com.unity.test-framework@7a3849e09bd0/UnityEngine.TestRunner/NUnitExtensions/Runner/CompositeWorkItem.cs:209)
UnityEngine.TestRunner.NUnitExtensions.Runner.CompositeWorkItem/<PerformWork>d__13:MoveNext () (at ./Library/PackageCache/com.unity.test-framework@7a3849e09bd0/UnityEngine.TestRunner/NUnitExtensions/Runner/CompositeWorkItem.cs:83)
UnityEngine.TestTools.TestRunner.PlaymodeTestsController/<TestRunnerCoroutine>d__25:MoveNext () (at ./Library/PackageCache/com.unity.test-framework@7a3849e09bd0/UnityEngine.TestRunner/TestRunner/PlaymodeTestsController.cs:100)
UnityEngine.SetupCoroutine:InvokeMoveNext (System.Collections.IEnumerator,intptr)

(Filename: Assets/Scripts/Editor/Testing/VarginhaBatchTestProgress.cs Line: 26)

QA test: Game.Tests.PlayMode.VarginhaStudentAllyTests.DeathCancelsPendingAllyAndPlayerAttacksWhileTimeIsPaused
UnityEngine.Debug:ExtractStackTraceNoAlloc (byte*,int,string)
UnityEngine.StackTraceUtility:ExtractStackTrace ()
UnityEngine.DebugLogHandler:Internal_Log (UnityEngine.LogType,UnityEngine.LogOption,string,UnityEngine.Object)
UnityEngine.DebugLogHandler:LogFormat (UnityEngine.LogType,UnityEngine.Object,string,object[])
UnityEngine.Logger:Log (UnityEngine.LogType,object)
UnityEngine.Debug:Log (object)
Game.Editor.Testing.VarginhaBatchTestProgress:TestStarted (UnityEditor.TestTools.TestRunner.Api.ITestAdaptor) (at Assets/Scripts/Editor/Testing/VarginhaBatchTestProgress.cs:22)
UnityEditor.TestTools.TestRunner.Api.CallbacksDelegator/<>c__DisplayClass12_0:<TestStarted>b__0 (UnityEditor.TestTools.TestRunner.Api.ICallbacks) (at ./Library/PackageCache/com.unity.test-framework@7a3849e09bd0/UnityEditor.TestRunner/Api/CallbacksDelegator.cs:81)
UnityEditor.TestTools.TestRunner.Api.CallbacksDelegator:TryInvokeAllCallbacks (System.Action`1<UnityEditor.TestTools.TestRunner.Api.ICallbacks>) (at ./Library/PackageCache/com.unity.test-framework@7a3849e09bd0/UnityEditor.TestRunner/Api/CallbacksDelegator.cs:135)
UnityEditor.TestTools.TestRunner.Api.CallbacksDelegator:TestStarted (NUnit.Framework.Interfaces.ITest) (at ./Library/PackageCache/com.unity.test-framework@7a3849e09bd0/UnityEditor.TestRunner/Api/CallbacksDelegator.cs:81)
UnityEngine.Events.InvokableCall`1<NUnit.Framework.Interfaces.ITest>:Invoke (NUnit.Framework.Interfaces.ITest)
UnityEngine.Events.UnityEvent`1<NUnit.Framework.Interfaces.ITest>:Invoke (NUnit.Framework.Interfaces.ITest)
UnityEngine.Events.InvokableCall`1<NUnit.Framework.Interfaces.ITest>:Invoke (NUnit.Framework.Interfaces.ITest)
UnityEngine.Events.UnityEvent`1<NUnit.Framework.Interfaces.ITest>:Invoke (NUnit.Framework.Interfaces.ITest)
UnityEngine.TestTools.TestRunner.TestListenerWrapper:TestStarted (NUnit.Framework.Interfaces.ITest) (at ./Library/PackageCache/com.unity.test-framework@7a3849e09bd0/UnityEngine.TestRunner/TestRunner/TestListenerWrapper.cs:19)
UnityEngine.TestRunner.NUnitExtensions.Runner.UnityWorkItem:Execute () (at ./Library/PackageCache/com.unity.test-framework@7a3849e09bd0/UnityEngine.TestRunner/NUnitExtensions/Runner/UnityWorkItem.cs:83)
UnityEngine.TestRunner.NUnitExtensions.Runner.CompositeWorkItem/<RunChildren>d__17:MoveNext () (at ./Library/PackageCache/com.unity.test-framework@7a3849e09bd0/UnityEngine.TestRunner/NUnitExtensions/Runner/CompositeWorkItem.cs:205)
UnityEngine.TestRunner.NUnitExtensions.Runner.CompositeWorkItem/<PerformWork>d__13:MoveNext () (at ./Library/PackageCache/com.unity.test-framework@7a3849e09bd0/UnityEngine.TestRunner/NUnitExtensions/Runner/CompositeWorkItem.cs:83)
UnityEngine.TestRunner.NUnitExtensions.Runner.CompositeWorkItem/<RunChildren>d__17:MoveNext () (at ./Library/PackageCache/com.unity.test-framework@7a3849e09bd0/UnityEngine.TestRunner/NUnitExtensions/Runner/CompositeWorkItem.cs:209)
UnityEngine.TestRunner.NUnitExtensions.Runner.CompositeWorkItem/<PerformWork>d__13:MoveNext () (at ./Library/PackageCache/com.unity.test-framework@7a3849e09bd0/UnityEngine.TestRunner/NUnitExtensions/Runner/CompositeWorkItem.cs:83)
UnityEngine.TestRunner.NUnitExtensions.Runner.CompositeWorkItem/<RunChildren>d__17:MoveNext () (at ./Library/PackageCache/com.unity.test-framework@7a3849e09bd0/UnityEngine.TestRunner/NUnitExtensions/Runner/CompositeWorkItem.cs:209)
UnityEngine.TestRunner.NUnitExtensions.Runner.CompositeWorkItem/<PerformWork>d__13:MoveNext () (at ./Library/PackageCache/com.unity.test-framework@7a3849e09bd0/UnityEngine.TestRunner/NUnitExtensions/Runner/CompositeWorkItem.cs:83)
UnityEngine.TestRunner.NUnitExtensions.Runner.CompositeWorkItem/<RunChildren>d__17:MoveNext () (at ./Library/PackageCache/com.unity.test-framework@7a3849e09bd0/UnityEngine.TestRunner/NUnitExtensions/Runner/CompositeWorkItem.cs:209)
UnityEngine.TestRunner.NUnitExtensions.Runner.CompositeWorkItem/<PerformWork>d__13:MoveNext () (at ./Library/PackageCache/com.unity.test-framework@7a3849e09bd0/UnityEngine.TestRunner/NUnitExtensions/Runner/CompositeWorkItem.cs:83)
UnityEngine.TestRunner.NUnitExtensions.Runner.CompositeWorkItem/<RunChildren>d__17:MoveNext () (at ./Library/PackageCache/com.unity.test-framework@7a3849e09bd0/UnityEngine.TestRunner/NUnitExtensions/Runner/CompositeWorkItem.cs:209)
UnityEngine.TestRunner.NUnitExtensions.Runner.CompositeWorkItem/<PerformWork>d__13:MoveNext () (at ./Library/PackageCache/com.unity.test-framework@7a3849e09bd0/UnityEngine.TestRunner/NUnitExtensions/Runner/CompositeWorkItem.cs:83)
UnityEngine.TestRunner.NUnitExtensions.Runner.CompositeWorkItem/<RunChildren>d__17:MoveNext () (at ./Library/PackageCache/com.unity.test-framework@7a3849e09bd0/UnityEngine.TestRunner/NUnitExtensions/Runner/CompositeWorkItem.cs:209)
UnityEngine.TestRunner.NUnitExtensions.Runner.CompositeWorkItem/<PerformWork>d__13:MoveNext () (at ./Library/PackageCache/com.unity.test-framework@7a3849e09bd0/UnityEngine.TestRunner/NUnitExtensions/Runner/CompositeWorkItem.cs:83)
UnityEngine.TestTools.TestRunner.PlaymodeTestsController/<TestRunnerCoroutine>d__25:MoveNext () (at ./Library/PackageCache/com.unity.test-framework@7a3849e09bd0/UnityEngine.TestRunner/TestRunner/PlaymodeTestsController.cs:100)
UnityEngine.SetupCoroutine:InvokeMoveNext (System.Collections.IEnumerator,intptr)

(Filename: Assets/Scripts/Editor/Testing/VarginhaBatchTestProgress.cs Line: 22)

QA result: Passed Game.Tests.PlayMode.VarginhaStudentAllyTests.DeathCancelsPendingAllyAndPlayerAttacksWhileTimeIsPaused
UnityEngine.Debug:ExtractStackTraceNoAlloc (byte*,int,string)
UnityEngine.StackTraceUtility:ExtractStackTrace ()
UnityEngine.DebugLogHandler:Internal_Log (UnityEngine.LogType,UnityEngine.LogOption,string,UnityEngine.Object)
UnityEngine.DebugLogHandler:LogFormat (UnityEngine.LogType,UnityEngine.Object,string,object[])
UnityEngine.Logger:Log (UnityEngine.LogType,object)
UnityEngine.Debug:Log (object)
Game.Editor.Testing.VarginhaBatchTestProgress:TestFinished (UnityEditor.TestTools.TestRunner.Api.ITestResultAdaptor) (at Assets/Scripts/Editor/Testing/VarginhaBatchTestProgress.cs:26)
UnityEditor.TestTools.TestRunner.Api.CallbacksDelegator/<>c__DisplayClass14_0:<TestFinished>b__0 (UnityEditor.TestTools.TestRunner.Api.ICallbacks) (at ./Library/PackageCache/com.unity.test-framework@7a3849e09bd0/UnityEditor.TestRunner/Api/CallbacksDelegator.cs:95)
UnityEditor.TestTools.TestRunner.Api.CallbacksDelegator:TryInvokeAllCallbacks (System.Action`1<UnityEditor.TestTools.TestRunner.Api.ICallbacks>) (at ./Library/PackageCache/com.unity.test-framework@7a3849e09bd0/UnityEditor.TestRunner/Api/CallbacksDelegator.cs:135)
UnityEditor.TestTools.TestRunner.Api.CallbacksDelegator:TestFinished (NUnit.Framework.Interfaces.ITestResult) (at ./Library/PackageCache/com.unity.test-framework@7a3849e09bd0/UnityEditor.TestRunner/Api/CallbacksDelegator.cs:95)
UnityEngine.Events.InvokableCall`1<NUnit.Framework.Interfaces.ITestResult>:Invoke (NUnit.Framework.Interfaces.ITestResult)
UnityEngine.Events.UnityEvent`1<NUnit.Framework.Interfaces.ITestResult>:Invoke (NUnit.Framework.Interfaces.ITestResult)
UnityEngine.Events.InvokableCall`1<NUnit.Framework.Interfaces.ITestResult>:Invoke (NUnit.Framework.Interfaces.ITestResult)
UnityEngine.Events.UnityEvent`1<NUnit.Framework.Interfaces.ITestResult>:Invoke (NUnit.Framework.Interfaces.ITestResult)
UnityEngine.TestTools.TestRunner.TestListenerWrapper:TestFinished (NUnit.Framework.Interfaces.ITestResult) (at ./Library/PackageCache/com.unity.test-framework@7a3849e09bd0/UnityEngine.TestRunner/TestRunner/TestListenerWrapper.cs:24)
UnityEngine.TestRunner.NUnitExtensions.Runner.UnityWorkItem:WorkItemComplete () (at ./Library/PackageCache/com.unity.test-framework@7a3849e09bd0/UnityEngine.TestRunner/NUnitExtensions/Runner/UnityWorkItem.cs:107)
UnityEngine.TestRunner.NUnitExtensions.Runner.CoroutineTestWorkItem/<PerformWork>d__7:<>m__Finally1 () (at ./Library/PackageCache/com.unity.test-framework@7a3849e09bd0/UnityEngine.TestRunner/NUnitExtensions/Runner/CoroutineTestWorkItem.cs:67)
UnityEngine.TestRunner.NUnitExtensions.Runner.CoroutineTestWorkItem/<PerformWork>d__7:MoveNext () (at ./Library/PackageCache/com.unity.test-framework@7a3849e09bd0/UnityEngine.TestRunner/NUnitExtensions/Runner/CoroutineTestWorkItem.cs:64)
UnityEngine.TestRunner.NUnitExtensions.Runner.CompositeWorkItem/<RunChildren>d__17:MoveNext () (at ./Library/PackageCache/com.unity.test-framework@7a3849e09bd0/UnityEngine.TestRunner/NUnitExtensions/Runner/CompositeWorkItem.cs:209)
UnityEngine.TestRunner.NUnitExtensions.Runner.CompositeWorkItem/<PerformWork>d__13:MoveNext () (at ./Library/PackageCache/com.unity.test-framework@7a3849e09bd0/UnityEngine.TestRunner/NUnitExtensions/Runner/CompositeWorkItem.cs:83)
UnityEngine.TestRunner.NUnitExtensions.Runner.CompositeWorkItem/<RunChildren>d__17:MoveNext () (at ./Library/PackageCache/com.unity.test-framework@7a3849e09bd0/UnityEngine.TestRunner/NUnitExtensions/Runner/CompositeWorkItem.cs:209)
UnityEngine.TestRunner.NUnitExtensions.Runner.CompositeWorkItem/<PerformWork>d__13:MoveNext () (at ./Library/PackageCache/com.unity.test-framework@7a3849e09bd0/UnityEngine.TestRunner/NUnitExtensions/Runner/CompositeWorkItem.cs:83)
UnityEngine.TestRunner.NUnitExtensions.Runner.CompositeWorkItem/<RunChildren>d__17:MoveNext () (at ./Library/PackageCache/com.unity.test-framework@7a3849e09bd0/UnityEngine.TestRunner/NUnitExtensions/Runner/CompositeWorkItem.cs:209)
UnityEngine.TestRunner.NUnitExtensions.Runner.CompositeWorkItem/<PerformWork>d__13:MoveNext () (at ./Library/PackageCache/com.unity.test-framework@7a3849e09bd0/UnityEngine.TestRunner/NUnitExtensions/Runner/CompositeWorkItem.cs:83)
UnityEngine.TestRunner.NUnitExtensions.Runner.CompositeWorkItem/<RunChildren>d__17:MoveNext () (at ./Library/PackageCache/com.unity.test-framework@7a3849e09bd0/UnityEngine.TestRunner/NUnitExtensions/Runner/CompositeWorkItem.cs:209)
UnityEngine.TestRunner.NUnitExtensions.Runner.CompositeWorkItem/<PerformWork>d__13:MoveNext () (at ./Library/PackageCache/com.unity.test-framework@7a3849e09bd0/UnityEngine.TestRunner/NUnitExtensions/Runner/CompositeWorkItem.cs:83)
UnityEngine.TestRunner.NUnitExtensions.Runner.CompositeWorkItem/<RunChildren>d__17:MoveNext () (at ./Library/PackageCache/com.unity.test-framework@7a3849e09bd0/UnityEngine.TestRunner/NUnitExtensions/Runner/CompositeWorkItem.cs:209)
UnityEngine.TestRunner.NUnitExtensions.Runner.CompositeWorkItem/<PerformWork>d__13:MoveNext () (at ./Library/PackageCache/com.unity.test-framework@7a3849e09bd0/UnityEngine.TestRunner/NUnitExtensions/Runner/CompositeWorkItem.cs:83)
UnityEngine.TestRunner.NUnitExtensions.Runner.CompositeWorkItem/<RunChildren>d__17:MoveNext () (at ./Library/PackageCache/com.unity.test-framework@7a3849e09bd0/UnityEngine.TestRunner/NUnitExtensions/Runner/CompositeWorkItem.cs:209)
UnityEngine.TestRunner.NUnitExtensions.Runner.CompositeWorkItem/<PerformWork>d__13:MoveNext () (at ./Library/PackageCache/com.unity.test-framework@7a3849e09bd0/UnityEngine.TestRunner/NUnitExtensions/Runner/CompositeWorkItem.cs:83)
UnityEngine.TestTools.TestRunner.PlaymodeTestsController/<TestRunnerCoroutine>d__25:MoveNext () (at ./Library/PackageCache/com.unity.test-framework@7a3849e09bd0/UnityEngine.TestRunner/TestRunner/PlaymodeTestsController.cs:100)
UnityEngine.SetupCoroutine:InvokeMoveNext (System.Collections.IEnumerator,intptr)

(Filename: Assets/Scripts/Editor/Testing/VarginhaBatchTestProgress.cs Line: 26)

QA test: Game.Tests.PlayMode.VarginhaStudentAllyTests.DisabledAllyCancelsPresentationWithoutLeavingLateDamage
UnityEngine.Debug:ExtractStackTraceNoAlloc (byte*,int,string)
UnityEngine.StackTraceUtility:ExtractStackTrace ()
UnityEngine.DebugLogHandler:Internal_Log (UnityEngine.LogType,UnityEngine.LogOption,string,UnityEngine.Object)
UnityEngine.DebugLogHandler:LogFormat (UnityEngine.LogType,UnityEngine.Object,string,object[])
UnityEngine.Logger:Log (UnityEngine.LogType,object)
UnityEngine.Debug:Log (object)
Game.Editor.Testing.VarginhaBatchTestProgress:TestStarted (UnityEditor.TestTools.TestRunner.Api.ITestAdaptor) (at Assets/Scripts/Editor/Testing/VarginhaBatchTestProgress.cs:22)
UnityEditor.TestTools.TestRunner.Api.CallbacksDelegator/<>c__DisplayClass12_0:<TestStarted>b__0 (UnityEditor.TestTools.TestRunner.Api.ICallbacks) (at ./Library/PackageCache/com.unity.test-framework@7a3849e09bd0/UnityEditor.TestRunner/Api/CallbacksDelegator.cs:81)
UnityEditor.TestTools.TestRunner.Api.CallbacksDelegator:TryInvokeAllCallbacks (System.Action`1<UnityEditor.TestTools.TestRunner.Api.ICallbacks>) (at ./Library/PackageCache/com.unity.test-framework@7a3849e09bd0/UnityEditor.TestRunner/Api/CallbacksDelegator.cs:135)
UnityEditor.TestTools.TestRunner.Api.CallbacksDelegator:TestStarted (NUnit.Framework.Interfaces.ITest) (at ./Library/PackageCache/com.unity.test-framework@7a3849e09bd0/UnityEditor.TestRunner/Api/CallbacksDelegator.cs:81)
UnityEngine.Events.InvokableCall`1<NUnit.Framework.Interfaces.ITest>:Invoke (NUnit.Framework.Interfaces.ITest)
UnityEngine.Events.UnityEvent`1<NUnit.Framework.Interfaces.ITest>:Invoke (NUnit.Framework.Interfaces.ITest)
UnityEngine.Events.InvokableCall`1<NUnit.Framework.Interfaces.ITest>:Invoke (NUnit.Framework.Interfaces.ITest)
UnityEngine.Events.UnityEvent`1<NUnit.Framework.Interfaces.ITest>:Invoke (NUnit.Framework.Interfaces.ITest)
UnityEngine.TestTools.TestRunner.TestListenerWrapper:TestStarted (NUnit.Framework.Interfaces.ITest) (at ./Library/PackageCache/com.unity.test-framework@7a3849e09bd0/UnityEngine.TestRunner/TestRunner/TestListenerWrapper.cs:19)
UnityEngine.TestRunner.NUnitExtensions.Runner.UnityWorkItem:Execute () (at ./Library/PackageCache/com.unity.test-framework@7a3849e09bd0/UnityEngine.TestRunner/NUnitExtensions/Runner/UnityWorkItem.cs:83)
UnityEngine.TestRunner.NUnitExtensions.Runner.CompositeWorkItem/<RunChildren>d__17:MoveNext () (at ./Library/PackageCache/com.unity.test-framework@7a3849e09bd0/UnityEngine.TestRunner/NUnitExtensions/Runner/CompositeWorkItem.cs:205)
UnityEngine.TestRunner.NUnitExtensions.Runner.CompositeWorkItem/<PerformWork>d__13:MoveNext () (at ./Library/PackageCache/com.unity.test-framework@7a3849e09bd0/UnityEngine.TestRunner/NUnitExtensions/Runner/CompositeWorkItem.cs:83)
UnityEngine.TestRunner.NUnitExtensions.Runner.CompositeWorkItem/<RunChildren>d__17:MoveNext () (at ./Library/PackageCache/com.unity.test-framework@7a3849e09bd0/UnityEngine.TestRunner/NUnitExtensions/Runner/CompositeWorkItem.cs:209)
UnityEngine.TestRunner.NUnitExtensions.Runner.CompositeWorkItem/<PerformWork>d__13:MoveNext () (at ./Library/PackageCache/com.unity.test-framework@7a3849e09bd0/UnityEngine.TestRunner/NUnitExtensions/Runner/CompositeWorkItem.cs:83)
UnityEngine.TestRunner.NUnitExtensions.Runner.CompositeWorkItem/<RunChildren>d__17:MoveNext () (at ./Library/PackageCache/com.unity.test-framework@7a3849e09bd0/UnityEngine.TestRunner/NUnitExtensions/Runner/CompositeWorkItem.cs:209)
UnityEngine.TestRunner.NUnitExtensions.Runner.CompositeWorkItem/<PerformWork>d__13:MoveNext () (at ./Library/PackageCache/com.unity.test-framework@7a3849e09bd0/UnityEngine.TestRunner/NUnitExtensions/Runner/CompositeWorkItem.cs:83)
UnityEngine.TestRunner.NUnitExtensions.Runner.CompositeWorkItem/<RunChildren>d__17:MoveNext () (at ./Library/PackageCache/com.unity.test-framework@7a3849e09bd0/UnityEngine.TestRunner/NUnitExtensions/Runner/CompositeWorkItem.cs:209)
UnityEngine.TestRunner.NUnitExtensions.Runner.CompositeWorkItem/<PerformWork>d__13:MoveNext () (at ./Library/PackageCache/com.unity.test-framework@7a3849e09bd0/UnityEngine.TestRunner/NUnitExtensions/Runner/CompositeWorkItem.cs:83)
UnityEngine.TestRunner.NUnitExtensions.Runner.CompositeWorkItem/<RunChildren>d__17:MoveNext () (at ./Library/PackageCache/com.unity.test-framework@7a3849e09bd0/UnityEngine.TestRunner/NUnitExtensions/Runner/CompositeWorkItem.cs:209)
UnityEngine.TestRunner.NUnitExtensions.Runner.CompositeWorkItem/<PerformWork>d__13:MoveNext () (at ./Library/PackageCache/com.unity.test-framework@7a3849e09bd0/UnityEngine.TestRunner/NUnitExtensions/Runner/CompositeWorkItem.cs:83)
UnityEngine.TestRunner.NUnitExtensions.Runner.CompositeWorkItem/<RunChildren>d__17:MoveNext () (at ./Library/PackageCache/com.unity.test-framework@7a3849e09bd0/UnityEngine.TestRunner/NUnitExtensions/Runner/CompositeWorkItem.cs:209)
UnityEngine.TestRunner.NUnitExtensions.Runner.CompositeWorkItem/<PerformWork>d__13:MoveNext () (at ./Library/PackageCache/com.unity.test-framework@7a3849e09bd0/UnityEngine.TestRunner/NUnitExtensions/Runner/CompositeWorkItem.cs:83)
UnityEngine.TestTools.TestRunner.PlaymodeTestsController/<TestRunnerCoroutine>d__25:MoveNext () (at ./Library/PackageCache/com.unity.test-framework@7a3849e09bd0/UnityEngine.TestRunner/TestRunner/PlaymodeTestsController.cs:100)
UnityEngine.SetupCoroutine:InvokeMoveNext (System.Collections.IEnumerator,intptr)

(Filename: Assets/Scripts/Editor/Testing/VarginhaBatchTestProgress.cs Line: 22)

QA result: Passed Game.Tests.PlayMode.VarginhaStudentAllyTests.DisabledAllyCancelsPresentationWithoutLeavingLateDamage
UnityEngine.Debug:ExtractStackTraceNoAlloc (byte*,int,string)
UnityEngine.StackTraceUtility:ExtractStackTrace ()
UnityEngine.DebugLogHandler:Internal_Log (UnityEngine.LogType,UnityEngine.LogOption,string,UnityEngine.Object)
UnityEngine.DebugLogHandler:LogFormat (UnityEngine.LogType,UnityEngine.Object,string,object[])
UnityEngine.Logger:Log (UnityEngine.LogType,object)
UnityEngine.Debug:Log (object)
Game.Editor.Testing.VarginhaBatchTestProgress:TestFinished (UnityEditor.TestTools.TestRunner.Api.ITestResultAdaptor) (at Assets/Scripts/Editor/Testing/VarginhaBatchTestProgress.cs:26)
UnityEditor.TestTools.TestRunner.Api.CallbacksDelegator/<>c__DisplayClass14_0:<TestFinished>b__0 (UnityEditor.TestTools.TestRunner.Api.ICallbacks) (at ./Library/PackageCache/com.unity.test-framework@7a3849e09bd0/UnityEditor.TestRunner/Api/CallbacksDelegator.cs:95)
UnityEditor.TestTools.TestRunner.Api.CallbacksDelegator:TryInvokeAllCallbacks (System.Action`1<UnityEditor.TestTools.TestRunner.Api.ICallbacks>) (at ./Library/PackageCache/com.unity.test-framework@7a3849e09bd0/UnityEditor.TestRunner/Api/CallbacksDelegator.cs:135)
UnityEditor.TestTools.TestRunner.Api.CallbacksDelegator:TestFinished (NUnit.Framework.Interfaces.ITestResult) (at ./Library/PackageCache/com.unity.test-framework@7a3849e09bd0/UnityEditor.TestRunner/Api/CallbacksDelegator.cs:95)
UnityEngine.Events.InvokableCall`1<NUnit.Framework.Interfaces.ITestResult>:Invoke (NUnit.Framework.Interfaces.ITestResult)
UnityEngine.Events.UnityEvent`1<NUnit.Framework.Interfaces.ITestResult>:Invoke (NUnit.Framework.Interfaces.ITestResult)
UnityEngine.Events.InvokableCall`1<NUnit.Framework.Interfaces.ITestResult>:Invoke (NUnit.Framework.Interfaces.ITestResult)
UnityEngine.Events.UnityEvent`1<NUnit.Framework.Interfaces.ITestResult>:Invoke (NUnit.Framework.Interfaces.ITestResult)
UnityEngine.TestTools.TestRunner.TestListenerWrapper:TestFinished (NUnit.Framework.Interfaces.ITestResult) (at ./Library/PackageCache/com.unity.test-framework@7a3849e09bd0/UnityEngine.TestRunner/TestRunner/TestListenerWrapper.cs:24)
UnityEngine.TestRunner.NUnitExtensions.Runner.UnityWorkItem:WorkItemComplete () (at ./Library/PackageCache/com.unity.test-framework@7a3849e09bd0/UnityEngine.TestRunner/NUnitExtensions/Runner/UnityWorkItem.cs:107)
UnityEngine.TestRunner.NUnitExtensions.Runner.CoroutineTestWorkItem/<PerformWork>d__7:<>m__Finally1 () (at ./Library/PackageCache/com.unity.test-framework@7a3849e09bd0/UnityEngine.TestRunner/NUnitExtensions/Runner/CoroutineTestWorkItem.cs:67)
UnityEngine.TestRunner.NUnitExtensions.Runner.CoroutineTestWorkItem/<PerformWork>d__7:MoveNext () (at ./Library/PackageCache/com.unity.test-framework@7a3849e09bd0/UnityEngine.TestRunner/NUnitExtensions/Runner/CoroutineTestWorkItem.cs:64)
UnityEngine.TestRunner.NUnitExtensions.Runner.CompositeWorkItem/<RunChildren>d__17:MoveNext () (at ./Library/PackageCache/com.unity.test-framework@7a3849e09bd0/UnityEngine.TestRunner/NUnitExtensions/Runner/CompositeWorkItem.cs:209)
UnityEngine.TestRunner.NUnitExtensions.Runner.CompositeWorkItem/<PerformWork>d__13:MoveNext () (at ./Library/PackageCache/com.unity.test-framework@7a3849e09bd0/UnityEngine.TestRunner/NUnitExtensions/Runner/CompositeWorkItem.cs:83)
UnityEngine.TestRunner.NUnitExtensions.Runner.CompositeWorkItem/<RunChildren>d__17:MoveNext () (at ./Library/PackageCache/com.unity.test-framework@7a3849e09bd0/UnityEngine.TestRunner/NUnitExtensions/Runner/CompositeWorkItem.cs:209)
UnityEngine.TestRunner.NUnitExtensions.Runner.CompositeWorkItem/<PerformWork>d__13:MoveNext () (at ./Library/PackageCache/com.unity.test-framework@7a3849e09bd0/UnityEngine.TestRunner/NUnitExtensions/Runner/CompositeWorkItem.cs:83)
UnityEngine.TestRunner.NUnitExtensions.Runner.CompositeWorkItem/<RunChildren>d__17:MoveNext () (at ./Library/PackageCache/com.unity.test-framework@7a3849e09bd0/UnityEngine.TestRunner/NUnitExtensions/Runner/CompositeWorkItem.cs:209)
UnityEngine.TestRunner.NUnitExtensions.Runner.CompositeWorkItem/<PerformWork>d__13:MoveNext () (at ./Library/PackageCache/com.unity.test-framework@7a3849e09bd0/UnityEngine.TestRunner/NUnitExtensions/Runner/CompositeWorkItem.cs:83)
UnityEngine.TestRunner.NUnitExtensions.Runner.CompositeWorkItem/<RunChildren>d__17:MoveNext () (at ./Library/PackageCache/com.unity.test-framework@7a3849e09bd0/UnityEngine.TestRunner/NUnitExtensions/Runner/CompositeWorkItem.cs:209)
UnityEngine.TestRunner.NUnitExtensions.Runner.CompositeWorkItem/<PerformWork>d__13:MoveNext () (at ./Library/PackageCache/com.unity.test-framework@7a3849e09bd0/UnityEngine.TestRunner/NUnitExtensions/Runner/CompositeWorkItem.cs:83)
UnityEngine.TestRunner.NUnitExtensions.Runner.CompositeWorkItem/<RunChildren>d__17:MoveNext () (at ./Library/PackageCache/com.unity.test-framework@7a3849e09bd0/UnityEngine.TestRunner/NUnitExtensions/Runner/CompositeWorkItem.cs:209)
UnityEngine.TestRunner.NUnitExtensions.Runner.CompositeWorkItem/<PerformWork>d__13:MoveNext () (at ./Library/PackageCache/com.unity.test-framework@7a3849e09bd0/UnityEngine.TestRunner/NUnitExtensions/Runner/CompositeWorkItem.cs:83)
UnityEngine.TestRunner.NUnitExtensions.Runner.CompositeWorkItem/<RunChildren>d__17:MoveNext () (at ./Library/PackageCache/com.unity.test-framework@7a3849e09bd0/UnityEngine.TestRunner/NUnitExtensions/Runner/CompositeWorkItem.cs:209)
UnityEngine.TestRunner.NUnitExtensions.Runner.CompositeWorkItem/<PerformWork>d__13:MoveNext () (at ./Library/PackageCache/com.unity.test-framework@7a3849e09bd0/UnityEngine.TestRunner/NUnitExtensions/Runner/CompositeWorkItem.cs:83)
UnityEngine.TestTools.TestRunner.PlaymodeTestsController/<TestRunnerCoroutine>d__25:MoveNext () (at ./Library/PackageCache/com.unity.test-framework@7a3849e09bd0/UnityEngine.TestRunner/TestRunner/PlaymodeTestsController.cs:100)
UnityEngine.SetupCoroutine:InvokeMoveNext (System.Collections.IEnumerator,intptr)

(Filename: Assets/Scripts/Editor/Testing/VarginhaBatchTestProgress.cs Line: 26)

QA test: Game.Tests.PlayMode.VarginhaStudentAllyTests.EveryRescuedStudentHasAnAllyProfile
UnityEngine.Debug:ExtractStackTraceNoAlloc (byte*,int,string)
UnityEngine.StackTraceUtility:ExtractStackTrace ()
UnityEngine.DebugLogHandler:Internal_Log (UnityEngine.LogType,UnityEngine.LogOption,string,UnityEngine.Object)
UnityEngine.DebugLogHandler:LogFormat (UnityEngine.LogType,UnityEngine.Object,string,object[])
UnityEngine.Logger:Log (UnityEngine.LogType,object)
UnityEngine.Debug:Log (object)
Game.Editor.Testing.VarginhaBatchTestProgress:TestStarted (UnityEditor.TestTools.TestRunner.Api.ITestAdaptor) (at Assets/Scripts/Editor/Testing/VarginhaBatchTestProgress.cs:22)
UnityEditor.TestTools.TestRunner.Api.CallbacksDelegator/<>c__DisplayClass12_0:<TestStarted>b__0 (UnityEditor.TestTools.TestRunner.Api.ICallbacks) (at ./Library/PackageCache/com.unity.test-framework@7a3849e09bd0/UnityEditor.TestRunner/Api/CallbacksDelegator.cs:81)
UnityEditor.TestTools.TestRunner.Api.CallbacksDelegator:TryInvokeAllCallbacks (System.Action`1<UnityEditor.TestTools.TestRunner.Api.ICallbacks>) (at ./Library/PackageCache/com.unity.test-framework@7a3849e09bd0/UnityEditor.TestRunner/Api/CallbacksDelegator.cs:135)
UnityEditor.TestTools.TestRunner.Api.CallbacksDelegator:TestStarted (NUnit.Framework.Interfaces.ITest) (at ./Library/PackageCache/com.unity.test-framework@7a3849e09bd0/UnityEditor.TestRunner/Api/CallbacksDelegator.cs:81)
UnityEngine.Events.InvokableCall`1<NUnit.Framework.Interfaces.ITest>:Invoke (NUnit.Framework.Interfaces.ITest)
UnityEngine.Events.UnityEvent`1<NUnit.Framework.Interfaces.ITest>:Invoke (NUnit.Framework.Interfaces.ITest)
UnityEngine.Events.InvokableCall`1<NUnit.Framework.Interfaces.ITest>:Invoke (NUnit.Framework.Interfaces.ITest)
UnityEngine.Events.UnityEvent`1<NUnit.Framework.Interfaces.ITest>:Invoke (NUnit.Framework.Interfaces.ITest)
UnityEngine.TestTools.TestRunner.TestListenerWrapper:TestStarted (NUnit.Framework.Interfaces.ITest) (at ./Library/PackageCache/com.unity.test-framework@7a3849e09bd0/UnityEngine.TestRunner/TestRunner/TestListenerWrapper.cs:19)
UnityEngine.TestRunner.NUnitExtensions.Runner.UnityWorkItem:Execute () (at ./Library/PackageCache/com.unity.test-framework@7a3849e09bd0/UnityEngine.TestRunner/NUnitExtensions/Runner/UnityWorkItem.cs:83)
UnityEngine.TestRunner.NUnitExtensions.Runner.CompositeWorkItem/<RunChildren>d__17:MoveNext () (at ./Library/PackageCache/com.unity.test-framework@7a3849e09bd0/UnityEngine.TestRunner/NUnitExtensions/Runner/CompositeWorkItem.cs:205)
UnityEngine.TestRunner.NUnitExtensions.Runner.CompositeWorkItem/<PerformWork>d__13:MoveNext () (at ./Library/PackageCache/com.unity.test-framework@7a3849e09bd0/UnityEngine.TestRunner/NUnitExtensions/Runner/CompositeWorkItem.cs:83)
UnityEngine.TestRunner.NUnitExtensions.Runner.CompositeWorkItem/<RunChildren>d__17:MoveNext () (at ./Library/PackageCache/com.unity.test-framework@7a3849e09bd0/UnityEngine.TestRunner/NUnitExtensions/Runner/CompositeWorkItem.cs:209)
UnityEngine.TestRunner.NUnitExtensions.Runner.CompositeWorkItem/<PerformWork>d__13:MoveNext () (at ./Library/PackageCache/com.unity.test-framework@7a3849e09bd0/UnityEngine.TestRunner/NUnitExtensions/Runner/CompositeWorkItem.cs:83)
UnityEngine.TestRunner.NUnitExtensions.Runner.CompositeWorkItem/<RunChildren>d__17:MoveNext () (at ./Library/PackageCache/com.unity.test-framework@7a3849e09bd0/UnityEngine.TestRunner/NUnitExtensions/Runner/CompositeWorkItem.cs:209)
UnityEngine.TestRunner.NUnitExtensions.Runner.CompositeWorkItem/<PerformWork>d__13:MoveNext () (at ./Library/PackageCache/com.unity.test-framework@7a3849e09bd0/UnityEngine.TestRunner/NUnitExtensions/Runner/CompositeWorkItem.cs:83)
UnityEngine.TestRunner.NUnitExtensions.Runner.CompositeWorkItem/<RunChildren>d__17:MoveNext () (at ./Library/PackageCache/com.unity.test-framework@7a3849e09bd0/UnityEngine.TestRunner/NUnitExtensions/Runner/CompositeWorkItem.cs:209)
UnityEngine.TestRunner.NUnitExtensions.Runner.CompositeWorkItem/<PerformWork>d__13:MoveNext () (at ./Library/PackageCache/com.unity.test-framework@7a3849e09bd0/UnityEngine.TestRunner/NUnitExtensions/Runner/CompositeWorkItem.cs:83)
UnityEngine.TestRunner.NUnitExtensions.Runner.CompositeWorkItem/<RunChildren>d__17:MoveNext () (at ./Library/PackageCache/com.unity.test-framework@7a3849e09bd0/UnityEngine.TestRunner/NUnitExtensions/Runner/CompositeWorkItem.cs:209)
UnityEngine.TestRunner.NUnitExtensions.Runner.CompositeWorkItem/<PerformWork>d__13:MoveNext () (at ./Library/PackageCache/com.unity.test-framework@7a3849e09bd0/UnityEngine.TestRunner/NUnitExtensions/Runner/CompositeWorkItem.cs:83)
UnityEngine.TestRunner.NUnitExtensions.Runner.CompositeWorkItem/<RunChildren>d__17:MoveNext () (at ./Library/PackageCache/com.unity.test-framework@7a3849e09bd0/UnityEngine.TestRunner/NUnitExtensions/Runner/CompositeWorkItem.cs:209)
UnityEngine.TestRunner.NUnitExtensions.Runner.CompositeWorkItem/<PerformWork>d__13:MoveNext () (at ./Library/PackageCache/com.unity.test-framework@7a3849e09bd0/UnityEngine.TestRunner/NUnitExtensions/Runner/CompositeWorkItem.cs:83)
UnityEngine.TestTools.TestRunner.PlaymodeTestsController/<TestRunnerCoroutine>d__25:MoveNext () (at ./Library/PackageCache/com.unity.test-framework@7a3849e09bd0/UnityEngine.TestRunner/TestRunner/PlaymodeTestsController.cs:100)
UnityEngine.SetupCoroutine:InvokeMoveNext (System.Collections.IEnumerator,intptr)

(Filename: Assets/Scripts/Editor/Testing/VarginhaBatchTestProgress.cs Line: 22)

QA result: Passed Game.Tests.PlayMode.VarginhaStudentAllyTests.EveryRescuedStudentHasAnAllyProfile
UnityEngine.Debug:ExtractStackTraceNoAlloc (byte*,int,string)
UnityEngine.StackTraceUtility:ExtractStackTrace ()
UnityEngine.DebugLogHandler:Internal_Log (UnityEngine.LogType,UnityEngine.LogOption,string,UnityEngine.Object)
UnityEngine.DebugLogHandler:LogFormat (UnityEngine.LogType,UnityEngine.Object,string,object[])
UnityEngine.Logger:Log (UnityEngine.LogType,object)
UnityEngine.Debug:Log (object)
Game.Editor.Testing.VarginhaBatchTestProgress:TestFinished (UnityEditor.TestTools.TestRunner.Api.ITestResultAdaptor) (at Assets/Scripts/Editor/Testing/VarginhaBatchTestProgress.cs:26)
UnityEditor.TestTools.TestRunner.Api.CallbacksDelegator/<>c__DisplayClass14_0:<TestFinished>b__0 (UnityEditor.TestTools.TestRunner.Api.ICallbacks) (at ./Library/PackageCache/com.unity.test-framework@7a3849e09bd0/UnityEditor.TestRunner/Api/CallbacksDelegator.cs:95)
UnityEditor.TestTools.TestRunner.Api.CallbacksDelegator:TryInvokeAllCallbacks (System.Action`1<UnityEditor.TestTools.TestRunner.Api.ICallbacks>) (at ./Library/PackageCache/com.unity.test-framework@7a3849e09bd0/UnityEditor.TestRunner/Api/CallbacksDelegator.cs:135)
UnityEditor.TestTools.TestRunner.Api.CallbacksDelegator:TestFinished (NUnit.Framework.Interfaces.ITestResult) (at ./Library/PackageCache/com.unity.test-framework@7a3849e09bd0/UnityEditor.TestRunner/Api/CallbacksDelegator.cs:95)
UnityEngine.Events.InvokableCall`1<NUnit.Framework.Interfaces.ITestResult>:Invoke (NUnit.Framework.Interfaces.ITestResult)
UnityEngine.Events.UnityEvent`1<NUnit.Framework.Interfaces.ITestResult>:Invoke (NUnit.Framework.Interfaces.ITestResult)
UnityEngine.Events.InvokableCall`1<NUnit.Framework.Interfaces.ITestResult>:Invoke (NUnit.Framework.Interfaces.ITestResult)
UnityEngine.Events.UnityEvent`1<NUnit.Framework.Interfaces.ITestResult>:Invoke (NUnit.Framework.Interfaces.ITestResult)
UnityEngine.TestTools.TestRunner.TestListenerWrapper:TestFinished (NUnit.Framework.Interfaces.ITestResult) (at ./Library/PackageCache/com.unity.test-framework@7a3849e09bd0/UnityEngine.TestRunner/TestRunner/TestListenerWrapper.cs:24)
UnityEngine.TestRunner.NUnitExtensions.Runner.UnityWorkItem:WorkItemComplete () (at ./Library/PackageCache/com.unity.test-framework@7a3849e09bd0/UnityEngine.TestRunner/NUnitExtensions/Runner/UnityWorkItem.cs:107)
UnityEngine.TestRunner.NUnitExtensions.Runner.DefaultTestWorkItem/<PerformWork>d__2:<>m__Finally1 () (at ./Library/PackageCache/com.unity.test-framework@7a3849e09bd0/UnityEngine.TestRunner/NUnitExtensions/Runner/DefaultTestWorkItem.cs:98)
UnityEngine.TestRunner.NUnitExtensions.Runner.DefaultTestWorkItem/<PerformWork>d__2:MoveNext () (at ./Library/PackageCache/com.unity.test-framework@7a3849e09bd0/UnityEngine.TestRunner/NUnitExtensions/Runner/DefaultTestWorkItem.cs:95)
UnityEngine.TestRunner.NUnitExtensions.Runner.CompositeWorkItem/<RunChildren>d__17:MoveNext () (at ./Library/PackageCache/com.unity.test-framework@7a3849e09bd0/UnityEngine.TestRunner/NUnitExtensions/Runner/CompositeWorkItem.cs:209)
UnityEngine.TestRunner.NUnitExtensions.Runner.CompositeWorkItem/<PerformWork>d__13:MoveNext () (at ./Library/PackageCache/com.unity.test-framework@7a3849e09bd0/UnityEngine.TestRunner/NUnitExtensions/Runner/CompositeWorkItem.cs:83)
UnityEngine.TestRunner.NUnitExtensions.Runner.CompositeWorkItem/<RunChildren>d__17:MoveNext () (at ./Library/PackageCache/com.unity.test-framework@7a3849e09bd0/UnityEngine.TestRunner/NUnitExtensions/Runner/CompositeWorkItem.cs:209)
UnityEngine.TestRunner.NUnitExtensions.Runner.CompositeWorkItem/<PerformWork>d__13:MoveNext () (at ./Library/PackageCache/com.unity.test-framework@7a3849e09bd0/UnityEngine.TestRunner/NUnitExtensions/Runner/CompositeWorkItem.cs:83)
UnityEngine.TestRunner.NUnitExtensions.Runner.CompositeWorkItem/<RunChildren>d__17:MoveNext () (at ./Library/PackageCache/com.unity.test-framework@7a3849e09bd0/UnityEngine.TestRunner/NUnitExtensions/Runner/CompositeWorkItem.cs:209)
UnityEngine.TestRunner.NUnitExtensions.Runner.CompositeWorkItem/<PerformWork>d__13:MoveNext () (at ./Library/PackageCache/com.unity.test-framework@7a3849e09bd0/UnityEngine.TestRunner/NUnitExtensions/Runner/CompositeWorkItem.cs:83)
UnityEngine.TestRunner.NUnitExtensions.Runner.CompositeWorkItem/<RunChildren>d__17:MoveNext () (at ./Library/PackageCache/com.unity.test-framework@7a3849e09bd0/UnityEngine.TestRunner/NUnitExtensions/Runner/CompositeWorkItem.cs:209)
UnityEngine.TestRunner.NUnitExtensions.Runner.CompositeWorkItem/<PerformWork>d__13:MoveNext () (at ./Library/PackageCache/com.unity.test-framework@7a3849e09bd0/UnityEngine.TestRunner/NUnitExtensions/Runner/CompositeWorkItem.cs:83)
UnityEngine.TestRunner.NUnitExtensions.Runner.CompositeWorkItem/<RunChildren>d__17:MoveNext () (at ./Library/PackageCache/com.unity.test-framework@7a3849e09bd0/UnityEngine.TestRunner/NUnitExtensions/Runner/CompositeWorkItem.cs:209)
UnityEngine.TestRunner.NUnitExtensions.Runner.CompositeWorkItem/<PerformWork>d__13:MoveNext () (at ./Library/PackageCache/com.unity.test-framework@7a3849e09bd0/UnityEngine.TestRunner/NUnitExtensions/Runner/CompositeWorkItem.cs:83)
UnityEngine.TestRunner.NUnitExtensions.Runner.CompositeWorkItem/<RunChildren>d__17:MoveNext () (at ./Library/PackageCache/com.unity.test-framework@7a3849e09bd0/UnityEngine.TestRunner/NUnitExtensions/Runner/CompositeWorkItem.cs:209)
UnityEngine.TestRunner.NUnitExtensions.Runner.CompositeWorkItem/<PerformWork>d__13:MoveNext () (at ./Library/PackageCache/com.unity.test-framework@7a3849e09bd0/UnityEngine.TestRunner/NUnitExtensions/Runner/CompositeWorkItem.cs:83)
UnityEngine.TestTools.TestRunner.PlaymodeTestsController/<TestRunnerCoroutine>d__25:MoveNext () (at ./Library/PackageCache/com.unity.test-framework@7a3849e09bd0/UnityEngine.TestRunner/TestRunner/PlaymodeTestsController.cs:100)
UnityEngine.SetupCoroutine:InvokeMoveNext (System.Collections.IEnumerator,intptr)

(Filename: Assets/Scripts/Editor/Testing/VarginhaBatchTestProgress.cs Line: 26)

QA test: Game.Tests.PlayMode.VarginhaStudentAllyTests.IndividualCooldownBlocksRepeatButLeavesOtherStudentsReady
UnityEngine.Debug:ExtractStackTraceNoAlloc (byte*,int,string)
UnityEngine.StackTraceUtility:ExtractStackTrace ()
UnityEngine.DebugLogHandler:Internal_Log (UnityEngine.LogType,UnityEngine.LogOption,string,UnityEngine.Object)
UnityEngine.DebugLogHandler:LogFormat (UnityEngine.LogType,UnityEngine.Object,string,object[])
UnityEngine.Logger:Log (UnityEngine.LogType,object)
UnityEngine.Debug:Log (object)
Game.Editor.Testing.VarginhaBatchTestProgress:TestStarted (UnityEditor.TestTools.TestRunner.Api.ITestAdaptor) (at Assets/Scripts/Editor/Testing/VarginhaBatchTestProgress.cs:22)
UnityEditor.TestTools.TestRunner.Api.CallbacksDelegator/<>c__DisplayClass12_0:<TestStarted>b__0 (UnityEditor.TestTools.TestRunner.Api.ICallbacks) (at ./Library/PackageCache/com.unity.test-framework@7a3849e09bd0/UnityEditor.TestRunner/Api/CallbacksDelegator.cs:81)
UnityEditor.TestTools.TestRunner.Api.CallbacksDelegator:TryInvokeAllCallbacks (System.Action`1<UnityEditor.TestTools.TestRunner.Api.ICallbacks>) (at ./Library/PackageCache/com.unity.test-framework@7a3849e09bd0/UnityEditor.TestRunner/Api/CallbacksDelegator.cs:135)
UnityEditor.TestTools.TestRunner.Api.CallbacksDelegator:TestStarted (NUnit.Framework.Interfaces.ITest) (at ./Library/PackageCache/com.unity.test-framework@7a3849e09bd0/UnityEditor.TestRunner/Api/CallbacksDelegator.cs:81)
UnityEngine.Events.InvokableCall`1<NUnit.Framework.Interfaces.ITest>:Invoke (NUnit.Framework.Interfaces.ITest)
UnityEngine.Events.UnityEvent`1<NUnit.Framework.Interfaces.ITest>:Invoke (NUnit.Framework.Interfaces.ITest)
UnityEngine.Events.InvokableCall`1<NUnit.Framework.Interfaces.ITest>:Invoke (NUnit.Framework.Interfaces.ITest)
UnityEngine.Events.UnityEvent`1<NUnit.Framework.Interfaces.ITest>:Invoke (NUnit.Framework.Interfaces.ITest)
UnityEngine.TestTools.TestRunner.TestListenerWrapper:TestStarted (NUnit.Framework.Interfaces.ITest) (at ./Library/PackageCache/com.unity.test-framework@7a3849e09bd0/UnityEngine.TestRunner/TestRunner/TestListenerWrapper.cs:19)
UnityEngine.TestRunner.NUnitExtensions.Runner.UnityWorkItem:Execute () (at ./Library/PackageCache/com.unity.test-framework@7a3849e09bd0/UnityEngine.TestRunner/NUnitExtensions/Runner/UnityWorkItem.cs:83)
UnityEngine.TestRunner.NUnitExtensions.Runner.CompositeWorkItem/<RunChildren>d__17:MoveNext () (at ./Library/PackageCache/com.unity.test-framework@7a3849e09bd0/UnityEngine.TestRunner/NUnitExtensions/Runner/CompositeWorkItem.cs:205)
UnityEngine.TestRunner.NUnitExtensions.Runner.CompositeWorkItem/<PerformWork>d__13:MoveNext () (at ./Library/PackageCache/com.unity.test-framework@7a3849e09bd0/UnityEngine.TestRunner/NUnitExtensions/Runner/CompositeWorkItem.cs:83)
UnityEngine.TestRunner.NUnitExtensions.Runner.CompositeWorkItem/<RunChildren>d__17:MoveNext () (at ./Library/PackageCache/com.unity.test-framework@7a3849e09bd0/UnityEngine.TestRunner/NUnitExtensions/Runner/CompositeWorkItem.cs:209)
UnityEngine.TestRunner.NUnitExtensions.Runner.CompositeWorkItem/<PerformWork>d__13:MoveNext () (at ./Library/PackageCache/com.unity.test-framework@7a3849e09bd0/UnityEngine.TestRunner/NUnitExtensions/Runner/CompositeWorkItem.cs:83)
UnityEngine.TestRunner.NUnitExtensions.Runner.CompositeWorkItem/<RunChildren>d__17:MoveNext () (at ./Library/PackageCache/com.unity.test-framework@7a3849e09bd0/UnityEngine.TestRunner/NUnitExtensions/Runner/CompositeWorkItem.cs:209)
UnityEngine.TestRunner.NUnitExtensions.Runner.CompositeWorkItem/<PerformWork>d__13:MoveNext () (at ./Library/PackageCache/com.unity.test-framework@7a3849e09bd0/UnityEngine.TestRunner/NUnitExtensions/Runner/CompositeWorkItem.cs:83)
UnityEngine.TestRunner.NUnitExtensions.Runner.CompositeWorkItem/<RunChildren>d__17:MoveNext () (at ./Library/PackageCache/com.unity.test-framework@7a3849e09bd0/UnityEngine.TestRunner/NUnitExtensions/Runner/CompositeWorkItem.cs:209)
UnityEngine.TestRunner.NUnitExtensions.Runner.CompositeWorkItem/<PerformWork>d__13:MoveNext () (at ./Library/PackageCache/com.unity.test-framework@7a3849e09bd0/UnityEngine.TestRunner/NUnitExtensions/Runner/CompositeWorkItem.cs:83)
UnityEngine.TestRunner.NUnitExtensions.Runner.CompositeWorkItem/<RunChildren>d__17:MoveNext () (at ./Library/PackageCache/com.unity.test-framework@7a3849e09bd0/UnityEngine.TestRunner/NUnitExtensions/Runner/CompositeWorkItem.cs:209)
UnityEngine.TestRunner.NUnitExtensions.Runner.CompositeWorkItem/<PerformWork>d__13:MoveNext () (at ./Library/PackageCache/com.unity.test-framework@7a3849e09bd0/UnityEngine.TestRunner/NUnitExtensions/Runner/CompositeWorkItem.cs:83)
UnityEngine.TestRunner.NUnitExtensions.Runner.CompositeWorkItem/<RunChildren>d__17:MoveNext () (at ./Library/PackageCache/com.unity.test-framework@7a3849e09bd0/UnityEngine.TestRunner/NUnitExtensions/Runner/CompositeWorkItem.cs:209)
UnityEngine.TestRunner.NUnitExtensions.Runner.CompositeWorkItem/<PerformWork>d__13:MoveNext () (at ./Library/PackageCache/com.unity.test-framework@7a3849e09bd0/UnityEngine.TestRunner/NUnitExtensions/Runner/CompositeWorkItem.cs:83)
UnityEngine.TestTools.TestRunner.PlaymodeTestsController/<TestRunnerCoroutine>d__25:MoveNext () (at ./Library/PackageCache/com.unity.test-framework@7a3849e09bd0/UnityEngine.TestRunner/TestRunner/PlaymodeTestsController.cs:100)
UnityEngine.SetupCoroutine:InvokeMoveNext (System.Collections.IEnumerator,intptr)

(Filename: Assets/Scripts/Editor/Testing/VarginhaBatchTestProgress.cs Line: 22)

There are no audio listeners in the scene. Please ensure there is always one audio listener in the scene
There are no audio listeners in the scene. Please ensure there is always one audio listener in the scene
There are no audio listeners in the scene. Please ensure there is always one audio listener in the scene
There are no audio listeners in the scene. Please ensure there is always one audio listener in the scene
There are no audio listeners in the scene. Please ensure there is always one audio listener in the scene
There are no audio listeners in the scene. Please ensure there is always one audio listener in the scene
There are no audio listeners in the scene. Please ensure there is always one audio listener in the scene
There are no audio listeners in the scene. Please ensure there is always one audio listener in the scene
There are no audio listeners in the scene. Please ensure there is always one audio listener in the scene
There are no audio listeners in the scene. Please ensure there is always one audio listener in the scene
There are no audio listeners in the scene. Please ensure there is always one audio listener in the scene
There are no audio listeners in the scene. Please ensure there is always one audio listener in the scene
There are no audio listeners in the scene. Please ensure there is always one audio listener in the scene
There are no audio listeners in the scene. Please ensure there is always one audio listener in the scene
There are no audio listeners in the scene. Please ensure there is always one audio listener in the scene
There are no audio listeners in the scene. Please ensure there is always one audio listener in the scene
There are no audio listeners in the scene. Please ensure there is always one audio listener in the scene
There are no audio listeners in the scene. Please ensure there is always one audio listener in the scene
There are no audio listeners in the scene. Please ensure there is always one audio listener in the scene
There are no audio listeners in the scene. Please ensure there is always one audio listener in the scene
There are no audio listeners in the scene. Please ensure there is always one audio listener in the scene
There are no audio listeners in the scene. Please ensure there is always one audio listener in the scene
There are no audio listeners in the scene. Please ensure there is always one audio listener in the scene
There are no audio listeners in the scene. Please ensure there is always one audio listener in the scene
There are no audio listeners in the scene. Please ensure there is always one audio listener in the scene
There are no audio listeners in the scene. Please ensure there is always one audio listener in the scene
There are no audio listeners in the scene. Please ensure there is always one audio listener in the scene
There are no audio listeners in the scene. Please ensure there is always one audio listener in the scene
There are no audio listeners in the scene. Please ensure there is always one audio listener in the scene
There are no audio listeners in the scene. Please ensure there is always one audio listener in the scene
There are no audio listeners in the scene. Please ensure there is always one audio listener in the scene
There are no audio listeners in the scene. Please ensure there is always one audio listener in the scene
There are no audio listeners in the scene. Please ensure there is always one audio listener in the scene
There are no audio listeners in the scene. Please ensure there is always one audio listener in the scene
There are no audio listeners in the scene. Please ensure there is always one audio listener in the scene
There are no audio listeners in the scene. Please ensure there is always one audio listener in the scene
There are no audio listeners in the scene. Please ensure there is always one audio listener in the scene
There are no audio listeners in the scene. Please ensure there is always one audio listener in the scene
There are no audio listeners in the scene. Please ensure there is always one audio listener in the scene
There are no audio listeners in the scene. Please ensure there is always one audio listener in the scene
There are no audio listeners in the scene. Please ensure there is always one audio listener in the scene
There are no audio listeners in the scene. Please ensure there is always one audio listener in the scene
There are no audio listeners in the scene. Please ensure there is always one audio listener in the scene
There are no audio listeners in the scene. Please ensure there is always one audio listener in the scene
There are no audio listeners in the scene. Please ensure there is always one audio listener in the scene
There are no audio listeners in the scene. Please ensure there is always one audio listener in the scene
There are no audio listeners in the scene. Please ensure there is always one audio listener in the scene
There are no audio listeners in the scene. Please ensure there is always one audio listener in the scene
There are no audio listeners in the scene. Please ensure there is always one audio listener in the scene
There are no audio listeners in the scene. Please ensure there is always one audio listener in the scene
There are no audio listeners in the scene. Please ensure there is always one audio listener in the scene
There are no audio listeners in the scene. Please ensure there is always one audio listener in the scene
There are no audio listeners in the scene. Please ensure there is always one audio listener in the scene
There are no audio listeners in the scene. Please ensure there is always one audio listener in the scene
There are no audio listeners in the scene. Please ensure there is always one audio listener in the scene
There are no audio listeners in the scene. Please ensure there is always one audio listener in the scene
There are no audio listeners in the scene. Please ensure there is always one audio listener in the scene
There are no audio listeners in the scene. Please ensure there is always one audio listener in the scene
There are no audio listeners in the scene. Please ensure there is always one audio listener in the scene
There are no audio listeners in the scene. Please ensure there is always one audio listener in the scene
There are no audio listeners in the scene. Please ensure there is always one audio listener in the scene
There are no audio listeners in the scene. Please ensure there is always one audio listener in the scene
There are no audio listeners in the scene. Please ensure there is always one audio listener in the scene
There are no audio listeners in the scene. Please ensure there is always one audio listener in the scene
There are no audio listeners in the scene. Please ensure there is always one audio listener in the scene
There are no audio listeners in the scene. Please ensure there is always one audio listener in the scene
There are no audio listeners in the scene. Please ensure there is always one audio listener in the scene
There are no audio listeners in the scene. Please ensure there is always one audio listener in the scene
There are no audio listeners in the scene. Please ensure there is always one audio listener in the scene
There are no audio listeners in the scene. Please ensure there is always one audio listener in the scene
There are no audio listeners in the scene. Please ensure there is always one audio listener in the scene
There are no audio listeners in the scene. Please ensure there is always one audio listener in the scene
There are no audio listeners in the scene. Please ensure there is always one audio listener in the scene
There are no audio listeners in the scene. Please ensure there is always one audio listener in the scene
There are no audio listeners in the scene. Please ensure there is always one audio listener in the scene
There are no audio listeners in the scene. Please ensure there is always one audio listener in the scene
There are no audio listeners in the scene. Please ensure there is always one audio listener in the scene
There are no audio listeners in the scene. Please ensure there is always one audio listener in the scene
There are no audio listeners in the scene. Please ensure there is always one audio listener in the scene
There are no audio listeners in the scene. Please ensure there is always one audio listener in the scene
There are no audio listeners in the scene. Please ensure there is always one audio listener in the scene
There are no audio listeners in the scene. Please ensure there is always one audio listener in the scene
There are no audio listeners in the scene. Please ensure there is always one audio listener in the scene
There are no audio listeners in the scene. Please ensure there is always one audio listener in the scene
There are no audio listeners in the scene. Please ensure there is always one audio listener in the scene
There are no audio listeners in the scene. Please ensure there is always one audio listener in the scene
There are no audio listeners in the scene. Please ensure there is always one audio listener in the scene
There are no audio listeners in the scene. Please ensure there is always one audio listener in the scene
There are no audio listeners in the scene. Please ensure there is always one audio listener in the scene
There are no audio listeners in the scene. Please ensure there is always one audio listener in the scene
There are no audio listeners in the scene. Please ensure there is always one audio listener in the scene
There are no audio listeners in the scene. Please ensure there is always one audio listener in the scene
There are no audio listeners in the scene. Please ensure there is always one audio listener in the scene
There are no audio listeners in the scene. Please ensure there is always one audio listener in the scene
There are no audio listeners in the scene. Please ensure there is always one audio listener in the scene
There are no audio listeners in the scene. Please ensure there is always one audio listener in the scene
There are no audio listeners in the scene. Please ensure there is always one audio listener in the scene
There are no audio listeners in the scene. Please ensure there is always one audio listener in the scene
There are no audio listeners in the scene. Please ensure there is always one audio listener in the scene
There are no audio listeners in the scene. Please ensure there is always one audio listener in the scene
There are no audio listeners in the scene. Please ensure there is always one audio listener in the scene
There are no audio listeners in the scene. Please ensure there is always one audio listener in the scene
There are no audio listeners in the scene. Please ensure there is always one audio listener in the scene
There are no audio listeners in the scene. Please ensure there is always one audio listener in the scene
There are no audio listeners in the scene. Please ensure there is always one audio listener in the scene
There are no audio listeners in the scene. Please ensure there is always one audio listener in the scene
There are no audio listeners in the scene. Please ensure there is always one audio listener in the scene
There are no audio listeners in the scene. Please ensure there is always one audio listener in the scene
There are no audio listeners in the scene. Please ensure there is always one audio listener in the scene
There are no audio listeners in the scene. Please ensure there is always one audio listener in the scene
There are no audio listeners in the scene. Please ensure there is always one audio listener in the scene
There are no audio listeners in the scene. Please ensure there is always one audio listener in the scene
There are no audio listeners in the scene. Please ensure there is always one audio listener in the scene
There are no audio listeners in the scene. Please ensure there is always one audio listener in the scene
There are no audio listeners in the scene. Please ensure there is always one audio listener in the scene
There are no audio listeners in the scene. Please ensure there is always one audio listener in the scene
There are no audio listeners in the scene. Please ensure there is always one audio listener in the scene
There are no audio listeners in the scene. Please ensure there is always one audio listener in the scene
There are no audio listeners in the scene. Please ensure there is always one audio listener in the scene
There are no audio listeners in the scene. Please ensure there is always one audio listener in the scene
There are no audio listeners in the scene. Please ensure there is always one audio listener in the scene
There are no audio listeners in the scene. Please ensure there is always one audio listener in the scene
There are no audio listeners in the scene. Please ensure there is always one audio listener in the scene
There are no audio listeners in the scene. Please ensure there is always one audio listener in the scene
There are no audio listeners in the scene. Please ensure there is always one audio listener in the scene
There are no audio listeners in the scene. Please ensure there is always one audio listener in the scene
There are no audio listeners in the scene. Please ensure there is always one audio listener in the scene
There are no audio listeners in the scene. Please ensure there is always one audio listener in the scene
There are no audio listeners in the scene. Please ensure there is always one audio listener in the scene
There are no audio listeners in the scene. Please ensure there is always one audio listener in the scene
There are no audio listeners in the scene. Please ensure there is always one audio listener in the scene
There are no audio listeners in the scene. Please ensure there is always one audio listener in the scene
There are no audio listeners in the scene. Please ensure there is always one audio listener in the scene
There are no audio listeners in the scene. Please ensure there is always one audio listener in the scene
There are no audio listeners in the scene. Please ensure there is always one audio listener in the scene
There are no audio listeners in the scene. Please ensure there is always one audio listener in the scene
There are no audio listeners in the scene. Please ensure there is always one audio listener in the scene
There are no audio listeners in the scene. Please ensure there is always one audio listener in the scene
There are no audio listeners in the scene. Please ensure there is always one audio listener in the scene
There are no audio listeners in the scene. Please ensure there is always one audio listener in the scene
There are no audio listeners in the scene. Please ensure there is always one audio listener in the scene
There are no audio listeners in the scene. Please ensure there is always one audio listener in the scene
There are no audio listeners in the scene. Please ensure there is always one audio listener in the scene
There are no audio listeners in the scene. Please ensure there is always one audio listener in the scene
There are no audio listeners in the scene. Please ensure there is always one audio listener in the scene
There are no audio listeners in the scene. Please ensure there is always one audio listener in the scene
There are no audio listeners in the scene. Please ensure there is always one audio listener in the scene
There are no audio listeners in the scene. Please ensure there is always one audio listener in the scene
There are no audio listeners in the scene. Please ensure there is always one audio listener in the scene
There are no audio listeners in the scene. Please ensure there is always one audio listener in the scene
There are no audio listeners in the scene. Please ensure there is always one audio listener in the scene
There are no audio listeners in the scene. Please ensure there is always one audio listener in the scene
There are no audio listeners in the scene. Please ensure there is always one audio listener in the scene
There are no audio listeners in the scene. Please ensure there is always one audio listener in the scene
There are no audio listeners in the scene. Please ensure there is always one audio listener in the scene
There are no audio listeners in the scene. Please ensure there is always one audio listener in the scene
There are no audio listeners in the scene. Please ensure there is always one audio listener in the scene
There are no audio listeners in the scene. Please ensure there is always one audio listener in the scene
There are no audio listeners in the scene. Please ensure there is always one audio listener in the scene
There are no audio listeners in the scene. Please ensure there is always one audio listener in the scene
There are no audio listeners in the scene. Please ensure there is always one audio listener in the scene
There are no audio listeners in the scene. Please ensure there is always one audio listener in the scene
There are no audio listeners in the scene. Please ensure there is always one audio listener in the scene
There are no audio listeners in the scene. Please ensure there is always one audio listener in the scene
There are no audio listeners in the scene. Please ensure there is always one audio listener in the scene
There are no audio listeners in the scene. Please ensure there is always one audio listener in the scene
There are no audio listeners in the scene. Please ensure there is always one audio listener in the scene
There are no audio listeners in the scene. Please ensure there is always one audio listener in the scene
There are no audio listeners in the scene. Please ensure there is always one audio listener in the scene
There are no audio listeners in the scene. Please ensure there is always one audio listener in the scene
There are no audio listeners in the scene. Please ensure there is always one audio listener in the scene
There are no audio listeners in the scene. Please ensure there is always one audio listener in the scene
There are no audio listeners in the scene. Please ensure there is always one audio listener in the scene
There are no audio listeners in the scene. Please ensure there is always one audio listener in the scene
There are no audio listeners in the scene. Please ensure there is always one audio listener in the scene
There are no audio listeners in the scene. Please ensure there is always one audio listener in the scene
There are no audio listeners in the scene. Please ensure there is always one audio listener in the scene
There are no audio listeners in the scene. Please ensure there is always one audio listener in the scene
There are no audio listeners in the scene. Please ensure there is always one audio listener in the scene
There are no audio listeners in the scene. Please ensure there is always one audio listener in the scene
There are no audio listeners in the scene. Please ensure there is always one audio listener in the scene
There are no audio listeners in the scene. Please ensure there is always one audio listener in the scene
There are no audio listeners in the scene. Please ensure there is always one audio listener in the scene
There are no audio listeners in the scene. Please ensure there is always one audio listener in the scene
There are no audio listeners in the scene. Please ensure there is always one audio listener in the scene
There are no audio listeners in the scene. Please ensure there is always one audio listener in the scene
There are no audio listeners in the scene. Please ensure there is always one audio listener in the scene
There are no audio listeners in the scene. Please ensure there is always one audio listener in the scene
There are no audio listeners in the scene. Please ensure there is always one audio listener in the scene
There are no audio listeners in the scene. Please ensure there is always one audio listener in the scene
There are no audio listeners in the scene. Please ensure there is always one audio listener in the scene
There are no audio listeners in the scene. Please ensure there is always one audio listener in the scene
There are no audio listeners in the scene. Please ensure there is always one audio listener in the scene
There are no audio listeners in the scene. Please ensure there is always one audio listener in the scene
There are no audio listeners in the scene. Please ensure there is always one audio listener in the scene
There are no audio listeners in the scene. Please ensure there is always one audio listener in the scene
There are no audio listeners in the scene. Please ensure there is always one audio listener in the scene
There are no audio listeners in the scene. Please ensure there is always one audio listener in the scene
There are no audio listeners in the scene. Please ensure there is always one audio listener in the scene
There are no audio listeners in the scene. Please ensure there is always one audio listener in the scene
There are no audio listeners in the scene. Please ensure there is always one audio listener in the scene
There are no audio listeners in the scene. Please ensure there is always one audio listener in the scene
There are no audio listeners in the scene. Please ensure there is always one audio listener in the scene
There are no audio listeners in the scene. Please ensure there is always one audio listener in the scene
There are no audio listeners in the scene. Please ensure there is always one audio listener in the scene
There are no audio listeners in the scene. Please ensure there is always one audio listener in the scene
There are no audio listeners in the scene. Please ensure there is always one audio listener in the scene
There are no audio listeners in the scene. Please ensure there is always one audio listener in the scene
There are no audio listeners in the scene. Please ensure there is always one audio listener in the scene
There are no audio listeners in the scene. Please ensure there is always one audio listener in the scene
There are no audio listeners in the scene. Please ensure there is always one audio listener in the scene
There are no audio listeners in the scene. Please ensure there is always one audio listener in the scene
There are no audio listeners in the scene. Please ensure there is always one audio listener in the scene
There are no audio listeners in the scene. Please ensure there is always one audio listener in the scene
There are no audio listeners in the scene. Please ensure there is always one audio listener in the scene
There are no audio listeners in the scene. Please ensure there is always one audio listener in the scene
There are no audio listeners in the scene. Please ensure there is always one audio listener in the scene
There are no audio listeners in the scene. Please ensure there is always one audio listener in the scene
There are no audio listeners in the scene. Please ensure there is always one audio listener in the scene
There are no audio listeners in the scene. Please ensure there is always one audio listener in the scene
There are no audio listeners in the scene. Please ensure there is always one audio listener in the scene
There are no audio listeners in the scene. Please ensure there is always one audio listener in the scene
There are no audio listeners in the scene. Please ensure there is always one audio listener in the scene
There are no audio listeners in the scene. Please ensure there is always one audio listener in the scene
There are no audio listeners in the scene. Please ensure there is always one audio listener in the scene
There are no audio listeners in the scene. Please ensure there is always one audio listener in the scene
There are no audio listeners in the scene. Please ensure there is always one audio listener in the scene
There are no audio listeners in the scene. Please ensure there is always one audio listener in the scene
There are no audio listeners in the scene. Please ensure there is always one audio listener in the scene
There are no audio listeners in the scene. Please ensure there is always one audio listener in the scene
There are no audio listeners in the scene. Please ensure there is always one audio listener in the scene
There are no audio listeners in the scene. Please ensure there is always one audio listener in the scene
There are no audio listeners in the scene. Please ensure there is always one audio listener in the scene
There are no audio listeners in the scene. Please ensure there is always one audio listener in the scene
There are no audio listeners in the scene. Please ensure there is always one audio listener in the scene
There are no audio listeners in the scene. Please ensure there is always one audio listener in the scene
There are no audio listeners in the scene. Please ensure there is always one audio listener in the scene
There are no audio listeners in the scene. Please ensure there is always one audio listener in the scene
There are no audio listeners in the scene. Please ensure there is always one audio listener in the scene
There are no audio listeners in the scene. Please ensure there is always one audio listener in the scene
There are no audio listeners in the scene. Please ensure there is always one audio listener in the scene
There are no audio listeners in the scene. Please ensure there is always one audio listener in the scene
There are no audio listeners in the scene. Please ensure there is always one audio listener in the scene
There are no audio listeners in the scene. Please ensure there is always one audio listener in the scene
There are no audio listeners in the scene. Please ensure there is always one audio listener in the scene
There are no audio listeners in the scene. Please ensure there is always one audio listener in the scene
There are no audio listeners in the scene. Please ensure there is always one audio listener in the scene
There are no audio listeners in the scene. Please ensure there is always one audio listener in the scene
There are no audio listeners in the scene. Please ensure there is always one audio listener in the scene
There are no audio listeners in the scene. Please ensure there is always one audio listener in the scene
There are no audio listeners in the scene. Please ensure there is always one audio listener in the scene
There are no audio listeners in the scene. Please ensure there is always one audio listener in the scene
There are no audio listeners in the scene. Please ensure there is always one audio listener in the scene
There are no audio listeners in the scene. Please ensure there is always one audio listener in the scene
There are no audio listeners in the scene. Please ensure there is always one audio listener in the scene
There are no audio listeners in the scene. Please ensure there is always one audio listener in the scene
There are no audio listeners in the scene. Please ensure there is always one audio listener in the scene
There are no audio listeners in the scene. Please ensure there is always one audio listener in the scene
There are no audio listeners in the scene. Please ensure there is always one audio listener in the scene
There are no audio listeners in the scene. Please ensure there is always one audio listener in the scene
There are no audio listeners in the scene. Please ensure there is always one audio listener in the scene
There are no audio listeners in the scene. Please ensure there is always one audio listener in the scene
There are no audio listeners in the scene. Please ensure there is always one audio listener in the scene
There are no audio listeners in the scene. Please ensure there is always one audio listener in the scene
There are no audio listeners in the scene. Please ensure there is always one audio listener in the scene
There are no audio listeners in the scene. Please ensure there is always one audio listener in the scene
There are no audio listeners in the scene. Please ensure there is always one audio listener in the scene
There are no audio listeners in the scene. Please ensure there is always one audio listener in the scene
There are no audio listeners in the scene. Please ensure there is always one audio listener in the scene
There are no audio listeners in the scene. Please ensure there is always one audio listener in the scene
There are no audio listeners in the scene. Please ensure there is always one audio listener in the scene
There are no audio listeners in the scene. Please ensure there is always one audio listener in the scene
There are no audio listeners in the scene. Please ensure there is always one audio listener in the scene
There are no audio listeners in the scene. Please ensure there is always one audio listener in the scene
There are no audio listeners in the scene. Please ensure there is always one audio listener in the scene
There are no audio listeners in the scene. Please ensure there is always one audio listener in the scene
There are no audio listeners in the scene. Please ensure there is always one audio listener in the scene
There are no audio listeners in the scene. Please ensure there is always one audio listener in the scene
There are no audio listeners in the scene. Please ensure there is always one audio listener in the scene
There are no audio listeners in the scene. Please ensure there is always one audio listener in the scene
There are no audio listeners in the scene. Please ensure there is always one audio listener in the scene
There are no audio listeners in the scene. Please ensure there is always one audio listener in the scene
There are no audio listeners in the scene. Please ensure there is always one audio listener in the scene
There are no audio listeners in the scene. Please ensure there is always one audio listener in the scene
There are no audio listeners in the scene. Please ensure there is always one audio listener in the scene
There are no audio listeners in the scene. Please ensure there is always one audio listener in the scene
There are no audio listeners in the scene. Please ensure there is always one audio listener in the scene
There are no audio listeners in the scene. Please ensure there is always one audio listener in the scene
There are no audio listeners in the scene. Please ensure there is always one audio listener in the scene
There are no audio listeners in the scene. Please ensure there is always one audio listener in the scene
There are no audio listeners in the scene. Please ensure there is always one audio listener in the scene
There are no audio listeners in the scene. Please ensure there is always one audio listener in the scene
There are no audio listeners in the scene. Please ensure there is always one audio listener in the scene
There are no audio listeners in the scene. Please ensure there is always one audio listener in the scene
There are no audio listeners in the scene. Please ensure there is always one audio listener in the scene
There are no audio listeners in the scene. Please ensure there is always one audio listener in the scene
There are no audio listeners in the scene. Please ensure there is always one audio listener in the scene
There are no audio listeners in the scene. Please ensure there is always one audio listener in the scene
There are no audio listeners in the scene. Please ensure there is always one audio listener in the scene
There are no audio listeners in the scene. Please ensure there is always one audio listener in the scene
There are no audio listeners in the scene. Please ensure there is always one audio listener in the scene
There are no audio listeners in the scene. Please ensure there is always one audio listener in the scene
There are no audio listeners in the scene. Please ensure there is always one audio listener in the scene
There are no audio listeners in the scene. Please ensure there is always one audio listener in the scene
There are no audio listeners in the scene. Please ensure there is always one audio listener in the scene
There are no audio listeners in the scene. Please ensure there is always one audio listener in the scene
There are no audio listeners in the scene. Please ensure there is always one audio listener in the scene
There are no audio listeners in the scene. Please ensure there is always one audio listener in the scene
There are no audio listeners in the scene. Please ensure there is always one audio listener in the scene
There are no audio listeners in the scene. Please ensure there is always one audio listener in the scene
There are no audio listeners in the scene. Please ensure there is always one audio listener in the scene
There are no audio listeners in the scene. Please ensure there is always one audio listener in the scene
There are no audio listeners in the scene. Please ensure there is always one audio listener in the scene
There are no audio listeners in the scene. Please ensure there is always one audio listener in the scene
There are no audio listeners in the scene. Please ensure there is always one audio listener in the scene
There are no audio listeners in the scene. Please ensure there is always one audio listener in the scene
There are no audio listeners in the scene. Please ensure there is always one audio listener in the scene
There are no audio listeners in the scene. Please ensure there is always one audio listener in the scene
There are no audio listeners in the scene. Please ensure there is always one audio listener in the scene
There are no audio listeners in the scene. Please ensure there is always one audio listener in the scene
There are no audio listeners in the scene. Please ensure there is always one audio listener in the scene
There are no audio listeners in the scene. Please ensure there is always one audio listener in the scene
There are no audio listeners in the scene. Please ensure there is always one audio listener in the scene
There are no audio listeners in the scene. Please ensure there is always one audio listener in the scene
There are no audio listeners in the scene. Please ensure there is always one audio listener in the scene
There are no audio listeners in the scene. Please ensure there is always one audio listener in the scene
There are no audio listeners in the scene. Please ensure there is always one audio listener in the scene
There are no audio listeners in the scene. Please ensure there is always one audio listener in the scene
There are no audio listeners in the scene. Please ensure there is always one audio listener in the scene
There are no audio listeners in the scene. Please ensure there is always one audio listener in the scene
There are no audio listeners in the scene. Please ensure there is always one audio listener in the scene
There are no audio listeners in the scene. Please ensure there is always one audio listener in the scene
There are no audio listeners in the scene. Please ensure there is always one audio listener in the scene
There are no audio listeners in the scene. Please ensure there is always one audio listener in the scene
There are no audio listeners in the scene. Please ensure there is always one audio listener in the scene
There are no audio listeners in the scene. Please ensure there is always one audio listener in the scene
There are no audio listeners in the scene. Please ensure there is always one audio listener in the scene
There are no audio listeners in the scene. Please ensure there is always one audio listener in the scene
There are no audio listeners in the scene. Please ensure there is always one audio listener in the scene
There are no audio listeners in the scene. Please ensure there is always one audio listener in the scene
There are no audio listeners in the scene. Please ensure there is always one audio listener in the scene
There are no audio listeners in the scene. Please ensure there is always one audio listener in the scene
There are no audio listeners in the scene. Please ensure there is always one audio listener in the scene
There are no audio listeners in the scene. Please ensure there is always one audio listener in the scene
There are no audio listeners in the scene. Please ensure there is always one audio listener in the scene
There are no audio listeners in the scene. Please ensure there is always one audio listener in the scene
There are no audio listeners in the scene. Please ensure there is always one audio listener in the scene
There are no audio listeners in the scene. Please ensure there is always one audio listener in the scene
There are no audio listeners in the scene. Please ensure there is always one audio listener in the scene
TrimDiskCacheJob: Current cache size 0mb
QA result: Passed Game.Tests.PlayMode.VarginhaStudentAllyTests.IndividualCooldownBlocksRepeatButLeavesOtherStudentsReady
UnityEngine.Debug:ExtractStackTraceNoAlloc (byte*,int,string)
UnityEngine.StackTraceUtility:ExtractStackTrace ()
UnityEngine.DebugLogHandler:Internal_Log (UnityEngine.LogType,UnityEngine.LogOption,string,UnityEngine.Object)
UnityEngine.DebugLogHandler:LogFormat (UnityEngine.LogType,UnityEngine.Object,string,object[])
UnityEngine.Logger:Log (UnityEngine.LogType,object)
UnityEngine.Debug:Log (object)
Game.Editor.Testing.VarginhaBatchTestProgress:TestFinished (UnityEditor.TestTools.TestRunner.Api.ITestResultAdaptor) (at Assets/Scripts/Editor/Testing/VarginhaBatchTestProgress.cs:26)
UnityEditor.TestTools.TestRunner.Api.CallbacksDelegator/<>c__DisplayClass14_0:<TestFinished>b__0 (UnityEditor.TestTools.TestRunner.Api.ICallbacks) (at ./Library/PackageCache/com.unity.test-framework@7a3849e09bd0/UnityEditor.TestRunner/Api/CallbacksDelegator.cs:95)
UnityEditor.TestTools.TestRunner.Api.CallbacksDelegator:TryInvokeAllCallbacks (System.Action`1<UnityEditor.TestTools.TestRunner.Api.ICallbacks>) (at ./Library/PackageCache/com.unity.test-framework@7a3849e09bd0/UnityEditor.TestRunner/Api/CallbacksDelegator.cs:135)
UnityEditor.TestTools.TestRunner.Api.CallbacksDelegator:TestFinished (NUnit.Framework.Interfaces.ITestResult) (at ./Library/PackageCache/com.unity.test-framework@7a3849e09bd0/UnityEditor.TestRunner/Api/CallbacksDelegator.cs:95)
UnityEngine.Events.InvokableCall`1<NUnit.Framework.Interfaces.ITestResult>:Invoke (NUnit.Framework.Interfaces.ITestResult)
UnityEngine.Events.UnityEvent`1<NUnit.Framework.Interfaces.ITestResult>:Invoke (NUnit.Framework.Interfaces.ITestResult)
UnityEngine.Events.InvokableCall`1<NUnit.Framework.Interfaces.ITestResult>:Invoke (NUnit.Framework.Interfaces.ITestResult)
UnityEngine.Events.UnityEvent`1<NUnit.Framework.Interfaces.ITestResult>:Invoke (NUnit.Framework.Interfaces.ITestResult)
UnityEngine.TestTools.TestRunner.TestListenerWrapper:TestFinished (NUnit.Framework.Interfaces.ITestResult) (at ./Library/PackageCache/com.unity.test-framework@7a3849e09bd0/UnityEngine.TestRunner/TestRunner/TestListenerWrapper.cs:24)
UnityEngine.TestRunner.NUnitExtensions.Runner.UnityWorkItem:WorkItemComplete () (at ./Library/PackageCache/com.unity.test-framework@7a3849e09bd0/UnityEngine.TestRunner/NUnitExtensions/Runner/UnityWorkItem.cs:107)
UnityEngine.TestRunner.NUnitExtensions.Runner.CoroutineTestWorkItem/<PerformWork>d__7:<>m__Finally1 () (at ./Library/PackageCache/com.unity.test-framework@7a3849e09bd0/UnityEngine.TestRunner/NUnitExtensions/Runner/CoroutineTestWorkItem.cs:67)
UnityEngine.TestRunner.NUnitExtensions.Runner.CoroutineTestWorkItem/<PerformWork>d__7:MoveNext () (at ./Library/PackageCache/com.unity.test-framework@7a3849e09bd0/UnityEngine.TestRunner/NUnitExtensions/Runner/CoroutineTestWorkItem.cs:64)
UnityEngine.TestRunner.NUnitExtensions.Runner.CompositeWorkItem/<RunChildren>d__17:MoveNext () (at ./Library/PackageCache/com.unity.test-framework@7a3849e09bd0/UnityEngine.TestRunner/NUnitExtensions/Runner/CompositeWorkItem.cs:209)
UnityEngine.TestRunner.NUnitExtensions.Runner.CompositeWorkItem/<PerformWork>d__13:MoveNext () (at ./Library/PackageCache/com.unity.test-framework@7a3849e09bd0/UnityEngine.TestRunner/NUnitExtensions/Runner/CompositeWorkItem.cs:83)
UnityEngine.TestRunner.NUnitExtensions.Runner.CompositeWorkItem/<RunChildren>d__17:MoveNext () (at ./Library/PackageCache/com.unity.test-framework@7a3849e09bd0/UnityEngine.TestRunner/NUnitExtensions/Runner/CompositeWorkItem.cs:209)
UnityEngine.TestRunner.NUnitExtensions.Runner.CompositeWorkItem/<PerformWork>d__13:MoveNext () (at ./Library/PackageCache/com.unity.test-framework@7a3849e09bd0/UnityEngine.TestRunner/NUnitExtensions/Runner/CompositeWorkItem.cs:83)
UnityEngine.TestRunner.NUnitExtensions.Runner.CompositeWorkItem/<RunChildren>d__17:MoveNext () (at ./Library/PackageCache/com.unity.test-framework@7a3849e09bd0/UnityEngine.TestRunner/NUnitExtensions/Runner/CompositeWorkItem.cs:209)
UnityEngine.TestRunner.NUnitExtensions.Runner.CompositeWorkItem/<PerformWork>d__13:MoveNext () (at ./Library/PackageCache/com.unity.test-framework@7a3849e09bd0/UnityEngine.TestRunner/NUnitExtensions/Runner/CompositeWorkItem.cs:83)
UnityEngine.TestRunner.NUnitExtensions.Runner.CompositeWorkItem/<RunChildren>d__17:MoveNext () (at ./Library/PackageCache/com.unity.test-framework@7a3849e09bd0/UnityEngine.TestRunner/NUnitExtensions/Runner/CompositeWorkItem.cs:209)
UnityEngine.TestRunner.NUnitExtensions.Runner.CompositeWorkItem/<PerformWork>d__13:MoveNext () (at ./Library/PackageCache/com.unity.test-framework@7a3849e09bd0/UnityEngine.TestRunner/NUnitExtensions/Runner/CompositeWorkItem.cs:83)
UnityEngine.TestRunner.NUnitExtensions.Runner.CompositeWorkItem/<RunChildren>d__17:MoveNext () (at ./Library/PackageCache/com.unity.test-framework@7a3849e09bd0/UnityEngine.TestRunner/NUnitExtensions/Runner/CompositeWorkItem.cs:209)
UnityEngine.TestRunner.NUnitExtensions.Runner.CompositeWorkItem/<PerformWork>d__13:MoveNext () (at ./Library/PackageCache/com.unity.test-framework@7a3849e09bd0/UnityEngine.TestRunner/NUnitExtensions/Runner/CompositeWorkItem.cs:83)
UnityEngine.TestRunner.NUnitExtensions.Runner.CompositeWorkItem/<RunChildren>d__17:MoveNext () (at ./Library/PackageCache/com.unity.test-framework@7a3849e09bd0/UnityEngine.TestRunner/NUnitExtensions/Runner/CompositeWorkItem.cs:209)
UnityEngine.TestRunner.NUnitExtensions.Runner.CompositeWorkItem/<PerformWork>d__13:MoveNext () (at ./Library/PackageCache/com.unity.test-framework@7a3849e09bd0/UnityEngine.TestRunner/NUnitExtensions/Runner/CompositeWorkItem.cs:83)
UnityEngine.TestTools.TestRunner.PlaymodeTestsController/<TestRunnerCoroutine>d__25:MoveNext () (at ./Library/PackageCache/com.unity.test-framework@7a3849e09bd0/UnityEngine.TestRunner/TestRunner/PlaymodeTestsController.cs:100)
UnityEngine.SetupCoroutine:InvokeMoveNext (System.Collections.IEnumerator,intptr)

(Filename: Assets/Scripts/Editor/Testing/VarginhaBatchTestProgress.cs Line: 26)

QA test: Game.Tests.PlayMode.VarginhaStudentAllyTests.InputLockFreezesPendingPowerAndItsManualCooldown
UnityEngine.Debug:ExtractStackTraceNoAlloc (byte*,int,string)
UnityEngine.StackTraceUtility:ExtractStackTrace ()
UnityEngine.DebugLogHandler:Internal_Log (UnityEngine.LogType,UnityEngine.LogOption,string,UnityEngine.Object)
UnityEngine.DebugLogHandler:LogFormat (UnityEngine.LogType,UnityEngine.Object,string,object[])
UnityEngine.Logger:Log (UnityEngine.LogType,object)
UnityEngine.Debug:Log (object)
Game.Editor.Testing.VarginhaBatchTestProgress:TestStarted (UnityEditor.TestTools.TestRunner.Api.ITestAdaptor) (at Assets/Scripts/Editor/Testing/VarginhaBatchTestProgress.cs:22)
UnityEditor.TestTools.TestRunner.Api.CallbacksDelegator/<>c__DisplayClass12_0:<TestStarted>b__0 (UnityEditor.TestTools.TestRunner.Api.ICallbacks) (at ./Library/PackageCache/com.unity.test-framework@7a3849e09bd0/UnityEditor.TestRunner/Api/CallbacksDelegator.cs:81)
UnityEditor.TestTools.TestRunner.Api.CallbacksDelegator:TryInvokeAllCallbacks (System.Action`1<UnityEditor.TestTools.TestRunner.Api.ICallbacks>) (at ./Library/PackageCache/com.unity.test-framework@7a3849e09bd0/UnityEditor.TestRunner/Api/CallbacksDelegator.cs:135)
UnityEditor.TestTools.TestRunner.Api.CallbacksDelegator:TestStarted (NUnit.Framework.Interfaces.ITest) (at ./Library/PackageCache/com.unity.test-framework@7a3849e09bd0/UnityEditor.TestRunner/Api/CallbacksDelegator.cs:81)
UnityEngine.Events.InvokableCall`1<NUnit.Framework.Interfaces.ITest>:Invoke (NUnit.Framework.Interfaces.ITest)
UnityEngine.Events.UnityEvent`1<NUnit.Framework.Interfaces.ITest>:Invoke (NUnit.Framework.Interfaces.ITest)
UnityEngine.Events.InvokableCall`1<NUnit.Framework.Interfaces.ITest>:Invoke (NUnit.Framework.Interfaces.ITest)
UnityEngine.Events.UnityEvent`1<NUnit.Framework.Interfaces.ITest>:Invoke (NUnit.Framework.Interfaces.ITest)
UnityEngine.TestTools.TestRunner.TestListenerWrapper:TestStarted (NUnit.Framework.Interfaces.ITest) (at ./Library/PackageCache/com.unity.test-framework@7a3849e09bd0/UnityEngine.TestRunner/TestRunner/TestListenerWrapper.cs:19)
UnityEngine.TestRunner.NUnitExtensions.Runner.UnityWorkItem:Execute () (at ./Library/PackageCache/com.unity.test-framework@7a3849e09bd0/UnityEngine.TestRunner/NUnitExtensions/Runner/UnityWorkItem.cs:83)
UnityEngine.TestRunner.NUnitExtensions.Runner.CompositeWorkItem/<RunChildren>d__17:MoveNext () (at ./Library/PackageCache/com.unity.test-framework@7a3849e09bd0/UnityEngine.TestRunner/NUnitExtensions/Runner/CompositeWorkItem.cs:205)
UnityEngine.TestRunner.NUnitExtensions.Runner.CompositeWorkItem/<PerformWork>d__13:MoveNext () (at ./Library/PackageCache/com.unity.test-framework@7a3849e09bd0/UnityEngine.TestRunner/NUnitExtensions/Runner/CompositeWorkItem.cs:83)
UnityEngine.TestRunner.NUnitExtensions.Runner.CompositeWorkItem/<RunChildren>d__17:MoveNext () (at ./Library/PackageCache/com.unity.test-framework@7a3849e09bd0/UnityEngine.TestRunner/NUnitExtensions/Runner/CompositeWorkItem.cs:209)
UnityEngine.TestRunner.NUnitExtensions.Runner.CompositeWorkItem/<PerformWork>d__13:MoveNext () (at ./Library/PackageCache/com.unity.test-framework@7a3849e09bd0/UnityEngine.TestRunner/NUnitExtensions/Runner/CompositeWorkItem.cs:83)
UnityEngine.TestRunner.NUnitExtensions.Runner.CompositeWorkItem/<RunChildren>d__17:MoveNext () (at ./Library/PackageCache/com.unity.test-framework@7a3849e09bd0/UnityEngine.TestRunner/NUnitExtensions/Runner/CompositeWorkItem.cs:209)
UnityEngine.TestRunner.NUnitExtensions.Runner.CompositeWorkItem/<PerformWork>d__13:MoveNext () (at ./Library/PackageCache/com.unity.test-framework@7a3849e09bd0/UnityEngine.TestRunner/NUnitExtensions/Runner/CompositeWorkItem.cs:83)
UnityEngine.TestRunner.NUnitExtensions.Runner.CompositeWorkItem/<RunChildren>d__17:MoveNext () (at ./Library/PackageCache/com.unity.test-framework@7a3849e09bd0/UnityEngine.TestRunner/NUnitExtensions/Runner/CompositeWorkItem.cs:209)
UnityEngine.TestRunner.NUnitExtensions.Runner.CompositeWorkItem/<PerformWork>d__13:MoveNext () (at ./Library/PackageCache/com.unity.test-framework@7a3849e09bd0/UnityEngine.TestRunner/NUnitExtensions/Runner/CompositeWorkItem.cs:83)
UnityEngine.TestRunner.NUnitExtensions.Runner.CompositeWorkItem/<RunChildren>d__17:MoveNext () (at ./Library/PackageCache/com.unity.test-framework@7a3849e09bd0/UnityEngine.TestRunner/NUnitExtensions/Runner/CompositeWorkItem.cs:209)
UnityEngine.TestRunner.NUnitExtensions.Runner.CompositeWorkItem/<PerformWork>d__13:MoveNext () (at ./Library/PackageCache/com.unity.test-framework@7a3849e09bd0/UnityEngine.TestRunner/NUnitExtensions/Runner/CompositeWorkItem.cs:83)
UnityEngine.TestRunner.NUnitExtensions.Runner.CompositeWorkItem/<RunChildren>d__17:MoveNext () (at ./Library/PackageCache/com.unity.test-framework@7a3849e09bd0/UnityEngine.TestRunner/NUnitExtensions/Runner/CompositeWorkItem.cs:209)
UnityEngine.TestRunner.NUnitExtensions.Runner.CompositeWorkItem/<PerformWork>d__13:MoveNext () (at ./Library/PackageCache/com.unity.test-framework@7a3849e09bd0/UnityEngine.TestRunner/NUnitExtensions/Runner/CompositeWorkItem.cs:83)
UnityEngine.TestTools.TestRunner.PlaymodeTestsController/<TestRunnerCoroutine>d__25:MoveNext () (at ./Library/PackageCache/com.unity.test-framework@7a3849e09bd0/UnityEngine.TestRunner/TestRunner/PlaymodeTestsController.cs:100)
UnityEngine.SetupCoroutine:InvokeMoveNext (System.Collections.IEnumerator,intptr)

(Filename: Assets/Scripts/Editor/Testing/VarginhaBatchTestProgress.cs Line: 22)

There are no audio listeners in the scene. Please ensure there is always one audio listener in the scene
There are no audio listeners in the scene. Please ensure there is always one audio listener in the scene
There are no audio listeners in the scene. Please ensure there is always one audio listener in the scene
There are no audio listeners in the scene. Please ensure there is always one audio listener in the scene
There are no audio listeners in the scene. Please ensure there is always one audio listener in the scene
There are no audio listeners in the scene. Please ensure there is always one audio listener in the scene
There are no audio listeners in the scene. Please ensure there is always one audio listener in the scene
There are no audio listeners in the scene. Please ensure there is always one audio listener in the scene
There are no audio listeners in the scene. Please ensure there is always one audio listener in the scene
There are no audio listeners in the scene. Please ensure there is always one audio listener in the scene
There are no audio listeners in the scene. Please ensure there is always one audio listener in the scene
There are no audio listeners in the scene. Please ensure there is always one audio listener in the scene
There are no audio listeners in the scene. Please ensure there is always one audio listener in the scene
There are no audio listeners in the scene. Please ensure there is always one audio listener in the scene
There are no audio listeners in the scene. Please ensure there is always one audio listener in the scene
There are no audio listeners in the scene. Please ensure there is always one audio listener in the scene
There are no audio listeners in the scene. Please ensure there is always one audio listener in the scene
There are no audio listeners in the scene. Please ensure there is always one audio listener in the scene
There are no audio listeners in the scene. Please ensure there is always one audio listener in the scene
There are no audio listeners in the scene. Please ensure there is always one audio listener in the scene
There are no audio listeners in the scene. Please ensure there is always one audio listener in the scene
There are no audio listeners in the scene. Please ensure there is always one audio listener in the scene
There are no audio listeners in the scene. Please ensure there is always one audio listener in the scene
There are no audio listeners in the scene. Please ensure there is always one audio listener in the scene
There are no audio listeners in the scene. Please ensure there is always one audio listener in the scene
There are no audio listeners in the scene. Please ensure there is always one audio listener in the scene
There are no audio listeners in the scene. Please ensure there is always one audio listener in the scene
There are no audio listeners in the scene. Please ensure there is always one audio listener in the scene
There are no audio listeners in the scene. Please ensure there is always one audio listener in the scene
There are no audio listeners in the scene. Please ensure there is always one audio listener in the scene
There are no audio listeners in the scene. Please ensure there is always one audio listener in the scene
There are no audio listeners in the scene. Please ensure there is always one audio listener in the scene
There are no audio listeners in the scene. Please ensure there is always one audio listener in the scene
There are no audio listeners in the scene. Please ensure there is always one audio listener in the scene
There are no audio listeners in the scene. Please ensure there is always one audio listener in the scene
There are no audio listeners in the scene. Please ensure there is always one audio listener in the scene
There are no audio listeners in the scene. Please ensure there is always one audio listener in the scene
There are no audio listeners in the scene. Please ensure there is always one audio listener in the scene
There are no audio listeners in the scene. Please ensure there is always one audio listener in the scene
There are no audio listeners in the scene. Please ensure there is always one audio listener in the scene
There are no audio listeners in the scene. Please ensure there is always one audio listener in the scene
There are no audio listeners in the scene. Please ensure there is always one audio listener in the scene
There are no audio listeners in the scene. Please ensure there is always one audio listener in the scene
There are no audio listeners in the scene. Please ensure there is always one audio listener in the scene
There are no audio listeners in the scene. Please ensure there is always one audio listener in the scene
There are no audio listeners in the scene. Please ensure there is always one audio listener in the scene
There are no audio listeners in the scene. Please ensure there is always one audio listener in the scene
There are no audio listeners in the scene. Please ensure there is always one audio listener in the scene
There are no audio listeners in the scene. Please ensure there is always one audio listener in the scene
There are no audio listeners in the scene. Please ensure there is always one audio listener in the scene
There are no audio listeners in the scene. Please ensure there is always one audio listener in the scene
There are no audio listeners in the scene. Please ensure there is always one audio listener in the scene
There are no audio listeners in the scene. Please ensure there is always one audio listener in the scene
There are no audio listeners in the scene. Please ensure there is always one audio listener in the scene
There are no audio listeners in the scene. Please ensure there is always one audio listener in the scene
There are no audio listeners in the scene. Please ensure there is always one audio listener in the scene
There are no audio listeners in the scene. Please ensure there is always one audio listener in the scene
There are no audio listeners in the scene. Please ensure there is always one audio listener in the scene
There are no audio listeners in the scene. Please ensure there is always one audio listener in the scene
There are no audio listeners in the scene. Please ensure there is always one audio listener in the scene
There are no audio listeners in the scene. Please ensure there is always one audio listener in the scene
There are no audio listeners in the scene. Please ensure there is always one audio listener in the scene
There are no audio listeners in the scene. Please ensure there is always one audio listener in the scene
There are no audio listeners in the scene. Please ensure there is always one audio listener in the scene
There are no audio listeners in the scene. Please ensure there is always one audio listener in the scene
There are no audio listeners in the scene. Please ensure there is always one audio listener in the scene
There are no audio listeners in the scene. Please ensure there is always one audio listener in the scene
There are no audio listeners in the scene. Please ensure there is always one audio listener in the scene
There are no audio listeners in the scene. Please ensure there is always one audio listener in the scene
There are no audio listeners in the scene. Please ensure there is always one audio listener in the scene
There are no audio listeners in the scene. Please ensure there is always one audio listener in the scene
There are no audio listeners in the scene. Please ensure there is always one audio listener in the scene
There are no audio listeners in the scene. Please ensure there is always one audio listener in the scene
There are no audio listeners in the scene. Please ensure there is always one audio listener in the scene
There are no audio listeners in the scene. Please ensure there is always one audio listener in the scene
There are no audio listeners in the scene. Please ensure there is always one audio listener in the scene
There are no audio listeners in the scene. Please ensure there is always one audio listener in the scene
There are no audio listeners in the scene. Please ensure there is always one audio listener in the scene
There are no audio listeners in the scene. Please ensure there is always one audio listener in the scene
There are no audio listeners in the scene. Please ensure there is always one audio listener in the scene
There are no audio listeners in the scene. Please ensure there is always one audio listener in the scene
There are no audio listeners in the scene. Please ensure there is always one audio listener in the scene
There are no audio listeners in the scene. Please ensure there is always one audio listener in the scene
There are no audio listeners in the scene. Please ensure there is always one audio listener in the scene
There are no audio listeners in the scene. Please ensure there is always one audio listener in the scene
There are no audio listeners in the scene. Please ensure there is always one audio listener in the scene
There are no audio listeners in the scene. Please ensure there is always one audio listener in the scene
There are no audio listeners in the scene. Please ensure there is always one audio listener in the scene
There are no audio listeners in the scene. Please ensure there is always one audio listener in the scene
There are no audio listeners in the scene. Please ensure there is always one audio listener in the scene
There are no audio listeners in the scene. Please ensure there is always one audio listener in the scene
There are no audio listeners in the scene. Please ensure there is always one audio listener in the scene
There are no audio listeners in the scene. Please ensure there is always one audio listener in the scene
There are no audio listeners in the scene. Please ensure there is always one audio listener in the scene
There are no audio listeners in the scene. Please ensure there is always one audio listener in the scene
There are no audio listeners in the scene. Please ensure there is always one audio listener in the scene
There are no audio listeners in the scene. Please ensure there is always one audio listener in the scene
There are no audio listeners in the scene. Please ensure there is always one audio listener in the scene
There are no audio listeners in the scene. Please ensure there is always one audio listener in the scene
There are no audio listeners in the scene. Please ensure there is always one audio listener in the scene
There are no audio listeners in the scene. Please ensure there is always one audio listener in the scene
There are no audio listeners in the scene. Please ensure there is always one audio listener in the scene
There are no audio listeners in the scene. Please ensure there is always one audio listener in the scene
There are no audio listeners in the scene. Please ensure there is always one audio listener in the scene
There are no audio listeners in the scene. Please ensure there is always one audio listener in the scene
There are no audio listeners in the scene. Please ensure there is always one audio listener in the scene
There are no audio listeners in the scene. Please ensure there is always one audio listener in the scene
There are no audio listeners in the scene. Please ensure there is always one audio listener in the scene
There are no audio listeners in the scene. Please ensure there is always one audio listener in the scene
There are no audio listeners in the scene. Please ensure there is always one audio listener in the scene
There are no audio listeners in the scene. Please ensure there is always one audio listener in the scene
There are no audio listeners in the scene. Please ensure there is always one audio listener in the scene
There are no audio listeners in the scene. Please ensure there is always one audio listener in the scene
There are no audio listeners in the scene. Please ensure there is always one audio listener in the scene
There are no audio listeners in the scene. Please ensure there is always one audio listener in the scene
There are no audio listeners in the scene. Please ensure there is always one audio listener in the scene
There are no audio listeners in the scene. Please ensure there is always one audio listener in the scene
There are no audio listeners in the scene. Please ensure there is always one audio listener in the scene
There are no audio listeners in the scene. Please ensure there is always one audio listener in the scene
There are no audio listeners in the scene. Please ensure there is always one audio listener in the scene
There are no audio listeners in the scene. Please ensure there is always one audio listener in the scene
There are no audio listeners in the scene. Please ensure there is always one audio listener in the scene
There are no audio listeners in the scene. Please ensure there is always one audio listener in the scene
There are no audio listeners in the scene. Please ensure there is always one audio listener in the scene
There are no audio listeners in the scene. Please ensure there is always one audio listener in the scene
There are no audio listeners in the scene. Please ensure there is always one audio listener in the scene
There are no audio listeners in the scene. Please ensure there is always one audio listener in the scene
There are no audio listeners in the scene. Please ensure there is always one audio listener in the scene
There are no audio listeners in the scene. Please ensure there is always one audio listener in the scene
There are no audio listeners in the scene. Please ensure there is always one audio listener in the scene
There are no audio listeners in the scene. Please ensure there is always one audio listener in the scene
There are no audio listeners in the scene. Please ensure there is always one audio listener in the scene
There are no audio listeners in the scene. Please ensure there is always one audio listener in the scene
There are no audio listeners in the scene. Please ensure there is always one audio listener in the scene
There are no audio listeners in the scene. Please ensure there is always one audio listener in the scene
There are no audio listeners in the scene. Please ensure there is always one audio listener in the scene
There are no audio listeners in the scene. Please ensure there is always one audio listener in the scene
There are no audio listeners in the scene. Please ensure there is always one audio listener in the scene
There are no audio listeners in the scene. Please ensure there is always one audio listener in the scene
There are no audio listeners in the scene. Please ensure there is always one audio listener in the scene
There are no audio listeners in the scene. Please ensure there is always one audio listener in the scene
There are no audio listeners in the scene. Please ensure there is always one audio listener in the scene
There are no audio listeners in the scene. Please ensure there is always one audio listener in the scene
There are no audio listeners in the scene. Please ensure there is always one audio listener in the scene
There are no audio listeners in the scene. Please ensure there is always one audio listener in the scene
There are no audio listeners in the scene. Please ensure there is always one audio listener in the scene
There are no audio listeners in the scene. Please ensure there is always one audio listener in the scene
There are no audio listeners in the scene. Please ensure there is always one audio listener in the scene
There are no audio listeners in the scene. Please ensure there is always one audio listener in the scene
There are no audio listeners in the scene. Please ensure there is always one audio listener in the scene
There are no audio listeners in the scene. Please ensure there is always one audio listener in the scene
There are no audio listeners in the scene. Please ensure there is always one audio listener in the scene
There are no audio listeners in the scene. Please ensure there is always one audio listener in the scene
There are no audio listeners in the scene. Please ensure there is always one audio listener in the scene
There are no audio listeners in the scene. Please ensure there is always one audio listener in the scene
There are no audio listeners in the scene. Please ensure there is always one audio listener in the scene
There are no audio listeners in the scene. Please ensure there is always one audio listener in the scene
There are no audio listeners in the scene. Please ensure there is always one audio listener in the scene
There are no audio listeners in the scene. Please ensure there is always one audio listener in the scene
There are no audio listeners in the scene. Please ensure there is always one audio listener in the scene
There are no audio listeners in the scene. Please ensure there is always one audio listener in the scene
There are no audio listeners in the scene. Please ensure there is always one audio listener in the scene
There are no audio listeners in the scene. Please ensure there is always one audio listener in the scene
There are no audio listeners in the scene. Please ensure there is always one audio listener in the scene
There are no audio listeners in the scene. Please ensure there is always one audio listener in the scene
There are no audio listeners in the scene. Please ensure there is always one audio listener in the scene
There are no audio listeners in the scene. Please ensure there is always one audio listener in the scene
There are no audio listeners in the scene. Please ensure there is always one audio listener in the scene
There are no audio listeners in the scene. Please ensure there is always one audio listener in the scene
There are no audio listeners in the scene. Please ensure there is always one audio listener in the scene
There are no audio listeners in the scene. Please ensure there is always one audio listener in the scene
There are no audio listeners in the scene. Please ensure there is always one audio listener in the scene
There are no audio listeners in the scene. Please ensure there is always one audio listener in the scene
There are no audio listeners in the scene. Please ensure there is always one audio listener in the scene
There are no audio listeners in the scene. Please ensure there is always one audio listener in the scene
There are no audio listeners in the scene. Please ensure there is always one audio listener in the scene
There are no audio listeners in the scene. Please ensure there is always one audio listener in the scene
There are no audio listeners in the scene. Please ensure there is always one audio listener in the scene
There are no audio listeners in the scene. Please ensure there is always one audio listener in the scene
There are no audio listeners in the scene. Please ensure there is always one audio listener in the scene
There are no audio listeners in the scene. Please ensure there is always one audio listener in the scene
There are no audio listeners in the scene. Please ensure there is always one audio listener in the scene
There are no audio listeners in the scene. Please ensure there is always one audio listener in the scene
There are no audio listeners in the scene. Please ensure there is always one audio listener in the scene
There are no audio listeners in the scene. Please ensure there is always one audio listener in the scene
There are no audio listeners in the scene. Please ensure there is always one audio listener in the scene
There are no audio listeners in the scene. Please ensure there is always one audio listener in the scene
There are no audio listeners in the scene. Please ensure there is always one audio listener in the scene
There are no audio listeners in the scene. Please ensure there is always one audio listener in the scene
There are no audio listeners in the scene. Please ensure there is always one audio listener in the scene
There are no audio listeners in the scene. Please ensure there is always one audio listener in the scene
There are no audio listeners in the scene. Please ensure there is always one audio listener in the scene
There are no audio listeners in the scene. Please ensure there is always one audio listener in the scene
There are no audio listeners in the scene. Please ensure there is always one audio listener in the scene
There are no audio listeners in the scene. Please ensure there is always one audio listener in the scene
There are no audio listeners in the scene. Please ensure there is always one audio listener in the scene
There are no audio listeners in the scene. Please ensure there is always one audio listener in the scene
There are no audio listeners in the scene. Please ensure there is always one audio listener in the scene
There are no audio listeners in the scene. Please ensure there is always one audio listener in the scene
There are no audio listeners in the scene. Please ensure there is always one audio listener in the scene
There are no audio listeners in the scene. Please ensure there is always one audio listener in the scene
There are no audio listeners in the scene. Please ensure there is always one audio listener in the scene
There are no audio listeners in the scene. Please ensure there is always one audio listener in the scene
There are no audio listeners in the scene. Please ensure there is always one audio listener in the scene
There are no audio listeners in the scene. Please ensure there is always one audio listener in the scene
There are no audio listeners in the scene. Please ensure there is always one audio listener in the scene
There are no audio listeners in the scene. Please ensure there is always one audio listener in the scene
There are no audio listeners in the scene. Please ensure there is always one audio listener in the scene
There are no audio listeners in the scene. Please ensure there is always one audio listener in the scene
There are no audio listeners in the scene. Please ensure there is always one audio listener in the scene
There are no audio listeners in the scene. Please ensure there is always one audio listener in the scene
There are no audio listeners in the scene. Please ensure there is always one audio listener in the scene
There are no audio listeners in the scene. Please ensure there is always one audio listener in the scene
There are no audio listeners in the scene. Please ensure there is always one audio listener in the scene
There are no audio listeners in the scene. Please ensure there is always one audio listener in the scene
There are no audio listeners in the scene. Please ensure there is always one audio listener in the scene
There are no audio listeners in the scene. Please ensure there is always one audio listener in the scene
There are no audio listeners in the scene. Please ensure there is always one audio listener in the scene
There are no audio listeners in the scene. Please ensure there is always one audio listener in the scene
There are no audio listeners in the scene. Please ensure there is always one audio listener in the scene
There are no audio listeners in the scene. Please ensure there is always one audio listener in the scene
There are no audio listeners in the scene. Please ensure there is always one audio listener in the scene
There are no audio listeners in the scene. Please ensure there is always one audio listener in the scene
There are no audio listeners in the scene. Please ensure there is always one audio listener in the scene
There are no audio listeners in the scene. Please ensure there is always one audio listener in the scene
There are no audio listeners in the scene. Please ensure there is always one audio listener in the scene
There are no audio listeners in the scene. Please ensure there is always one audio listener in the scene
There are no audio listeners in the scene. Please ensure there is always one audio listener in the scene
There are no audio listeners in the scene. Please ensure there is always one audio listener in the scene
There are no audio listeners in the scene. Please ensure there is always one audio listener in the scene
There are no audio listeners in the scene. Please ensure there is always one audio listener in the scene
There are no audio listeners in the scene. Please ensure there is always one audio listener in the scene
There are no audio listeners in the scene. Please ensure there is always one audio listener in the scene
There are no audio listeners in the scene. Please ensure there is always one audio listener in the scene
There are no audio listeners in the scene. Please ensure there is always one audio listener in the scene
There are no audio listeners in the scene. Please ensure there is always one audio listener in the scene
There are no audio listeners in the scene. Please ensure there is always one audio listener in the scene
There are no audio listeners in the scene. Please ensure there is always one audio listener in the scene
There are no audio listeners in the scene. Please ensure there is always one audio listener in the scene
There are no audio listeners in the scene. Please ensure there is always one audio listener in the scene
There are no audio listeners in the scene. Please ensure there is always one audio listener in the scene
There are no audio listeners in the scene. Please ensure there is always one audio listener in the scene
There are no audio listeners in the scene. Please ensure there is always one audio listener in the scene
There are no audio listeners in the scene. Please ensure there is always one audio listener in the scene
There are no audio listeners in the scene. Please ensure there is always one audio listener in the scene
There are no audio listeners in the scene. Please ensure there is always one audio listener in the scene
There are no audio listeners in the scene. Please ensure there is always one audio listener in the scene
There are no audio listeners in the scene. Please ensure there is always one audio listener in the scene
There are no audio listeners in the scene. Please ensure there is always one audio listener in the scene
There are no audio listeners in the scene. Please ensure there is always one audio listener in the scene
There are no audio listeners in the scene. Please ensure there is always one audio listener in the scene
There are no audio listeners in the scene. Please ensure there is always one audio listener in the scene
There are no audio listeners in the scene. Please ensure there is always one audio listener in the scene
There are no audio listeners in the scene. Please ensure there is always one audio listener in the scene
There are no audio listeners in the scene. Please ensure there is always one audio listener in the scene
There are no audio listeners in the scene. Please ensure there is always one audio listener in the scene
There are no audio listeners in the scene. Please ensure there is always one audio listener in the scene
There are no audio listeners in the scene. Please ensure there is always one audio listener in the scene
There are no audio listeners in the scene. Please ensure there is always one audio listener in the scene
There are no audio listeners in the scene. Please ensure there is always one audio listener in the scene
There are no audio listeners in the scene. Please ensure there is always one audio listener in the scene
There are no audio listeners in the scene. Please ensure there is always one audio listener in the scene
There are no audio listeners in the scene. Please ensure there is always one audio listener in the scene
There are no audio listeners in the scene. Please ensure there is always one audio listener in the scene
There are no audio listeners in the scene. Please ensure there is always one audio listener in the scene
There are no audio listeners in the scene. Please ensure there is always one audio listener in the scene
There are no audio listeners in the scene. Please ensure there is always one audio listener in the scene
There are no audio listeners in the scene. Please ensure there is always one audio listener in the scene
There are no audio listeners in the scene. Please ensure there is always one audio listener in the scene
There are no audio listeners in the scene. Please ensure there is always one audio listener in the scene
There are no audio listeners in the scene. Please ensure there is always one audio listener in the scene
There are no audio listeners in the scene. Please ensure there is always one audio listener in the scene
There are no audio listeners in the scene. Please ensure there is always one audio listener in the scene
There are no audio listeners in the scene. Please ensure there is always one audio listener in the scene
There are no audio listeners in the scene. Please ensure there is always one audio listener in the scene
There are no audio listeners in the scene. Please ensure there is always one audio listener in the scene
There are no audio listeners in the scene. Please ensure there is always one audio listener in the scene
There are no audio listeners in the scene. Please ensure there is always one audio listener in the scene
There are no audio listeners in the scene. Please ensure there is always one audio listener in the scene
There are no audio listeners in the scene. Please ensure there is always one audio listener in the scene
There are no audio listeners in the scene. Please ensure there is always one audio listener in the scene
There are no audio listeners in the scene. Please ensure there is always one audio listener in the scene
There are no audio listeners in the scene. Please ensure there is always one audio listener in the scene
There are no audio listeners in the scene. Please ensure there is always one audio listener in the scene
There are no audio listeners in the scene. Please ensure there is always one audio listener in the scene
There are no audio listeners in the scene. Please ensure there is always one audio listener in the scene
There are no audio listeners in the scene. Please ensure there is always one audio listener in the scene
There are no audio listeners in the scene. Please ensure there is always one audio listener in the scene
There are no audio listeners in the scene. Please ensure there is always one audio listener in the scene
There are no audio listeners in the scene. Please ensure there is always one audio listener in the scene
There are no audio listeners in the scene. Please ensure there is always one audio listener in the scene
There are no audio listeners in the scene. Please ensure there is always one audio listener in the scene
There are no audio listeners in the scene. Please ensure there is always one audio listener in the scene
There are no audio listeners in the scene. Please ensure there is always one audio listener in the scene
There are no audio listeners in the scene. Please ensure there is always one audio listener in the scene
There are no audio listeners in the scene. Please ensure there is always one audio listener in the scene
There are no audio listeners in the scene. Please ensure there is always one audio listener in the scene
There are no audio listeners in the scene. Please ensure there is always one audio listener in the scene
There are no audio listeners in the scene. Please ensure there is always one audio listener in the scene
There are no audio listeners in the scene. Please ensure there is always one audio listener in the scene
There are no audio listeners in the scene. Please ensure there is always one audio listener in the scene
There are no audio listeners in the scene. Please ensure there is always one audio listener in the scene
There are no audio listeners in the scene. Please ensure there is always one audio listener in the scene
There are no audio listeners in the scene. Please ensure there is always one audio listener in the scene
There are no audio listeners in the scene. Please ensure there is always one audio listener in the scene
There are no audio listeners in the scene. Please ensure there is always one audio listener in the scene
There are no audio listeners in the scene. Please ensure there is always one audio listener in the scene
There are no audio listeners in the scene. Please ensure there is always one audio listener in the scene
There are no audio listeners in the scene. Please ensure there is always one audio listener in the scene
There are no audio listeners in the scene. Please ensure there is always one audio listener in the scene
There are no audio listeners in the scene. Please ensure there is always one audio listener in the scene
There are no audio listeners in the scene. Please ensure there is always one audio listener in the scene
There are no audio listeners in the scene. Please ensure there is always one audio listener in the scene
There are no audio listeners in the scene. Please ensure there is always one audio listener in the scene
There are no audio listeners in the scene. Please ensure there is always one audio listener in the scene
There are no audio listeners in the scene. Please ensure there is always one audio listener in the scene
There are no audio listeners in the scene. Please ensure there is always one audio listener in the scene
There are no audio listeners in the scene. Please ensure there is always one audio listener in the scene
There are no audio listeners in the scene. Please ensure there is always one audio listener in the scene
There are no audio listeners in the scene. Please ensure there is always one audio listener in the scene
There are no audio listeners in the scene. Please ensure there is always one audio listener in the scene
There are no audio listeners in the scene. Please ensure there is always one audio listener in the scene
There are no audio listeners in the scene. Please ensure there is always one audio listener in the scene
There are no audio listeners in the scene. Please ensure there is always one audio listener in the scene
There are no audio listeners in the scene. Please ensure there is always one audio listener in the scene
There are no audio listeners in the scene. Please ensure there is always one audio listener in the scene
There are no audio listeners in the scene. Please ensure there is always one audio listener in the scene
There are no audio listeners in the scene. Please ensure there is always one audio listener in the scene
There are no audio listeners in the scene. Please ensure there is always one audio listener in the scene
There are no audio listeners in the scene. Please ensure there is always one audio listener in the scene
There are no audio listeners in the scene. Please ensure there is always one audio listener in the scene
There are no audio listeners in the scene. Please ensure there is always one audio listener in the scene
There are no audio listeners in the scene. Please ensure there is always one audio listener in the scene
There are no audio listeners in the scene. Please ensure there is always one audio listener in the scene
There are no audio listeners in the scene. Please ensure there is always one audio listener in the scene
There are no audio listeners in the scene. Please ensure there is always one audio listener in the scene
There are no audio listeners in the scene. Please ensure there is always one audio listener in the scene
There are no audio listeners in the scene. Please ensure there is always one audio listener in the scene
There are no audio listeners in the scene. Please ensure there is always one audio listener in the scene
There are no audio listeners in the scene. Please ensure there is always one audio listener in the scene
There are no audio listeners in the scene. Please ensure there is always one audio listener in the scene
There are no audio listeners in the scene. Please ensure there is always one audio listener in the scene
There are no audio listeners in the scene. Please ensure there is always one audio listener in the scene
There are no audio listeners in the scene. Please ensure there is always one audio listener in the scene
There are no audio listeners in the scene. Please ensure there is always one audio listener in the scene
There are no audio listeners in the scene. Please ensure there is always one audio listener in the scene
There are no audio listeners in the scene. Please ensure there is always one audio listener in the scene
There are no audio listeners in the scene. Please ensure there is always one audio listener in the scene
There are no audio listeners in the scene. Please ensure there is always one audio listener in the scene
There are no audio listeners in the scene. Please ensure there is always one audio listener in the scene
There are no audio listeners in the scene. Please ensure there is always one audio listener in the scene
There are no audio listeners in the scene. Please ensure there is always one audio listener in the scene
There are no audio listeners in the scene. Please ensure there is always one audio listener in the scene
There are no audio listeners in the scene. Please ensure there is always one audio listener in the scene
There are no audio listeners in the scene. Please ensure there is always one audio listener in the scene
There are no audio listeners in the scene. Please ensure there is always one audio listener in the scene
There are no audio listeners in the scene. Please ensure there is always one audio listener in the scene
There are no audio listeners in the scene. Please ensure there is always one audio listener in the scene
There are no audio listeners in the scene. Please ensure there is always one audio listener in the scene
There are no audio listeners in the scene. Please ensure there is always one audio listener in the scene
There are no audio listeners in the scene. Please ensure there is always one audio listener in the scene
There are no audio listeners in the scene. Please ensure there is always one audio listener in the scene
There are no audio listeners in the scene. Please ensure there is always one audio listener in the scene
There are no audio listeners in the scene. Please ensure there is always one audio listener in the scene
There are no audio listeners in the scene. Please ensure there is always one audio listener in the scene
There are no audio listeners in the scene. Please ensure there is always one audio listener in the scene
There are no audio listeners in the scene. Please ensure there is always one audio listener in the scene
There are no audio listeners in the scene. Please ensure there is always one audio listener in the scene
There are no audio listeners in the scene. Please ensure there is always one audio listener in the scene
There are no audio listeners in the scene. Please ensure there is always one audio listener in the scene
There are no audio listeners in the scene. Please ensure there is always one audio listener in the scene
There are no audio listeners in the scene. Please ensure there is always one audio listener in the scene
There are no audio listeners in the scene. Please ensure there is always one audio listener in the scene
There are no audio listeners in the scene. Please ensure there is always one audio listener in the scene
There are no audio listeners in the scene. Please ensure there is always one audio listener in the scene
There are no audio listeners in the scene. Please ensure there is always one audio listener in the scene
There are no audio listeners in the scene. Please ensure there is always one audio listener in the scene
There are no audio listeners in the scene. Please ensure there is always one audio listener in the scene
There are no audio listeners in the scene. Please ensure there is always one audio listener in the scene
There are no audio listeners in the scene. Please ensure there is always one audio listener in the scene
There are no audio listeners in the scene. Please ensure there is always one audio listener in the scene
There are no audio listeners in the scene. Please ensure there is always one audio listener in the scene
There are no audio listeners in the scene. Please ensure there is always one audio listener in the scene
There are no audio listeners in the scene. Please ensure there is always one audio listener in the scene
There are no audio listeners in the scene. Please ensure there is always one audio listener in the scene
There are no audio listeners in the scene. Please ensure there is always one audio listener in the scene
There are no audio listeners in the scene. Please ensure there is always one audio listener in the scene
There are no audio listeners in the scene. Please ensure there is always one audio listener in the scene
There are no audio listeners in the scene. Please ensure there is always one audio listener in the scene
There are no audio listeners in the scene. Please ensure there is always one audio listener in the scene
There are no audio listeners in the scene. Please ensure there is always one audio listener in the scene
There are no audio listeners in the scene. Please ensure there is always one audio listener in the scene
There are no audio listeners in the scene. Please ensure there is always one audio listener in the scene
There are no audio listeners in the scene. Please ensure there is always one audio listener in the scene
There are no audio listeners in the scene. Please ensure there is always one audio listener in the scene
There are no audio listeners in the scene. Please ensure there is always one audio listener in the scene
There are no audio listeners in the scene. Please ensure there is always one audio listener in the scene
There are no audio listeners in the scene. Please ensure there is always one audio listener in the scene
There are no audio listeners in the scene. Please ensure there is always one audio listener in the scene
There are no audio listeners in the scene. Please ensure there is always one audio listener in the scene
There are no audio listeners in the scene. Please ensure there is always one audio listener in the scene
There are no audio listeners in the scene. Please ensure there is always one audio listener in the scene
There are no audio listeners in the scene. Please ensure there is always one audio listener in the scene
There are no audio listeners in the scene. Please ensure there is always one audio listener in the scene
There are no audio listeners in the scene. Please ensure there is always one audio listener in the scene
There are no audio listeners in the scene. Please ensure there is always one audio listener in the scene
There are no audio listeners in the scene. Please ensure there is always one audio listener in the scene
There are no audio listeners in the scene. Please ensure there is always one audio listener in the scene
There are no audio listeners in the scene. Please ensure there is always one audio listener in the scene
There are no audio listeners in the scene. Please ensure there is always one audio listener in the scene
There are no audio listeners in the scene. Please ensure there is always one audio listener in the scene
There are no audio listeners in the scene. Please ensure there is always one audio listener in the scene
There are no audio listeners in the scene. Please ensure there is always one audio listener in the scene
There are no audio listeners in the scene. Please ensure there is always one audio listener in the scene
There are no audio listeners in the scene. Please ensure there is always one audio listener in the scene
There are no audio listeners in the scene. Please ensure there is always one audio listener in the scene
There are no audio listeners in the scene. Please ensure there is always one audio listener in the scene
There are no audio listeners in the scene. Please ensure there is always one audio listener in the scene
There are no audio listeners in the scene. Please ensure there is always one audio listener in the scene
There are no audio listeners in the scene. Please ensure there is always one audio listener in the scene
There are no audio listeners in the scene. Please ensure there is always one audio listener in the scene
There are no audio listeners in the scene. Please ensure there is always one audio listener in the scene
There are no audio listeners in the scene. Please ensure there is always one audio listener in the scene
There are no audio listeners in the scene. Please ensure there is always one audio listener in the scene
There are no audio listeners in the scene. Please ensure there is always one audio listener in the scene
There are no audio listeners in the scene. Please ensure there is always one audio listener in the scene
There are no audio listeners in the scene. Please ensure there is always one audio listener in the scene
There are no audio listeners in the scene. Please ensure there is always one audio listener in the scene
There are no audio listeners in the scene. Please ensure there is always one audio listener in the scene
There are no audio listeners in the scene. Please ensure there is always one audio listener in the scene
There are no audio listeners in the scene. Please ensure there is always one audio listener in the scene
There are no audio listeners in the scene. Please ensure there is always one audio listener in the scene
There are no audio listeners in the scene. Please ensure there is always one audio listener in the scene
There are no audio listeners in the scene. Please ensure there is always one audio listener in the scene
There are no audio listeners in the scene. Please ensure there is always one audio listener in the scene
There are no audio listeners in the scene. Please ensure there is always one audio listener in the scene
There are no audio listeners in the scene. Please ensure there is always one audio listener in the scene
There are no audio listeners in the scene. Please ensure there is always one audio listener in the scene
There are no audio listeners in the scene. Please ensure there is always one audio listener in the scene
There are no audio listeners in the scene. Please ensure there is always one audio listener in the scene
There are no audio listeners in the scene. Please ensure there is always one audio listener in the scene
There are no audio listeners in the scene. Please ensure there is always one audio listener in the scene
There are no audio listeners in the scene. Please ensure there is always one audio listener in the scene
There are no audio listeners in the scene. Please ensure there is always one audio listener in the scene
There are no audio listeners in the scene. Please ensure there is always one audio listener in the scene
There are no audio listeners in the scene. Please ensure there is always one audio listener in the scene
There are no audio listeners in the scene. Please ensure there is always one audio listener in the scene
There are no audio listeners in the scene. Please ensure there is always one audio listener in the scene
There are no audio listeners in the scene. Please ensure there is always one audio listener in the scene
There are no audio listeners in the scene. Please ensure there is always one audio listener in the scene
There are no audio listeners in the scene. Please ensure there is always one audio listener in the scene
There are no audio listeners in the scene. Please ensure there is always one audio listener in the scene
There are no audio listeners in the scene. Please ensure there is always one audio listener in the scene
There are no audio listeners in the scene. Please ensure there is always one audio listener in the scene
There are no audio listeners in the scene. Please ensure there is always one audio listener in the scene
There are no audio listeners in the scene. Please ensure there is always one audio listener in the scene
There are no audio listeners in the scene. Please ensure there is always one audio listener in the scene
There are no audio listeners in the scene. Please ensure there is always one audio listener in the scene
There are no audio listeners in the scene. Please ensure there is always one audio listener in the scene
There are no audio listeners in the scene. Please ensure there is always one audio listener in the scene
There are no audio listeners in the scene. Please ensure there is always one audio listener in the scene
There are no audio listeners in the scene. Please ensure there is always one audio listener in the scene
There are no audio listeners in the scene. Please ensure there is always one audio listener in the scene
There are no audio listeners in the scene. Please ensure there is always one audio listener in the scene
There are no audio listeners in the scene. Please ensure there is always one audio listener in the scene
There are no audio listeners in the scene. Please ensure there is always one audio listener in the scene
There are no audio listeners in the scene. Please ensure there is always one audio listener in the scene
There are no audio listeners in the scene. Please ensure there is always one audio listener in the scene
There are no audio listeners in the scene. Please ensure there is always one audio listener in the scene
There are no audio listeners in the scene. Please ensure there is always one audio listener in the scene
There are no audio listeners in the scene. Please ensure there is always one audio listener in the scene
There are no audio listeners in the scene. Please ensure there is always one audio listener in the scene
There are no audio listeners in the scene. Please ensure there is always one audio listener in the scene
There are no audio listeners in the scene. Please ensure there is always one audio listener in the scene
There are no audio listeners in the scene. Please ensure there is always one audio listener in the scene
There are no audio listeners in the scene. Please ensure there is always one audio listener in the scene
There are no audio listeners in the scene. Please ensure there is always one audio listener in the scene
There are no audio listeners in the scene. Please ensure there is always one audio listener in the scene
There are no audio listeners in the scene. Please ensure there is always one audio listener in the scene
There are no audio listeners in the scene. Please ensure there is always one audio listener in the scene
There are no audio listeners in the scene. Please ensure there is always one audio listener in the scene
There are no audio listeners in the scene. Please ensure there is always one audio listener in the scene
There are no audio listeners in the scene. Please ensure there is always one audio listener in the scene
There are no audio listeners in the scene. Please ensure there is always one audio listener in the scene
There are no audio listeners in the scene. Please ensure there is always one audio listener in the scene
There are no audio listeners in the scene. Please ensure there is always one audio listener in the scene
There are no audio listeners in the scene. Please ensure there is always one audio listener in the scene
There are no audio listeners in the scene. Please ensure there is always one audio listener in the scene
There are no audio listeners in the scene. Please ensure there is always one audio listener in the scene
There are no audio listeners in the scene. Please ensure there is always one audio listener in the scene
There are no audio listeners in the scene. Please ensure there is always one audio listener in the scene
There are no audio listeners in the scene. Please ensure there is always one audio listener in the scene
There are no audio listeners in the scene. Please ensure there is always one audio listener in the scene
There are no audio listeners in the scene. Please ensure there is always one audio listener in the scene
There are no audio listeners in the scene. Please ensure there is always one audio listener in the scene
There are no audio listeners in the scene. Please ensure there is always one audio listener in the scene
There are no audio listeners in the scene. Please ensure there is always one audio listener in the scene
There are no audio listeners in the scene. Please ensure there is always one audio listener in the scene
There are no audio listeners in the scene. Please ensure there is always one audio listener in the scene
There are no audio listeners in the scene. Please ensure there is always one audio listener in the scene
There are no audio listeners in the scene. Please ensure there is always one audio listener in the scene
There are no audio listeners in the scene. Please ensure there is always one audio listener in the scene
There are no audio listeners in the scene. Please ensure there is always one audio listener in the scene
There are no audio listeners in the scene. Please ensure there is always one audio listener in the scene
There are no audio listeners in the scene. Please ensure there is always one audio listener in the scene
There are no audio listeners in the scene. Please ensure there is always one audio listener in the scene
There are no audio listeners in the scene. Please ensure there is always one audio listener in the scene
There are no audio listeners in the scene. Please ensure there is always one audio listener in the scene
There are no audio listeners in the scene. Please ensure there is always one audio listener in the scene
There are no audio listeners in the scene. Please ensure there is always one audio listener in the scene
There are no audio listeners in the scene. Please ensure there is always one audio listener in the scene
There are no audio listeners in the scene. Please ensure there is always one audio listener in the scene
There are no audio listeners in the scene. Please ensure there is always one audio listener in the scene
There are no audio listeners in the scene. Please ensure there is always one audio listener in the scene
There are no audio listeners in the scene. Please ensure there is always one audio listener in the scene
There are no audio listeners in the scene. Please ensure there is always one audio listener in the scene
There are no audio listeners in the scene. Please ensure there is always one audio listener in the scene
There are no audio listeners in the scene. Please ensure there is always one audio listener in the scene
There are no audio listeners in the scene. Please ensure there is always one audio listener in the scene
There are no audio listeners in the scene. Please ensure there is always one audio listener in the scene
There are no audio listeners in the scene. Please ensure there is always one audio listener in the scene
There are no audio listeners in the scene. Please ensure there is always one audio listener in the scene
There are no audio listeners in the scene. Please ensure there is always one audio listener in the scene
There are no audio listeners in the scene. Please ensure there is always one audio listener in the scene
There are no audio listeners in the scene. Please ensure there is always one audio listener in the scene
There are no audio listeners in the scene. Please ensure there is always one audio listener in the scene
There are no audio listeners in the scene. Please ensure there is always one audio listener in the scene
There are no audio listeners in the scene. Please ensure there is always one audio listener in the scene
There are no audio listeners in the scene. Please ensure there is always one audio listener in the scene
There are no audio listeners in the scene. Please ensure there is always one audio listener in the scene
There are no audio listeners in the scene. Please ensure there is always one audio listener in the scene
There are no audio listeners in the scene. Please ensure there is always one audio listener in the scene
There are no audio listeners in the scene. Please ensure there is always one audio listener in the scene
There are no audio listeners in the scene. Please ensure there is always one audio listener in the scene
There are no audio listeners in the scene. Please ensure there is always one audio listener in the scene
There are no audio listeners in the scene. Please ensure there is always one audio listener in the scene
There are no audio listeners in the scene. Please ensure there is always one audio listener in the scene
There are no audio listeners in the scene. Please ensure there is always one audio listener in the scene
There are no audio listeners in the scene. Please ensure there is always one audio listener in the scene
There are no audio listeners in the scene. Please ensure there is always one audio listener in the scene
There are no audio listeners in the scene. Please ensure there is always one audio listener in the scene
There are no audio listeners in the scene. Please ensure there is always one audio listener in the scene
There are no audio listeners in the scene. Please ensure there is always one audio listener in the scene
There are no audio listeners in the scene. Please ensure there is always one audio listener in the scene
There are no audio listeners in the scene. Please ensure there is always one audio listener in the scene
There are no audio listeners in the scene. Please ensure there is always one audio listener in the scene
There are no audio listeners in the scene. Please ensure there is always one audio listener in the scene
There are no audio listeners in the scene. Please ensure there is always one audio listener in the scene
There are no audio listeners in the scene. Please ensure there is always one audio listener in the scene
There are no audio listeners in the scene. Please ensure there is always one audio listener in the scene
There are no audio listeners in the scene. Please ensure there is always one audio listener in the scene
There are no audio listeners in the scene. Please ensure there is always one audio listener in the scene
There are no audio listeners in the scene. Please ensure there is always one audio listener in the scene
There are no audio listeners in the scene. Please ensure there is always one audio listener in the scene
There are no audio listeners in the scene. Please ensure there is always one audio listener in the scene
There are no audio listeners in the scene. Please ensure there is always one audio listener in the scene
There are no audio listeners in the scene. Please ensure there is always one audio listener in the scene
There are no audio listeners in the scene. Please ensure there is always one audio listener in the scene
There are no audio listeners in the scene. Please ensure there is always one audio listener in the scene
There are no audio listeners in the scene. Please ensure there is always one audio listener in the scene
There are no audio listeners in the scene. Please ensure there is always one audio listener in the scene
There are no audio listeners in the scene. Please ensure there is always one audio listener in the scene
There are no audio listeners in the scene. Please ensure there is always one audio listener in the scene
There are no audio listeners in the scene. Please ensure there is always one audio listener in the scene
There are no audio listeners in the scene. Please ensure there is always one audio listener in the scene
There are no audio listeners in the scene. Please ensure there is always one audio listener in the scene
There are no audio listeners in the scene. Please ensure there is always one audio listener in the scene
There are no audio listeners in the scene. Please ensure there is always one audio listener in the scene
There are no audio listeners in the scene. Please ensure there is always one audio listener in the scene
There are no audio listeners in the scene. Please ensure there is always one audio listener in the scene
There are no audio listeners in the scene. Please ensure there is always one audio listener in the scene
There are no audio listeners in the scene. Please ensure there is always one audio listener in the scene
There are no audio listeners in the scene. Please ensure there is always one audio listener in the scene
There are no audio listeners in the scene. Please ensure there is always one audio listener in the scene
There are no audio listeners in the scene. Please ensure there is always one audio listener in the scene
There are no audio listeners in the scene. Please ensure there is always one audio listener in the scene
There are no audio listeners in the scene. Please ensure there is always one audio listener in the scene
There are no audio listeners in the scene. Please ensure there is always one audio listener in the scene
There are no audio listeners in the scene. Please ensure there is always one audio listener in the scene
There are no audio listeners in the scene. Please ensure there is always one audio listener in the scene
There are no audio listeners in the scene. Please ensure there is always one audio listener in the scene
There are no audio listeners in the scene. Please ensure there is always one audio listener in the scene
There are no audio listeners in the scene. Please ensure there is always one audio listener in the scene
There are no audio listeners in the scene. Please ensure there is always one audio listener in the scene
There are no audio listeners in the scene. Please ensure there is always one audio listener in the scene
There are no audio listeners in the scene. Please ensure there is always one audio listener in the scene
There are no audio listeners in the scene. Please ensure there is always one audio listener in the scene
There are no audio listeners in the scene. Please ensure there is always one audio listener in the scene
There are no audio listeners in the scene. Please ensure there is always one audio listener in the scene
There are no audio listeners in the scene. Please ensure there is always one audio listener in the scene
There are no audio listeners in the scene. Please ensure there is always one audio listener in the scene
There are no audio listeners in the scene. Please ensure there is always one audio listener in the scene
There are no audio listeners in the scene. Please ensure there is always one audio listener in the scene
There are no audio listeners in the scene. Please ensure there is always one audio listener in the scene
There are no audio listeners in the scene. Please ensure there is always one audio listener in the scene
There are no audio listeners in the scene. Please ensure there is always one audio listener in the scene
There are no audio listeners in the scene. Please ensure there is always one audio listener in the scene
There are no audio listeners in the scene. Please ensure there is always one audio listener in the scene
There are no audio listeners in the scene. Please ensure there is always one audio listener in the scene
There are no audio listeners in the scene. Please ensure there is always one audio listener in the scene
There are no audio listeners in the scene. Please ensure there is always one audio listener in the scene
There are no audio listeners in the scene. Please ensure there is always one audio listener in the scene
There are no audio listeners in the scene. Please ensure there is always one audio listener in the scene
There are no audio listeners in the scene. Please ensure there is always one audio listener in the scene
There are no audio listeners in the scene. Please ensure there is always one audio listener in the scene
There are no audio listeners in the scene. Please ensure there is always one audio listener in the scene
There are no audio listeners in the scene. Please ensure there is always one audio listener in the scene
There are no audio listeners in the scene. Please ensure there is always one audio listener in the scene
There are no audio listeners in the scene. Please ensure there is always one audio listener in the scene
There are no audio listeners in the scene. Please ensure there is always one audio listener in the scene
There are no audio listeners in the scene. Please ensure there is always one audio listener in the scene
There are no audio listeners in the scene. Please ensure there is always one audio listener in the scene
There are no audio listeners in the scene. Please ensure there is always one audio listener in the scene
There are no audio listeners in the scene. Please ensure there is always one audio listener in the scene
There are no audio listeners in the scene. Please ensure there is always one audio listener in the scene
There are no audio listeners in the scene. Please ensure there is always one audio listener in the scene
There are no audio listeners in the scene. Please ensure there is always one audio listener in the scene
There are no audio listeners in the scene. Please ensure there is always one audio listener in the scene
There are no audio listeners in the scene. Please ensure there is always one audio listener in the scene
There are no audio listeners in the scene. Please ensure there is always one audio listener in the scene
There are no audio listeners in the scene. Please ensure there is always one audio listener in the scene
There are no audio listeners in the scene. Please ensure there is always one audio listener in the scene
There are no audio listeners in the scene. Please ensure there is always one audio listener in the scene
There are no audio listeners in the scene. Please ensure there is always one audio listener in the scene
There are no audio listeners in the scene. Please ensure there is always one audio listener in the scene
There are no audio listeners in the scene. Please ensure there is always one audio listener in the scene
There are no audio listeners in the scene. Please ensure there is always one audio listener in the scene
There are no audio listeners in the scene. Please ensure there is always one audio listener in the scene
There are no audio listeners in the scene. Please ensure there is always one audio listener in the scene
There are no audio listeners in the scene. Please ensure there is always one audio listener in the scene
There are no audio listeners in the scene. Please ensure there is always one audio listener in the scene
There are no audio listeners in the scene. Please ensure there is always one audio listener in the scene
There are no audio listeners in the scene. Please ensure there is always one audio listener in the scene
There are no audio listeners in the scene. Please ensure there is always one audio listener in the scene
There are no audio listeners in the scene. Please ensure there is always one audio listener in the scene
There are no audio listeners in the scene. Please ensure there is always one audio listener in the scene
There are no audio listeners in the scene. Please ensure there is always one audio listener in the scene
There are no audio listeners in the scene. Please ensure there is always one audio listener in the scene
There are no audio listeners in the scene. Please ensure there is always one audio listener in the scene
There are no audio listeners in the scene. Please ensure there is always one audio listener in the scene
There are no audio listeners in the scene. Please ensure there is always one audio listener in the scene
There are no audio listeners in the scene. Please ensure there is always one audio listener in the scene
There are no audio listeners in the scene. Please ensure there is always one audio listener in the scene
There are no audio listeners in the scene. Please ensure there is always one audio listener in the scene
There are no audio listeners in the scene. Please ensure there is always one audio listener in the scene
There are no audio listeners in the scene. Please ensure there is always one audio listener in the scene
There are no audio listeners in the scene. Please ensure there is always one audio listener in the scene
There are no audio listeners in the scene. Please ensure there is always one audio listener in the scene
There are no audio listeners in the scene. Please ensure there is always one audio listener in the scene
There are no audio listeners in the scene. Please ensure there is always one audio listener in the scene
There are no audio listeners in the scene. Please ensure there is always one audio listener in the scene
There are no audio listeners in the scene. Please ensure there is always one audio listener in the scene
There are no audio listeners in the scene. Please ensure there is always one audio listener in the scene
There are no audio listeners in the scene. Please ensure there is always one audio listener in the scene
There are no audio listeners in the scene. Please ensure there is always one audio listener in the scene
There are no audio listeners in the scene. Please ensure there is always one audio listener in the scene
There are no audio listeners in the scene. Please ensure there is always one audio listener in the scene
There are no audio listeners in the scene. Please ensure there is always one audio listener in the scene
There are no audio listeners in the scene. Please ensure there is always one audio listener in the scene
There are no audio listeners in the scene. Please ensure there is always one audio listener in the scene
There are no audio listeners in the scene. Please ensure there is always one audio listener in the scene
There are no audio listeners in the scene. Please ensure there is always one audio listener in the scene
There are no audio listeners in the scene. Please ensure there is always one audio listener in the scene
There are no audio listeners in the scene. Please ensure there is always one audio listener in the scene
There are no audio listeners in the scene. Please ensure there is always one audio listener in the scene
There are no audio listeners in the scene. Please ensure there is always one audio listener in the scene
There are no audio listeners in the scene. Please ensure there is always one audio listener in the scene
There are no audio listeners in the scene. Please ensure there is always one audio listener in the scene
There are no audio listeners in the scene. Please ensure there is always one audio listener in the scene
There are no audio listeners in the scene. Please ensure there is always one audio listener in the scene
There are no audio listeners in the scene. Please ensure there is always one audio listener in the scene
There are no audio listeners in the scene. Please ensure there is always one audio listener in the scene
There are no audio listeners in the scene. Please ensure there is always one audio listener in the scene
There are no audio listeners in the scene. Please ensure there is always one audio listener in the scene
There are no audio listeners in the scene. Please ensure there is always one audio listener in the scene
There are no audio listeners in the scene. Please ensure there is always one audio listener in the scene
There are no audio listeners in the scene. Please ensure there is always one audio listener in the scene
There are no audio listeners in the scene. Please ensure there is always one audio listener in the scene
There are no audio listeners in the scene. Please ensure there is always one audio listener in the scene
There are no audio listeners in the scene. Please ensure there is always one audio listener in the scene
There are no audio listeners in the scene. Please ensure there is always one audio listener in the scene
There are no audio listeners in the scene. Please ensure there is always one audio listener in the scene
There are no audio listeners in the scene. Please ensure there is always one audio listener in the scene
There are no audio listeners in the scene. Please ensure there is always one audio listener in the scene
There are no audio listeners in the scene. Please ensure there is always one audio listener in the scene
There are no audio listeners in the scene. Please ensure there is always one audio listener in the scene
There are no audio listeners in the scene. Please ensure there is always one audio listener in the scene
There are no audio listeners in the scene. Please ensure there is always one audio listener in the scene
There are no audio listeners in the scene. Please ensure there is always one audio listener in the scene
There are no audio listeners in the scene. Please ensure there is always one audio listener in the scene
There are no audio listeners in the scene. Please ensure there is always one audio listener in the scene
There are no audio listeners in the scene. Please ensure there is always one audio listener in the scene
There are no audio listeners in the scene. Please ensure there is always one audio listener in the scene
There are no audio listeners in the scene. Please ensure there is always one audio listener in the scene
There are no audio listeners in the scene. Please ensure there is always one audio listener in the scene
There are no audio listeners in the scene. Please ensure there is always one audio listener in the scene
There are no audio listeners in the scene. Please ensure there is always one audio listener in the scene
There are no audio listeners in the scene. Please ensure there is always one audio listener in the scene
There are no audio listeners in the scene. Please ensure there is always one audio listener in the scene
There are no audio listeners in the scene. Please ensure there is always one audio listener in the scene
There are no audio listeners in the scene. Please ensure there is always one audio listener in the scene
There are no audio listeners in the scene. Please ensure there is always one audio listener in the scene
There are no audio listeners in the scene. Please ensure there is always one audio listener in the scene
There are no audio listeners in the scene. Please ensure there is always one audio listener in the scene
There are no audio listeners in the scene. Please ensure there is always one audio listener in the scene
There are no audio listeners in the scene. Please ensure there is always one audio listener in the scene
There are no audio listeners in the scene. Please ensure there is always one audio listener in the scene
There are no audio listeners in the scene. Please ensure there is always one audio listener in the scene
There are no audio listeners in the scene. Please ensure there is always one audio listener in the scene
There are no audio listeners in the scene. Please ensure there is always one audio listener in the scene
There are no audio listeners in the scene. Please ensure there is always one audio listener in the scene
There are no audio listeners in the scene. Please ensure there is always one audio listener in the scene
There are no audio listeners in the scene. Please ensure there is always one audio listener in the scene
There are no audio listeners in the scene. Please ensure there is always one audio listener in the scene
There are no audio listeners in the scene. Please ensure there is always one audio listener in the scene
There are no audio listeners in the scene. Please ensure there is always one audio listener in the scene
There are no audio listeners in the scene. Please ensure there is always one audio listener in the scene
There are no audio listeners in the scene. Please ensure there is always one audio listener in the scene
There are no audio listeners in the scene. Please ensure there is always one audio listener in the scene
There are no audio listeners in the scene. Please ensure there is always one audio listener in the scene
There are no audio listeners in the scene. Please ensure there is always one audio listener in the scene
There are no audio listeners in the scene. Please ensure there is always one audio listener in the scene
There are no audio listeners in the scene. Please ensure there is always one audio listener in the scene
There are no audio listeners in the scene. Please ensure there is always one audio listener in the scene
There are no audio listeners in the scene. Please ensure there is always one audio listener in the scene
There are no audio listeners in the scene. Please ensure there is always one audio listener in the scene
There are no audio listeners in the scene. Please ensure there is always one audio listener in the scene
There are no audio listeners in the scene. Please ensure there is always one audio listener in the scene
There are no audio listeners in the scene. Please ensure there is always one audio listener in the scene
There are no audio listeners in the scene. Please ensure there is always one audio listener in the scene
There are no audio listeners in the scene. Please ensure there is always one audio listener in the scene
There are no audio listeners in the scene. Please ensure there is always one audio listener in the scene
There are no audio listeners in the scene. Please ensure there is always one audio listener in the scene
There are no audio listeners in the scene. Please ensure there is always one audio listener in the scene
There are no audio listeners in the scene. Please ensure there is always one audio listener in the scene
There are no audio listeners in the scene. Please ensure there is always one audio listener in the scene
There are no audio listeners in the scene. Please ensure there is always one audio listener in the scene
There are no audio listeners in the scene. Please ensure there is always one audio listener in the scene
There are no audio listeners in the scene. Please ensure there is always one audio listener in the scene
There are no audio listeners in the scene. Please ensure there is always one audio listener in the scene
There are no audio listeners in the scene. Please ensure there is always one audio listener in the scene
There are no audio listeners in the scene. Please ensure there is always one audio listener in the scene
There are no audio listeners in the scene. Please ensure there is always one audio listener in the scene
There are no audio listeners in the scene. Please ensure there is always one audio listener in the scene
There are no audio listeners in the scene. Please ensure there is always one audio listener in the scene
There are no audio listeners in the scene. Please ensure there is always one audio listener in the scene
There are no audio listeners in the scene. Please ensure there is always one audio listener in the scene
There are no audio listeners in the scene. Please ensure there is always one audio listener in the scene
There are no audio listeners in the scene. Please ensure there is always one audio listener in the scene
There are no audio listeners in the scene. Please ensure there is always one audio listener in the scene
There are no audio listeners in the scene. Please ensure there is always one audio listener in the scene
There are no audio listeners in the scene. Please ensure there is always one audio listener in the scene
There are no audio listeners in the scene. Please ensure there is always one audio listener in the scene
There are no audio listeners in the scene. Please ensure there is always one audio listener in the scene
There are no audio listeners in the scene. Please ensure there is always one audio listener in the scene
There are no audio listeners in the scene. Please ensure there is always one audio listener in the scene
There are no audio listeners in the scene. Please ensure there is always one audio listener in the scene
There are no audio listeners in the scene. Please ensure there is always one audio listener in the scene
There are no audio listeners in the scene. Please ensure there is always one audio listener in the scene
There are no audio listeners in the scene. Please ensure there is always one audio listener in the scene
There are no audio listeners in the scene. Please ensure there is always one audio listener in the scene
There are no audio listeners in the scene. Please ensure there is always one audio listener in the scene
There are no audio listeners in the scene. Please ensure there is always one audio listener in the scene
There are no audio listeners in the scene. Please ensure there is always one audio listener in the scene
There are no audio listeners in the scene. Please ensure there is always one audio listener in the scene
There are no audio listeners in the scene. Please ensure there is always one audio listener in the scene
There are no audio listeners in the scene. Please ensure there is always one audio listener in the scene
There are no audio listeners in the scene. Please ensure there is always one audio listener in the scene
There are no audio listeners in the scene. Please ensure there is always one audio listener in the scene
There are no audio listeners in the scene. Please ensure there is always one audio listener in the scene
There are no audio listeners in the scene. Please ensure there is always one audio listener in the scene
There are no audio listeners in the scene. Please ensure there is always one audio listener in the scene
There are no audio listeners in the scene. Please ensure there is always one audio listener in the scene
There are no audio listeners in the scene. Please ensure there is always one audio listener in the scene
There are no audio listeners in the scene. Please ensure there is always one audio listener in the scene
There are no audio listeners in the scene. Please ensure there is always one audio listener in the scene
There are no audio listeners in the scene. Please ensure there is always one audio listener in the scene
There are no audio listeners in the scene. Please ensure there is always one audio listener in the scene
There are no audio listeners in the scene. Please ensure there is always one audio listener in the scene
There are no audio listeners in the scene. Please ensure there is always one audio listener in the scene
There are no audio listeners in the scene. Please ensure there is always one audio listener in the scene
There are no audio listeners in the scene. Please ensure there is always one audio listener in the scene
There are no audio listeners in the scene. Please ensure there is always one audio listener in the scene
There are no audio listeners in the scene. Please ensure there is always one audio listener in the scene
There are no audio listeners in the scene. Please ensure there is always one audio listener in the scene
There are no audio listeners in the scene. Please ensure there is always one audio listener in the scene
There are no audio listeners in the scene. Please ensure there is always one audio listener in the scene
There are no audio listeners in the scene. Please ensure there is always one audio listener in the scene
There are no audio listeners in the scene. Please ensure there is always one audio listener in the scene
There are no audio listeners in the scene. Please ensure there is always one audio listener in the scene
There are no audio listeners in the scene. Please ensure there is always one audio listener in the scene
There are no audio listeners in the scene. Please ensure there is always one audio listener in the scene
There are no audio listeners in the scene. Please ensure there is always one audio listener in the scene
There are no audio listeners in the scene. Please ensure there is always one audio listener in the scene
There are no audio listeners in the scene. Please ensure there is always one audio listener in the scene
There are no audio listeners in the scene. Please ensure there is always one audio listener in the scene
There are no audio listeners in the scene. Please ensure there is always one audio listener in the scene
There are no audio listeners in the scene. Please ensure there is always one audio listener in the scene
There are no audio listeners in the scene. Please ensure there is always one audio listener in the scene
There are no audio listeners in the scene. Please ensure there is always one audio listener in the scene
There are no audio listeners in the scene. Please ensure there is always one audio listener in the scene
There are no audio listeners in the scene. Please ensure there is always one audio listener in the scene
There are no audio listeners in the scene. Please ensure there is always one audio listener in the scene
There are no audio listeners in the scene. Please ensure there is always one audio listener in the scene
There are no audio listeners in the scene. Please ensure there is always one audio listener in the scene
There are no audio listeners in the scene. Please ensure there is always one audio listener in the scene
There are no audio listeners in the scene. Please ensure there is always one audio listener in the scene
There are no audio listeners in the scene. Please ensure there is always one audio listener in the scene
There are no audio listeners in the scene. Please ensure there is always one audio listener in the scene
There are no audio listeners in the scene. Please ensure there is always one audio listener in the scene
There are no audio listeners in the scene. Please ensure there is always one audio listener in the scene
There are no audio listeners in the scene. Please ensure there is always one audio listener in the scene
There are no audio listeners in the scene. Please ensure there is always one audio listener in the scene
There are no audio listeners in the scene. Please ensure there is always one audio listener in the scene
There are no audio listeners in the scene. Please ensure there is always one audio listener in the scene
There are no audio listeners in the scene. Please ensure there is always one audio listener in the scene
There are no audio listeners in the scene. Please ensure there is always one audio listener in the scene
There are no audio listeners in the scene. Please ensure there is always one audio listener in the scene
There are no audio listeners in the scene. Please ensure there is always one audio listener in the scene
There are no audio listeners in the scene. Please ensure there is always one audio listener in the scene
There are no audio listeners in the scene. Please ensure there is always one audio listener in the scene
There are no audio listeners in the scene. Please ensure there is always one audio listener in the scene
There are no audio listeners in the scene. Please ensure there is always one audio listener in the scene
There are no audio listeners in the scene. Please ensure there is always one audio listener in the scene
There are no audio listeners in the scene. Please ensure there is always one audio listener in the scene
There are no audio listeners in the scene. Please ensure there is always one audio listener in the scene
There are no audio listeners in the scene. Please ensure there is always one audio listener in the scene
There are no audio listeners in the scene. Please ensure there is always one audio listener in the scene
There are no audio listeners in the scene. Please ensure there is always one audio listener in the scene
There are no audio listeners in the scene. Please ensure there is always one audio listener in the scene
There are no audio listeners in the scene. Please ensure there is always one audio listener in the scene
There are no audio listeners in the scene. Please ensure there is always one audio listener in the scene
There are no audio listeners in the scene. Please ensure there is always one audio listener in the scene
There are no audio listeners in the scene. Please ensure there is always one audio listener in the scene
There are no audio listeners in the scene. Please ensure there is always one audio listener in the scene
There are no audio listeners in the scene. Please ensure there is always one audio listener in the scene
There are no audio listeners in the scene. Please ensure there is always one audio listener in the scene
There are no audio listeners in the scene. Please ensure there is always one audio listener in the scene
There are no audio listeners in the scene. Please ensure there is always one audio listener in the scene
There are no audio listeners in the scene. Please ensure there is always one audio listener in the scene
There are no audio listeners in the scene. Please ensure there is always one audio listener in the scene
There are no audio listeners in the scene. Please ensure there is always one audio listener in the scene
There are no audio listeners in the scene. Please ensure there is always one audio listener in the scene
There are no audio listeners in the scene. Please ensure there is always one audio listener in the scene
There are no audio listeners in the scene. Please ensure there is always one audio listener in the scene
There are no audio listeners in the scene. Please ensure there is always one audio listener in the scene
There are no audio listeners in the scene. Please ensure there is always one audio listener in the scene
There are no audio listeners in the scene. Please ensure there is always one audio listener in the scene
There are no audio listeners in the scene. Please ensure there is always one audio listener in the scene
There are no audio listeners in the scene. Please ensure there is always one audio listener in the scene
There are no audio listeners in the scene. Please ensure there is always one audio listener in the scene
There are no audio listeners in the scene. Please ensure there is always one audio listener in the scene
There are no audio listeners in the scene. Please ensure there is always one audio listener in the scene
There are no audio listeners in the scene. Please ensure there is always one audio listener in the scene
There are no audio listeners in the scene. Please ensure there is always one audio listener in the scene
There are no audio listeners in the scene. Please ensure there is always one audio listener in the scene
There are no audio listeners in the scene. Please ensure there is always one audio listener in the scene
There are no audio listeners in the scene. Please ensure there is always one audio listener in the scene
There are no audio listeners in the scene. Please ensure there is always one audio listener in the scene
There are no audio listeners in the scene. Please ensure there is always one audio listener in the scene
There are no audio listeners in the scene. Please ensure there is always one audio listener in the scene
There are no audio listeners in the scene. Please ensure there is always one audio listener in the scene
There are no audio listeners in the scene. Please ensure there is always one audio listener in the scene
There are no audio listeners in the scene. Please ensure there is always one audio listener in the scene
There are no audio listeners in the scene. Please ensure there is always one audio listener in the scene
There are no audio listeners in the scene. Please ensure there is always one audio listener in the scene
There are no audio listeners in the scene. Please ensure there is always one audio listener in the scene
There are no audio listeners in the scene. Please ensure there is always one audio listener in the scene
There are no audio listeners in the scene. Please ensure there is always one audio listener in the scene
There are no audio listeners in the scene. Please ensure there is always one audio listener in the scene
There are no audio listeners in the scene. Please ensure there is always one audio listener in the scene
There are no audio listeners in the scene. Please ensure there is always one audio listener in the scene
There are no audio listeners in the scene. Please ensure there is always one audio listener in the scene
There are no audio listeners in the scene. Please ensure there is always one audio listener in the scene
There are no audio listeners in the scene. Please ensure there is always one audio listener in the scene
There are no audio listeners in the scene. Please ensure there is always one audio listener in the scene
There are no audio listeners in the scene. Please ensure there is always one audio listener in the scene
There are no audio listeners in the scene. Please ensure there is always one audio listener in the scene
There are no audio listeners in the scene. Please ensure there is always one audio listener in the scene
There are no audio listeners in the scene. Please ensure there is always one audio listener in the scene
There are no audio listeners in the scene. Please ensure there is always one audio listener in the scene
There are no audio listeners in the scene. Please ensure there is always one audio listener in the scene
There are no audio listeners in the scene. Please ensure there is always one audio listener in the scene
There are no audio listeners in the scene. Please ensure there is always one audio listener in the scene
There are no audio listeners in the scene. Please ensure there is always one audio listener in the scene
There are no audio listeners in the scene. Please ensure there is always one audio listener in the scene
There are no audio listeners in the scene. Please ensure there is always one audio listener in the scene
There are no audio listeners in the scene. Please ensure there is always one audio listener in the scene
There are no audio listeners in the scene. Please ensure there is always one audio listener in the scene
There are no audio listeners in the scene. Please ensure there is always one audio listener in the scene
There are no audio listeners in the scene. Please ensure there is always one audio listener in the scene
There are no audio listeners in the scene. Please ensure there is always one audio listener in the scene
There are no audio listeners in the scene. Please ensure there is always one audio listener in the scene
There are no audio listeners in the scene. Please ensure there is always one audio listener in the scene
There are no audio listeners in the scene. Please ensure there is always one audio listener in the scene
There are no audio listeners in the scene. Please ensure there is always one audio listener in the scene
There are no audio listeners in the scene. Please ensure there is always one audio listener in the scene
There are no audio listeners in the scene. Please ensure there is always one audio listener in the scene
There are no audio listeners in the scene. Please ensure there is always one audio listener in the scene
There are no audio listeners in the scene. Please ensure there is always one audio listener in the scene
There are no audio listeners in the scene. Please ensure there is always one audio listener in the scene
There are no audio listeners in the scene. Please ensure there is always one audio listener in the scene
There are no audio listeners in the scene. Please ensure there is always one audio listener in the scene
There are no audio listeners in the scene. Please ensure there is always one audio listener in the scene
There are no audio listeners in the scene. Please ensure there is always one audio listener in the scene
There are no audio listeners in the scene. Please ensure there is always one audio listener in the scene
There are no audio listeners in the scene. Please ensure there is always one audio listener in the scene
There are no audio listeners in the scene. Please ensure there is always one audio listener in the scene
There are no audio listeners in the scene. Please ensure there is always one audio listener in the scene
There are no audio listeners in the scene. Please ensure there is always one audio listener in the scene
There are no audio listeners in the scene. Please ensure there is always one audio listener in the scene
There are no audio listeners in the scene. Please ensure there is always one audio listener in the scene
There are no audio listeners in the scene. Please ensure there is always one audio listener in the scene
There are no audio listeners in the scene. Please ensure there is always one audio listener in the scene
There are no audio listeners in the scene. Please ensure there is always one audio listener in the scene
There are no audio listeners in the scene. Please ensure there is always one audio listener in the scene
There are no audio listeners in the scene. Please ensure there is always one audio listener in the scene
There are no audio listeners in the scene. Please ensure there is always one audio listener in the scene
There are no audio listeners in the scene. Please ensure there is always one audio listener in the scene
There are no audio listeners in the scene. Please ensure there is always one audio listener in the scene
There are no audio listeners in the scene. Please ensure there is always one audio listener in the scene
There are no audio listeners in the scene. Please ensure there is always one audio listener in the scene
There are no audio listeners in the scene. Please ensure there is always one audio listener in the scene
There are no audio listeners in the scene. Please ensure there is always one audio listener in the scene
There are no audio listeners in the scene. Please ensure there is always one audio listener in the scene
There are no audio listeners in the scene. Please ensure there is always one audio listener in the scene
There are no audio listeners in the scene. Please ensure there is always one audio listener in the scene
There are no audio listeners in the scene. Please ensure there is always one audio listener in the scene
There are no audio listeners in the scene. Please ensure there is always one audio listener in the scene
There are no audio listeners in the scene. Please ensure there is always one audio listener in the scene
There are no audio listeners in the scene. Please ensure there is always one audio listener in the scene
There are no audio listeners in the scene. Please ensure there is always one audio listener in the scene
There are no audio listeners in the scene. Please ensure there is always one audio listener in the scene
There are no audio listeners in the scene. Please ensure there is always one audio listener in the scene
There are no audio listeners in the scene. Please ensure there is always one audio listener in the scene
There are no audio listeners in the scene. Please ensure there is always one audio listener in the scene
There are no audio listeners in the scene. Please ensure there is always one audio listener in the scene
QA result: Passed Game.Tests.PlayMode.VarginhaStudentAllyTests.InputLockFreezesPendingPowerAndItsManualCooldown
UnityEngine.Debug:ExtractStackTraceNoAlloc (byte*,int,string)
UnityEngine.StackTraceUtility:ExtractStackTrace ()
UnityEngine.DebugLogHandler:Internal_Log (UnityEngine.LogType,UnityEngine.LogOption,string,UnityEngine.Object)
UnityEngine.DebugLogHandler:LogFormat (UnityEngine.LogType,UnityEngine.Object,string,object[])
UnityEngine.Logger:Log (UnityEngine.LogType,object)
UnityEngine.Debug:Log (object)
Game.Editor.Testing.VarginhaBatchTestProgress:TestFinished (UnityEditor.TestTools.TestRunner.Api.ITestResultAdaptor) (at Assets/Scripts/Editor/Testing/VarginhaBatchTestProgress.cs:26)
UnityEditor.TestTools.TestRunner.Api.CallbacksDelegator/<>c__DisplayClass14_0:<TestFinished>b__0 (UnityEditor.TestTools.TestRunner.Api.ICallbacks) (at ./Library/PackageCache/com.unity.test-framework@7a3849e09bd0/UnityEditor.TestRunner/Api/CallbacksDelegator.cs:95)
UnityEditor.TestTools.TestRunner.Api.CallbacksDelegator:TryInvokeAllCallbacks (System.Action`1<UnityEditor.TestTools.TestRunner.Api.ICallbacks>) (at ./Library/PackageCache/com.unity.test-framework@7a3849e09bd0/UnityEditor.TestRunner/Api/CallbacksDelegator.cs:135)
UnityEditor.TestTools.TestRunner.Api.CallbacksDelegator:TestFinished (NUnit.Framework.Interfaces.ITestResult) (at ./Library/PackageCache/com.unity.test-framework@7a3849e09bd0/UnityEditor.TestRunner/Api/CallbacksDelegator.cs:95)
UnityEngine.Events.InvokableCall`1<NUnit.Framework.Interfaces.ITestResult>:Invoke (NUnit.Framework.Interfaces.ITestResult)
UnityEngine.Events.UnityEvent`1<NUnit.Framework.Interfaces.ITestResult>:Invoke (NUnit.Framework.Interfaces.ITestResult)
UnityEngine.Events.InvokableCall`1<NUnit.Framework.Interfaces.ITestResult>:Invoke (NUnit.Framework.Interfaces.ITestResult)
UnityEngine.Events.UnityEvent`1<NUnit.Framework.Interfaces.ITestResult>:Invoke (NUnit.Framework.Interfaces.ITestResult)
UnityEngine.TestTools.TestRunner.TestListenerWrapper:TestFinished (NUnit.Framework.Interfaces.ITestResult) (at ./Library/PackageCache/com.unity.test-framework@7a3849e09bd0/UnityEngine.TestRunner/TestRunner/TestListenerWrapper.cs:24)
UnityEngine.TestRunner.NUnitExtensions.Runner.UnityWorkItem:WorkItemComplete () (at ./Library/PackageCache/com.unity.test-framework@7a3849e09bd0/UnityEngine.TestRunner/NUnitExtensions/Runner/UnityWorkItem.cs:107)
UnityEngine.TestRunner.NUnitExtensions.Runner.CoroutineTestWorkItem/<PerformWork>d__7:<>m__Finally1 () (at ./Library/PackageCache/com.unity.test-framework@7a3849e09bd0/UnityEngine.TestRunner/NUnitExtensions/Runner/CoroutineTestWorkItem.cs:67)
UnityEngine.TestRunner.NUnitExtensions.Runner.CoroutineTestWorkItem/<PerformWork>d__7:MoveNext () (at ./Library/PackageCache/com.unity.test-framework@7a3849e09bd0/UnityEngine.TestRunner/NUnitExtensions/Runner/CoroutineTestWorkItem.cs:64)
UnityEngine.TestRunner.NUnitExtensions.Runner.CompositeWorkItem/<RunChildren>d__17:MoveNext () (at ./Library/PackageCache/com.unity.test-framework@7a3849e09bd0/UnityEngine.TestRunner/NUnitExtensions/Runner/CompositeWorkItem.cs:209)
UnityEngine.TestRunner.NUnitExtensions.Runner.CompositeWorkItem/<PerformWork>d__13:MoveNext () (at ./Library/PackageCache/com.unity.test-framework@7a3849e09bd0/UnityEngine.TestRunner/NUnitExtensions/Runner/CompositeWorkItem.cs:83)
UnityEngine.TestRunner.NUnitExtensions.Runner.CompositeWorkItem/<RunChildren>d__17:MoveNext () (at ./Library/PackageCache/com.unity.test-framework@7a3849e09bd0/UnityEngine.TestRunner/NUnitExtensions/Runner/CompositeWorkItem.cs:209)
UnityEngine.TestRunner.NUnitExtensions.Runner.CompositeWorkItem/<PerformWork>d__13:MoveNext () (at ./Library/PackageCache/com.unity.test-framework@7a3849e09bd0/UnityEngine.TestRunner/NUnitExtensions/Runner/CompositeWorkItem.cs:83)
UnityEngine.TestRunner.NUnitExtensions.Runner.CompositeWorkItem/<RunChildren>d__17:MoveNext () (at ./Library/PackageCache/com.unity.test-framework@7a3849e09bd0/UnityEngine.TestRunner/NUnitExtensions/Runner/CompositeWorkItem.cs:209)
UnityEngine.TestRunner.NUnitExtensions.Runner.CompositeWorkItem/<PerformWork>d__13:MoveNext () (at ./Library/PackageCache/com.unity.test-framework@7a3849e09bd0/UnityEngine.TestRunner/NUnitExtensions/Runner/CompositeWorkItem.cs:83)
UnityEngine.TestRunner.NUnitExtensions.Runner.CompositeWorkItem/<RunChildren>d__17:MoveNext () (at ./Library/PackageCache/com.unity.test-framework@7a3849e09bd0/UnityEngine.TestRunner/NUnitExtensions/Runner/CompositeWorkItem.cs:209)
UnityEngine.TestRunner.NUnitExtensions.Runner.CompositeWorkItem/<PerformWork>d__13:MoveNext () (at ./Library/PackageCache/com.unity.test-framework@7a3849e09bd0/UnityEngine.TestRunner/NUnitExtensions/Runner/CompositeWorkItem.cs:83)
UnityEngine.TestRunner.NUnitExtensions.Runner.CompositeWorkItem/<RunChildren>d__17:MoveNext () (at ./Library/PackageCache/com.unity.test-framework@7a3849e09bd0/UnityEngine.TestRunner/NUnitExtensions/Runner/CompositeWorkItem.cs:209)
UnityEngine.TestRunner.NUnitExtensions.Runner.CompositeWorkItem/<PerformWork>d__13:MoveNext () (at ./Library/PackageCache/com.unity.test-framework@7a3849e09bd0/UnityEngine.TestRunner/NUnitExtensions/Runner/CompositeWorkItem.cs:83)
UnityEngine.TestRunner.NUnitExtensions.Runner.CompositeWorkItem/<RunChildren>d__17:MoveNext () (at ./Library/PackageCache/com.unity.test-framework@7a3849e09bd0/UnityEngine.TestRunner/NUnitExtensions/Runner/CompositeWorkItem.cs:209)
UnityEngine.TestRunner.NUnitExtensions.Runner.CompositeWorkItem/<PerformWork>d__13:MoveNext () (at ./Library/PackageCache/com.unity.test-framework@7a3849e09bd0/UnityEngine.TestRunner/NUnitExtensions/Runner/CompositeWorkItem.cs:83)
UnityEngine.TestTools.TestRunner.PlaymodeTestsController/<TestRunnerCoroutine>d__25:MoveNext () (at ./Library/PackageCache/com.unity.test-framework@7a3849e09bd0/UnityEngine.TestRunner/TestRunner/PlaymodeTestsController.cs:100)
UnityEngine.SetupCoroutine:InvokeMoveNext (System.Collections.IEnumerator,intptr)

(Filename: Assets/Scripts/Editor/Testing/VarginhaBatchTestProgress.cs Line: 26)

QA test: Game.Tests.PlayMode.VarginhaStudentAllyTests.KatanaPiercesOnlyTargetsBehindItsAim
UnityEngine.Debug:ExtractStackTraceNoAlloc (byte*,int,string)
UnityEngine.StackTraceUtility:ExtractStackTrace ()
UnityEngine.DebugLogHandler:Internal_Log (UnityEngine.LogType,UnityEngine.LogOption,string,UnityEngine.Object)
UnityEngine.DebugLogHandler:LogFormat (UnityEngine.LogType,UnityEngine.Object,string,object[])
UnityEngine.Logger:Log (UnityEngine.LogType,object)
UnityEngine.Debug:Log (object)
Game.Editor.Testing.VarginhaBatchTestProgress:TestStarted (UnityEditor.TestTools.TestRunner.Api.ITestAdaptor) (at Assets/Scripts/Editor/Testing/VarginhaBatchTestProgress.cs:22)
UnityEditor.TestTools.TestRunner.Api.CallbacksDelegator/<>c__DisplayClass12_0:<TestStarted>b__0 (UnityEditor.TestTools.TestRunner.Api.ICallbacks) (at ./Library/PackageCache/com.unity.test-framework@7a3849e09bd0/UnityEditor.TestRunner/Api/CallbacksDelegator.cs:81)
UnityEditor.TestTools.TestRunner.Api.CallbacksDelegator:TryInvokeAllCallbacks (System.Action`1<UnityEditor.TestTools.TestRunner.Api.ICallbacks>) (at ./Library/PackageCache/com.unity.test-framework@7a3849e09bd0/UnityEditor.TestRunner/Api/CallbacksDelegator.cs:135)
UnityEditor.TestTools.TestRunner.Api.CallbacksDelegator:TestStarted (NUnit.Framework.Interfaces.ITest) (at ./Library/PackageCache/com.unity.test-framework@7a3849e09bd0/UnityEditor.TestRunner/Api/CallbacksDelegator.cs:81)
UnityEngine.Events.InvokableCall`1<NUnit.Framework.Interfaces.ITest>:Invoke (NUnit.Framework.Interfaces.ITest)
UnityEngine.Events.UnityEvent`1<NUnit.Framework.Interfaces.ITest>:Invoke (NUnit.Framework.Interfaces.ITest)
UnityEngine.Events.InvokableCall`1<NUnit.Framework.Interfaces.ITest>:Invoke (NUnit.Framework.Interfaces.ITest)
UnityEngine.Events.UnityEvent`1<NUnit.Framework.Interfaces.ITest>:Invoke (NUnit.Framework.Interfaces.ITest)
UnityEngine.TestTools.TestRunner.TestListenerWrapper:TestStarted (NUnit.Framework.Interfaces.ITest) (at ./Library/PackageCache/com.unity.test-framework@7a3849e09bd0/UnityEngine.TestRunner/TestRunner/TestListenerWrapper.cs:19)
UnityEngine.TestRunner.NUnitExtensions.Runner.UnityWorkItem:Execute () (at ./Library/PackageCache/com.unity.test-framework@7a3849e09bd0/UnityEngine.TestRunner/NUnitExtensions/Runner/UnityWorkItem.cs:83)
UnityEngine.TestRunner.NUnitExtensions.Runner.CompositeWorkItem/<RunChildren>d__17:MoveNext () (at ./Library/PackageCache/com.unity.test-framework@7a3849e09bd0/UnityEngine.TestRunner/NUnitExtensions/Runner/CompositeWorkItem.cs:205)
UnityEngine.TestRunner.NUnitExtensions.Runner.CompositeWorkItem/<PerformWork>d__13:MoveNext () (at ./Library/PackageCache/com.unity.test-framework@7a3849e09bd0/UnityEngine.TestRunner/NUnitExtensions/Runner/CompositeWorkItem.cs:83)
UnityEngine.TestRunner.NUnitExtensions.Runner.CompositeWorkItem/<RunChildren>d__17:MoveNext () (at ./Library/PackageCache/com.unity.test-framework@7a3849e09bd0/UnityEngine.TestRunner/NUnitExtensions/Runner/CompositeWorkItem.cs:209)
UnityEngine.TestRunner.NUnitExtensions.Runner.CompositeWorkItem/<PerformWork>d__13:MoveNext () (at ./Library/PackageCache/com.unity.test-framework@7a3849e09bd0/UnityEngine.TestRunner/NUnitExtensions/Runner/CompositeWorkItem.cs:83)
UnityEngine.TestRunner.NUnitExtensions.Runner.CompositeWorkItem/<RunChildren>d__17:MoveNext () (at ./Library/PackageCache/com.unity.test-framework@7a3849e09bd0/UnityEngine.TestRunner/NUnitExtensions/Runner/CompositeWorkItem.cs:209)
UnityEngine.TestRunner.NUnitExtensions.Runner.CompositeWorkItem/<PerformWork>d__13:MoveNext () (at ./Library/PackageCache/com.unity.test-framework@7a3849e09bd0/UnityEngine.TestRunner/NUnitExtensions/Runner/CompositeWorkItem.cs:83)
UnityEngine.TestRunner.NUnitExtensions.Runner.CompositeWorkItem/<RunChildren>d__17:MoveNext () (at ./Library/PackageCache/com.unity.test-framework@7a3849e09bd0/UnityEngine.TestRunner/NUnitExtensions/Runner/CompositeWorkItem.cs:209)
UnityEngine.TestRunner.NUnitExtensions.Runner.CompositeWorkItem/<PerformWork>d__13:MoveNext () (at ./Library/PackageCache/com.unity.test-framework@7a3849e09bd0/UnityEngine.TestRunner/NUnitExtensions/Runner/CompositeWorkItem.cs:83)
UnityEngine.TestRunner.NUnitExtensions.Runner.CompositeWorkItem/<RunChildren>d__17:MoveNext () (at ./Library/PackageCache/com.unity.test-framework@7a3849e09bd0/UnityEngine.TestRunner/NUnitExtensions/Runner/CompositeWorkItem.cs:209)
UnityEngine.TestRunner.NUnitExtensions.Runner.CompositeWorkItem/<PerformWork>d__13:MoveNext () (at ./Library/PackageCache/com.unity.test-framework@7a3849e09bd0/UnityEngine.TestRunner/NUnitExtensions/Runner/CompositeWorkItem.cs:83)
UnityEngine.TestRunner.NUnitExtensions.Runner.CompositeWorkItem/<RunChildren>d__17:MoveNext () (at ./Library/PackageCache/com.unity.test-framework@7a3849e09bd0/UnityEngine.TestRunner/NUnitExtensions/Runner/CompositeWorkItem.cs:209)
UnityEngine.TestRunner.NUnitExtensions.Runner.CompositeWorkItem/<PerformWork>d__13:MoveNext () (at ./Library/PackageCache/com.unity.test-framework@7a3849e09bd0/UnityEngine.TestRunner/NUnitExtensions/Runner/CompositeWorkItem.cs:83)
UnityEngine.TestTools.TestRunner.PlaymodeTestsController/<TestRunnerCoroutine>d__25:MoveNext () (at ./Library/PackageCache/com.unity.test-framework@7a3849e09bd0/UnityEngine.TestRunner/TestRunner/PlaymodeTestsController.cs:100)
UnityEngine.SetupCoroutine:InvokeMoveNext (System.Collections.IEnumerator,intptr)

(Filename: Assets/Scripts/Editor/Testing/VarginhaBatchTestProgress.cs Line: 22)

There are no audio listeners in the scene. Please ensure there is always one audio listener in the scene
There are no audio listeners in the scene. Please ensure there is always one audio listener in the scene
There are no audio listeners in the scene. Please ensure there is always one audio listener in the scene
There are no audio listeners in the scene. Please ensure there is always one audio listener in the scene
There are no audio listeners in the scene. Please ensure there is always one audio listener in the scene
There are no audio listeners in the scene. Please ensure there is always one audio listener in the scene
There are no audio listeners in the scene. Please ensure there is always one audio listener in the scene
There are no audio listeners in the scene. Please ensure there is always one audio listener in the scene
There are no audio listeners in the scene. Please ensure there is always one audio listener in the scene
There are no audio listeners in the scene. Please ensure there is always one audio listener in the scene
There are no audio listeners in the scene. Please ensure there is always one audio listener in the scene
There are no audio listeners in the scene. Please ensure there is always one audio listener in the scene
There are no audio listeners in the scene. Please ensure there is always one audio listener in the scene
There are no audio listeners in the scene. Please ensure there is always one audio listener in the scene
There are no audio listeners in the scene. Please ensure there is always one audio listener in the scene
There are no audio listeners in the scene. Please ensure there is always one audio listener in the scene
There are no audio listeners in the scene. Please ensure there is always one audio listener in the scene
There are no audio listeners in the scene. Please ensure there is always one audio listener in the scene
There are no audio listeners in the scene. Please ensure there is always one audio listener in the scene
There are no audio listeners in the scene. Please ensure there is always one audio listener in the scene
There are no audio listeners in the scene. Please ensure there is always one audio listener in the scene
There are no audio listeners in the scene. Please ensure there is always one audio listener in the scene
There are no audio listeners in the scene. Please ensure there is always one audio listener in the scene
There are no audio listeners in the scene. Please ensure there is always one audio listener in the scene
There are no audio listeners in the scene. Please ensure there is always one audio listener in the scene
There are no audio listeners in the scene. Please ensure there is always one audio listener in the scene
There are no audio listeners in the scene. Please ensure there is always one audio listener in the scene
There are no audio listeners in the scene. Please ensure there is always one audio listener in the scene
There are no audio listeners in the scene. Please ensure there is always one audio listener in the scene
There are no audio listeners in the scene. Please ensure there is always one audio listener in the scene
There are no audio listeners in the scene. Please ensure there is always one audio listener in the scene
There are no audio listeners in the scene. Please ensure there is always one audio listener in the scene
There are no audio listeners in the scene. Please ensure there is always one audio listener in the scene
There are no audio listeners in the scene. Please ensure there is always one audio listener in the scene
There are no audio listeners in the scene. Please ensure there is always one audio listener in the scene
There are no audio listeners in the scene. Please ensure there is always one audio listener in the scene
There are no audio listeners in the scene. Please ensure there is always one audio listener in the scene
There are no audio listeners in the scene. Please ensure there is always one audio listener in the scene
There are no audio listeners in the scene. Please ensure there is always one audio listener in the scene
There are no audio listeners in the scene. Please ensure there is always one audio listener in the scene
There are no audio listeners in the scene. Please ensure there is always one audio listener in the scene
There are no audio listeners in the scene. Please ensure there is always one audio listener in the scene
There are no audio listeners in the scene. Please ensure there is always one audio listener in the scene
There are no audio listeners in the scene. Please ensure there is always one audio listener in the scene
There are no audio listeners in the scene. Please ensure there is always one audio listener in the scene
There are no audio listeners in the scene. Please ensure there is always one audio listener in the scene
There are no audio listeners in the scene. Please ensure there is always one audio listener in the scene
There are no audio listeners in the scene. Please ensure there is always one audio listener in the scene
There are no audio listeners in the scene. Please ensure there is always one audio listener in the scene
There are no audio listeners in the scene. Please ensure there is always one audio listener in the scene
There are no audio listeners in the scene. Please ensure there is always one audio listener in the scene
There are no audio listeners in the scene. Please ensure there is always one audio listener in the scene
There are no audio listeners in the scene. Please ensure there is always one audio listener in the scene
There are no audio listeners in the scene. Please ensure there is always one audio listener in the scene
There are no audio listeners in the scene. Please ensure there is always one audio listener in the scene
There are no audio listeners in the scene. Please ensure there is always one audio listener in the scene
There are no audio listeners in the scene. Please ensure there is always one audio listener in the scene
There are no audio listeners in the scene. Please ensure there is always one audio listener in the scene
There are no audio listeners in the scene. Please ensure there is always one audio listener in the scene
There are no audio listeners in the scene. Please ensure there is always one audio listener in the scene
There are no audio listeners in the scene. Please ensure there is always one audio listener in the scene
There are no audio listeners in the scene. Please ensure there is always one audio listener in the scene
There are no audio listeners in the scene. Please ensure there is always one audio listener in the scene
There are no audio listeners in the scene. Please ensure there is always one audio listener in the scene
There are no audio listeners in the scene. Please ensure there is always one audio listener in the scene
There are no audio listeners in the scene. Please ensure there is always one audio listener in the scene
There are no audio listeners in the scene. Please ensure there is always one audio listener in the scene
There are no audio listeners in the scene. Please ensure there is always one audio listener in the scene
There are no audio listeners in the scene. Please ensure there is always one audio listener in the scene
There are no audio listeners in the scene. Please ensure there is always one audio listener in the scene
There are no audio listeners in the scene. Please ensure there is always one audio listener in the scene
There are no audio listeners in the scene. Please ensure there is always one audio listener in the scene
There are no audio listeners in the scene. Please ensure there is always one audio listener in the scene
There are no audio listeners in the scene. Please ensure there is always one audio listener in the scene
There are no audio listeners in the scene. Please ensure there is always one audio listener in the scene
There are no audio listeners in the scene. Please ensure there is always one audio listener in the scene
There are no audio listeners in the scene. Please ensure there is always one audio listener in the scene
There are no audio listeners in the scene. Please ensure there is always one audio listener in the scene
There are no audio listeners in the scene. Please ensure there is always one audio listener in the scene
There are no audio listeners in the scene. Please ensure there is always one audio listener in the scene
There are no audio listeners in the scene. Please ensure there is always one audio listener in the scene
There are no audio listeners in the scene. Please ensure there is always one audio listener in the scene
There are no audio listeners in the scene. Please ensure there is always one audio listener in the scene
There are no audio listeners in the scene. Please ensure there is always one audio listener in the scene
There are no audio listeners in the scene. Please ensure there is always one audio listener in the scene
There are no audio listeners in the scene. Please ensure there is always one audio listener in the scene
There are no audio listeners in the scene. Please ensure there is always one audio listener in the scene
There are no audio listeners in the scene. Please ensure there is always one audio listener in the scene
There are no audio listeners in the scene. Please ensure there is always one audio listener in the scene
There are no audio listeners in the scene. Please ensure there is always one audio listener in the scene
There are no audio listeners in the scene. Please ensure there is always one audio listener in the scene
There are no audio listeners in the scene. Please ensure there is always one audio listener in the scene
There are no audio listeners in the scene. Please ensure there is always one audio listener in the scene
There are no audio listeners in the scene. Please ensure there is always one audio listener in the scene
There are no audio listeners in the scene. Please ensure there is always one audio listener in the scene
There are no audio listeners in the scene. Please ensure there is always one audio listener in the scene
There are no audio listeners in the scene. Please ensure there is always one audio listener in the scene
There are no audio listeners in the scene. Please ensure there is always one audio listener in the scene
There are no audio listeners in the scene. Please ensure there is always one audio listener in the scene
There are no audio listeners in the scene. Please ensure there is always one audio listener in the scene
There are no audio listeners in the scene. Please ensure there is always one audio listener in the scene
There are no audio listeners in the scene. Please ensure there is always one audio listener in the scene
There are no audio listeners in the scene. Please ensure there is always one audio listener in the scene
There are no audio listeners in the scene. Please ensure there is always one audio listener in the scene
There are no audio listeners in the scene. Please ensure there is always one audio listener in the scene
There are no audio listeners in the scene. Please ensure there is always one audio listener in the scene
There are no audio listeners in the scene. Please ensure there is always one audio listener in the scene
There are no audio listeners in the scene. Please ensure there is always one audio listener in the scene
There are no audio listeners in the scene. Please ensure there is always one audio listener in the scene
There are no audio listeners in the scene. Please ensure there is always one audio listener in the scene
There are no audio listeners in the scene. Please ensure there is always one audio listener in the scene
There are no audio listeners in the scene. Please ensure there is always one audio listener in the scene
There are no audio listeners in the scene. Please ensure there is always one audio listener in the scene
There are no audio listeners in the scene. Please ensure there is always one audio listener in the scene
There are no audio listeners in the scene. Please ensure there is always one audio listener in the scene
There are no audio listeners in the scene. Please ensure there is always one audio listener in the scene
There are no audio listeners in the scene. Please ensure there is always one audio listener in the scene
There are no audio listeners in the scene. Please ensure there is always one audio listener in the scene
There are no audio listeners in the scene. Please ensure there is always one audio listener in the scene
There are no audio listeners in the scene. Please ensure there is always one audio listener in the scene
There are no audio listeners in the scene. Please ensure there is always one audio listener in the scene
There are no audio listeners in the scene. Please ensure there is always one audio listener in the scene
There are no audio listeners in the scene. Please ensure there is always one audio listener in the scene
There are no audio listeners in the scene. Please ensure there is always one audio listener in the scene
There are no audio listeners in the scene. Please ensure there is always one audio listener in the scene
There are no audio listeners in the scene. Please ensure there is always one audio listener in the scene
There are no audio listeners in the scene. Please ensure there is always one audio listener in the scene
There are no audio listeners in the scene. Please ensure there is always one audio listener in the scene
There are no audio listeners in the scene. Please ensure there is always one audio listener in the scene
There are no audio listeners in the scene. Please ensure there is always one audio listener in the scene
There are no audio listeners in the scene. Please ensure there is always one audio listener in the scene
There are no audio listeners in the scene. Please ensure there is always one audio listener in the scene
There are no audio listeners in the scene. Please ensure there is always one audio listener in the scene
There are no audio listeners in the scene. Please ensure there is always one audio listener in the scene
There are no audio listeners in the scene. Please ensure there is always one audio listener in the scene
There are no audio listeners in the scene. Please ensure there is always one audio listener in the scene
There are no audio listeners in the scene. Please ensure there is always one audio listener in the scene
There are no audio listeners in the scene. Please ensure there is always one audio listener in the scene
There are no audio listeners in the scene. Please ensure there is always one audio listener in the scene
There are no audio listeners in the scene. Please ensure there is always one audio listener in the scene
There are no audio listeners in the scene. Please ensure there is always one audio listener in the scene
There are no audio listeners in the scene. Please ensure there is always one audio listener in the scene
There are no audio listeners in the scene. Please ensure there is always one audio listener in the scene
There are no audio listeners in the scene. Please ensure there is always one audio listener in the scene
There are no audio listeners in the scene. Please ensure there is always one audio listener in the scene
There are no audio listeners in the scene. Please ensure there is always one audio listener in the scene
There are no audio listeners in the scene. Please ensure there is always one audio listener in the scene
There are no audio listeners in the scene. Please ensure there is always one audio listener in the scene
There are no audio listeners in the scene. Please ensure there is always one audio listener in the scene
There are no audio listeners in the scene. Please ensure there is always one audio listener in the scene
There are no audio listeners in the scene. Please ensure there is always one audio listener in the scene
There are no audio listeners in the scene. Please ensure there is always one audio listener in the scene
There are no audio listeners in the scene. Please ensure there is always one audio listener in the scene
There are no audio listeners in the scene. Please ensure there is always one audio listener in the scene
There are no audio listeners in the scene. Please ensure there is always one audio listener in the scene
There are no audio listeners in the scene. Please ensure there is always one audio listener in the scene
There are no audio listeners in the scene. Please ensure there is always one audio listener in the scene
There are no audio listeners in the scene. Please ensure there is always one audio listener in the scene
There are no audio listeners in the scene. Please ensure there is always one audio listener in the scene
There are no audio listeners in the scene. Please ensure there is always one audio listener in the scene
There are no audio listeners in the scene. Please ensure there is always one audio listener in the scene
There are no audio listeners in the scene. Please ensure there is always one audio listener in the scene
There are no audio listeners in the scene. Please ensure there is always one audio listener in the scene
There are no audio listeners in the scene. Please ensure there is always one audio listener in the scene
There are no audio listeners in the scene. Please ensure there is always one audio listener in the scene
There are no audio listeners in the scene. Please ensure there is always one audio listener in the scene
There are no audio listeners in the scene. Please ensure there is always one audio listener in the scene
There are no audio listeners in the scene. Please ensure there is always one audio listener in the scene
There are no audio listeners in the scene. Please ensure there is always one audio listener in the scene
There are no audio listeners in the scene. Please ensure there is always one audio listener in the scene
There are no audio listeners in the scene. Please ensure there is always one audio listener in the scene
There are no audio listeners in the scene. Please ensure there is always one audio listener in the scene
There are no audio listeners in the scene. Please ensure there is always one audio listener in the scene
There are no audio listeners in the scene. Please ensure there is always one audio listener in the scene
There are no audio listeners in the scene. Please ensure there is always one audio listener in the scene
There are no audio listeners in the scene. Please ensure there is always one audio listener in the scene
There are no audio listeners in the scene. Please ensure there is always one audio listener in the scene
There are no audio listeners in the scene. Please ensure there is always one audio listener in the scene
There are no audio listeners in the scene. Please ensure there is always one audio listener in the scene
There are no audio listeners in the scene. Please ensure there is always one audio listener in the scene
There are no audio listeners in the scene. Please ensure there is always one audio listener in the scene
There are no audio listeners in the scene. Please ensure there is always one audio listener in the scene
There are no audio listeners in the scene. Please ensure there is always one audio listener in the scene
There are no audio listeners in the scene. Please ensure there is always one audio listener in the scene
There are no audio listeners in the scene. Please ensure there is always one audio listener in the scene
There are no audio listeners in the scene. Please ensure there is always one audio listener in the scene
There are no audio listeners in the scene. Please ensure there is always one audio listener in the scene
There are no audio listeners in the scene. Please ensure there is always one audio listener in the scene
There are no audio listeners in the scene. Please ensure there is always one audio listener in the scene
There are no audio listeners in the scene. Please ensure there is always one audio listener in the scene
There are no audio listeners in the scene. Please ensure there is always one audio listener in the scene
There are no audio listeners in the scene. Please ensure there is always one audio listener in the scene
There are no audio listeners in the scene. Please ensure there is always one audio listener in the scene
There are no audio listeners in the scene. Please ensure there is always one audio listener in the scene
There are no audio listeners in the scene. Please ensure there is always one audio listener in the scene
There are no audio listeners in the scene. Please ensure there is always one audio listener in the scene
There are no audio listeners in the scene. Please ensure there is always one audio listener in the scene
There are no audio listeners in the scene. Please ensure there is always one audio listener in the scene
There are no audio listeners in the scene. Please ensure there is always one audio listener in the scene
There are no audio listeners in the scene. Please ensure there is always one audio listener in the scene
There are no audio listeners in the scene. Please ensure there is always one audio listener in the scene
There are no audio listeners in the scene. Please ensure there is always one audio listener in the scene
There are no audio listeners in the scene. Please ensure there is always one audio listener in the scene
There are no audio listeners in the scene. Please ensure there is always one audio listener in the scene
There are no audio listeners in the scene. Please ensure there is always one audio listener in the scene
There are no audio listeners in the scene. Please ensure there is always one audio listener in the scene
There are no audio listeners in the scene. Please ensure there is always one audio listener in the scene
There are no audio listeners in the scene. Please ensure there is always one audio listener in the scene
There are no audio listeners in the scene. Please ensure there is always one audio listener in the scene
There are no audio listeners in the scene. Please ensure there is always one audio listener in the scene
There are no audio listeners in the scene. Please ensure there is always one audio listener in the scene
There are no audio listeners in the scene. Please ensure there is always one audio listener in the scene
There are no audio listeners in the scene. Please ensure there is always one audio listener in the scene
There are no audio listeners in the scene. Please ensure there is always one audio listener in the scene
There are no audio listeners in the scene. Please ensure there is always one audio listener in the scene
There are no audio listeners in the scene. Please ensure there is always one audio listener in the scene
There are no audio listeners in the scene. Please ensure there is always one audio listener in the scene
There are no audio listeners in the scene. Please ensure there is always one audio listener in the scene
There are no audio listeners in the scene. Please ensure there is always one audio listener in the scene
There are no audio listeners in the scene. Please ensure there is always one audio listener in the scene
There are no audio listeners in the scene. Please ensure there is always one audio listener in the scene
There are no audio listeners in the scene. Please ensure there is always one audio listener in the scene
There are no audio listeners in the scene. Please ensure there is always one audio listener in the scene
There are no audio listeners in the scene. Please ensure there is always one audio listener in the scene
There are no audio listeners in the scene. Please ensure there is always one audio listener in the scene
There are no audio listeners in the scene. Please ensure there is always one audio listener in the scene
There are no audio listeners in the scene. Please ensure there is always one audio listener in the scene
There are no audio listeners in the scene. Please ensure there is always one audio listener in the scene
There are no audio listeners in the scene. Please ensure there is always one audio listener in the scene
There are no audio listeners in the scene. Please ensure there is always one audio listener in the scene
There are no audio listeners in the scene. Please ensure there is always one audio listener in the scene
There are no audio listeners in the scene. Please ensure there is always one audio listener in the scene
There are no audio listeners in the scene. Please ensure there is always one audio listener in the scene
There are no audio listeners in the scene. Please ensure there is always one audio listener in the scene
There are no audio listeners in the scene. Please ensure there is always one audio listener in the scene
There are no audio listeners in the scene. Please ensure there is always one audio listener in the scene
There are no audio listeners in the scene. Please ensure there is always one audio listener in the scene
There are no audio listeners in the scene. Please ensure there is always one audio listener in the scene
There are no audio listeners in the scene. Please ensure there is always one audio listener in the scene
There are no audio listeners in the scene. Please ensure there is always one audio listener in the scene
There are no audio listeners in the scene. Please ensure there is always one audio listener in the scene
There are no audio listeners in the scene. Please ensure there is always one audio listener in the scene
There are no audio listeners in the scene. Please ensure there is always one audio listener in the scene
There are no audio listeners in the scene. Please ensure there is always one audio listener in the scene
There are no audio listeners in the scene. Please ensure there is always one audio listener in the scene
There are no audio listeners in the scene. Please ensure there is always one audio listener in the scene
There are no audio listeners in the scene. Please ensure there is always one audio listener in the scene
There are no audio listeners in the scene. Please ensure there is always one audio listener in the scene
There are no audio listeners in the scene. Please ensure there is always one audio listener in the scene
There are no audio listeners in the scene. Please ensure there is always one audio listener in the scene
There are no audio listeners in the scene. Please ensure there is always one audio listener in the scene
There are no audio listeners in the scene. Please ensure there is always one audio listener in the scene
There are no audio listeners in the scene. Please ensure there is always one audio listener in the scene
There are no audio listeners in the scene. Please ensure there is always one audio listener in the scene
There are no audio listeners in the scene. Please ensure there is always one audio listener in the scene
There are no audio listeners in the scene. Please ensure there is always one audio listener in the scene
There are no audio listeners in the scene. Please ensure there is always one audio listener in the scene
There are no audio listeners in the scene. Please ensure there is always one audio listener in the scene
There are no audio listeners in the scene. Please ensure there is always one audio listener in the scene
There are no audio listeners in the scene. Please ensure there is always one audio listener in the scene
There are no audio listeners in the scene. Please ensure there is always one audio listener in the scene
There are no audio listeners in the scene. Please ensure there is always one audio listener in the scene
There are no audio listeners in the scene. Please ensure there is always one audio listener in the scene
There are no audio listeners in the scene. Please ensure there is always one audio listener in the scene
There are no audio listeners in the scene. Please ensure there is always one audio listener in the scene
There are no audio listeners in the scene. Please ensure there is always one audio listener in the scene
There are no audio listeners in the scene. Please ensure there is always one audio listener in the scene
There are no audio listeners in the scene. Please ensure there is always one audio listener in the scene
There are no audio listeners in the scene. Please ensure there is always one audio listener in the scene
There are no audio listeners in the scene. Please ensure there is always one audio listener in the scene
There are no audio listeners in the scene. Please ensure there is always one audio listener in the scene
There are no audio listeners in the scene. Please ensure there is always one audio listener in the scene
There are no audio listeners in the scene. Please ensure there is always one audio listener in the scene
There are no audio listeners in the scene. Please ensure there is always one audio listener in the scene
There are no audio listeners in the scene. Please ensure there is always one audio listener in the scene
There are no audio listeners in the scene. Please ensure there is always one audio listener in the scene
There are no audio listeners in the scene. Please ensure there is always one audio listener in the scene
There are no audio listeners in the scene. Please ensure there is always one audio listener in the scene
There are no audio listeners in the scene. Please ensure there is always one audio listener in the scene
There are no audio listeners in the scene. Please ensure there is always one audio listener in the scene
There are no audio listeners in the scene. Please ensure there is always one audio listener in the scene
There are no audio listeners in the scene. Please ensure there is always one audio listener in the scene
There are no audio listeners in the scene. Please ensure there is always one audio listener in the scene
There are no audio listeners in the scene. Please ensure there is always one audio listener in the scene
There are no audio listeners in the scene. Please ensure there is always one audio listener in the scene
There are no audio listeners in the scene. Please ensure there is always one audio listener in the scene
There are no audio listeners in the scene. Please ensure there is always one audio listener in the scene
There are no audio listeners in the scene. Please ensure there is always one audio listener in the scene
There are no audio listeners in the scene. Please ensure there is always one audio listener in the scene
There are no audio listeners in the scene. Please ensure there is always one audio listener in the scene
There are no audio listeners in the scene. Please ensure there is always one audio listener in the scene
There are no audio listeners in the scene. Please ensure there is always one audio listener in the scene
There are no audio listeners in the scene. Please ensure there is always one audio listener in the scene
There are no audio listeners in the scene. Please ensure there is always one audio listener in the scene
There are no audio listeners in the scene. Please ensure there is always one audio listener in the scene
There are no audio listeners in the scene. Please ensure there is always one audio listener in the scene
There are no audio listeners in the scene. Please ensure there is always one audio listener in the scene
There are no audio listeners in the scene. Please ensure there is always one audio listener in the scene
There are no audio listeners in the scene. Please ensure there is always one audio listener in the scene
There are no audio listeners in the scene. Please ensure there is always one audio listener in the scene
There are no audio listeners in the scene. Please ensure there is always one audio listener in the scene
There are no audio listeners in the scene. Please ensure there is always one audio listener in the scene
There are no audio listeners in the scene. Please ensure there is always one audio listener in the scene
There are no audio listeners in the scene. Please ensure there is always one audio listener in the scene
There are no audio listeners in the scene. Please ensure there is always one audio listener in the scene
There are no audio listeners in the scene. Please ensure there is always one audio listener in the scene
There are no audio listeners in the scene. Please ensure there is always one audio listener in the scene
There are no audio listeners in the scene. Please ensure there is always one audio listener in the scene
There are no audio listeners in the scene. Please ensure there is always one audio listener in the scene
There are no audio listeners in the scene. Please ensure there is always one audio listener in the scene
There are no audio listeners in the scene. Please ensure there is always one audio listener in the scene
There are no audio listeners in the scene. Please ensure there is always one audio listener in the scene
There are no audio listeners in the scene. Please ensure there is always one audio listener in the scene
There are no audio listeners in the scene. Please ensure there is always one audio listener in the scene
There are no audio listeners in the scene. Please ensure there is always one audio listener in the scene
There are no audio listeners in the scene. Please ensure there is always one audio listener in the scene
There are no audio listeners in the scene. Please ensure there is always one audio listener in the scene
There are no audio listeners in the scene. Please ensure there is always one audio listener in the scene
There are no audio listeners in the scene. Please ensure there is always one audio listener in the scene
There are no audio listeners in the scene. Please ensure there is always one audio listener in the scene
There are no audio listeners in the scene. Please ensure there is always one audio listener in the scene
There are no audio listeners in the scene. Please ensure there is always one audio listener in the scene
There are no audio listeners in the scene. Please ensure there is always one audio listener in the scene
There are no audio listeners in the scene. Please ensure there is always one audio listener in the scene
There are no audio listeners in the scene. Please ensure there is always one audio listener in the scene
There are no audio listeners in the scene. Please ensure there is always one audio listener in the scene
There are no audio listeners in the scene. Please ensure there is always one audio listener in the scene
There are no audio listeners in the scene. Please ensure there is always one audio listener in the scene
There are no audio listeners in the scene. Please ensure there is always one audio listener in the scene
There are no audio listeners in the scene. Please ensure there is always one audio listener in the scene
There are no audio listeners in the scene. Please ensure there is always one audio listener in the scene
There are no audio listeners in the scene. Please ensure there is always one audio listener in the scene
There are no audio listeners in the scene. Please ensure there is always one audio listener in the scene
There are no audio listeners in the scene. Please ensure there is always one audio listener in the scene
There are no audio listeners in the scene. Please ensure there is always one audio listener in the scene
There are no audio listeners in the scene. Please ensure there is always one audio listener in the scene
There are no audio listeners in the scene. Please ensure there is always one audio listener in the scene
There are no audio listeners in the scene. Please ensure there is always one audio listener in the scene
There are no audio listeners in the scene. Please ensure there is always one audio listener in the scene
There are no audio listeners in the scene. Please ensure there is always one audio listener in the scene
There are no audio listeners in the scene. Please ensure there is always one audio listener in the scene
There are no audio listeners in the scene. Please ensure there is always one audio listener in the scene
There are no audio listeners in the scene. Please ensure there is always one audio listener in the scene
There are no audio listeners in the scene. Please ensure there is always one audio listener in the scene
There are no audio listeners in the scene. Please ensure there is always one audio listener in the scene
There are no audio listeners in the scene. Please ensure there is always one audio listener in the scene
There are no audio listeners in the scene. Please ensure there is always one audio listener in the scene
There are no audio listeners in the scene. Please ensure there is always one audio listener in the scene
There are no audio listeners in the scene. Please ensure there is always one audio listener in the scene
There are no audio listeners in the scene. Please ensure there is always one audio listener in the scene
There are no audio listeners in the scene. Please ensure there is always one audio listener in the scene
There are no audio listeners in the scene. Please ensure there is always one audio listener in the scene
There are no audio listeners in the scene. Please ensure there is always one audio listener in the scene
There are no audio listeners in the scene. Please ensure there is always one audio listener in the scene
There are no audio listeners in the scene. Please ensure there is always one audio listener in the scene
There are no audio listeners in the scene. Please ensure there is always one audio listener in the scene
There are no audio listeners in the scene. Please ensure there is always one audio listener in the scene
There are no audio listeners in the scene. Please ensure there is always one audio listener in the scene
There are no audio listeners in the scene. Please ensure there is always one audio listener in the scene
There are no audio listeners in the scene. Please ensure there is always one audio listener in the scene
There are no audio listeners in the scene. Please ensure there is always one audio listener in the scene
There are no audio listeners in the scene. Please ensure there is always one audio listener in the scene
There are no audio listeners in the scene. Please ensure there is always one audio listener in the scene
There are no audio listeners in the scene. Please ensure there is always one audio listener in the scene
There are no audio listeners in the scene. Please ensure there is always one audio listener in the scene
There are no audio listeners in the scene. Please ensure there is always one audio listener in the scene
There are no audio listeners in the scene. Please ensure there is always one audio listener in the scene
There are no audio listeners in the scene. Please ensure there is always one audio listener in the scene
There are no audio listeners in the scene. Please ensure there is always one audio listener in the scene
There are no audio listeners in the scene. Please ensure there is always one audio listener in the scene
There are no audio listeners in the scene. Please ensure there is always one audio listener in the scene
There are no audio listeners in the scene. Please ensure there is always one audio listener in the scene
There are no audio listeners in the scene. Please ensure there is always one audio listener in the scene
There are no audio listeners in the scene. Please ensure there is always one audio listener in the scene
There are no audio listeners in the scene. Please ensure there is always one audio listener in the scene
There are no audio listeners in the scene. Please ensure there is always one audio listener in the scene
There are no audio listeners in the scene. Please ensure there is always one audio listener in the scene
There are no audio listeners in the scene. Please ensure there is always one audio listener in the scene
There are no audio listeners in the scene. Please ensure there is always one audio listener in the scene
There are no audio listeners in the scene. Please ensure there is always one audio listener in the scene
There are no audio listeners in the scene. Please ensure there is always one audio listener in the scene
There are no audio listeners in the scene. Please ensure there is always one audio listener in the scene
There are no audio listeners in the scene. Please ensure there is always one audio listener in the scene
There are no audio listeners in the scene. Please ensure there is always one audio listener in the scene
There are no audio listeners in the scene. Please ensure there is always one audio listener in the scene
There are no audio listeners in the scene. Please ensure there is always one audio listener in the scene
There are no audio listeners in the scene. Please ensure there is always one audio listener in the scene
There are no audio listeners in the scene. Please ensure there is always one audio listener in the scene
There are no audio listeners in the scene. Please ensure there is always one audio listener in the scene
There are no audio listeners in the scene. Please ensure there is always one audio listener in the scene
There are no audio listeners in the scene. Please ensure there is always one audio listener in the scene
There are no audio listeners in the scene. Please ensure there is always one audio listener in the scene
There are no audio listeners in the scene. Please ensure there is always one audio listener in the scene
There are no audio listeners in the scene. Please ensure there is always one audio listener in the scene
There are no audio listeners in the scene. Please ensure there is always one audio listener in the scene
There are no audio listeners in the scene. Please ensure there is always one audio listener in the scene
There are no audio listeners in the scene. Please ensure there is always one audio listener in the scene
There are no audio listeners in the scene. Please ensure there is always one audio listener in the scene
There are no audio listeners in the scene. Please ensure there is always one audio listener in the scene
There are no audio listeners in the scene. Please ensure there is always one audio listener in the scene
There are no audio listeners in the scene. Please ensure there is always one audio listener in the scene
There are no audio listeners in the scene. Please ensure there is always one audio listener in the scene
There are no audio listeners in the scene. Please ensure there is always one audio listener in the scene
There are no audio listeners in the scene. Please ensure there is always one audio listener in the scene
There are no audio listeners in the scene. Please ensure there is always one audio listener in the scene
There are no audio listeners in the scene. Please ensure there is always one audio listener in the scene
There are no audio listeners in the scene. Please ensure there is always one audio listener in the scene
There are no audio listeners in the scene. Please ensure there is always one audio listener in the scene
There are no audio listeners in the scene. Please ensure there is always one audio listener in the scene
There are no audio listeners in the scene. Please ensure there is always one audio listener in the scene
There are no audio listeners in the scene. Please ensure there is always one audio listener in the scene
There are no audio listeners in the scene. Please ensure there is always one audio listener in the scene
There are no audio listeners in the scene. Please ensure there is always one audio listener in the scene
There are no audio listeners in the scene. Please ensure there is always one audio listener in the scene
There are no audio listeners in the scene. Please ensure there is always one audio listener in the scene
There are no audio listeners in the scene. Please ensure there is always one audio listener in the scene
There are no audio listeners in the scene. Please ensure there is always one audio listener in the scene
There are no audio listeners in the scene. Please ensure there is always one audio listener in the scene
There are no audio listeners in the scene. Please ensure there is always one audio listener in the scene
There are no audio listeners in the scene. Please ensure there is always one audio listener in the scene
There are no audio listeners in the scene. Please ensure there is always one audio listener in the scene
There are no audio listeners in the scene. Please ensure there is always one audio listener in the scene
There are no audio listeners in the scene. Please ensure there is always one audio listener in the scene
There are no audio listeners in the scene. Please ensure there is always one audio listener in the scene
There are no audio listeners in the scene. Please ensure there is always one audio listener in the scene
There are no audio listeners in the scene. Please ensure there is always one audio listener in the scene
There are no audio listeners in the scene. Please ensure there is always one audio listener in the scene
There are no audio listeners in the scene. Please ensure there is always one audio listener in the scene
There are no audio listeners in the scene. Please ensure there is always one audio listener in the scene
There are no audio listeners in the scene. Please ensure there is always one audio listener in the scene
There are no audio listeners in the scene. Please ensure there is always one audio listener in the scene
There are no audio listeners in the scene. Please ensure there is always one audio listener in the scene
There are no audio listeners in the scene. Please ensure there is always one audio listener in the scene
There are no audio listeners in the scene. Please ensure there is always one audio listener in the scene
There are no audio listeners in the scene. Please ensure there is always one audio listener in the scene
There are no audio listeners in the scene. Please ensure there is always one audio listener in the scene
There are no audio listeners in the scene. Please ensure there is always one audio listener in the scene
There are no audio listeners in the scene. Please ensure there is always one audio listener in the scene
There are no audio listeners in the scene. Please ensure there is always one audio listener in the scene
There are no audio listeners in the scene. Please ensure there is always one audio listener in the scene
There are no audio listeners in the scene. Please ensure there is always one audio listener in the scene
There are no audio listeners in the scene. Please ensure there is always one audio listener in the scene
There are no audio listeners in the scene. Please ensure there is always one audio listener in the scene
There are no audio listeners in the scene. Please ensure there is always one audio listener in the scene
There are no audio listeners in the scene. Please ensure there is always one audio listener in the scene
There are no audio listeners in the scene. Please ensure there is always one audio listener in the scene
There are no audio listeners in the scene. Please ensure there is always one audio listener in the scene
There are no audio listeners in the scene. Please ensure there is always one audio listener in the scene
There are no audio listeners in the scene. Please ensure there is always one audio listener in the scene
There are no audio listeners in the scene. Please ensure there is always one audio listener in the scene
There are no audio listeners in the scene. Please ensure there is always one audio listener in the scene
There are no audio listeners in the scene. Please ensure there is always one audio listener in the scene
There are no audio listeners in the scene. Please ensure there is always one audio listener in the scene
There are no audio listeners in the scene. Please ensure there is always one audio listener in the scene
There are no audio listeners in the scene. Please ensure there is always one audio listener in the scene
There are no audio listeners in the scene. Please ensure there is always one audio listener in the scene
There are no audio listeners in the scene. Please ensure there is always one audio listener in the scene
There are no audio listeners in the scene. Please ensure there is always one audio listener in the scene
There are no audio listeners in the scene. Please ensure there is always one audio listener in the scene
There are no audio listeners in the scene. Please ensure there is always one audio listener in the scene
There are no audio listeners in the scene. Please ensure there is always one audio listener in the scene
There are no audio listeners in the scene. Please ensure there is always one audio listener in the scene
There are no audio listeners in the scene. Please ensure there is always one audio listener in the scene
There are no audio listeners in the scene. Please ensure there is always one audio listener in the scene
There are no audio listeners in the scene. Please ensure there is always one audio listener in the scene
There are no audio listeners in the scene. Please ensure there is always one audio listener in the scene
There are no audio listeners in the scene. Please ensure there is always one audio listener in the scene
There are no audio listeners in the scene. Please ensure there is always one audio listener in the scene
There are no audio listeners in the scene. Please ensure there is always one audio listener in the scene
There are no audio listeners in the scene. Please ensure there is always one audio listener in the scene
There are no audio listeners in the scene. Please ensure there is always one audio listener in the scene
There are no audio listeners in the scene. Please ensure there is always one audio listener in the scene
There are no audio listeners in the scene. Please ensure there is always one audio listener in the scene
There are no audio listeners in the scene. Please ensure there is always one audio listener in the scene
There are no audio listeners in the scene. Please ensure there is always one audio listener in the scene
There are no audio listeners in the scene. Please ensure there is always one audio listener in the scene
There are no audio listeners in the scene. Please ensure there is always one audio listener in the scene
There are no audio listeners in the scene. Please ensure there is always one audio listener in the scene
There are no audio listeners in the scene. Please ensure there is always one audio listener in the scene
There are no audio listeners in the scene. Please ensure there is always one audio listener in the scene
There are no audio listeners in the scene. Please ensure there is always one audio listener in the scene
There are no audio listeners in the scene. Please ensure there is always one audio listener in the scene
There are no audio listeners in the scene. Please ensure there is always one audio listener in the scene
There are no audio listeners in the scene. Please ensure there is always one audio listener in the scene
There are no audio listeners in the scene. Please ensure there is always one audio listener in the scene
There are no audio listeners in the scene. Please ensure there is always one audio listener in the scene
There are no audio listeners in the scene. Please ensure there is always one audio listener in the scene
There are no audio listeners in the scene. Please ensure there is always one audio listener in the scene
There are no audio listeners in the scene. Please ensure there is always one audio listener in the scene
There are no audio listeners in the scene. Please ensure there is always one audio listener in the scene
There are no audio listeners in the scene. Please ensure there is always one audio listener in the scene
There are no audio listeners in the scene. Please ensure there is always one audio listener in the scene
There are no audio listeners in the scene. Please ensure there is always one audio listener in the scene
There are no audio listeners in the scene. Please ensure there is always one audio listener in the scene
There are no audio listeners in the scene. Please ensure there is always one audio listener in the scene
There are no audio listeners in the scene. Please ensure there is always one audio listener in the scene
There are no audio listeners in the scene. Please ensure there is always one audio listener in the scene
There are no audio listeners in the scene. Please ensure there is always one audio listener in the scene
There are no audio listeners in the scene. Please ensure there is always one audio listener in the scene
There are no audio listeners in the scene. Please ensure there is always one audio listener in the scene
There are no audio listeners in the scene. Please ensure there is always one audio listener in the scene
There are no audio listeners in the scene. Please ensure there is always one audio listener in the scene
There are no audio listeners in the scene. Please ensure there is always one audio listener in the scene
There are no audio listeners in the scene. Please ensure there is always one audio listener in the scene
There are no audio listeners in the scene. Please ensure there is always one audio listener in the scene
There are no audio listeners in the scene. Please ensure there is always one audio listener in the scene
There are no audio listeners in the scene. Please ensure there is always one audio listener in the scene
There are no audio listeners in the scene. Please ensure there is always one audio listener in the scene
There are no audio listeners in the scene. Please ensure there is always one audio listener in the scene
There are no audio listeners in the scene. Please ensure there is always one audio listener in the scene
There are no audio listeners in the scene. Please ensure there is always one audio listener in the scene
There are no audio listeners in the scene. Please ensure there is always one audio listener in the scene
There are no audio listeners in the scene. Please ensure there is always one audio listener in the scene
There are no audio listeners in the scene. Please ensure there is always one audio listener in the scene
There are no audio listeners in the scene. Please ensure there is always one audio listener in the scene
There are no audio listeners in the scene. Please ensure there is always one audio listener in the scene
There are no audio listeners in the scene. Please ensure there is always one audio listener in the scene
There are no audio listeners in the scene. Please ensure there is always one audio listener in the scene
There are no audio listeners in the scene. Please ensure there is always one audio listener in the scene
There are no audio listeners in the scene. Please ensure there is always one audio listener in the scene
There are no audio listeners in the scene. Please ensure there is always one audio listener in the scene
There are no audio listeners in the scene. Please ensure there is always one audio listener in the scene
There are no audio listeners in the scene. Please ensure there is always one audio listener in the scene
There are no audio listeners in the scene. Please ensure there is always one audio listener in the scene
There are no audio listeners in the scene. Please ensure there is always one audio listener in the scene
There are no audio listeners in the scene. Please ensure there is always one audio listener in the scene
There are no audio listeners in the scene. Please ensure there is always one audio listener in the scene
There are no audio listeners in the scene. Please ensure there is always one audio listener in the scene
There are no audio listeners in the scene. Please ensure there is always one audio listener in the scene
There are no audio listeners in the scene. Please ensure there is always one audio listener in the scene
There are no audio listeners in the scene. Please ensure there is always one audio listener in the scene
There are no audio listeners in the scene. Please ensure there is always one audio listener in the scene
There are no audio listeners in the scene. Please ensure there is always one audio listener in the scene
There are no audio listeners in the scene. Please ensure there is always one audio listener in the scene
There are no audio listeners in the scene. Please ensure there is always one audio listener in the scene
There are no audio listeners in the scene. Please ensure there is always one audio listener in the scene
There are no audio listeners in the scene. Please ensure there is always one audio listener in the scene
There are no audio listeners in the scene. Please ensure there is always one audio listener in the scene
There are no audio listeners in the scene. Please ensure there is always one audio listener in the scene
There are no audio listeners in the scene. Please ensure there is always one audio listener in the scene
There are no audio listeners in the scene. Please ensure there is always one audio listener in the scene
There are no audio listeners in the scene. Please ensure there is always one audio listener in the scene
There are no audio listeners in the scene. Please ensure there is always one audio listener in the scene
There are no audio listeners in the scene. Please ensure there is always one audio listener in the scene
There are no audio listeners in the scene. Please ensure there is always one audio listener in the scene
There are no audio listeners in the scene. Please ensure there is always one audio listener in the scene
There are no audio listeners in the scene. Please ensure there is always one audio listener in the scene
There are no audio listeners in the scene. Please ensure there is always one audio listener in the scene
There are no audio listeners in the scene. Please ensure there is always one audio listener in the scene
There are no audio listeners in the scene. Please ensure there is always one audio listener in the scene
There are no audio listeners in the scene. Please ensure there is always one audio listener in the scene
There are no audio listeners in the scene. Please ensure there is always one audio listener in the scene
There are no audio listeners in the scene. Please ensure there is always one audio listener in the scene
There are no audio listeners in the scene. Please ensure there is always one audio listener in the scene
There are no audio listeners in the scene. Please ensure there is always one audio listener in the scene
There are no audio listeners in the scene. Please ensure there is always one audio listener in the scene
There are no audio listeners in the scene. Please ensure there is always one audio listener in the scene
There are no audio listeners in the scene. Please ensure there is always one audio listener in the scene
There are no audio listeners in the scene. Please ensure there is always one audio listener in the scene
There are no audio listeners in the scene. Please ensure there is always one audio listener in the scene
There are no audio listeners in the scene. Please ensure there is always one audio listener in the scene
There are no audio listeners in the scene. Please ensure there is always one audio listener in the scene
There are no audio listeners in the scene. Please ensure there is always one audio listener in the scene
There are no audio listeners in the scene. Please ensure there is always one audio listener in the scene
There are no audio listeners in the scene. Please ensure there is always one audio listener in the scene
There are no audio listeners in the scene. Please ensure there is always one audio listener in the scene
There are no audio listeners in the scene. Please ensure there is always one audio listener in the scene
There are no audio listeners in the scene. Please ensure there is always one audio listener in the scene
There are no audio listeners in the scene. Please ensure there is always one audio listener in the scene
There are no audio listeners in the scene. Please ensure there is always one audio listener in the scene
There are no audio listeners in the scene. Please ensure there is always one audio listener in the scene
There are no audio listeners in the scene. Please ensure there is always one audio listener in the scene
There are no audio listeners in the scene. Please ensure there is always one audio listener in the scene
There are no audio listeners in the scene. Please ensure there is always one audio listener in the scene
There are no audio listeners in the scene. Please ensure there is always one audio listener in the scene
There are no audio listeners in the scene. Please ensure there is always one audio listener in the scene
There are no audio listeners in the scene. Please ensure there is always one audio listener in the scene
There are no audio listeners in the scene. Please ensure there is always one audio listener in the scene
There are no audio listeners in the scene. Please ensure there is always one audio listener in the scene
There are no audio listeners in the scene. Please ensure there is always one audio listener in the scene
There are no audio listeners in the scene. Please ensure there is always one audio listener in the scene
There are no audio listeners in the scene. Please ensure there is always one audio listener in the scene
There are no audio listeners in the scene. Please ensure there is always one audio listener in the scene
There are no audio listeners in the scene. Please ensure there is always one audio listener in the scene
There are no audio listeners in the scene. Please ensure there is always one audio listener in the scene
There are no audio listeners in the scene. Please ensure there is always one audio listener in the scene
There are no audio listeners in the scene. Please ensure there is always one audio listener in the scene
There are no audio listeners in the scene. Please ensure there is always one audio listener in the scene
There are no audio listeners in the scene. Please ensure there is always one audio listener in the scene
There are no audio listeners in the scene. Please ensure there is always one audio listener in the scene
There are no audio listeners in the scene. Please ensure there is always one audio listener in the scene
There are no audio listeners in the scene. Please ensure there is always one audio listener in the scene
There are no audio listeners in the scene. Please ensure there is always one audio listener in the scene
There are no audio listeners in the scene. Please ensure there is always one audio listener in the scene
There are no audio listeners in the scene. Please ensure there is always one audio listener in the scene
There are no audio listeners in the scene. Please ensure there is always one audio listener in the scene
There are no audio listeners in the scene. Please ensure there is always one audio listener in the scene
There are no audio listeners in the scene. Please ensure there is always one audio listener in the scene
There are no audio listeners in the scene. Please ensure there is always one audio listener in the scene
There are no audio listeners in the scene. Please ensure there is always one audio listener in the scene
There are no audio listeners in the scene. Please ensure there is always one audio listener in the scene
There are no audio listeners in the scene. Please ensure there is always one audio listener in the scene
There are no audio listeners in the scene. Please ensure there is always one audio listener in the scene
There are no audio listeners in the scene. Please ensure there is always one audio listener in the scene
There are no audio listeners in the scene. Please ensure there is always one audio listener in the scene
There are no audio listeners in the scene. Please ensure there is always one audio listener in the scene
There are no audio listeners in the scene. Please ensure there is always one audio listener in the scene
There are no audio listeners in the scene. Please ensure there is always one audio listener in the scene
There are no audio listeners in the scene. Please ensure there is always one audio listener in the scene
There are no audio listeners in the scene. Please ensure there is always one audio listener in the scene
There are no audio listeners in the scene. Please ensure there is always one audio listener in the scene
There are no audio listeners in the scene. Please ensure there is always one audio listener in the scene
There are no audio listeners in the scene. Please ensure there is always one audio listener in the scene
There are no audio listeners in the scene. Please ensure there is always one audio listener in the scene
There are no audio listeners in the scene. Please ensure there is always one audio listener in the scene
There are no audio listeners in the scene. Please ensure there is always one audio listener in the scene
There are no audio listeners in the scene. Please ensure there is always one audio listener in the scene
There are no audio listeners in the scene. Please ensure there is always one audio listener in the scene
There are no audio listeners in the scene. Please ensure there is always one audio listener in the scene
There are no audio listeners in the scene. Please ensure there is always one audio listener in the scene
There are no audio listeners in the scene. Please ensure there is always one audio listener in the scene
There are no audio listeners in the scene. Please ensure there is always one audio listener in the scene
There are no audio listeners in the scene. Please ensure there is always one audio listener in the scene
There are no audio listeners in the scene. Please ensure there is always one audio listener in the scene
There are no audio listeners in the scene. Please ensure there is always one audio listener in the scene
There are no audio listeners in the scene. Please ensure there is always one audio listener in the scene
There are no audio listeners in the scene. Please ensure there is always one audio listener in the scene
There are no audio listeners in the scene. Please ensure there is always one audio listener in the scene
There are no audio listeners in the scene. Please ensure there is always one audio listener in the scene
There are no audio listeners in the scene. Please ensure there is always one audio listener in the scene
There are no audio listeners in the scene. Please ensure there is always one audio listener in the scene
There are no audio listeners in the scene. Please ensure there is always one audio listener in the scene
There are no audio listeners in the scene. Please ensure there is always one audio listener in the scene
There are no audio listeners in the scene. Please ensure there is always one audio listener in the scene
There are no audio listeners in the scene. Please ensure there is always one audio listener in the scene
There are no audio listeners in the scene. Please ensure there is always one audio listener in the scene
There are no audio listeners in the scene. Please ensure there is always one audio listener in the scene
There are no audio listeners in the scene. Please ensure there is always one audio listener in the scene
There are no audio listeners in the scene. Please ensure there is always one audio listener in the scene
There are no audio listeners in the scene. Please ensure there is always one audio listener in the scene
There are no audio listeners in the scene. Please ensure there is always one audio listener in the scene
There are no audio listeners in the scene. Please ensure there is always one audio listener in the scene
There are no audio listeners in the scene. Please ensure there is always one audio listener in the scene
There are no audio listeners in the scene. Please ensure there is always one audio listener in the scene
There are no audio listeners in the scene. Please ensure there is always one audio listener in the scene
There are no audio listeners in the scene. Please ensure there is always one audio listener in the scene
There are no audio listeners in the scene. Please ensure there is always one audio listener in the scene
There are no audio listeners in the scene. Please ensure there is always one audio listener in the scene
There are no audio listeners in the scene. Please ensure there is always one audio listener in the scene
There are no audio listeners in the scene. Please ensure there is always one audio listener in the scene
There are no audio listeners in the scene. Please ensure there is always one audio listener in the scene
There are no audio listeners in the scene. Please ensure there is always one audio listener in the scene
There are no audio listeners in the scene. Please ensure there is always one audio listener in the scene
There are no audio listeners in the scene. Please ensure there is always one audio listener in the scene
There are no audio listeners in the scene. Please ensure there is always one audio listener in the scene
There are no audio listeners in the scene. Please ensure there is always one audio listener in the scene
There are no audio listeners in the scene. Please ensure there is always one audio listener in the scene
There are no audio listeners in the scene. Please ensure there is always one audio listener in the scene
There are no audio listeners in the scene. Please ensure there is always one audio listener in the scene
There are no audio listeners in the scene. Please ensure there is always one audio listener in the scene
There are no audio listeners in the scene. Please ensure there is always one audio listener in the scene
There are no audio listeners in the scene. Please ensure there is always one audio listener in the scene
There are no audio listeners in the scene. Please ensure there is always one audio listener in the scene
There are no audio listeners in the scene. Please ensure there is always one audio listener in the scene
There are no audio listeners in the scene. Please ensure there is always one audio listener in the scene
There are no audio listeners in the scene. Please ensure there is always one audio listener in the scene
There are no audio listeners in the scene. Please ensure there is always one audio listener in the scene
There are no audio listeners in the scene. Please ensure there is always one audio listener in the scene
There are no audio listeners in the scene. Please ensure there is always one audio listener in the scene
There are no audio listeners in the scene. Please ensure there is always one audio listener in the scene
There are no audio listeners in the scene. Please ensure there is always one audio listener in the scene
There are no audio listeners in the scene. Please ensure there is always one audio listener in the scene
There are no audio listeners in the scene. Please ensure there is always one audio listener in the scene
There are no audio listeners in the scene. Please ensure there is always one audio listener in the scene
There are no audio listeners in the scene. Please ensure there is always one audio listener in the scene
There are no audio listeners in the scene. Please ensure there is always one audio listener in the scene
There are no audio listeners in the scene. Please ensure there is always one audio listener in the scene
There are no audio listeners in the scene. Please ensure there is always one audio listener in the scene
There are no audio listeners in the scene. Please ensure there is always one audio listener in the scene
There are no audio listeners in the scene. Please ensure there is always one audio listener in the scene
There are no audio listeners in the scene. Please ensure there is always one audio listener in the scene
There are no audio listeners in the scene. Please ensure there is always one audio listener in the scene
There are no audio listeners in the scene. Please ensure there is always one audio listener in the scene
There are no audio listeners in the scene. Please ensure there is always one audio listener in the scene
There are no audio listeners in the scene. Please ensure there is always one audio listener in the scene
There are no audio listeners in the scene. Please ensure there is always one audio listener in the scene
There are no audio listeners in the scene. Please ensure there is always one audio listener in the scene
There are no audio listeners in the scene. Please ensure there is always one audio listener in the scene
There are no audio listeners in the scene. Please ensure there is always one audio listener in the scene
There are no audio listeners in the scene. Please ensure there is always one audio listener in the scene
There are no audio listeners in the scene. Please ensure there is always one audio listener in the scene
There are no audio listeners in the scene. Please ensure there is always one audio listener in the scene
There are no audio listeners in the scene. Please ensure there is always one audio listener in the scene
There are no audio listeners in the scene. Please ensure there is always one audio listener in the scene
There are no audio listeners in the scene. Please ensure there is always one audio listener in the scene
There are no audio listeners in the scene. Please ensure there is always one audio listener in the scene
There are no audio listeners in the scene. Please ensure there is always one audio listener in the scene
There are no audio listeners in the scene. Please ensure there is always one audio listener in the scene
There are no audio listeners in the scene. Please ensure there is always one audio listener in the scene
There are no audio listeners in the scene. Please ensure there is always one audio listener in the scene
There are no audio listeners in the scene. Please ensure there is always one audio listener in the scene
There are no audio listeners in the scene. Please ensure there is always one audio listener in the scene
There are no audio listeners in the scene. Please ensure there is always one audio listener in the scene
There are no audio listeners in the scene. Please ensure there is always one audio listener in the scene
There are no audio listeners in the scene. Please ensure there is always one audio listener in the scene
There are no audio listeners in the scene. Please ensure there is always one audio listener in the scene
There are no audio listeners in the scene. Please ensure there is always one audio listener in the scene
There are no audio listeners in the scene. Please ensure there is always one audio listener in the scene
There are no audio listeners in the scene. Please ensure there is always one audio listener in the scene
There are no audio listeners in the scene. Please ensure there is always one audio listener in the scene
There are no audio listeners in the scene. Please ensure there is always one audio listener in the scene
There are no audio listeners in the scene. Please ensure there is always one audio listener in the scene
There are no audio listeners in the scene. Please ensure there is always one audio listener in the scene
There are no audio listeners in the scene. Please ensure there is always one audio listener in the scene
There are no audio listeners in the scene. Please ensure there is always one audio listener in the scene
There are no audio listeners in the scene. Please ensure there is always one audio listener in the scene
There are no audio listeners in the scene. Please ensure there is always one audio listener in the scene
There are no audio listeners in the scene. Please ensure there is always one audio listener in the scene
There are no audio listeners in the scene. Please ensure there is always one audio listener in the scene
There are no audio listeners in the scene. Please ensure there is always one audio listener in the scene
There are no audio listeners in the scene. Please ensure there is always one audio listener in the scene
There are no audio listeners in the scene. Please ensure there is always one audio listener in the scene
There are no audio listeners in the scene. Please ensure there is always one audio listener in the scene
There are no audio listeners in the scene. Please ensure there is always one audio listener in the scene
There are no audio listeners in the scene. Please ensure there is always one audio listener in the scene
There are no audio listeners in the scene. Please ensure there is always one audio listener in the scene
There are no audio listeners in the scene. Please ensure there is always one audio listener in the scene
There are no audio listeners in the scene. Please ensure there is always one audio listener in the scene
There are no audio listeners in the scene. Please ensure there is always one audio listener in the scene
There are no audio listeners in the scene. Please ensure there is always one audio listener in the scene
There are no audio listeners in the scene. Please ensure there is always one audio listener in the scene
There are no audio listeners in the scene. Please ensure there is always one audio listener in the scene
There are no audio listeners in the scene. Please ensure there is always one audio listener in the scene
There are no audio listeners in the scene. Please ensure there is always one audio listener in the scene
There are no audio listeners in the scene. Please ensure there is always one audio listener in the scene
There are no audio listeners in the scene. Please ensure there is always one audio listener in the scene
There are no audio listeners in the scene. Please ensure there is always one audio listener in the scene
There are no audio listeners in the scene. Please ensure there is always one audio listener in the scene
There are no audio listeners in the scene. Please ensure there is always one audio listener in the scene
There are no audio listeners in the scene. Please ensure there is always one audio listener in the scene
There are no audio listeners in the scene. Please ensure there is always one audio listener in the scene
There are no audio listeners in the scene. Please ensure there is always one audio listener in the scene
There are no audio listeners in the scene. Please ensure there is always one audio listener in the scene
There are no audio listeners in the scene. Please ensure there is always one audio listener in the scene
There are no audio listeners in the scene. Please ensure there is always one audio listener in the scene
There are no audio listeners in the scene. Please ensure there is always one audio listener in the scene
There are no audio listeners in the scene. Please ensure there is always one audio listener in the scene
There are no audio listeners in the scene. Please ensure there is always one audio listener in the scene
There are no audio listeners in the scene. Please ensure there is always one audio listener in the scene
There are no audio listeners in the scene. Please ensure there is always one audio listener in the scene
There are no audio listeners in the scene. Please ensure there is always one audio listener in the scene
There are no audio listeners in the scene. Please ensure there is always one audio listener in the scene
There are no audio listeners in the scene. Please ensure there is always one audio listener in the scene
There are no audio listeners in the scene. Please ensure there is always one audio listener in the scene
There are no audio listeners in the scene. Please ensure there is always one audio listener in the scene
There are no audio listeners in the scene. Please ensure there is always one audio listener in the scene
There are no audio listeners in the scene. Please ensure there is always one audio listener in the scene
There are no audio listeners in the scene. Please ensure there is always one audio listener in the scene
There are no audio listeners in the scene. Please ensure there is always one audio listener in the scene
There are no audio listeners in the scene. Please ensure there is always one audio listener in the scene
There are no audio listeners in the scene. Please ensure there is always one audio listener in the scene
There are no audio listeners in the scene. Please ensure there is always one audio listener in the scene
There are no audio listeners in the scene. Please ensure there is always one audio listener in the scene
There are no audio listeners in the scene. Please ensure there is always one audio listener in the scene
There are no audio listeners in the scene. Please ensure there is always one audio listener in the scene
There are no audio listeners in the scene. Please ensure there is always one audio listener in the scene
There are no audio listeners in the scene. Please ensure there is always one audio listener in the scene
There are no audio listeners in the scene. Please ensure there is always one audio listener in the scene
There are no audio listeners in the scene. Please ensure there is always one audio listener in the scene
There are no audio listeners in the scene. Please ensure there is always one audio listener in the scene
There are no audio listeners in the scene. Please ensure there is always one audio listener in the scene
There are no audio listeners in the scene. Please ensure there is always one audio listener in the scene
There are no audio listeners in the scene. Please ensure there is always one audio listener in the scene
There are no audio listeners in the scene. Please ensure there is always one audio listener in the scene
There are no audio listeners in the scene. Please ensure there is always one audio listener in the scene
There are no audio listeners in the scene. Please ensure there is always one audio listener in the scene
There are no audio listeners in the scene. Please ensure there is always one audio listener in the scene
There are no audio listeners in the scene. Please ensure there is always one audio listener in the scene
There are no audio listeners in the scene. Please ensure there is always one audio listener in the scene
There are no audio listeners in the scene. Please ensure there is always one audio listener in the scene
There are no audio listeners in the scene. Please ensure there is always one audio listener in the scene
There are no audio listeners in the scene. Please ensure there is always one audio listener in the scene
There are no audio listeners in the scene. Please ensure there is always one audio listener in the scene
There are no audio listeners in the scene. Please ensure there is always one audio listener in the scene
There are no audio listeners in the scene. Please ensure there is always one audio listener in the scene
There are no audio listeners in the scene. Please ensure there is always one audio listener in the scene
There are no audio listeners in the scene. Please ensure there is always one audio listener in the scene
There are no audio listeners in the scene. Please ensure there is always one audio listener in the scene
There are no audio listeners in the scene. Please ensure there is always one audio listener in the scene
There are no audio listeners in the scene. Please ensure there is always one audio listener in the scene
There are no audio listeners in the scene. Please ensure there is always one audio listener in the scene
There are no audio listeners in the scene. Please ensure there is always one audio listener in the scene
There are no audio listeners in the scene. Please ensure there is always one audio listener in the scene
There are no audio listeners in the scene. Please ensure there is always one audio listener in the scene
There are no audio listeners in the scene. Please ensure there is always one audio listener in the scene
There are no audio listeners in the scene. Please ensure there is always one audio listener in the scene
There are no audio listeners in the scene. Please ensure there is always one audio listener in the scene
There are no audio listeners in the scene. Please ensure there is always one audio listener in the scene
There are no audio listeners in the scene. Please ensure there is always one audio listener in the scene
There are no audio listeners in the scene. Please ensure there is always one audio listener in the scene
There are no audio listeners in the scene. Please ensure there is always one audio listener in the scene
There are no audio listeners in the scene. Please ensure there is always one audio listener in the scene
There are no audio listeners in the scene. Please ensure there is always one audio listener in the scene
There are no audio listeners in the scene. Please ensure there is always one audio listener in the scene
There are no audio listeners in the scene. Please ensure there is always one audio listener in the scene
There are no audio listeners in the scene. Please ensure there is always one audio listener in the scene
There are no audio listeners in the scene. Please ensure there is always one audio listener in the scene
There are no audio listeners in the scene. Please ensure there is always one audio listener in the scene
There are no audio listeners in the scene. Please ensure there is always one audio listener in the scene
There are no audio listeners in the scene. Please ensure there is always one audio listener in the scene
There are no audio listeners in the scene. Please ensure there is always one audio listener in the scene
There are no audio listeners in the scene. Please ensure there is always one audio listener in the scene
There are no audio listeners in the scene. Please ensure there is always one audio listener in the scene
There are no audio listeners in the scene. Please ensure there is always one audio listener in the scene
There are no audio listeners in the scene. Please ensure there is always one audio listener in the scene
There are no audio listeners in the scene. Please ensure there is always one audio listener in the scene
There are no audio listeners in the scene. Please ensure there is always one audio listener in the scene
There are no audio listeners in the scene. Please ensure there is always one audio listener in the scene
There are no audio listeners in the scene. Please ensure there is always one audio listener in the scene
There are no audio listeners in the scene. Please ensure there is always one audio listener in the scene
There are no audio listeners in the scene. Please ensure there is always one audio listener in the scene
There are no audio listeners in the scene. Please ensure there is always one audio listener in the scene
There are no audio listeners in the scene. Please ensure there is always one audio listener in the scene
There are no audio listeners in the scene. Please ensure there is always one audio listener in the scene
There are no audio listeners in the scene. Please ensure there is always one audio listener in the scene
There are no audio listeners in the scene. Please ensure there is always one audio listener in the scene
There are no audio listeners in the scene. Please ensure there is always one audio listener in the scene
There are no audio listeners in the scene. Please ensure there is always one audio listener in the scene
There are no audio listeners in the scene. Please ensure there is always one audio listener in the scene
There are no audio listeners in the scene. Please ensure there is always one audio listener in the scene
There are no audio listeners in the scene. Please ensure there is always one audio listener in the scene
There are no audio listeners in the scene. Please ensure there is always one audio listener in the scene
There are no audio listeners in the scene. Please ensure there is always one audio listener in the scene
There are no audio listeners in the scene. Please ensure there is always one audio listener in the scene
There are no audio listeners in the scene. Please ensure there is always one audio listener in the scene
There are no audio listeners in the scene. Please ensure there is always one audio listener in the scene
There are no audio listeners in the scene. Please ensure there is always one audio listener in the scene
There are no audio listeners in the scene. Please ensure there is always one audio listener in the scene
There are no audio listeners in the scene. Please ensure there is always one audio listener in the scene
There are no audio listeners in the scene. Please ensure there is always one audio listener in the scene
There are no audio listeners in the scene. Please ensure there is always one audio listener in the scene
There are no audio listeners in the scene. Please ensure there is always one audio listener in the scene
There are no audio listeners in the scene. Please ensure there is always one audio listener in the scene
There are no audio listeners in the scene. Please ensure there is always one audio listener in the scene
There are no audio listeners in the scene. Please ensure there is always one audio listener in the scene
There are no audio listeners in the scene. Please ensure there is always one audio listener in the scene
There are no audio listeners in the scene. Please ensure there is always one audio listener in the scene
There are no audio listeners in the scene. Please ensure there is always one audio listener in the scene
There are no audio listeners in the scene. Please ensure there is always one audio listener in the scene
There are no audio listeners in the scene. Please ensure there is always one audio listener in the scene
There are no audio listeners in the scene. Please ensure there is always one audio listener in the scene
There are no audio listeners in the scene. Please ensure there is always one audio listener in the scene
There are no audio listeners in the scene. Please ensure there is always one audio listener in the scene
There are no audio listeners in the scene. Please ensure there is always one audio listener in the scene
There are no audio listeners in the scene. Please ensure there is always one audio listener in the scene
There are no audio listeners in the scene. Please ensure there is always one audio listener in the scene
There are no audio listeners in the scene. Please ensure there is always one audio listener in the scene
There are no audio listeners in the scene. Please ensure there is always one audio listener in the scene
There are no audio listeners in the scene. Please ensure there is always one audio listener in the scene
There are no audio listeners in the scene. Please ensure there is always one audio listener in the scene
There are no audio listeners in the scene. Please ensure there is always one audio listener in the scene
There are no audio listeners in the scene. Please ensure there is always one audio listener in the scene
There are no audio listeners in the scene. Please ensure there is always one audio listener in the scene
There are no audio listeners in the scene. Please ensure there is always one audio listener in the scene
There are no audio listeners in the scene. Please ensure there is always one audio listener in the scene
There are no audio listeners in the scene. Please ensure there is always one audio listener in the scene
There are no audio listeners in the scene. Please ensure there is always one audio listener in the scene
There are no audio listeners in the scene. Please ensure there is always one audio listener in the scene
There are no audio listeners in the scene. Please ensure there is always one audio listener in the scene
There are no audio listeners in the scene. Please ensure there is always one audio listener in the scene
There are no audio listeners in the scene. Please ensure there is always one audio listener in the scene
There are no audio listeners in the scene. Please ensure there is always one audio listener in the scene
There are no audio listeners in the scene. Please ensure there is always one audio listener in the scene
There are no audio listeners in the scene. Please ensure there is always one audio listener in the scene
There are no audio listeners in the scene. Please ensure there is always one audio listener in the scene
There are no audio listeners in the scene. Please ensure there is always one audio listener in the scene
There are no audio listeners in the scene. Please ensure there is always one audio listener in the scene
There are no audio listeners in the scene. Please ensure there is always one audio listener in the scene
There are no audio listeners in the scene. Please ensure there is always one audio listener in the scene
There are no audio listeners in the scene. Please ensure there is always one audio listener in the scene
There are no audio listeners in the scene. Please ensure there is always one audio listener in the scene
There are no audio listeners in the scene. Please ensure there is always one audio listener in the scene
There are no audio listeners in the scene. Please ensure there is always one audio listener in the scene
There are no audio listeners in the scene. Please ensure there is always one audio listener in the scene
There are no audio listeners in the scene. Please ensure there is always one audio listener in the scene
There are no audio listeners in the scene. Please ensure there is always one audio listener in the scene
There are no audio listeners in the scene. Please ensure there is always one audio listener in the scene
There are no audio listeners in the scene. Please ensure there is always one audio listener in the scene
There are no audio listeners in the scene. Please ensure there is always one audio listener in the scene
There are no audio listeners in the scene. Please ensure there is always one audio listener in the scene
There are no audio listeners in the scene. Please ensure there is always one audio listener in the scene
There are no audio listeners in the scene. Please ensure there is always one audio listener in the scene
There are no audio listeners in the scene. Please ensure there is always one audio listener in the scene
There are no audio listeners in the scene. Please ensure there is always one audio listener in the scene
There are no audio listeners in the scene. Please ensure there is always one audio listener in the scene
There are no audio listeners in the scene. Please ensure there is always one audio listener in the scene
There are no audio listeners in the scene. Please ensure there is always one audio listener in the scene
There are no audio listeners in the scene. Please ensure there is always one audio listener in the scene
There are no audio listeners in the scene. Please ensure there is always one audio listener in the scene
There are no audio listeners in the scene. Please ensure there is always one audio listener in the scene
There are no audio listeners in the scene. Please ensure there is always one audio listener in the scene
There are no audio listeners in the scene. Please ensure there is always one audio listener in the scene
There are no audio listeners in the scene. Please ensure there is always one audio listener in the scene
There are no audio listeners in the scene. Please ensure there is always one audio listener in the scene
There are no audio listeners in the scene. Please ensure there is always one audio listener in the scene
There are no audio listeners in the scene. Please ensure there is always one audio listener in the scene
There are no audio listeners in the scene. Please ensure there is always one audio listener in the scene
There are no audio listeners in the scene. Please ensure there is always one audio listener in the scene
There are no audio listeners in the scene. Please ensure there is always one audio listener in the scene
There are no audio listeners in the scene. Please ensure there is always one audio listener in the scene
There are no audio listeners in the scene. Please ensure there is always one audio listener in the scene
There are no audio listeners in the scene. Please ensure there is always one audio listener in the scene
There are no audio listeners in the scene. Please ensure there is always one audio listener in the scene
There are no audio listeners in the scene. Please ensure there is always one audio listener in the scene
There are no audio listeners in the scene. Please ensure there is always one audio listener in the scene
There are no audio listeners in the scene. Please ensure there is always one audio listener in the scene
There are no audio listeners in the scene. Please ensure there is always one audio listener in the scene
There are no audio listeners in the scene. Please ensure there is always one audio listener in the scene
There are no audio listeners in the scene. Please ensure there is always one audio listener in the scene
There are no audio listeners in the scene. Please ensure there is always one audio listener in the scene
There are no audio listeners in the scene. Please ensure there is always one audio listener in the scene
There are no audio listeners in the scene. Please ensure there is always one audio listener in the scene
There are no audio listeners in the scene. Please ensure there is always one audio listener in the scene
There are no audio listeners in the scene. Please ensure there is always one audio listener in the scene
There are no audio listeners in the scene. Please ensure there is always one audio listener in the scene
QA result: Passed Game.Tests.PlayMode.VarginhaStudentAllyTests.KatanaPiercesOnlyTargetsBehindItsAim
UnityEngine.Debug:ExtractStackTraceNoAlloc (byte*,int,string)
UnityEngine.StackTraceUtility:ExtractStackTrace ()
UnityEngine.DebugLogHandler:Internal_Log (UnityEngine.LogType,UnityEngine.LogOption,string,UnityEngine.Object)
UnityEngine.DebugLogHandler:LogFormat (UnityEngine.LogType,UnityEngine.Object,string,object[])
UnityEngine.Logger:Log (UnityEngine.LogType,object)
UnityEngine.Debug:Log (object)
Game.Editor.Testing.VarginhaBatchTestProgress:TestFinished (UnityEditor.TestTools.TestRunner.Api.ITestResultAdaptor) (at Assets/Scripts/Editor/Testing/VarginhaBatchTestProgress.cs:26)
UnityEditor.TestTools.TestRunner.Api.CallbacksDelegator/<>c__DisplayClass14_0:<TestFinished>b__0 (UnityEditor.TestTools.TestRunner.Api.ICallbacks) (at ./Library/PackageCache/com.unity.test-framework@7a3849e09bd0/UnityEditor.TestRunner/Api/CallbacksDelegator.cs:95)
UnityEditor.TestTools.TestRunner.Api.CallbacksDelegator:TryInvokeAllCallbacks (System.Action`1<UnityEditor.TestTools.TestRunner.Api.ICallbacks>) (at ./Library/PackageCache/com.unity.test-framework@7a3849e09bd0/UnityEditor.TestRunner/Api/CallbacksDelegator.cs:135)
UnityEditor.TestTools.TestRunner.Api.CallbacksDelegator:TestFinished (NUnit.Framework.Interfaces.ITestResult) (at ./Library/PackageCache/com.unity.test-framework@7a3849e09bd0/UnityEditor.TestRunner/Api/CallbacksDelegator.cs:95)
UnityEngine.Events.InvokableCall`1<NUnit.Framework.Interfaces.ITestResult>:Invoke (NUnit.Framework.Interfaces.ITestResult)
UnityEngine.Events.UnityEvent`1<NUnit.Framework.Interfaces.ITestResult>:Invoke (NUnit.Framework.Interfaces.ITestResult)
UnityEngine.Events.InvokableCall`1<NUnit.Framework.Interfaces.ITestResult>:Invoke (NUnit.Framework.Interfaces.ITestResult)
UnityEngine.Events.UnityEvent`1<NUnit.Framework.Interfaces.ITestResult>:Invoke (NUnit.Framework.Interfaces.ITestResult)
UnityEngine.TestTools.TestRunner.TestListenerWrapper:TestFinished (NUnit.Framework.Interfaces.ITestResult) (at ./Library/PackageCache/com.unity.test-framework@7a3849e09bd0/UnityEngine.TestRunner/TestRunner/TestListenerWrapper.cs:24)
UnityEngine.TestRunner.NUnitExtensions.Runner.UnityWorkItem:WorkItemComplete () (at ./Library/PackageCache/com.unity.test-framework@7a3849e09bd0/UnityEngine.TestRunner/NUnitExtensions/Runner/UnityWorkItem.cs:107)
UnityEngine.TestRunner.NUnitExtensions.Runner.CoroutineTestWorkItem/<PerformWork>d__7:<>m__Finally1 () (at ./Library/PackageCache/com.unity.test-framework@7a3849e09bd0/UnityEngine.TestRunner/NUnitExtensions/Runner/CoroutineTestWorkItem.cs:67)
UnityEngine.TestRunner.NUnitExtensions.Runner.CoroutineTestWorkItem/<PerformWork>d__7:MoveNext () (at ./Library/PackageCache/com.unity.test-framework@7a3849e09bd0/UnityEngine.TestRunner/NUnitExtensions/Runner/CoroutineTestWorkItem.cs:64)
UnityEngine.TestRunner.NUnitExtensions.Runner.CompositeWorkItem/<RunChildren>d__17:MoveNext () (at ./Library/PackageCache/com.unity.test-framework@7a3849e09bd0/UnityEngine.TestRunner/NUnitExtensions/Runner/CompositeWorkItem.cs:209)
UnityEngine.TestRunner.NUnitExtensions.Runner.CompositeWorkItem/<PerformWork>d__13:MoveNext () (at ./Library/PackageCache/com.unity.test-framework@7a3849e09bd0/UnityEngine.TestRunner/NUnitExtensions/Runner/CompositeWorkItem.cs:83)
UnityEngine.TestRunner.NUnitExtensions.Runner.CompositeWorkItem/<RunChildren>d__17:MoveNext () (at ./Library/PackageCache/com.unity.test-framework@7a3849e09bd0/UnityEngine.TestRunner/NUnitExtensions/Runner/CompositeWorkItem.cs:209)
UnityEngine.TestRunner.NUnitExtensions.Runner.CompositeWorkItem/<PerformWork>d__13:MoveNext () (at ./Library/PackageCache/com.unity.test-framework@7a3849e09bd0/UnityEngine.TestRunner/NUnitExtensions/Runner/CompositeWorkItem.cs:83)
UnityEngine.TestRunner.NUnitExtensions.Runner.CompositeWorkItem/<RunChildren>d__17:MoveNext () (at ./Library/PackageCache/com.unity.test-framework@7a3849e09bd0/UnityEngine.TestRunner/NUnitExtensions/Runner/CompositeWorkItem.cs:209)
UnityEngine.TestRunner.NUnitExtensions.Runner.CompositeWorkItem/<PerformWork>d__13:MoveNext () (at ./Library/PackageCache/com.unity.test-framework@7a3849e09bd0/UnityEngine.TestRunner/NUnitExtensions/Runner/CompositeWorkItem.cs:83)
UnityEngine.TestRunner.NUnitExtensions.Runner.CompositeWorkItem/<RunChildren>d__17:MoveNext () (at ./Library/PackageCache/com.unity.test-framework@7a3849e09bd0/UnityEngine.TestRunner/NUnitExtensions/Runner/CompositeWorkItem.cs:209)
UnityEngine.TestRunner.NUnitExtensions.Runner.CompositeWorkItem/<PerformWork>d__13:MoveNext () (at ./Library/PackageCache/com.unity.test-framework@7a3849e09bd0/UnityEngine.TestRunner/NUnitExtensions/Runner/CompositeWorkItem.cs:83)
UnityEngine.TestRunner.NUnitExtensions.Runner.CompositeWorkItem/<RunChildren>d__17:MoveNext () (at ./Library/PackageCache/com.unity.test-framework@7a3849e09bd0/UnityEngine.TestRunner/NUnitExtensions/Runner/CompositeWorkItem.cs:209)
UnityEngine.TestRunner.NUnitExtensions.Runner.CompositeWorkItem/<PerformWork>d__13:MoveNext () (at ./Library/PackageCache/com.unity.test-framework@7a3849e09bd0/UnityEngine.TestRunner/NUnitExtensions/Runner/CompositeWorkItem.cs:83)
UnityEngine.TestRunner.NUnitExtensions.Runner.CompositeWorkItem/<RunChildren>d__17:MoveNext () (at ./Library/PackageCache/com.unity.test-framework@7a3849e09bd0/UnityEngine.TestRunner/NUnitExtensions/Runner/CompositeWorkItem.cs:209)
UnityEngine.TestRunner.NUnitExtensions.Runner.CompositeWorkItem/<PerformWork>d__13:MoveNext () (at ./Library/PackageCache/com.unity.test-framework@7a3849e09bd0/UnityEngine.TestRunner/NUnitExtensions/Runner/CompositeWorkItem.cs:83)
UnityEngine.TestTools.TestRunner.PlaymodeTestsController/<TestRunnerCoroutine>d__25:MoveNext () (at ./Library/PackageCache/com.unity.test-framework@7a3849e09bd0/UnityEngine.TestRunner/TestRunner/PlaymodeTestsController.cs:100)
UnityEngine.SetupCoroutine:InvokeMoveNext (System.Collections.IEnumerator,intptr)

(Filename: Assets/Scripts/Editor/Testing/VarginhaBatchTestProgress.cs Line: 26)

QA test: Game.Tests.PlayMode.VarginhaStudentAllyTests.MarcosSpikesOnceAndSplashRespectsRange
UnityEngine.Debug:ExtractStackTraceNoAlloc (byte*,int,string)
UnityEngine.StackTraceUtility:ExtractStackTrace ()
UnityEngine.DebugLogHandler:Internal_Log (UnityEngine.LogType,UnityEngine.LogOption,string,UnityEngine.Object)
UnityEngine.DebugLogHandler:LogFormat (UnityEngine.LogType,UnityEngine.Object,string,object[])
UnityEngine.Logger:Log (UnityEngine.LogType,object)
UnityEngine.Debug:Log (object)
Game.Editor.Testing.VarginhaBatchTestProgress:TestStarted (UnityEditor.TestTools.TestRunner.Api.ITestAdaptor) (at Assets/Scripts/Editor/Testing/VarginhaBatchTestProgress.cs:22)
UnityEditor.TestTools.TestRunner.Api.CallbacksDelegator/<>c__DisplayClass12_0:<TestStarted>b__0 (UnityEditor.TestTools.TestRunner.Api.ICallbacks) (at ./Library/PackageCache/com.unity.test-framework@7a3849e09bd0/UnityEditor.TestRunner/Api/CallbacksDelegator.cs:81)
UnityEditor.TestTools.TestRunner.Api.CallbacksDelegator:TryInvokeAllCallbacks (System.Action`1<UnityEditor.TestTools.TestRunner.Api.ICallbacks>) (at ./Library/PackageCache/com.unity.test-framework@7a3849e09bd0/UnityEditor.TestRunner/Api/CallbacksDelegator.cs:135)
UnityEditor.TestTools.TestRunner.Api.CallbacksDelegator:TestStarted (NUnit.Framework.Interfaces.ITest) (at ./Library/PackageCache/com.unity.test-framework@7a3849e09bd0/UnityEditor.TestRunner/Api/CallbacksDelegator.cs:81)
UnityEngine.Events.InvokableCall`1<NUnit.Framework.Interfaces.ITest>:Invoke (NUnit.Framework.Interfaces.ITest)
UnityEngine.Events.UnityEvent`1<NUnit.Framework.Interfaces.ITest>:Invoke (NUnit.Framework.Interfaces.ITest)
UnityEngine.Events.InvokableCall`1<NUnit.Framework.Interfaces.ITest>:Invoke (NUnit.Framework.Interfaces.ITest)
UnityEngine.Events.UnityEvent`1<NUnit.Framework.Interfaces.ITest>:Invoke (NUnit.Framework.Interfaces.ITest)
UnityEngine.TestTools.TestRunner.TestListenerWrapper:TestStarted (NUnit.Framework.Interfaces.ITest) (at ./Library/PackageCache/com.unity.test-framework@7a3849e09bd0/UnityEngine.TestRunner/TestRunner/TestListenerWrapper.cs:19)
UnityEngine.TestRunner.NUnitExtensions.Runner.UnityWorkItem:Execute () (at ./Library/PackageCache/com.unity.test-framework@7a3849e09bd0/UnityEngine.TestRunner/NUnitExtensions/Runner/UnityWorkItem.cs:83)
UnityEngine.TestRunner.NUnitExtensions.Runner.CompositeWorkItem/<RunChildren>d__17:MoveNext () (at ./Library/PackageCache/com.unity.test-framework@7a3849e09bd0/UnityEngine.TestRunner/NUnitExtensions/Runner/CompositeWorkItem.cs:205)
UnityEngine.TestRunner.NUnitExtensions.Runner.CompositeWorkItem/<PerformWork>d__13:MoveNext () (at ./Library/PackageCache/com.unity.test-framework@7a3849e09bd0/UnityEngine.TestRunner/NUnitExtensions/Runner/CompositeWorkItem.cs:83)
UnityEngine.TestRunner.NUnitExtensions.Runner.CompositeWorkItem/<RunChildren>d__17:MoveNext () (at ./Library/PackageCache/com.unity.test-framework@7a3849e09bd0/UnityEngine.TestRunner/NUnitExtensions/Runner/CompositeWorkItem.cs:209)
UnityEngine.TestRunner.NUnitExtensions.Runner.CompositeWorkItem/<PerformWork>d__13:MoveNext () (at ./Library/PackageCache/com.unity.test-framework@7a3849e09bd0/UnityEngine.TestRunner/NUnitExtensions/Runner/CompositeWorkItem.cs:83)
UnityEngine.TestRunner.NUnitExtensions.Runner.CompositeWorkItem/<RunChildren>d__17:MoveNext () (at ./Library/PackageCache/com.unity.test-framework@7a3849e09bd0/UnityEngine.TestRunner/NUnitExtensions/Runner/CompositeWorkItem.cs:209)
UnityEngine.TestRunner.NUnitExtensions.Runner.CompositeWorkItem/<PerformWork>d__13:MoveNext () (at ./Library/PackageCache/com.unity.test-framework@7a3849e09bd0/UnityEngine.TestRunner/NUnitExtensions/Runner/CompositeWorkItem.cs:83)
UnityEngine.TestRunner.NUnitExtensions.Runner.CompositeWorkItem/<RunChildren>d__17:MoveNext () (at ./Library/PackageCache/com.unity.test-framework@7a3849e09bd0/UnityEngine.TestRunner/NUnitExtensions/Runner/CompositeWorkItem.cs:209)
UnityEngine.TestRunner.NUnitExtensions.Runner.CompositeWorkItem/<PerformWork>d__13:MoveNext () (at ./Library/PackageCache/com.unity.test-framework@7a3849e09bd0/UnityEngine.TestRunner/NUnitExtensions/Runner/CompositeWorkItem.cs:83)
UnityEngine.TestRunner.NUnitExtensions.Runner.CompositeWorkItem/<RunChildren>d__17:MoveNext () (at ./Library/PackageCache/com.unity.test-framework@7a3849e09bd0/UnityEngine.TestRunner/NUnitExtensions/Runner/CompositeWorkItem.cs:209)
UnityEngine.TestRunner.NUnitExtensions.Runner.CompositeWorkItem/<PerformWork>d__13:MoveNext () (at ./Library/PackageCache/com.unity.test-framework@7a3849e09bd0/UnityEngine.TestRunner/NUnitExtensions/Runner/CompositeWorkItem.cs:83)
UnityEngine.TestRunner.NUnitExtensions.Runner.CompositeWorkItem/<RunChildren>d__17:MoveNext () (at ./Library/PackageCache/com.unity.test-framework@7a3849e09bd0/UnityEngine.TestRunner/NUnitExtensions/Runner/CompositeWorkItem.cs:209)
UnityEngine.TestRunner.NUnitExtensions.Runner.CompositeWorkItem/<PerformWork>d__13:MoveNext () (at ./Library/PackageCache/com.unity.test-framework@7a3849e09bd0/UnityEngine.TestRunner/NUnitExtensions/Runner/CompositeWorkItem.cs:83)
UnityEngine.TestTools.TestRunner.PlaymodeTestsController/<TestRunnerCoroutine>d__25:MoveNext () (at ./Library/PackageCache/com.unity.test-framework@7a3849e09bd0/UnityEngine.TestRunner/TestRunner/PlaymodeTestsController.cs:100)
UnityEngine.SetupCoroutine:InvokeMoveNext (System.Collections.IEnumerator,intptr)

(Filename: Assets/Scripts/Editor/Testing/VarginhaBatchTestProgress.cs Line: 22)

There are no audio listeners in the scene. Please ensure there is always one audio listener in the scene
There are no audio listeners in the scene. Please ensure there is always one audio listener in the scene
There are no audio listeners in the scene. Please ensure there is always one audio listener in the scene
There are no audio listeners in the scene. Please ensure there is always one audio listener in the scene
There are no audio listeners in the scene. Please ensure there is always one audio listener in the scene
There are no audio listeners in the scene. Please ensure there is always one audio listener in the scene
There are no audio listeners in the scene. Please ensure there is always one audio listener in the scene
There are no audio listeners in the scene. Please ensure there is always one audio listener in the scene
There are no audio listeners in the scene. Please ensure there is always one audio listener in the scene
There are no audio listeners in the scene. Please ensure there is always one audio listener in the scene
There are no audio listeners in the scene. Please ensure there is always one audio listener in the scene
There are no audio listeners in the scene. Please ensure there is always one audio listener in the scene
There are no audio listeners in the scene. Please ensure there is always one audio listener in the scene
There are no audio listeners in the scene. Please ensure there is always one audio listener in the scene
There are no audio listeners in the scene. Please ensure there is always one audio listener in the scene
There are no audio listeners in the scene. Please ensure there is always one audio listener in the scene
There are no audio listeners in the scene. Please ensure there is always one audio listener in the scene
There are no audio listeners in the scene. Please ensure there is always one audio listener in the scene
There are no audio listeners in the scene. Please ensure there is always one audio listener in the scene
There are no audio listeners in the scene. Please ensure there is always one audio listener in the scene
There are no audio listeners in the scene. Please ensure there is always one audio listener in the scene
There are no audio listeners in the scene. Please ensure there is always one audio listener in the scene
There are no audio listeners in the scene. Please ensure there is always one audio listener in the scene
There are no audio listeners in the scene. Please ensure there is always one audio listener in the scene
There are no audio listeners in the scene. Please ensure there is always one audio listener in the scene
There are no audio listeners in the scene. Please ensure there is always one audio listener in the scene
There are no audio listeners in the scene. Please ensure there is always one audio listener in the scene
There are no audio listeners in the scene. Please ensure there is always one audio listener in the scene
There are no audio listeners in the scene. Please ensure there is always one audio listener in the scene
There are no audio listeners in the scene. Please ensure there is always one audio listener in the scene
There are no audio listeners in the scene. Please ensure there is always one audio listener in the scene
There are no audio listeners in the scene. Please ensure there is always one audio listener in the scene
There are no audio listeners in the scene. Please ensure there is always one audio listener in the scene
There are no audio listeners in the scene. Please ensure there is always one audio listener in the scene
There are no audio listeners in the scene. Please ensure there is always one audio listener in the scene
There are no audio listeners in the scene. Please ensure there is always one audio listener in the scene
There are no audio listeners in the scene. Please ensure there is always one audio listener in the scene
There are no audio listeners in the scene. Please ensure there is always one audio listener in the scene
There are no audio listeners in the scene. Please ensure there is always one audio listener in the scene
There are no audio listeners in the scene. Please ensure there is always one audio listener in the scene
There are no audio listeners in the scene. Please ensure there is always one audio listener in the scene
There are no audio listeners in the scene. Please ensure there is always one audio listener in the scene
There are no audio listeners in the scene. Please ensure there is always one audio listener in the scene
There are no audio listeners in the scene. Please ensure there is always one audio listener in the scene
There are no audio listeners in the scene. Please ensure there is always one audio listener in the scene
There are no audio listeners in the scene. Please ensure there is always one audio listener in the scene
There are no audio listeners in the scene. Please ensure there is always one audio listener in the scene
There are no audio listeners in the scene. Please ensure there is always one audio listener in the scene
There are no audio listeners in the scene. Please ensure there is always one audio listener in the scene
There are no audio listeners in the scene. Please ensure there is always one audio listener in the scene
There are no audio listeners in the scene. Please ensure there is always one audio listener in the scene
There are no audio listeners in the scene. Please ensure there is always one audio listener in the scene
There are no audio listeners in the scene. Please ensure there is always one audio listener in the scene
There are no audio listeners in the scene. Please ensure there is always one audio listener in the scene
There are no audio listeners in the scene. Please ensure there is always one audio listener in the scene
There are no audio listeners in the scene. Please ensure there is always one audio listener in the scene
There are no audio listeners in the scene. Please ensure there is always one audio listener in the scene
There are no audio listeners in the scene. Please ensure there is always one audio listener in the scene
There are no audio listeners in the scene. Please ensure there is always one audio listener in the scene
There are no audio listeners in the scene. Please ensure there is always one audio listener in the scene
There are no audio listeners in the scene. Please ensure there is always one audio listener in the scene
There are no audio listeners in the scene. Please ensure there is always one audio listener in the scene
There are no audio listeners in the scene. Please ensure there is always one audio listener in the scene
There are no audio listeners in the scene. Please ensure there is always one audio listener in the scene
There are no audio listeners in the scene. Please ensure there is always one audio listener in the scene
There are no audio listeners in the scene. Please ensure there is always one audio listener in the scene
There are no audio listeners in the scene. Please ensure there is always one audio listener in the scene
There are no audio listeners in the scene. Please ensure there is always one audio listener in the scene
There are no audio listeners in the scene. Please ensure there is always one audio listener in the scene
There are no audio listeners in the scene. Please ensure there is always one audio listener in the scene
There are no audio listeners in the scene. Please ensure there is always one audio listener in the scene
There are no audio listeners in the scene. Please ensure there is always one audio listener in the scene
There are no audio listeners in the scene. Please ensure there is always one audio listener in the scene
There are no audio listeners in the scene. Please ensure there is always one audio listener in the scene
There are no audio listeners in the scene. Please ensure there is always one audio listener in the scene
There are no audio listeners in the scene. Please ensure there is always one audio listener in the scene
There are no audio listeners in the scene. Please ensure there is always one audio listener in the scene
There are no audio listeners in the scene. Please ensure there is always one audio listener in the scene
There are no audio listeners in the scene. Please ensure there is always one audio listener in the scene
There are no audio listeners in the scene. Please ensure there is always one audio listener in the scene
There are no audio listeners in the scene. Please ensure there is always one audio listener in the scene
There are no audio listeners in the scene. Please ensure there is always one audio listener in the scene
There are no audio listeners in the scene. Please ensure there is always one audio listener in the scene
There are no audio listeners in the scene. Please ensure there is always one audio listener in the scene
There are no audio listeners in the scene. Please ensure there is always one audio listener in the scene
There are no audio listeners in the scene. Please ensure there is always one audio listener in the scene
There are no audio listeners in the scene. Please ensure there is always one audio listener in the scene
There are no audio listeners in the scene. Please ensure there is always one audio listener in the scene
There are no audio listeners in the scene. Please ensure there is always one audio listener in the scene
There are no audio listeners in the scene. Please ensure there is always one audio listener in the scene
There are no audio listeners in the scene. Please ensure there is always one audio listener in the scene
There are no audio listeners in the scene. Please ensure there is always one audio listener in the scene
There are no audio listeners in the scene. Please ensure there is always one audio listener in the scene
There are no audio listeners in the scene. Please ensure there is always one audio listener in the scene
There are no audio listeners in the scene. Please ensure there is always one audio listener in the scene
There are no audio listeners in the scene. Please ensure there is always one audio listener in the scene
There are no audio listeners in the scene. Please ensure there is always one audio listener in the scene
There are no audio listeners in the scene. Please ensure there is always one audio listener in the scene
There are no audio listeners in the scene. Please ensure there is always one audio listener in the scene
There are no audio listeners in the scene. Please ensure there is always one audio listener in the scene
There are no audio listeners in the scene. Please ensure there is always one audio listener in the scene
There are no audio listeners in the scene. Please ensure there is always one audio listener in the scene
There are no audio listeners in the scene. Please ensure there is always one audio listener in the scene
There are no audio listeners in the scene. Please ensure there is always one audio listener in the scene
There are no audio listeners in the scene. Please ensure there is always one audio listener in the scene
There are no audio listeners in the scene. Please ensure there is always one audio listener in the scene
There are no audio listeners in the scene. Please ensure there is always one audio listener in the scene
There are no audio listeners in the scene. Please ensure there is always one audio listener in the scene
There are no audio listeners in the scene. Please ensure there is always one audio listener in the scene
There are no audio listeners in the scene. Please ensure there is always one audio listener in the scene
There are no audio listeners in the scene. Please ensure there is always one audio listener in the scene
There are no audio listeners in the scene. Please ensure there is always one audio listener in the scene
There are no audio listeners in the scene. Please ensure there is always one audio listener in the scene
There are no audio listeners in the scene. Please ensure there is always one audio listener in the scene
There are no audio listeners in the scene. Please ensure there is always one audio listener in the scene
There are no audio listeners in the scene. Please ensure there is always one audio listener in the scene
There are no audio listeners in the scene. Please ensure there is always one audio listener in the scene
There are no audio listeners in the scene. Please ensure there is always one audio listener in the scene
There are no audio listeners in the scene. Please ensure there is always one audio listener in the scene
There are no audio listeners in the scene. Please ensure there is always one audio listener in the scene
There are no audio listeners in the scene. Please ensure there is always one audio listener in the scene
There are no audio listeners in the scene. Please ensure there is always one audio listener in the scene
There are no audio listeners in the scene. Please ensure there is always one audio listener in the scene
There are no audio listeners in the scene. Please ensure there is always one audio listener in the scene
There are no audio listeners in the scene. Please ensure there is always one audio listener in the scene
There are no audio listeners in the scene. Please ensure there is always one audio listener in the scene
There are no audio listeners in the scene. Please ensure there is always one audio listener in the scene
There are no audio listeners in the scene. Please ensure there is always one audio listener in the scene
There are no audio listeners in the scene. Please ensure there is always one audio listener in the scene
There are no audio listeners in the scene. Please ensure there is always one audio listener in the scene
There are no audio listeners in the scene. Please ensure there is always one audio listener in the scene
There are no audio listeners in the scene. Please ensure there is always one audio listener in the scene
There are no audio listeners in the scene. Please ensure there is always one audio listener in the scene
There are no audio listeners in the scene. Please ensure there is always one audio listener in the scene
There are no audio listeners in the scene. Please ensure there is always one audio listener in the scene
There are no audio listeners in the scene. Please ensure there is always one audio listener in the scene
There are no audio listeners in the scene. Please ensure there is always one audio listener in the scene
There are no audio listeners in the scene. Please ensure there is always one audio listener in the scene
There are no audio listeners in the scene. Please ensure there is always one audio listener in the scene
There are no audio listeners in the scene. Please ensure there is always one audio listener in the scene
There are no audio listeners in the scene. Please ensure there is always one audio listener in the scene
There are no audio listeners in the scene. Please ensure there is always one audio listener in the scene
There are no audio listeners in the scene. Please ensure there is always one audio listener in the scene
There are no audio listeners in the scene. Please ensure there is always one audio listener in the scene
There are no audio listeners in the scene. Please ensure there is always one audio listener in the scene
There are no audio listeners in the scene. Please ensure there is always one audio listener in the scene
There are no audio listeners in the scene. Please ensure there is always one audio listener in the scene
There are no audio listeners in the scene. Please ensure there is always one audio listener in the scene
There are no audio listeners in the scene. Please ensure there is always one audio listener in the scene
There are no audio listeners in the scene. Please ensure there is always one audio listener in the scene
There are no audio listeners in the scene. Please ensure there is always one audio listener in the scene
There are no audio listeners in the scene. Please ensure there is always one audio listener in the scene
There are no audio listeners in the scene. Please ensure there is always one audio listener in the scene
There are no audio listeners in the scene. Please ensure there is always one audio listener in the scene
There are no audio listeners in the scene. Please ensure there is always one audio listener in the scene
There are no audio listeners in the scene. Please ensure there is always one audio listener in the scene
There are no audio listeners in the scene. Please ensure there is always one audio listener in the scene
There are no audio listeners in the scene. Please ensure there is always one audio listener in the scene
There are no audio listeners in the scene. Please ensure there is always one audio listener in the scene
There are no audio listeners in the scene. Please ensure there is always one audio listener in the scene
There are no audio listeners in the scene. Please ensure there is always one audio listener in the scene
There are no audio listeners in the scene. Please ensure there is always one audio listener in the scene
There are no audio listeners in the scene. Please ensure there is always one audio listener in the scene
There are no audio listeners in the scene. Please ensure there is always one audio listener in the scene
There are no audio listeners in the scene. Please ensure there is always one audio listener in the scene
There are no audio listeners in the scene. Please ensure there is always one audio listener in the scene
There are no audio listeners in the scene. Please ensure there is always one audio listener in the scene
There are no audio listeners in the scene. Please ensure there is always one audio listener in the scene
There are no audio listeners in the scene. Please ensure there is always one audio listener in the scene
There are no audio listeners in the scene. Please ensure there is always one audio listener in the scene
There are no audio listeners in the scene. Please ensure there is always one audio listener in the scene
There are no audio listeners in the scene. Please ensure there is always one audio listener in the scene
There are no audio listeners in the scene. Please ensure there is always one audio listener in the scene
There are no audio listeners in the scene. Please ensure there is always one audio listener in the scene
There are no audio listeners in the scene. Please ensure there is always one audio listener in the scene
There are no audio listeners in the scene. Please ensure there is always one audio listener in the scene
There are no audio listeners in the scene. Please ensure there is always one audio listener in the scene
There are no audio listeners in the scene. Please ensure there is always one audio listener in the scene
There are no audio listeners in the scene. Please ensure there is always one audio listener in the scene
There are no audio listeners in the scene. Please ensure there is always one audio listener in the scene
There are no audio listeners in the scene. Please ensure there is always one audio listener in the scene
There are no audio listeners in the scene. Please ensure there is always one audio listener in the scene
There are no audio listeners in the scene. Please ensure there is always one audio listener in the scene
There are no audio listeners in the scene. Please ensure there is always one audio listener in the scene
There are no audio listeners in the scene. Please ensure there is always one audio listener in the scene
There are no audio listeners in the scene. Please ensure there is always one audio listener in the scene
There are no audio listeners in the scene. Please ensure there is always one audio listener in the scene
There are no audio listeners in the scene. Please ensure there is always one audio listener in the scene
There are no audio listeners in the scene. Please ensure there is always one audio listener in the scene
There are no audio listeners in the scene. Please ensure there is always one audio listener in the scene
There are no audio listeners in the scene. Please ensure there is always one audio listener in the scene
There are no audio listeners in the scene. Please ensure there is always one audio listener in the scene
There are no audio listeners in the scene. Please ensure there is always one audio listener in the scene
There are no audio listeners in the scene. Please ensure there is always one audio listener in the scene
There are no audio listeners in the scene. Please ensure there is always one audio listener in the scene
There are no audio listeners in the scene. Please ensure there is always one audio listener in the scene
There are no audio listeners in the scene. Please ensure there is always one audio listener in the scene
There are no audio listeners in the scene. Please ensure there is always one audio listener in the scene
There are no audio listeners in the scene. Please ensure there is always one audio listener in the scene
There are no audio listeners in the scene. Please ensure there is always one audio listener in the scene
There are no audio listeners in the scene. Please ensure there is always one audio listener in the scene
There are no audio listeners in the scene. Please ensure there is always one audio listener in the scene
There are no audio listeners in the scene. Please ensure there is always one audio listener in the scene
There are no audio listeners in the scene. Please ensure there is always one audio listener in the scene
There are no audio listeners in the scene. Please ensure there is always one audio listener in the scene
There are no audio listeners in the scene. Please ensure there is always one audio listener in the scene
There are no audio listeners in the scene. Please ensure there is always one audio listener in the scene
There are no audio listeners in the scene. Please ensure there is always one audio listener in the scene
There are no audio listeners in the scene. Please ensure there is always one audio listener in the scene
There are no audio listeners in the scene. Please ensure there is always one audio listener in the scene
There are no audio listeners in the scene. Please ensure there is always one audio listener in the scene
There are no audio listeners in the scene. Please ensure there is always one audio listener in the scene
There are no audio listeners in the scene. Please ensure there is always one audio listener in the scene
There are no audio listeners in the scene. Please ensure there is always one audio listener in the scene
There are no audio listeners in the scene. Please ensure there is always one audio listener in the scene
There are no audio listeners in the scene. Please ensure there is always one audio listener in the scene
There are no audio listeners in the scene. Please ensure there is always one audio listener in the scene
There are no audio listeners in the scene. Please ensure there is always one audio listener in the scene
There are no audio listeners in the scene. Please ensure there is always one audio listener in the scene
There are no audio listeners in the scene. Please ensure there is always one audio listener in the scene
There are no audio listeners in the scene. Please ensure there is always one audio listener in the scene
There are no audio listeners in the scene. Please ensure there is always one audio listener in the scene
There are no audio listeners in the scene. Please ensure there is always one audio listener in the scene
There are no audio listeners in the scene. Please ensure there is always one audio listener in the scene
There are no audio listeners in the scene. Please ensure there is always one audio listener in the scene
There are no audio listeners in the scene. Please ensure there is always one audio listener in the scene
There are no audio listeners in the scene. Please ensure there is always one audio listener in the scene
There are no audio listeners in the scene. Please ensure there is always one audio listener in the scene
There are no audio listeners in the scene. Please ensure there is always one audio listener in the scene
There are no audio listeners in the scene. Please ensure there is always one audio listener in the scene
There are no audio listeners in the scene. Please ensure there is always one audio listener in the scene
There are no audio listeners in the scene. Please ensure there is always one audio listener in the scene
There are no audio listeners in the scene. Please ensure there is always one audio listener in the scene
There are no audio listeners in the scene. Please ensure there is always one audio listener in the scene
There are no audio listeners in the scene. Please ensure there is always one audio listener in the scene
There are no audio listeners in the scene. Please ensure there is always one audio listener in the scene
There are no audio listeners in the scene. Please ensure there is always one audio listener in the scene
There are no audio listeners in the scene. Please ensure there is always one audio listener in the scene
There are no audio listeners in the scene. Please ensure there is always one audio listener in the scene
There are no audio listeners in the scene. Please ensure there is always one audio listener in the scene
There are no audio listeners in the scene. Please ensure there is always one audio listener in the scene
There are no audio listeners in the scene. Please ensure there is always one audio listener in the scene
There are no audio listeners in the scene. Please ensure there is always one audio listener in the scene
There are no audio listeners in the scene. Please ensure there is always one audio listener in the scene
There are no audio listeners in the scene. Please ensure there is always one audio listener in the scene
There are no audio listeners in the scene. Please ensure there is always one audio listener in the scene
There are no audio listeners in the scene. Please ensure there is always one audio listener in the scene
There are no audio listeners in the scene. Please ensure there is always one audio listener in the scene
There are no audio listeners in the scene. Please ensure there is always one audio listener in the scene
There are no audio listeners in the scene. Please ensure there is always one audio listener in the scene
There are no audio listeners in the scene. Please ensure there is always one audio listener in the scene
There are no audio listeners in the scene. Please ensure there is always one audio listener in the scene
There are no audio listeners in the scene. Please ensure there is always one audio listener in the scene
There are no audio listeners in the scene. Please ensure there is always one audio listener in the scene
There are no audio listeners in the scene. Please ensure there is always one audio listener in the scene
There are no audio listeners in the scene. Please ensure there is always one audio listener in the scene
There are no audio listeners in the scene. Please ensure there is always one audio listener in the scene
There are no audio listeners in the scene. Please ensure there is always one audio listener in the scene
There are no audio listeners in the scene. Please ensure there is always one audio listener in the scene
There are no audio listeners in the scene. Please ensure there is always one audio listener in the scene
There are no audio listeners in the scene. Please ensure there is always one audio listener in the scene
There are no audio listeners in the scene. Please ensure there is always one audio listener in the scene
There are no audio listeners in the scene. Please ensure there is always one audio listener in the scene
There are no audio listeners in the scene. Please ensure there is always one audio listener in the scene
There are no audio listeners in the scene. Please ensure there is always one audio listener in the scene
There are no audio listeners in the scene. Please ensure there is always one audio listener in the scene
There are no audio listeners in the scene. Please ensure there is always one audio listener in the scene
There are no audio listeners in the scene. Please ensure there is always one audio listener in the scene
There are no audio listeners in the scene. Please ensure there is always one audio listener in the scene
There are no audio listeners in the scene. Please ensure there is always one audio listener in the scene
There are no audio listeners in the scene. Please ensure there is always one audio listener in the scene
There are no audio listeners in the scene. Please ensure there is always one audio listener in the scene
There are no audio listeners in the scene. Please ensure there is always one audio listener in the scene
There are no audio listeners in the scene. Please ensure there is always one audio listener in the scene
There are no audio listeners in the scene. Please ensure there is always one audio listener in the scene
There are no audio listeners in the scene. Please ensure there is always one audio listener in the scene
There are no audio listeners in the scene. Please ensure there is always one audio listener in the scene
There are no audio listeners in the scene. Please ensure there is always one audio listener in the scene
There are no audio listeners in the scene. Please ensure there is always one audio listener in the scene
There are no audio listeners in the scene. Please ensure there is always one audio listener in the scene
There are no audio listeners in the scene. Please ensure there is always one audio listener in the scene
There are no audio listeners in the scene. Please ensure there is always one audio listener in the scene
There are no audio listeners in the scene. Please ensure there is always one audio listener in the scene
There are no audio listeners in the scene. Please ensure there is always one audio listener in the scene
There are no audio listeners in the scene. Please ensure there is always one audio listener in the scene
There are no audio listeners in the scene. Please ensure there is always one audio listener in the scene
There are no audio listeners in the scene. Please ensure there is always one audio listener in the scene
There are no audio listeners in the scene. Please ensure there is always one audio listener in the scene
There are no audio listeners in the scene. Please ensure there is always one audio listener in the scene
There are no audio listeners in the scene. Please ensure there is always one audio listener in the scene
There are no audio listeners in the scene. Please ensure there is always one audio listener in the scene
There are no audio listeners in the scene. Please ensure there is always one audio listener in the scene
There are no audio listeners in the scene. Please ensure there is always one audio listener in the scene
There are no audio listeners in the scene. Please ensure there is always one audio listener in the scene
There are no audio listeners in the scene. Please ensure there is always one audio listener in the scene
There are no audio listeners in the scene. Please ensure there is always one audio listener in the scene
QA result: Passed Game.Tests.PlayMode.VarginhaStudentAllyTests.MarcosSpikesOnceAndSplashRespectsRange
UnityEngine.Debug:ExtractStackTraceNoAlloc (byte*,int,string)
UnityEngine.StackTraceUtility:ExtractStackTrace ()
UnityEngine.DebugLogHandler:Internal_Log (UnityEngine.LogType,UnityEngine.LogOption,string,UnityEngine.Object)
UnityEngine.DebugLogHandler:LogFormat (UnityEngine.LogType,UnityEngine.Object,string,object[])
UnityEngine.Logger:Log (UnityEngine.LogType,object)
UnityEngine.Debug:Log (object)
Game.Editor.Testing.VarginhaBatchTestProgress:TestFinished (UnityEditor.TestTools.TestRunner.Api.ITestResultAdaptor) (at Assets/Scripts/Editor/Testing/VarginhaBatchTestProgress.cs:26)
UnityEditor.TestTools.TestRunner.Api.CallbacksDelegator/<>c__DisplayClass14_0:<TestFinished>b__0 (UnityEditor.TestTools.TestRunner.Api.ICallbacks) (at ./Library/PackageCache/com.unity.test-framework@7a3849e09bd0/UnityEditor.TestRunner/Api/CallbacksDelegator.cs:95)
UnityEditor.TestTools.TestRunner.Api.CallbacksDelegator:TryInvokeAllCallbacks (System.Action`1<UnityEditor.TestTools.TestRunner.Api.ICallbacks>) (at ./Library/PackageCache/com.unity.test-framework@7a3849e09bd0/UnityEditor.TestRunner/Api/CallbacksDelegator.cs:135)
UnityEditor.TestTools.TestRunner.Api.CallbacksDelegator:TestFinished (NUnit.Framework.Interfaces.ITestResult) (at ./Library/PackageCache/com.unity.test-framework@7a3849e09bd0/UnityEditor.TestRunner/Api/CallbacksDelegator.cs:95)
UnityEngine.Events.InvokableCall`1<NUnit.Framework.Interfaces.ITestResult>:Invoke (NUnit.Framework.Interfaces.ITestResult)
UnityEngine.Events.UnityEvent`1<NUnit.Framework.Interfaces.ITestResult>:Invoke (NUnit.Framework.Interfaces.ITestResult)
UnityEngine.Events.InvokableCall`1<NUnit.Framework.Interfaces.ITestResult>:Invoke (NUnit.Framework.Interfaces.ITestResult)
UnityEngine.Events.UnityEvent`1<NUnit.Framework.Interfaces.ITestResult>:Invoke (NUnit.Framework.Interfaces.ITestResult)
UnityEngine.TestTools.TestRunner.TestListenerWrapper:TestFinished (NUnit.Framework.Interfaces.ITestResult) (at ./Library/PackageCache/com.unity.test-framework@7a3849e09bd0/UnityEngine.TestRunner/TestRunner/TestListenerWrapper.cs:24)
UnityEngine.TestRunner.NUnitExtensions.Runner.UnityWorkItem:WorkItemComplete () (at ./Library/PackageCache/com.unity.test-framework@7a3849e09bd0/UnityEngine.TestRunner/NUnitExtensions/Runner/UnityWorkItem.cs:107)
UnityEngine.TestRunner.NUnitExtensions.Runner.CoroutineTestWorkItem/<PerformWork>d__7:<>m__Finally1 () (at ./Library/PackageCache/com.unity.test-framework@7a3849e09bd0/UnityEngine.TestRunner/NUnitExtensions/Runner/CoroutineTestWorkItem.cs:67)
UnityEngine.TestRunner.NUnitExtensions.Runner.CoroutineTestWorkItem/<PerformWork>d__7:MoveNext () (at ./Library/PackageCache/com.unity.test-framework@7a3849e09bd0/UnityEngine.TestRunner/NUnitExtensions/Runner/CoroutineTestWorkItem.cs:64)
UnityEngine.TestRunner.NUnitExtensions.Runner.CompositeWorkItem/<RunChildren>d__17:MoveNext () (at ./Library/PackageCache/com.unity.test-framework@7a3849e09bd0/UnityEngine.TestRunner/NUnitExtensions/Runner/CompositeWorkItem.cs:209)
UnityEngine.TestRunner.NUnitExtensions.Runner.CompositeWorkItem/<PerformWork>d__13:MoveNext () (at ./Library/PackageCache/com.unity.test-framework@7a3849e09bd0/UnityEngine.TestRunner/NUnitExtensions/Runner/CompositeWorkItem.cs:83)
UnityEngine.TestRunner.NUnitExtensions.Runner.CompositeWorkItem/<RunChildren>d__17:MoveNext () (at ./Library/PackageCache/com.unity.test-framework@7a3849e09bd0/UnityEngine.TestRunner/NUnitExtensions/Runner/CompositeWorkItem.cs:209)
UnityEngine.TestRunner.NUnitExtensions.Runner.CompositeWorkItem/<PerformWork>d__13:MoveNext () (at ./Library/PackageCache/com.unity.test-framework@7a3849e09bd0/UnityEngine.TestRunner/NUnitExtensions/Runner/CompositeWorkItem.cs:83)
UnityEngine.TestRunner.NUnitExtensions.Runner.CompositeWorkItem/<RunChildren>d__17:MoveNext () (at ./Library/PackageCache/com.unity.test-framework@7a3849e09bd0/UnityEngine.TestRunner/NUnitExtensions/Runner/CompositeWorkItem.cs:209)
UnityEngine.TestRunner.NUnitExtensions.Runner.CompositeWorkItem/<PerformWork>d__13:MoveNext () (at ./Library/PackageCache/com.unity.test-framework@7a3849e09bd0/UnityEngine.TestRunner/NUnitExtensions/Runner/CompositeWorkItem.cs:83)
UnityEngine.TestRunner.NUnitExtensions.Runner.CompositeWorkItem/<RunChildren>d__17:MoveNext () (at ./Library/PackageCache/com.unity.test-framework@7a3849e09bd0/UnityEngine.TestRunner/NUnitExtensions/Runner/CompositeWorkItem.cs:209)
UnityEngine.TestRunner.NUnitExtensions.Runner.CompositeWorkItem/<PerformWork>d__13:MoveNext () (at ./Library/PackageCache/com.unity.test-framework@7a3849e09bd0/UnityEngine.TestRunner/NUnitExtensions/Runner/CompositeWorkItem.cs:83)
UnityEngine.TestRunner.NUnitExtensions.Runner.CompositeWorkItem/<RunChildren>d__17:MoveNext () (at ./Library/PackageCache/com.unity.test-framework@7a3849e09bd0/UnityEngine.TestRunner/NUnitExtensions/Runner/CompositeWorkItem.cs:209)
UnityEngine.TestRunner.NUnitExtensions.Runner.CompositeWorkItem/<PerformWork>d__13:MoveNext () (at ./Library/PackageCache/com.unity.test-framework@7a3849e09bd0/UnityEngine.TestRunner/NUnitExtensions/Runner/CompositeWorkItem.cs:83)
UnityEngine.TestRunner.NUnitExtensions.Runner.CompositeWorkItem/<RunChildren>d__17:MoveNext () (at ./Library/PackageCache/com.unity.test-framework@7a3849e09bd0/UnityEngine.TestRunner/NUnitExtensions/Runner/CompositeWorkItem.cs:209)
UnityEngine.TestRunner.NUnitExtensions.Runner.CompositeWorkItem/<PerformWork>d__13:MoveNext () (at ./Library/PackageCache/com.unity.test-framework@7a3849e09bd0/UnityEngine.TestRunner/NUnitExtensions/Runner/CompositeWorkItem.cs:83)
UnityEngine.TestTools.TestRunner.PlaymodeTestsController/<TestRunnerCoroutine>d__25:MoveNext () (at ./Library/PackageCache/com.unity.test-framework@7a3849e09bd0/UnityEngine.TestRunner/TestRunner/PlaymodeTestsController.cs:100)
UnityEngine.SetupCoroutine:InvokeMoveNext (System.Collections.IEnumerator,intptr)

(Filename: Assets/Scripts/Editor/Testing/VarginhaBatchTestProgress.cs Line: 26)

QA test: Game.Tests.PlayMode.VarginhaStudentAllyTests.MicrophoneRestoresSanityOnlyOnSuccessfulImpact
UnityEngine.Debug:ExtractStackTraceNoAlloc (byte*,int,string)
UnityEngine.StackTraceUtility:ExtractStackTrace ()
UnityEngine.DebugLogHandler:Internal_Log (UnityEngine.LogType,UnityEngine.LogOption,string,UnityEngine.Object)
UnityEngine.DebugLogHandler:LogFormat (UnityEngine.LogType,UnityEngine.Object,string,object[])
UnityEngine.Logger:Log (UnityEngine.LogType,object)
UnityEngine.Debug:Log (object)
Game.Editor.Testing.VarginhaBatchTestProgress:TestStarted (UnityEditor.TestTools.TestRunner.Api.ITestAdaptor) (at Assets/Scripts/Editor/Testing/VarginhaBatchTestProgress.cs:22)
UnityEditor.TestTools.TestRunner.Api.CallbacksDelegator/<>c__DisplayClass12_0:<TestStarted>b__0 (UnityEditor.TestTools.TestRunner.Api.ICallbacks) (at ./Library/PackageCache/com.unity.test-framework@7a3849e09bd0/UnityEditor.TestRunner/Api/CallbacksDelegator.cs:81)
UnityEditor.TestTools.TestRunner.Api.CallbacksDelegator:TryInvokeAllCallbacks (System.Action`1<UnityEditor.TestTools.TestRunner.Api.ICallbacks>) (at ./Library/PackageCache/com.unity.test-framework@7a3849e09bd0/UnityEditor.TestRunner/Api/CallbacksDelegator.cs:135)
UnityEditor.TestTools.TestRunner.Api.CallbacksDelegator:TestStarted (NUnit.Framework.Interfaces.ITest) (at ./Library/PackageCache/com.unity.test-framework@7a3849e09bd0/UnityEditor.TestRunner/Api/CallbacksDelegator.cs:81)
UnityEngine.Events.InvokableCall`1<NUnit.Framework.Interfaces.ITest>:Invoke (NUnit.Framework.Interfaces.ITest)
UnityEngine.Events.UnityEvent`1<NUnit.Framework.Interfaces.ITest>:Invoke (NUnit.Framework.Interfaces.ITest)
UnityEngine.Events.InvokableCall`1<NUnit.Framework.Interfaces.ITest>:Invoke (NUnit.Framework.Interfaces.ITest)
UnityEngine.Events.UnityEvent`1<NUnit.Framework.Interfaces.ITest>:Invoke (NUnit.Framework.Interfaces.ITest)
UnityEngine.TestTools.TestRunner.TestListenerWrapper:TestStarted (NUnit.Framework.Interfaces.ITest) (at ./Library/PackageCache/com.unity.test-framework@7a3849e09bd0/UnityEngine.TestRunner/TestRunner/TestListenerWrapper.cs:19)
UnityEngine.TestRunner.NUnitExtensions.Runner.UnityWorkItem:Execute () (at ./Library/PackageCache/com.unity.test-framework@7a3849e09bd0/UnityEngine.TestRunner/NUnitExtensions/Runner/UnityWorkItem.cs:83)
UnityEngine.TestRunner.NUnitExtensions.Runner.CompositeWorkItem/<RunChildren>d__17:MoveNext () (at ./Library/PackageCache/com.unity.test-framework@7a3849e09bd0/UnityEngine.TestRunner/NUnitExtensions/Runner/CompositeWorkItem.cs:205)
UnityEngine.TestRunner.NUnitExtensions.Runner.CompositeWorkItem/<PerformWork>d__13:MoveNext () (at ./Library/PackageCache/com.unity.test-framework@7a3849e09bd0/UnityEngine.TestRunner/NUnitExtensions/Runner/CompositeWorkItem.cs:83)
UnityEngine.TestRunner.NUnitExtensions.Runner.CompositeWorkItem/<RunChildren>d__17:MoveNext () (at ./Library/PackageCache/com.unity.test-framework@7a3849e09bd0/UnityEngine.TestRunner/NUnitExtensions/Runner/CompositeWorkItem.cs:209)
UnityEngine.TestRunner.NUnitExtensions.Runner.CompositeWorkItem/<PerformWork>d__13:MoveNext () (at ./Library/PackageCache/com.unity.test-framework@7a3849e09bd0/UnityEngine.TestRunner/NUnitExtensions/Runner/CompositeWorkItem.cs:83)
UnityEngine.TestRunner.NUnitExtensions.Runner.CompositeWorkItem/<RunChildren>d__17:MoveNext () (at ./Library/PackageCache/com.unity.test-framework@7a3849e09bd0/UnityEngine.TestRunner/NUnitExtensions/Runner/CompositeWorkItem.cs:209)
UnityEngine.TestRunner.NUnitExtensions.Runner.CompositeWorkItem/<PerformWork>d__13:MoveNext () (at ./Library/PackageCache/com.unity.test-framework@7a3849e09bd0/UnityEngine.TestRunner/NUnitExtensions/Runner/CompositeWorkItem.cs:83)
UnityEngine.TestRunner.NUnitExtensions.Runner.CompositeWorkItem/<RunChildren>d__17:MoveNext () (at ./Library/PackageCache/com.unity.test-framework@7a3849e09bd0/UnityEngine.TestRunner/NUnitExtensions/Runner/CompositeWorkItem.cs:209)
UnityEngine.TestRunner.NUnitExtensions.Runner.CompositeWorkItem/<PerformWork>d__13:MoveNext () (at ./Library/PackageCache/com.unity.test-framework@7a3849e09bd0/UnityEngine.TestRunner/NUnitExtensions/Runner/CompositeWorkItem.cs:83)
UnityEngine.TestRunner.NUnitExtensions.Runner.CompositeWorkItem/<RunChildren>d__17:MoveNext () (at ./Library/PackageCache/com.unity.test-framework@7a3849e09bd0/UnityEngine.TestRunner/NUnitExtensions/Runner/CompositeWorkItem.cs:209)
UnityEngine.TestRunner.NUnitExtensions.Runner.CompositeWorkItem/<PerformWork>d__13:MoveNext () (at ./Library/PackageCache/com.unity.test-framework@7a3849e09bd0/UnityEngine.TestRunner/NUnitExtensions/Runner/CompositeWorkItem.cs:83)
UnityEngine.TestRunner.NUnitExtensions.Runner.CompositeWorkItem/<RunChildren>d__17:MoveNext () (at ./Library/PackageCache/com.unity.test-framework@7a3849e09bd0/UnityEngine.TestRunner/NUnitExtensions/Runner/CompositeWorkItem.cs:209)
UnityEngine.TestRunner.NUnitExtensions.Runner.CompositeWorkItem/<PerformWork>d__13:MoveNext () (at ./Library/PackageCache/com.unity.test-framework@7a3849e09bd0/UnityEngine.TestRunner/NUnitExtensions/Runner/CompositeWorkItem.cs:83)
UnityEngine.TestTools.TestRunner.PlaymodeTestsController/<TestRunnerCoroutine>d__25:MoveNext () (at ./Library/PackageCache/com.unity.test-framework@7a3849e09bd0/UnityEngine.TestRunner/TestRunner/PlaymodeTestsController.cs:100)
UnityEngine.SetupCoroutine:InvokeMoveNext (System.Collections.IEnumerator,intptr)

(Filename: Assets/Scripts/Editor/Testing/VarginhaBatchTestProgress.cs Line: 22)

There are no audio listeners in the scene. Please ensure there is always one audio listener in the scene
There are no audio listeners in the scene. Please ensure there is always one audio listener in the scene
There are no audio listeners in the scene. Please ensure there is always one audio listener in the scene
There are no audio listeners in the scene. Please ensure there is always one audio listener in the scene
There are no audio listeners in the scene. Please ensure there is always one audio listener in the scene
There are no audio listeners in the scene. Please ensure there is always one audio listener in the scene
There are no audio listeners in the scene. Please ensure there is always one audio listener in the scene
There are no audio listeners in the scene. Please ensure there is always one audio listener in the scene
There are no audio listeners in the scene. Please ensure there is always one audio listener in the scene
There are no audio listeners in the scene. Please ensure there is always one audio listener in the scene
There are no audio listeners in the scene. Please ensure there is always one audio listener in the scene
There are no audio listeners in the scene. Please ensure there is always one audio listener in the scene
There are no audio listeners in the scene. Please ensure there is always one audio listener in the scene
There are no audio listeners in the scene. Please ensure there is always one audio listener in the scene
There are no audio listeners in the scene. Please ensure there is always one audio listener in the scene
There are no audio listeners in the scene. Please ensure there is always one audio listener in the scene
There are no audio listeners in the scene. Please ensure there is always one audio listener in the scene
There are no audio listeners in the scene. Please ensure there is always one audio listener in the scene
There are no audio listeners in the scene. Please ensure there is always one audio listener in the scene
There are no audio listeners in the scene. Please ensure there is always one audio listener in the scene
There are no audio listeners in the scene. Please ensure there is always one audio listener in the scene
There are no audio listeners in the scene. Please ensure there is always one audio listener in the scene
There are no audio listeners in the scene. Please ensure there is always one audio listener in the scene
There are no audio listeners in the scene. Please ensure there is always one audio listener in the scene
There are no audio listeners in the scene. Please ensure there is always one audio listener in the scene
There are no audio listeners in the scene. Please ensure there is always one audio listener in the scene
There are no audio listeners in the scene. Please ensure there is always one audio listener in the scene
There are no audio listeners in the scene. Please ensure there is always one audio listener in the scene
There are no audio listeners in the scene. Please ensure there is always one audio listener in the scene
There are no audio listeners in the scene. Please ensure there is always one audio listener in the scene
There are no audio listeners in the scene. Please ensure there is always one audio listener in the scene
There are no audio listeners in the scene. Please ensure there is always one audio listener in the scene
There are no audio listeners in the scene. Please ensure there is always one audio listener in the scene
There are no audio listeners in the scene. Please ensure there is always one audio listener in the scene
There are no audio listeners in the scene. Please ensure there is always one audio listener in the scene
There are no audio listeners in the scene. Please ensure there is always one audio listener in the scene
There are no audio listeners in the scene. Please ensure there is always one audio listener in the scene
There are no audio listeners in the scene. Please ensure there is always one audio listener in the scene
There are no audio listeners in the scene. Please ensure there is always one audio listener in the scene
There are no audio listeners in the scene. Please ensure there is always one audio listener in the scene
There are no audio listeners in the scene. Please ensure there is always one audio listener in the scene
There are no audio listeners in the scene. Please ensure there is always one audio listener in the scene
There are no audio listeners in the scene. Please ensure there is always one audio listener in the scene
There are no audio listeners in the scene. Please ensure there is always one audio listener in the scene
There are no audio listeners in the scene. Please ensure there is always one audio listener in the scene
There are no audio listeners in the scene. Please ensure there is always one audio listener in the scene
There are no audio listeners in the scene. Please ensure there is always one audio listener in the scene
There are no audio listeners in the scene. Please ensure there is always one audio listener in the scene
There are no audio listeners in the scene. Please ensure there is always one audio listener in the scene
There are no audio listeners in the scene. Please ensure there is always one audio listener in the scene
There are no audio listeners in the scene. Please ensure there is always one audio listener in the scene
There are no audio listeners in the scene. Please ensure there is always one audio listener in the scene
There are no audio listeners in the scene. Please ensure there is always one audio listener in the scene
There are no audio listeners in the scene. Please ensure there is always one audio listener in the scene
There are no audio listeners in the scene. Please ensure there is always one audio listener in the scene
There are no audio listeners in the scene. Please ensure there is always one audio listener in the scene
There are no audio listeners in the scene. Please ensure there is always one audio listener in the scene
There are no audio listeners in the scene. Please ensure there is always one audio listener in the scene
There are no audio listeners in the scene. Please ensure there is always one audio listener in the scene
There are no audio listeners in the scene. Please ensure there is always one audio listener in the scene
There are no audio listeners in the scene. Please ensure there is always one audio listener in the scene
There are no audio listeners in the scene. Please ensure there is always one audio listener in the scene
There are no audio listeners in the scene. Please ensure there is always one audio listener in the scene
There are no audio listeners in the scene. Please ensure there is always one audio listener in the scene
There are no audio listeners in the scene. Please ensure there is always one audio listener in the scene
There are no audio listeners in the scene. Please ensure there is always one audio listener in the scene
There are no audio listeners in the scene. Please ensure there is always one audio listener in the scene
There are no audio listeners in the scene. Please ensure there is always one audio listener in the scene
There are no audio listeners in the scene. Please ensure there is always one audio listener in the scene
There are no audio listeners in the scene. Please ensure there is always one audio listener in the scene
There are no audio listeners in the scene. Please ensure there is always one audio listener in the scene
There are no audio listeners in the scene. Please ensure there is always one audio listener in the scene
There are no audio listeners in the scene. Please ensure there is always one audio listener in the scene
There are no audio listeners in the scene. Please ensure there is always one audio listener in the scene
There are no audio listeners in the scene. Please ensure there is always one audio listener in the scene
There are no audio listeners in the scene. Please ensure there is always one audio listener in the scene
There are no audio listeners in the scene. Please ensure there is always one audio listener in the scene
There are no audio listeners in the scene. Please ensure there is always one audio listener in the scene
There are no audio listeners in the scene. Please ensure there is always one audio listener in the scene
There are no audio listeners in the scene. Please ensure there is always one audio listener in the scene
There are no audio listeners in the scene. Please ensure there is always one audio listener in the scene
There are no audio listeners in the scene. Please ensure there is always one audio listener in the scene
There are no audio listeners in the scene. Please ensure there is always one audio listener in the scene
There are no audio listeners in the scene. Please ensure there is always one audio listener in the scene
There are no audio listeners in the scene. Please ensure there is always one audio listener in the scene
There are no audio listeners in the scene. Please ensure there is always one audio listener in the scene
There are no audio listeners in the scene. Please ensure there is always one audio listener in the scene
There are no audio listeners in the scene. Please ensure there is always one audio listener in the scene
There are no audio listeners in the scene. Please ensure there is always one audio listener in the scene
There are no audio listeners in the scene. Please ensure there is always one audio listener in the scene
There are no audio listeners in the scene. Please ensure there is always one audio listener in the scene
There are no audio listeners in the scene. Please ensure there is always one audio listener in the scene
There are no audio listeners in the scene. Please ensure there is always one audio listener in the scene
There are no audio listeners in the scene. Please ensure there is always one audio listener in the scene
There are no audio listeners in the scene. Please ensure there is always one audio listener in the scene
There are no audio listeners in the scene. Please ensure there is always one audio listener in the scene
There are no audio listeners in the scene. Please ensure there is always one audio listener in the scene
There are no audio listeners in the scene. Please ensure there is always one audio listener in the scene
There are no audio listeners in the scene. Please ensure there is always one audio listener in the scene
There are no audio listeners in the scene. Please ensure there is always one audio listener in the scene
There are no audio listeners in the scene. Please ensure there is always one audio listener in the scene
There are no audio listeners in the scene. Please ensure there is always one audio listener in the scene
There are no audio listeners in the scene. Please ensure there is always one audio listener in the scene
There are no audio listeners in the scene. Please ensure there is always one audio listener in the scene
There are no audio listeners in the scene. Please ensure there is always one audio listener in the scene
There are no audio listeners in the scene. Please ensure there is always one audio listener in the scene
There are no audio listeners in the scene. Please ensure there is always one audio listener in the scene
There are no audio listeners in the scene. Please ensure there is always one audio listener in the scene
There are no audio listeners in the scene. Please ensure there is always one audio listener in the scene
There are no audio listeners in the scene. Please ensure there is always one audio listener in the scene
There are no audio listeners in the scene. Please ensure there is always one audio listener in the scene
There are no audio listeners in the scene. Please ensure there is always one audio listener in the scene
There are no audio listeners in the scene. Please ensure there is always one audio listener in the scene
There are no audio listeners in the scene. Please ensure there is always one audio listener in the scene
There are no audio listeners in the scene. Please ensure there is always one audio listener in the scene
There are no audio listeners in the scene. Please ensure there is always one audio listener in the scene
There are no audio listeners in the scene. Please ensure there is always one audio listener in the scene
There are no audio listeners in the scene. Please ensure there is always one audio listener in the scene
There are no audio listeners in the scene. Please ensure there is always one audio listener in the scene
There are no audio listeners in the scene. Please ensure there is always one audio listener in the scene
There are no audio listeners in the scene. Please ensure there is always one audio listener in the scene
There are no audio listeners in the scene. Please ensure there is always one audio listener in the scene
There are no audio listeners in the scene. Please ensure there is always one audio listener in the scene
There are no audio listeners in the scene. Please ensure there is always one audio listener in the scene
There are no audio listeners in the scene. Please ensure there is always one audio listener in the scene
There are no audio listeners in the scene. Please ensure there is always one audio listener in the scene
There are no audio listeners in the scene. Please ensure there is always one audio listener in the scene
There are no audio listeners in the scene. Please ensure there is always one audio listener in the scene
QA result: Passed Game.Tests.PlayMode.VarginhaStudentAllyTests.MicrophoneRestoresSanityOnlyOnSuccessfulImpact
UnityEngine.Debug:ExtractStackTraceNoAlloc (byte*,int,string)
UnityEngine.StackTraceUtility:ExtractStackTrace ()
UnityEngine.DebugLogHandler:Internal_Log (UnityEngine.LogType,UnityEngine.LogOption,string,UnityEngine.Object)
UnityEngine.DebugLogHandler:LogFormat (UnityEngine.LogType,UnityEngine.Object,string,object[])
UnityEngine.Logger:Log (UnityEngine.LogType,object)
UnityEngine.Debug:Log (object)
Game.Editor.Testing.VarginhaBatchTestProgress:TestFinished (UnityEditor.TestTools.TestRunner.Api.ITestResultAdaptor) (at Assets/Scripts/Editor/Testing/VarginhaBatchTestProgress.cs:26)
UnityEditor.TestTools.TestRunner.Api.CallbacksDelegator/<>c__DisplayClass14_0:<TestFinished>b__0 (UnityEditor.TestTools.TestRunner.Api.ICallbacks) (at ./Library/PackageCache/com.unity.test-framework@7a3849e09bd0/UnityEditor.TestRunner/Api/CallbacksDelegator.cs:95)
UnityEditor.TestTools.TestRunner.Api.CallbacksDelegator:TryInvokeAllCallbacks (System.Action`1<UnityEditor.TestTools.TestRunner.Api.ICallbacks>) (at ./Library/PackageCache/com.unity.test-framework@7a3849e09bd0/UnityEditor.TestRunner/Api/CallbacksDelegator.cs:135)
UnityEditor.TestTools.TestRunner.Api.CallbacksDelegator:TestFinished (NUnit.Framework.Interfaces.ITestResult) (at ./Library/PackageCache/com.unity.test-framework@7a3849e09bd0/UnityEditor.TestRunner/Api/CallbacksDelegator.cs:95)
UnityEngine.Events.InvokableCall`1<NUnit.Framework.Interfaces.ITestResult>:Invoke (NUnit.Framework.Interfaces.ITestResult)
UnityEngine.Events.UnityEvent`1<NUnit.Framework.Interfaces.ITestResult>:Invoke (NUnit.Framework.Interfaces.ITestResult)
UnityEngine.Events.InvokableCall`1<NUnit.Framework.Interfaces.ITestResult>:Invoke (NUnit.Framework.Interfaces.ITestResult)
UnityEngine.Events.UnityEvent`1<NUnit.Framework.Interfaces.ITestResult>:Invoke (NUnit.Framework.Interfaces.ITestResult)
UnityEngine.TestTools.TestRunner.TestListenerWrapper:TestFinished (NUnit.Framework.Interfaces.ITestResult) (at ./Library/PackageCache/com.unity.test-framework@7a3849e09bd0/UnityEngine.TestRunner/TestRunner/TestListenerWrapper.cs:24)
UnityEngine.TestRunner.NUnitExtensions.Runner.UnityWorkItem:WorkItemComplete () (at ./Library/PackageCache/com.unity.test-framework@7a3849e09bd0/UnityEngine.TestRunner/NUnitExtensions/Runner/UnityWorkItem.cs:107)
UnityEngine.TestRunner.NUnitExtensions.Runner.CoroutineTestWorkItem/<PerformWork>d__7:<>m__Finally1 () (at ./Library/PackageCache/com.unity.test-framework@7a3849e09bd0/UnityEngine.TestRunner/NUnitExtensions/Runner/CoroutineTestWorkItem.cs:67)
UnityEngine.TestRunner.NUnitExtensions.Runner.CoroutineTestWorkItem/<PerformWork>d__7:MoveNext () (at ./Library/PackageCache/com.unity.test-framework@7a3849e09bd0/UnityEngine.TestRunner/NUnitExtensions/Runner/CoroutineTestWorkItem.cs:64)
UnityEngine.TestRunner.NUnitExtensions.Runner.CompositeWorkItem/<RunChildren>d__17:MoveNext () (at ./Library/PackageCache/com.unity.test-framework@7a3849e09bd0/UnityEngine.TestRunner/NUnitExtensions/Runner/CompositeWorkItem.cs:209)
UnityEngine.TestRunner.NUnitExtensions.Runner.CompositeWorkItem/<PerformWork>d__13:MoveNext () (at ./Library/PackageCache/com.unity.test-framework@7a3849e09bd0/UnityEngine.TestRunner/NUnitExtensions/Runner/CompositeWorkItem.cs:83)
UnityEngine.TestRunner.NUnitExtensions.Runner.CompositeWorkItem/<RunChildren>d__17:MoveNext () (at ./Library/PackageCache/com.unity.test-framework@7a3849e09bd0/UnityEngine.TestRunner/NUnitExtensions/Runner/CompositeWorkItem.cs:209)
UnityEngine.TestRunner.NUnitExtensions.Runner.CompositeWorkItem/<PerformWork>d__13:MoveNext () (at ./Library/PackageCache/com.unity.test-framework@7a3849e09bd0/UnityEngine.TestRunner/NUnitExtensions/Runner/CompositeWorkItem.cs:83)
UnityEngine.TestRunner.NUnitExtensions.Runner.CompositeWorkItem/<RunChildren>d__17:MoveNext () (at ./Library/PackageCache/com.unity.test-framework@7a3849e09bd0/UnityEngine.TestRunner/NUnitExtensions/Runner/CompositeWorkItem.cs:209)
UnityEngine.TestRunner.NUnitExtensions.Runner.CompositeWorkItem/<PerformWork>d__13:MoveNext () (at ./Library/PackageCache/com.unity.test-framework@7a3849e09bd0/UnityEngine.TestRunner/NUnitExtensions/Runner/CompositeWorkItem.cs:83)
UnityEngine.TestRunner.NUnitExtensions.Runner.CompositeWorkItem/<RunChildren>d__17:MoveNext () (at ./Library/PackageCache/com.unity.test-framework@7a3849e09bd0/UnityEngine.TestRunner/NUnitExtensions/Runner/CompositeWorkItem.cs:209)
UnityEngine.TestRunner.NUnitExtensions.Runner.CompositeWorkItem/<PerformWork>d__13:MoveNext () (at ./Library/PackageCache/com.unity.test-framework@7a3849e09bd0/UnityEngine.TestRunner/NUnitExtensions/Runner/CompositeWorkItem.cs:83)
UnityEngine.TestRunner.NUnitExtensions.Runner.CompositeWorkItem/<RunChildren>d__17:MoveNext () (at ./Library/PackageCache/com.unity.test-framework@7a3849e09bd0/UnityEngine.TestRunner/NUnitExtensions/Runner/CompositeWorkItem.cs:209)
UnityEngine.TestRunner.NUnitExtensions.Runner.CompositeWorkItem/<PerformWork>d__13:MoveNext () (at ./Library/PackageCache/com.unity.test-framework@7a3849e09bd0/UnityEngine.TestRunner/NUnitExtensions/Runner/CompositeWorkItem.cs:83)
UnityEngine.TestRunner.NUnitExtensions.Runner.CompositeWorkItem/<RunChildren>d__17:MoveNext () (at ./Library/PackageCache/com.unity.test-framework@7a3849e09bd0/UnityEngine.TestRunner/NUnitExtensions/Runner/CompositeWorkItem.cs:209)
UnityEngine.TestRunner.NUnitExtensions.Runner.CompositeWorkItem/<PerformWork>d__13:MoveNext () (at ./Library/PackageCache/com.unity.test-framework@7a3849e09bd0/UnityEngine.TestRunner/NUnitExtensions/Runner/CompositeWorkItem.cs:83)
UnityEngine.TestTools.TestRunner.PlaymodeTestsController/<TestRunnerCoroutine>d__25:MoveNext () (at ./Library/PackageCache/com.unity.test-framework@7a3849e09bd0/UnityEngine.TestRunner/TestRunner/PlaymodeTestsController.cs:100)
UnityEngine.SetupCoroutine:InvokeMoveNext (System.Collections.IEnumerator,intptr)

(Filename: Assets/Scripts/Editor/Testing/VarginhaBatchTestProgress.cs Line: 26)

QA test: Game.Tests.PlayMode.VarginhaStudentAllyTests.MouseAimOverridesNearThreatAndWallsBlockCommands
UnityEngine.Debug:ExtractStackTraceNoAlloc (byte*,int,string)
UnityEngine.StackTraceUtility:ExtractStackTrace ()
UnityEngine.DebugLogHandler:Internal_Log (UnityEngine.LogType,UnityEngine.LogOption,string,UnityEngine.Object)
UnityEngine.DebugLogHandler:LogFormat (UnityEngine.LogType,UnityEngine.Object,string,object[])
UnityEngine.Logger:Log (UnityEngine.LogType,object)
UnityEngine.Debug:Log (object)
Game.Editor.Testing.VarginhaBatchTestProgress:TestStarted (UnityEditor.TestTools.TestRunner.Api.ITestAdaptor) (at Assets/Scripts/Editor/Testing/VarginhaBatchTestProgress.cs:22)
UnityEditor.TestTools.TestRunner.Api.CallbacksDelegator/<>c__DisplayClass12_0:<TestStarted>b__0 (UnityEditor.TestTools.TestRunner.Api.ICallbacks) (at ./Library/PackageCache/com.unity.test-framework@7a3849e09bd0/UnityEditor.TestRunner/Api/CallbacksDelegator.cs:81)
UnityEditor.TestTools.TestRunner.Api.CallbacksDelegator:TryInvokeAllCallbacks (System.Action`1<UnityEditor.TestTools.TestRunner.Api.ICallbacks>) (at ./Library/PackageCache/com.unity.test-framework@7a3849e09bd0/UnityEditor.TestRunner/Api/CallbacksDelegator.cs:135)
UnityEditor.TestTools.TestRunner.Api.CallbacksDelegator:TestStarted (NUnit.Framework.Interfaces.ITest) (at ./Library/PackageCache/com.unity.test-framework@7a3849e09bd0/UnityEditor.TestRunner/Api/CallbacksDelegator.cs:81)
UnityEngine.Events.InvokableCall`1<NUnit.Framework.Interfaces.ITest>:Invoke (NUnit.Framework.Interfaces.ITest)
UnityEngine.Events.UnityEvent`1<NUnit.Framework.Interfaces.ITest>:Invoke (NUnit.Framework.Interfaces.ITest)
UnityEngine.Events.InvokableCall`1<NUnit.Framework.Interfaces.ITest>:Invoke (NUnit.Framework.Interfaces.ITest)
UnityEngine.Events.UnityEvent`1<NUnit.Framework.Interfaces.ITest>:Invoke (NUnit.Framework.Interfaces.ITest)
UnityEngine.TestTools.TestRunner.TestListenerWrapper:TestStarted (NUnit.Framework.Interfaces.ITest) (at ./Library/PackageCache/com.unity.test-framework@7a3849e09bd0/UnityEngine.TestRunner/TestRunner/TestListenerWrapper.cs:19)
UnityEngine.TestRunner.NUnitExtensions.Runner.UnityWorkItem:Execute () (at ./Library/PackageCache/com.unity.test-framework@7a3849e09bd0/UnityEngine.TestRunner/NUnitExtensions/Runner/UnityWorkItem.cs:83)
UnityEngine.TestRunner.NUnitExtensions.Runner.CompositeWorkItem/<RunChildren>d__17:MoveNext () (at ./Library/PackageCache/com.unity.test-framework@7a3849e09bd0/UnityEngine.TestRunner/NUnitExtensions/Runner/CompositeWorkItem.cs:205)
UnityEngine.TestRunner.NUnitExtensions.Runner.CompositeWorkItem/<PerformWork>d__13:MoveNext () (at ./Library/PackageCache/com.unity.test-framework@7a3849e09bd0/UnityEngine.TestRunner/NUnitExtensions/Runner/CompositeWorkItem.cs:83)
UnityEngine.TestRunner.NUnitExtensions.Runner.CompositeWorkItem/<RunChildren>d__17:MoveNext () (at ./Library/PackageCache/com.unity.test-framework@7a3849e09bd0/UnityEngine.TestRunner/NUnitExtensions/Runner/CompositeWorkItem.cs:209)
UnityEngine.TestRunner.NUnitExtensions.Runner.CompositeWorkItem/<PerformWork>d__13:MoveNext () (at ./Library/PackageCache/com.unity.test-framework@7a3849e09bd0/UnityEngine.TestRunner/NUnitExtensions/Runner/CompositeWorkItem.cs:83)
UnityEngine.TestRunner.NUnitExtensions.Runner.CompositeWorkItem/<RunChildren>d__17:MoveNext () (at ./Library/PackageCache/com.unity.test-framework@7a3849e09bd0/UnityEngine.TestRunner/NUnitExtensions/Runner/CompositeWorkItem.cs:209)
UnityEngine.TestRunner.NUnitExtensions.Runner.CompositeWorkItem/<PerformWork>d__13:MoveNext () (at ./Library/PackageCache/com.unity.test-framework@7a3849e09bd0/UnityEngine.TestRunner/NUnitExtensions/Runner/CompositeWorkItem.cs:83)
UnityEngine.TestRunner.NUnitExtensions.Runner.CompositeWorkItem/<RunChildren>d__17:MoveNext () (at ./Library/PackageCache/com.unity.test-framework@7a3849e09bd0/UnityEngine.TestRunner/NUnitExtensions/Runner/CompositeWorkItem.cs:209)
UnityEngine.TestRunner.NUnitExtensions.Runner.CompositeWorkItem/<PerformWork>d__13:MoveNext () (at ./Library/PackageCache/com.unity.test-framework@7a3849e09bd0/UnityEngine.TestRunner/NUnitExtensions/Runner/CompositeWorkItem.cs:83)
UnityEngine.TestRunner.NUnitExtensions.Runner.CompositeWorkItem/<RunChildren>d__17:MoveNext () (at ./Library/PackageCache/com.unity.test-framework@7a3849e09bd0/UnityEngine.TestRunner/NUnitExtensions/Runner/CompositeWorkItem.cs:209)
UnityEngine.TestRunner.NUnitExtensions.Runner.CompositeWorkItem/<PerformWork>d__13:MoveNext () (at ./Library/PackageCache/com.unity.test-framework@7a3849e09bd0/UnityEngine.TestRunner/NUnitExtensions/Runner/CompositeWorkItem.cs:83)
UnityEngine.TestRunner.NUnitExtensions.Runner.CompositeWorkItem/<RunChildren>d__17:MoveNext () (at ./Library/PackageCache/com.unity.test-framework@7a3849e09bd0/UnityEngine.TestRunner/NUnitExtensions/Runner/CompositeWorkItem.cs:209)
UnityEngine.TestRunner.NUnitExtensions.Runner.CompositeWorkItem/<PerformWork>d__13:MoveNext () (at ./Library/PackageCache/com.unity.test-framework@7a3849e09bd0/UnityEngine.TestRunner/NUnitExtensions/Runner/CompositeWorkItem.cs:83)
UnityEngine.TestTools.TestRunner.PlaymodeTestsController/<TestRunnerCoroutine>d__25:MoveNext () (at ./Library/PackageCache/com.unity.test-framework@7a3849e09bd0/UnityEngine.TestRunner/TestRunner/PlaymodeTestsController.cs:100)
UnityEngine.SetupCoroutine:InvokeMoveNext (System.Collections.IEnumerator,intptr)

(Filename: Assets/Scripts/Editor/Testing/VarginhaBatchTestProgress.cs Line: 22)

QA result: Passed Game.Tests.PlayMode.VarginhaStudentAllyTests.MouseAimOverridesNearThreatAndWallsBlockCommands
UnityEngine.Debug:ExtractStackTraceNoAlloc (byte*,int,string)
UnityEngine.StackTraceUtility:ExtractStackTrace ()
UnityEngine.DebugLogHandler:Internal_Log (UnityEngine.LogType,UnityEngine.LogOption,string,UnityEngine.Object)
UnityEngine.DebugLogHandler:LogFormat (UnityEngine.LogType,UnityEngine.Object,string,object[])
UnityEngine.Logger:Log (UnityEngine.LogType,object)
UnityEngine.Debug:Log (object)
Game.Editor.Testing.VarginhaBatchTestProgress:TestFinished (UnityEditor.TestTools.TestRunner.Api.ITestResultAdaptor) (at Assets/Scripts/Editor/Testing/VarginhaBatchTestProgress.cs:26)
UnityEditor.TestTools.TestRunner.Api.CallbacksDelegator/<>c__DisplayClass14_0:<TestFinished>b__0 (UnityEditor.TestTools.TestRunner.Api.ICallbacks) (at ./Library/PackageCache/com.unity.test-framework@7a3849e09bd0/UnityEditor.TestRunner/Api/CallbacksDelegator.cs:95)
UnityEditor.TestTools.TestRunner.Api.CallbacksDelegator:TryInvokeAllCallbacks (System.Action`1<UnityEditor.TestTools.TestRunner.Api.ICallbacks>) (at ./Library/PackageCache/com.unity.test-framework@7a3849e09bd0/UnityEditor.TestRunner/Api/CallbacksDelegator.cs:135)
UnityEditor.TestTools.TestRunner.Api.CallbacksDelegator:TestFinished (NUnit.Framework.Interfaces.ITestResult) (at ./Library/PackageCache/com.unity.test-framework@7a3849e09bd0/UnityEditor.TestRunner/Api/CallbacksDelegator.cs:95)
UnityEngine.Events.InvokableCall`1<NUnit.Framework.Interfaces.ITestResult>:Invoke (NUnit.Framework.Interfaces.ITestResult)
UnityEngine.Events.UnityEvent`1<NUnit.Framework.Interfaces.ITestResult>:Invoke (NUnit.Framework.Interfaces.ITestResult)
UnityEngine.Events.InvokableCall`1<NUnit.Framework.Interfaces.ITestResult>:Invoke (NUnit.Framework.Interfaces.ITestResult)
UnityEngine.Events.UnityEvent`1<NUnit.Framework.Interfaces.ITestResult>:Invoke (NUnit.Framework.Interfaces.ITestResult)
UnityEngine.TestTools.TestRunner.TestListenerWrapper:TestFinished (NUnit.Framework.Interfaces.ITestResult) (at ./Library/PackageCache/com.unity.test-framework@7a3849e09bd0/UnityEngine.TestRunner/TestRunner/TestListenerWrapper.cs:24)
UnityEngine.TestRunner.NUnitExtensions.Runner.UnityWorkItem:WorkItemComplete () (at ./Library/PackageCache/com.unity.test-framework@7a3849e09bd0/UnityEngine.TestRunner/NUnitExtensions/Runner/UnityWorkItem.cs:107)
UnityEngine.TestRunner.NUnitExtensions.Runner.DefaultTestWorkItem/<PerformWork>d__2:<>m__Finally1 () (at ./Library/PackageCache/com.unity.test-framework@7a3849e09bd0/UnityEngine.TestRunner/NUnitExtensions/Runner/DefaultTestWorkItem.cs:98)
UnityEngine.TestRunner.NUnitExtensions.Runner.DefaultTestWorkItem/<PerformWork>d__2:MoveNext () (at ./Library/PackageCache/com.unity.test-framework@7a3849e09bd0/UnityEngine.TestRunner/NUnitExtensions/Runner/DefaultTestWorkItem.cs:95)
UnityEngine.TestRunner.NUnitExtensions.Runner.CompositeWorkItem/<RunChildren>d__17:MoveNext () (at ./Library/PackageCache/com.unity.test-framework@7a3849e09bd0/UnityEngine.TestRunner/NUnitExtensions/Runner/CompositeWorkItem.cs:209)
UnityEngine.TestRunner.NUnitExtensions.Runner.CompositeWorkItem/<PerformWork>d__13:MoveNext () (at ./Library/PackageCache/com.unity.test-framework@7a3849e09bd0/UnityEngine.TestRunner/NUnitExtensions/Runner/CompositeWorkItem.cs:83)
UnityEngine.TestRunner.NUnitExtensions.Runner.CompositeWorkItem/<RunChildren>d__17:MoveNext () (at ./Library/PackageCache/com.unity.test-framework@7a3849e09bd0/UnityEngine.TestRunner/NUnitExtensions/Runner/CompositeWorkItem.cs:209)
UnityEngine.TestRunner.NUnitExtensions.Runner.CompositeWorkItem/<PerformWork>d__13:MoveNext () (at ./Library/PackageCache/com.unity.test-framework@7a3849e09bd0/UnityEngine.TestRunner/NUnitExtensions/Runner/CompositeWorkItem.cs:83)
UnityEngine.TestRunner.NUnitExtensions.Runner.CompositeWorkItem/<RunChildren>d__17:MoveNext () (at ./Library/PackageCache/com.unity.test-framework@7a3849e09bd0/UnityEngine.TestRunner/NUnitExtensions/Runner/CompositeWorkItem.cs:209)
UnityEngine.TestRunner.NUnitExtensions.Runner.CompositeWorkItem/<PerformWork>d__13:MoveNext () (at ./Library/PackageCache/com.unity.test-framework@7a3849e09bd0/UnityEngine.TestRunner/NUnitExtensions/Runner/CompositeWorkItem.cs:83)
UnityEngine.TestRunner.NUnitExtensions.Runner.CompositeWorkItem/<RunChildren>d__17:MoveNext () (at ./Library/PackageCache/com.unity.test-framework@7a3849e09bd0/UnityEngine.TestRunner/NUnitExtensions/Runner/CompositeWorkItem.cs:209)
UnityEngine.TestRunner.NUnitExtensions.Runner.CompositeWorkItem/<PerformWork>d__13:MoveNext () (at ./Library/PackageCache/com.unity.test-framework@7a3849e09bd0/UnityEngine.TestRunner/NUnitExtensions/Runner/CompositeWorkItem.cs:83)
UnityEngine.TestRunner.NUnitExtensions.Runner.CompositeWorkItem/<RunChildren>d__17:MoveNext () (at ./Library/PackageCache/com.unity.test-framework@7a3849e09bd0/UnityEngine.TestRunner/NUnitExtensions/Runner/CompositeWorkItem.cs:209)
UnityEngine.TestRunner.NUnitExtensions.Runner.CompositeWorkItem/<PerformWork>d__13:MoveNext () (at ./Library/PackageCache/com.unity.test-framework@7a3849e09bd0/UnityEngine.TestRunner/NUnitExtensions/Runner/CompositeWorkItem.cs:83)
UnityEngine.TestRunner.NUnitExtensions.Runner.CompositeWorkItem/<RunChildren>d__17:MoveNext () (at ./Library/PackageCache/com.unity.test-framework@7a3849e09bd0/UnityEngine.TestRunner/NUnitExtensions/Runner/CompositeWorkItem.cs:209)
UnityEngine.TestRunner.NUnitExtensions.Runner.CompositeWorkItem/<PerformWork>d__13:MoveNext () (at ./Library/PackageCache/com.unity.test-framework@7a3849e09bd0/UnityEngine.TestRunner/NUnitExtensions/Runner/CompositeWorkItem.cs:83)
UnityEngine.TestTools.TestRunner.PlaymodeTestsController/<TestRunnerCoroutine>d__25:MoveNext () (at ./Library/PackageCache/com.unity.test-framework@7a3849e09bd0/UnityEngine.TestRunner/TestRunner/PlaymodeTestsController.cs:100)
UnityEngine.SetupCoroutine:InvokeMoveNext (System.Collections.IEnumerator,intptr)

(Filename: Assets/Scripts/Editor/Testing/VarginhaBatchTestProgress.cs Line: 26)

QA test: Game.Tests.PlayMode.VarginhaStudentAllyTests.NoTargetOrLockedPlayerDoesNotSpendCooldown
UnityEngine.Debug:ExtractStackTraceNoAlloc (byte*,int,string)
UnityEngine.StackTraceUtility:ExtractStackTrace ()
UnityEngine.DebugLogHandler:Internal_Log (UnityEngine.LogType,UnityEngine.LogOption,string,UnityEngine.Object)
UnityEngine.DebugLogHandler:LogFormat (UnityEngine.LogType,UnityEngine.Object,string,object[])
UnityEngine.Logger:Log (UnityEngine.LogType,object)
UnityEngine.Debug:Log (object)
Game.Editor.Testing.VarginhaBatchTestProgress:TestStarted (UnityEditor.TestTools.TestRunner.Api.ITestAdaptor) (at Assets/Scripts/Editor/Testing/VarginhaBatchTestProgress.cs:22)
UnityEditor.TestTools.TestRunner.Api.CallbacksDelegator/<>c__DisplayClass12_0:<TestStarted>b__0 (UnityEditor.TestTools.TestRunner.Api.ICallbacks) (at ./Library/PackageCache/com.unity.test-framework@7a3849e09bd0/UnityEditor.TestRunner/Api/CallbacksDelegator.cs:81)
UnityEditor.TestTools.TestRunner.Api.CallbacksDelegator:TryInvokeAllCallbacks (System.Action`1<UnityEditor.TestTools.TestRunner.Api.ICallbacks>) (at ./Library/PackageCache/com.unity.test-framework@7a3849e09bd0/UnityEditor.TestRunner/Api/CallbacksDelegator.cs:135)
UnityEditor.TestTools.TestRunner.Api.CallbacksDelegator:TestStarted (NUnit.Framework.Interfaces.ITest) (at ./Library/PackageCache/com.unity.test-framework@7a3849e09bd0/UnityEditor.TestRunner/Api/CallbacksDelegator.cs:81)
UnityEngine.Events.InvokableCall`1<NUnit.Framework.Interfaces.ITest>:Invoke (NUnit.Framework.Interfaces.ITest)
UnityEngine.Events.UnityEvent`1<NUnit.Framework.Interfaces.ITest>:Invoke (NUnit.Framework.Interfaces.ITest)
UnityEngine.Events.InvokableCall`1<NUnit.Framework.Interfaces.ITest>:Invoke (NUnit.Framework.Interfaces.ITest)
UnityEngine.Events.UnityEvent`1<NUnit.Framework.Interfaces.ITest>:Invoke (NUnit.Framework.Interfaces.ITest)
UnityEngine.TestTools.TestRunner.TestListenerWrapper:TestStarted (NUnit.Framework.Interfaces.ITest) (at ./Library/PackageCache/com.unity.test-framework@7a3849e09bd0/UnityEngine.TestRunner/TestRunner/TestListenerWrapper.cs:19)
UnityEngine.TestRunner.NUnitExtensions.Runner.UnityWorkItem:Execute () (at ./Library/PackageCache/com.unity.test-framework@7a3849e09bd0/UnityEngine.TestRunner/NUnitExtensions/Runner/UnityWorkItem.cs:83)
UnityEngine.TestRunner.NUnitExtensions.Runner.CompositeWorkItem/<RunChildren>d__17:MoveNext () (at ./Library/PackageCache/com.unity.test-framework@7a3849e09bd0/UnityEngine.TestRunner/NUnitExtensions/Runner/CompositeWorkItem.cs:205)
UnityEngine.TestRunner.NUnitExtensions.Runner.CompositeWorkItem/<PerformWork>d__13:MoveNext () (at ./Library/PackageCache/com.unity.test-framework@7a3849e09bd0/UnityEngine.TestRunner/NUnitExtensions/Runner/CompositeWorkItem.cs:83)
UnityEngine.TestRunner.NUnitExtensions.Runner.CompositeWorkItem/<RunChildren>d__17:MoveNext () (at ./Library/PackageCache/com.unity.test-framework@7a3849e09bd0/UnityEngine.TestRunner/NUnitExtensions/Runner/CompositeWorkItem.cs:209)
UnityEngine.TestRunner.NUnitExtensions.Runner.CompositeWorkItem/<PerformWork>d__13:MoveNext () (at ./Library/PackageCache/com.unity.test-framework@7a3849e09bd0/UnityEngine.TestRunner/NUnitExtensions/Runner/CompositeWorkItem.cs:83)
UnityEngine.TestRunner.NUnitExtensions.Runner.CompositeWorkItem/<RunChildren>d__17:MoveNext () (at ./Library/PackageCache/com.unity.test-framework@7a3849e09bd0/UnityEngine.TestRunner/NUnitExtensions/Runner/CompositeWorkItem.cs:209)
UnityEngine.TestRunner.NUnitExtensions.Runner.CompositeWorkItem/<PerformWork>d__13:MoveNext () (at ./Library/PackageCache/com.unity.test-framework@7a3849e09bd0/UnityEngine.TestRunner/NUnitExtensions/Runner/CompositeWorkItem.cs:83)
UnityEngine.TestRunner.NUnitExtensions.Runner.CompositeWorkItem/<RunChildren>d__17:MoveNext () (at ./Library/PackageCache/com.unity.test-framework@7a3849e09bd0/UnityEngine.TestRunner/NUnitExtensions/Runner/CompositeWorkItem.cs:209)
UnityEngine.TestRunner.NUnitExtensions.Runner.CompositeWorkItem/<PerformWork>d__13:MoveNext () (at ./Library/PackageCache/com.unity.test-framework@7a3849e09bd0/UnityEngine.TestRunner/NUnitExtensions/Runner/CompositeWorkItem.cs:83)
UnityEngine.TestRunner.NUnitExtensions.Runner.CompositeWorkItem/<RunChildren>d__17:MoveNext () (at ./Library/PackageCache/com.unity.test-framework@7a3849e09bd0/UnityEngine.TestRunner/NUnitExtensions/Runner/CompositeWorkItem.cs:209)
UnityEngine.TestRunner.NUnitExtensions.Runner.CompositeWorkItem/<PerformWork>d__13:MoveNext () (at ./Library/PackageCache/com.unity.test-framework@7a3849e09bd0/UnityEngine.TestRunner/NUnitExtensions/Runner/CompositeWorkItem.cs:83)
UnityEngine.TestRunner.NUnitExtensions.Runner.CompositeWorkItem/<RunChildren>d__17:MoveNext () (at ./Library/PackageCache/com.unity.test-framework@7a3849e09bd0/UnityEngine.TestRunner/NUnitExtensions/Runner/CompositeWorkItem.cs:209)
UnityEngine.TestRunner.NUnitExtensions.Runner.CompositeWorkItem/<PerformWork>d__13:MoveNext () (at ./Library/PackageCache/com.unity.test-framework@7a3849e09bd0/UnityEngine.TestRunner/NUnitExtensions/Runner/CompositeWorkItem.cs:83)
UnityEngine.TestTools.TestRunner.PlaymodeTestsController/<TestRunnerCoroutine>d__25:MoveNext () (at ./Library/PackageCache/com.unity.test-framework@7a3849e09bd0/UnityEngine.TestRunner/TestRunner/PlaymodeTestsController.cs:100)
UnityEngine.SetupCoroutine:InvokeMoveNext (System.Collections.IEnumerator,intptr)

(Filename: Assets/Scripts/Editor/Testing/VarginhaBatchTestProgress.cs Line: 22)

QA result: Passed Game.Tests.PlayMode.VarginhaStudentAllyTests.NoTargetOrLockedPlayerDoesNotSpendCooldown
UnityEngine.Debug:ExtractStackTraceNoAlloc (byte*,int,string)
UnityEngine.StackTraceUtility:ExtractStackTrace ()
UnityEngine.DebugLogHandler:Internal_Log (UnityEngine.LogType,UnityEngine.LogOption,string,UnityEngine.Object)
UnityEngine.DebugLogHandler:LogFormat (UnityEngine.LogType,UnityEngine.Object,string,object[])
UnityEngine.Logger:Log (UnityEngine.LogType,object)
UnityEngine.Debug:Log (object)
Game.Editor.Testing.VarginhaBatchTestProgress:TestFinished (UnityEditor.TestTools.TestRunner.Api.ITestResultAdaptor) (at Assets/Scripts/Editor/Testing/VarginhaBatchTestProgress.cs:26)
UnityEditor.TestTools.TestRunner.Api.CallbacksDelegator/<>c__DisplayClass14_0:<TestFinished>b__0 (UnityEditor.TestTools.TestRunner.Api.ICallbacks) (at ./Library/PackageCache/com.unity.test-framework@7a3849e09bd0/UnityEditor.TestRunner/Api/CallbacksDelegator.cs:95)
UnityEditor.TestTools.TestRunner.Api.CallbacksDelegator:TryInvokeAllCallbacks (System.Action`1<UnityEditor.TestTools.TestRunner.Api.ICallbacks>) (at ./Library/PackageCache/com.unity.test-framework@7a3849e09bd0/UnityEditor.TestRunner/Api/CallbacksDelegator.cs:135)
UnityEditor.TestTools.TestRunner.Api.CallbacksDelegator:TestFinished (NUnit.Framework.Interfaces.ITestResult) (at ./Library/PackageCache/com.unity.test-framework@7a3849e09bd0/UnityEditor.TestRunner/Api/CallbacksDelegator.cs:95)
UnityEngine.Events.InvokableCall`1<NUnit.Framework.Interfaces.ITestResult>:Invoke (NUnit.Framework.Interfaces.ITestResult)
UnityEngine.Events.UnityEvent`1<NUnit.Framework.Interfaces.ITestResult>:Invoke (NUnit.Framework.Interfaces.ITestResult)
UnityEngine.Events.InvokableCall`1<NUnit.Framework.Interfaces.ITestResult>:Invoke (NUnit.Framework.Interfaces.ITestResult)
UnityEngine.Events.UnityEvent`1<NUnit.Framework.Interfaces.ITestResult>:Invoke (NUnit.Framework.Interfaces.ITestResult)
UnityEngine.TestTools.TestRunner.TestListenerWrapper:TestFinished (NUnit.Framework.Interfaces.ITestResult) (at ./Library/PackageCache/com.unity.test-framework@7a3849e09bd0/UnityEngine.TestRunner/TestRunner/TestListenerWrapper.cs:24)
UnityEngine.TestRunner.NUnitExtensions.Runner.UnityWorkItem:WorkItemComplete () (at ./Library/PackageCache/com.unity.test-framework@7a3849e09bd0/UnityEngine.TestRunner/NUnitExtensions/Runner/UnityWorkItem.cs:107)
UnityEngine.TestRunner.NUnitExtensions.Runner.DefaultTestWorkItem/<PerformWork>d__2:<>m__Finally1 () (at ./Library/PackageCache/com.unity.test-framework@7a3849e09bd0/UnityEngine.TestRunner/NUnitExtensions/Runner/DefaultTestWorkItem.cs:98)
UnityEngine.TestRunner.NUnitExtensions.Runner.DefaultTestWorkItem/<PerformWork>d__2:MoveNext () (at ./Library/PackageCache/com.unity.test-framework@7a3849e09bd0/UnityEngine.TestRunner/NUnitExtensions/Runner/DefaultTestWorkItem.cs:95)
UnityEngine.TestRunner.NUnitExtensions.Runner.CompositeWorkItem/<RunChildren>d__17:MoveNext () (at ./Library/PackageCache/com.unity.test-framework@7a3849e09bd0/UnityEngine.TestRunner/NUnitExtensions/Runner/CompositeWorkItem.cs:209)
UnityEngine.TestRunner.NUnitExtensions.Runner.CompositeWorkItem/<PerformWork>d__13:MoveNext () (at ./Library/PackageCache/com.unity.test-framework@7a3849e09bd0/UnityEngine.TestRunner/NUnitExtensions/Runner/CompositeWorkItem.cs:83)
UnityEngine.TestRunner.NUnitExtensions.Runner.CompositeWorkItem/<RunChildren>d__17:MoveNext () (at ./Library/PackageCache/com.unity.test-framework@7a3849e09bd0/UnityEngine.TestRunner/NUnitExtensions/Runner/CompositeWorkItem.cs:209)
UnityEngine.TestRunner.NUnitExtensions.Runner.CompositeWorkItem/<PerformWork>d__13:MoveNext () (at ./Library/PackageCache/com.unity.test-framework@7a3849e09bd0/UnityEngine.TestRunner/NUnitExtensions/Runner/CompositeWorkItem.cs:83)
UnityEngine.TestRunner.NUnitExtensions.Runner.CompositeWorkItem/<RunChildren>d__17:MoveNext () (at ./Library/PackageCache/com.unity.test-framework@7a3849e09bd0/UnityEngine.TestRunner/NUnitExtensions/Runner/CompositeWorkItem.cs:209)
UnityEngine.TestRunner.NUnitExtensions.Runner.CompositeWorkItem/<PerformWork>d__13:MoveNext () (at ./Library/PackageCache/com.unity.test-framework@7a3849e09bd0/UnityEngine.TestRunner/NUnitExtensions/Runner/CompositeWorkItem.cs:83)
UnityEngine.TestRunner.NUnitExtensions.Runner.CompositeWorkItem/<RunChildren>d__17:MoveNext () (at ./Library/PackageCache/com.unity.test-framework@7a3849e09bd0/UnityEngine.TestRunner/NUnitExtensions/Runner/CompositeWorkItem.cs:209)
UnityEngine.TestRunner.NUnitExtensions.Runner.CompositeWorkItem/<PerformWork>d__13:MoveNext () (at ./Library/PackageCache/com.unity.test-framework@7a3849e09bd0/UnityEngine.TestRunner/NUnitExtensions/Runner/CompositeWorkItem.cs:83)
UnityEngine.TestRunner.NUnitExtensions.Runner.CompositeWorkItem/<RunChildren>d__17:MoveNext () (at ./Library/PackageCache/com.unity.test-framework@7a3849e09bd0/UnityEngine.TestRunner/NUnitExtensions/Runner/CompositeWorkItem.cs:209)
UnityEngine.TestRunner.NUnitExtensions.Runner.CompositeWorkItem/<PerformWork>d__13:MoveNext () (at ./Library/PackageCache/com.unity.test-framework@7a3849e09bd0/UnityEngine.TestRunner/NUnitExtensions/Runner/CompositeWorkItem.cs:83)
UnityEngine.TestRunner.NUnitExtensions.Runner.CompositeWorkItem/<RunChildren>d__17:MoveNext () (at ./Library/PackageCache/com.unity.test-framework@7a3849e09bd0/UnityEngine.TestRunner/NUnitExtensions/Runner/CompositeWorkItem.cs:209)
UnityEngine.TestRunner.NUnitExtensions.Runner.CompositeWorkItem/<PerformWork>d__13:MoveNext () (at ./Library/PackageCache/com.unity.test-framework@7a3849e09bd0/UnityEngine.TestRunner/NUnitExtensions/Runner/CompositeWorkItem.cs:83)
UnityEngine.TestTools.TestRunner.PlaymodeTestsController/<TestRunnerCoroutine>d__25:MoveNext () (at ./Library/PackageCache/com.unity.test-framework@7a3849e09bd0/UnityEngine.TestRunner/TestRunner/PlaymodeTestsController.cs:100)
UnityEngine.SetupCoroutine:InvokeMoveNext (System.Collections.IEnumerator,intptr)

(Filename: Assets/Scripts/Editor/Testing/VarginhaBatchTestProgress.cs Line: 26)

QA test: Game.Tests.PlayMode.VarginhaStudentAllyTests.SignatureStudentsKeepTheirRequestedAttacks
UnityEngine.Debug:ExtractStackTraceNoAlloc (byte*,int,string)
UnityEngine.StackTraceUtility:ExtractStackTrace ()
UnityEngine.DebugLogHandler:Internal_Log (UnityEngine.LogType,UnityEngine.LogOption,string,UnityEngine.Object)
UnityEngine.DebugLogHandler:LogFormat (UnityEngine.LogType,UnityEngine.Object,string,object[])
UnityEngine.Logger:Log (UnityEngine.LogType,object)
UnityEngine.Debug:Log (object)
Game.Editor.Testing.VarginhaBatchTestProgress:TestStarted (UnityEditor.TestTools.TestRunner.Api.ITestAdaptor) (at Assets/Scripts/Editor/Testing/VarginhaBatchTestProgress.cs:22)
UnityEditor.TestTools.TestRunner.Api.CallbacksDelegator/<>c__DisplayClass12_0:<TestStarted>b__0 (UnityEditor.TestTools.TestRunner.Api.ICallbacks) (at ./Library/PackageCache/com.unity.test-framework@7a3849e09bd0/UnityEditor.TestRunner/Api/CallbacksDelegator.cs:81)
UnityEditor.TestTools.TestRunner.Api.CallbacksDelegator:TryInvokeAllCallbacks (System.Action`1<UnityEditor.TestTools.TestRunner.Api.ICallbacks>) (at ./Library/PackageCache/com.unity.test-framework@7a3849e09bd0/UnityEditor.TestRunner/Api/CallbacksDelegator.cs:135)
UnityEditor.TestTools.TestRunner.Api.CallbacksDelegator:TestStarted (NUnit.Framework.Interfaces.ITest) (at ./Library/PackageCache/com.unity.test-framework@7a3849e09bd0/UnityEditor.TestRunner/Api/CallbacksDelegator.cs:81)
UnityEngine.Events.InvokableCall`1<NUnit.Framework.Interfaces.ITest>:Invoke (NUnit.Framework.Interfaces.ITest)
UnityEngine.Events.UnityEvent`1<NUnit.Framework.Interfaces.ITest>:Invoke (NUnit.Framework.Interfaces.ITest)
UnityEngine.Events.InvokableCall`1<NUnit.Framework.Interfaces.ITest>:Invoke (NUnit.Framework.Interfaces.ITest)
UnityEngine.Events.UnityEvent`1<NUnit.Framework.Interfaces.ITest>:Invoke (NUnit.Framework.Interfaces.ITest)
UnityEngine.TestTools.TestRunner.TestListenerWrapper:TestStarted (NUnit.Framework.Interfaces.ITest) (at ./Library/PackageCache/com.unity.test-framework@7a3849e09bd0/UnityEngine.TestRunner/TestRunner/TestListenerWrapper.cs:19)
UnityEngine.TestRunner.NUnitExtensions.Runner.UnityWorkItem:Execute () (at ./Library/PackageCache/com.unity.test-framework@7a3849e09bd0/UnityEngine.TestRunner/NUnitExtensions/Runner/UnityWorkItem.cs:83)
UnityEngine.TestRunner.NUnitExtensions.Runner.CompositeWorkItem/<RunChildren>d__17:MoveNext () (at ./Library/PackageCache/com.unity.test-framework@7a3849e09bd0/UnityEngine.TestRunner/NUnitExtensions/Runner/CompositeWorkItem.cs:205)
UnityEngine.TestRunner.NUnitExtensions.Runner.CompositeWorkItem/<PerformWork>d__13:MoveNext () (at ./Library/PackageCache/com.unity.test-framework@7a3849e09bd0/UnityEngine.TestRunner/NUnitExtensions/Runner/CompositeWorkItem.cs:83)
UnityEngine.TestRunner.NUnitExtensions.Runner.CompositeWorkItem/<RunChildren>d__17:MoveNext () (at ./Library/PackageCache/com.unity.test-framework@7a3849e09bd0/UnityEngine.TestRunner/NUnitExtensions/Runner/CompositeWorkItem.cs:209)
UnityEngine.TestRunner.NUnitExtensions.Runner.CompositeWorkItem/<PerformWork>d__13:MoveNext () (at ./Library/PackageCache/com.unity.test-framework@7a3849e09bd0/UnityEngine.TestRunner/NUnitExtensions/Runner/CompositeWorkItem.cs:83)
UnityEngine.TestRunner.NUnitExtensions.Runner.CompositeWorkItem/<RunChildren>d__17:MoveNext () (at ./Library/PackageCache/com.unity.test-framework@7a3849e09bd0/UnityEngine.TestRunner/NUnitExtensions/Runner/CompositeWorkItem.cs:209)
UnityEngine.TestRunner.NUnitExtensions.Runner.CompositeWorkItem/<PerformWork>d__13:MoveNext () (at ./Library/PackageCache/com.unity.test-framework@7a3849e09bd0/UnityEngine.TestRunner/NUnitExtensions/Runner/CompositeWorkItem.cs:83)
UnityEngine.TestRunner.NUnitExtensions.Runner.CompositeWorkItem/<RunChildren>d__17:MoveNext () (at ./Library/PackageCache/com.unity.test-framework@7a3849e09bd0/UnityEngine.TestRunner/NUnitExtensions/Runner/CompositeWorkItem.cs:209)
UnityEngine.TestRunner.NUnitExtensions.Runner.CompositeWorkItem/<PerformWork>d__13:MoveNext () (at ./Library/PackageCache/com.unity.test-framework@7a3849e09bd0/UnityEngine.TestRunner/NUnitExtensions/Runner/CompositeWorkItem.cs:83)
UnityEngine.TestRunner.NUnitExtensions.Runner.CompositeWorkItem/<RunChildren>d__17:MoveNext () (at ./Library/PackageCache/com.unity.test-framework@7a3849e09bd0/UnityEngine.TestRunner/NUnitExtensions/Runner/CompositeWorkItem.cs:209)
UnityEngine.TestRunner.NUnitExtensions.Runner.CompositeWorkItem/<PerformWork>d__13:MoveNext () (at ./Library/PackageCache/com.unity.test-framework@7a3849e09bd0/UnityEngine.TestRunner/NUnitExtensions/Runner/CompositeWorkItem.cs:83)
UnityEngine.TestRunner.NUnitExtensions.Runner.CompositeWorkItem/<RunChildren>d__17:MoveNext () (at ./Library/PackageCache/com.unity.test-framework@7a3849e09bd0/UnityEngine.TestRunner/NUnitExtensions/Runner/CompositeWorkItem.cs:209)
UnityEngine.TestRunner.NUnitExtensions.Runner.CompositeWorkItem/<PerformWork>d__13:MoveNext () (at ./Library/PackageCache/com.unity.test-framework@7a3849e09bd0/UnityEngine.TestRunner/NUnitExtensions/Runner/CompositeWorkItem.cs:83)
UnityEngine.TestTools.TestRunner.PlaymodeTestsController/<TestRunnerCoroutine>d__25:MoveNext () (at ./Library/PackageCache/com.unity.test-framework@7a3849e09bd0/UnityEngine.TestRunner/TestRunner/PlaymodeTestsController.cs:100)
UnityEngine.SetupCoroutine:InvokeMoveNext (System.Collections.IEnumerator,intptr)

(Filename: Assets/Scripts/Editor/Testing/VarginhaBatchTestProgress.cs Line: 22)

QA result: Passed Game.Tests.PlayMode.VarginhaStudentAllyTests.SignatureStudentsKeepTheirRequestedAttacks
UnityEngine.Debug:ExtractStackTraceNoAlloc (byte*,int,string)
UnityEngine.StackTraceUtility:ExtractStackTrace ()
UnityEngine.DebugLogHandler:Internal_Log (UnityEngine.LogType,UnityEngine.LogOption,string,UnityEngine.Object)
UnityEngine.DebugLogHandler:LogFormat (UnityEngine.LogType,UnityEngine.Object,string,object[])
UnityEngine.Logger:Log (UnityEngine.LogType,object)
UnityEngine.Debug:Log (object)
Game.Editor.Testing.VarginhaBatchTestProgress:TestFinished (UnityEditor.TestTools.TestRunner.Api.ITestResultAdaptor) (at Assets/Scripts/Editor/Testing/VarginhaBatchTestProgress.cs:26)
UnityEditor.TestTools.TestRunner.Api.CallbacksDelegator/<>c__DisplayClass14_0:<TestFinished>b__0 (UnityEditor.TestTools.TestRunner.Api.ICallbacks) (at ./Library/PackageCache/com.unity.test-framework@7a3849e09bd0/UnityEditor.TestRunner/Api/CallbacksDelegator.cs:95)
UnityEditor.TestTools.TestRunner.Api.CallbacksDelegator:TryInvokeAllCallbacks (System.Action`1<UnityEditor.TestTools.TestRunner.Api.ICallbacks>) (at ./Library/PackageCache/com.unity.test-framework@7a3849e09bd0/UnityEditor.TestRunner/Api/CallbacksDelegator.cs:135)
UnityEditor.TestTools.TestRunner.Api.CallbacksDelegator:TestFinished (NUnit.Framework.Interfaces.ITestResult) (at ./Library/PackageCache/com.unity.test-framework@7a3849e09bd0/UnityEditor.TestRunner/Api/CallbacksDelegator.cs:95)
UnityEngine.Events.InvokableCall`1<NUnit.Framework.Interfaces.ITestResult>:Invoke (NUnit.Framework.Interfaces.ITestResult)
UnityEngine.Events.UnityEvent`1<NUnit.Framework.Interfaces.ITestResult>:Invoke (NUnit.Framework.Interfaces.ITestResult)
UnityEngine.Events.InvokableCall`1<NUnit.Framework.Interfaces.ITestResult>:Invoke (NUnit.Framework.Interfaces.ITestResult)
UnityEngine.Events.UnityEvent`1<NUnit.Framework.Interfaces.ITestResult>:Invoke (NUnit.Framework.Interfaces.ITestResult)
UnityEngine.TestTools.TestRunner.TestListenerWrapper:TestFinished (NUnit.Framework.Interfaces.ITestResult) (at ./Library/PackageCache/com.unity.test-framework@7a3849e09bd0/UnityEngine.TestRunner/TestRunner/TestListenerWrapper.cs:24)
UnityEngine.TestRunner.NUnitExtensions.Runner.UnityWorkItem:WorkItemComplete () (at ./Library/PackageCache/com.unity.test-framework@7a3849e09bd0/UnityEngine.TestRunner/NUnitExtensions/Runner/UnityWorkItem.cs:107)
UnityEngine.TestRunner.NUnitExtensions.Runner.DefaultTestWorkItem/<PerformWork>d__2:<>m__Finally1 () (at ./Library/PackageCache/com.unity.test-framework@7a3849e09bd0/UnityEngine.TestRunner/NUnitExtensions/Runner/DefaultTestWorkItem.cs:98)
UnityEngine.TestRunner.NUnitExtensions.Runner.DefaultTestWorkItem/<PerformWork>d__2:MoveNext () (at ./Library/PackageCache/com.unity.test-framework@7a3849e09bd0/UnityEngine.TestRunner/NUnitExtensions/Runner/DefaultTestWorkItem.cs:95)
UnityEngine.TestRunner.NUnitExtensions.Runner.CompositeWorkItem/<RunChildren>d__17:MoveNext () (at ./Library/PackageCache/com.unity.test-framework@7a3849e09bd0/UnityEngine.TestRunner/NUnitExtensions/Runner/CompositeWorkItem.cs:209)
UnityEngine.TestRunner.NUnitExtensions.Runner.CompositeWorkItem/<PerformWork>d__13:MoveNext () (at ./Library/PackageCache/com.unity.test-framework@7a3849e09bd0/UnityEngine.TestRunner/NUnitExtensions/Runner/CompositeWorkItem.cs:83)
UnityEngine.TestRunner.NUnitExtensions.Runner.CompositeWorkItem/<RunChildren>d__17:MoveNext () (at ./Library/PackageCache/com.unity.test-framework@7a3849e09bd0/UnityEngine.TestRunner/NUnitExtensions/Runner/CompositeWorkItem.cs:209)
UnityEngine.TestRunner.NUnitExtensions.Runner.CompositeWorkItem/<PerformWork>d__13:MoveNext () (at ./Library/PackageCache/com.unity.test-framework@7a3849e09bd0/UnityEngine.TestRunner/NUnitExtensions/Runner/CompositeWorkItem.cs:83)
UnityEngine.TestRunner.NUnitExtensions.Runner.CompositeWorkItem/<RunChildren>d__17:MoveNext () (at ./Library/PackageCache/com.unity.test-framework@7a3849e09bd0/UnityEngine.TestRunner/NUnitExtensions/Runner/CompositeWorkItem.cs:209)
UnityEngine.TestRunner.NUnitExtensions.Runner.CompositeWorkItem/<PerformWork>d__13:MoveNext () (at ./Library/PackageCache/com.unity.test-framework@7a3849e09bd0/UnityEngine.TestRunner/NUnitExtensions/Runner/CompositeWorkItem.cs:83)
UnityEngine.TestRunner.NUnitExtensions.Runner.CompositeWorkItem/<RunChildren>d__17:MoveNext () (at ./Library/PackageCache/com.unity.test-framework@7a3849e09bd0/UnityEngine.TestRunner/NUnitExtensions/Runner/CompositeWorkItem.cs:209)
UnityEngine.TestRunner.NUnitExtensions.Runner.CompositeWorkItem/<PerformWork>d__13:MoveNext () (at ./Library/PackageCache/com.unity.test-framework@7a3849e09bd0/UnityEngine.TestRunner/NUnitExtensions/Runner/CompositeWorkItem.cs:83)
UnityEngine.TestRunner.NUnitExtensions.Runner.CompositeWorkItem/<RunChildren>d__17:MoveNext () (at ./Library/PackageCache/com.unity.test-framework@7a3849e09bd0/UnityEngine.TestRunner/NUnitExtensions/Runner/CompositeWorkItem.cs:209)
UnityEngine.TestRunner.NUnitExtensions.Runner.CompositeWorkItem/<PerformWork>d__13:MoveNext () (at ./Library/PackageCache/com.unity.test-framework@7a3849e09bd0/UnityEngine.TestRunner/NUnitExtensions/Runner/CompositeWorkItem.cs:83)
UnityEngine.TestRunner.NUnitExtensions.Runner.CompositeWorkItem/<RunChildren>d__17:MoveNext () (at ./Library/PackageCache/com.unity.test-framework@7a3849e09bd0/UnityEngine.TestRunner/NUnitExtensions/Runner/CompositeWorkItem.cs:209)
UnityEngine.TestRunner.NUnitExtensions.Runner.CompositeWorkItem/<PerformWork>d__13:MoveNext () (at ./Library/PackageCache/com.unity.test-framework@7a3849e09bd0/UnityEngine.TestRunner/NUnitExtensions/Runner/CompositeWorkItem.cs:83)
UnityEngine.TestTools.TestRunner.PlaymodeTestsController/<TestRunnerCoroutine>d__25:MoveNext () (at ./Library/PackageCache/com.unity.test-framework@7a3849e09bd0/UnityEngine.TestRunner/TestRunner/PlaymodeTestsController.cs:100)
UnityEngine.SetupCoroutine:InvokeMoveNext (System.Collections.IEnumerator,intptr)

(Filename: Assets/Scripts/Editor/Testing/VarginhaBatchTestProgress.cs Line: 26)

Saving results to: C:/Users/Usuario/AppData/LocalLow/DefaultCompany/Template 2D Kit\TestResults.xml
QA run finished: Failed(Child)
UnityEngine.Debug:ExtractStackTraceNoAlloc (byte*,int,string)
UnityEngine.StackTraceUtility:ExtractStackTrace ()
UnityEngine.DebugLogHandler:Internal_Log (UnityEngine.LogType,UnityEngine.LogOption,string,UnityEngine.Object)
UnityEngine.DebugLogHandler:LogFormat (UnityEngine.LogType,UnityEngine.Object,string,object[])
UnityEngine.Logger:Log (UnityEngine.LogType,object)
UnityEngine.Debug:Log (object)
Game.Editor.Testing.VarginhaBatchTestProgress:RunFinished (UnityEditor.TestTools.TestRunner.Api.ITestResultAdaptor) (at Assets/Scripts/Editor/Testing/VarginhaBatchTestProgress.cs:19)
UnityEditor.TestTools.TestRunner.Api.CallbacksDelegator/<>c__DisplayClass9_0:<RunFinished>b__0 (UnityEditor.TestTools.TestRunner.Api.ICallbacks) (at ./Library/PackageCache/com.unity.test-framework@7a3849e09bd0/UnityEditor.TestRunner/Api/CallbacksDelegator.cs:55)
UnityEditor.TestTools.TestRunner.Api.CallbacksDelegator:TryInvokeAllCallbacks (System.Action`1<UnityEditor.TestTools.TestRunner.Api.ICallbacks>) (at ./Library/PackageCache/com.unity.test-framework@7a3849e09bd0/UnityEditor.TestRunner/Api/CallbacksDelegator.cs:135)
UnityEditor.TestTools.TestRunner.Api.CallbacksDelegator:RunFinished (NUnit.Framework.Interfaces.ITestResult) (at ./Library/PackageCache/com.unity.test-framework@7a3849e09bd0/UnityEditor.TestRunner/Api/CallbacksDelegator.cs:55)
UnityEngine.Events.InvokableCall`1<NUnit.Framework.Interfaces.ITestResult>:Invoke (NUnit.Framework.Interfaces.ITestResult)
UnityEngine.Events.UnityEvent`1<NUnit.Framework.Interfaces.ITestResult>:Invoke (NUnit.Framework.Interfaces.ITestResult)
UnityEngine.Events.InvokableCall`1<NUnit.Framework.Interfaces.ITestResult>:Invoke (NUnit.Framework.Interfaces.ITestResult)
UnityEngine.Events.UnityEvent`1<NUnit.Framework.Interfaces.ITestResult>:Invoke (NUnit.Framework.Interfaces.ITestResult)
UnityEngine.TestTools.TestRunner.PlaymodeTestsController/<TestRunnerCoroutine>d__25:MoveNext () (at ./Library/PackageCache/com.unity.test-framework@7a3849e09bd0/UnityEngine.TestRunner/TestRunner/PlaymodeTestsController.cs:116)
UnityEngine.SetupCoroutine:InvokeMoveNext (System.Collections.IEnumerator,intptr)

(Filename: Assets/Scripts/Editor/Testing/VarginhaBatchTestProgress.cs Line: 19)

Saving results to: C:\Users\Usuario\misterio_de_varginha-jogofeiratecnica-2026-prot-tipo_principal-2026-09-22-10-19-30\scratch\review-2001d7e\isolated.xml
Unloading 40 Unused Serialized files (Serialized files now loaded: 0)
Loaded scene 'Temp/__Backupscenes/0.backup'
	Deserialize:            1.123 ms
	Integration:            119.188 ms
	Integration of assets:  0.010 ms
	Thread Wait Time:       0.009 ms
	Total Operation Time:   120.331 ms
Unloading 177 unused Assets / (225.8 KB). Loaded Objects now: 9151.
Memory consumption went from 0.53 GB to 0.53 GB.
Total: 37.428800 ms (FindLiveObjects: 1.490700 ms CreateObjectMapping: 0.916900 ms MarkObjects: 32.756400 ms  DeleteObjects: 1.785200 ms)

Executing IPostBuildCleanup for: Unity.PerformanceTesting.Editor.TestRunBuilder.
UnityEngine.Debug:ExtractStackTraceNoAlloc (byte*,int,string)
UnityEngine.StackTraceUtility:ExtractStackTrace ()
UnityEngine.DebugLogHandler:Internal_Log (UnityEngine.LogType,UnityEngine.LogOption,string,UnityEngine.Object)
UnityEngine.DebugLogHandler:LogFormat (UnityEngine.LogType,UnityEngine.Object,string,object[])
UnityEngine.Logger:Log (UnityEngine.LogType,object)
UnityEngine.Debug:Log (object)
UnityEditor.TestTools.TestRunner.TestRun.Tasks.BuildActionTaskBase`1/<ExecuteMethods>d__8<UnityEngine.TestTools.IPostBuildCleanup>:MoveNext () (at ./Library/PackageCache/com.unity.test-framework@7a3849e09bd0/UnityEditor.TestRunner/TestRun/Tasks/BuildActionTaskBase.cs:48)
UnityEditor.TestTools.TestRunner.TestRun.Tasks.BuildActionTaskBase`1/<Execute>d__7<UnityEngine.TestTools.IPostBuildCleanup>:MoveNext () (at ./Library/PackageCache/com.unity.test-framework@7a3849e09bd0/UnityEditor.TestRunner/TestRun/Tasks/BuildActionTaskBase.cs:34)
UnityEditor.TestTools.TestRunner.TestRun.TestJobRunner:ExecuteStep () (at ./Library/PackageCache/com.unity.test-framework@7a3849e09bd0/UnityEditor.TestRunner/TestRun/TestJobRunner.cs:194)
UnityEditor.TestTools.TestRunner.TestRun.TestJobRunner:ExecuteCallback () (at ./Library/PackageCache/com.unity.test-framework@7a3849e09bd0/UnityEditor.TestRunner/TestRun/TestJobRunner.cs:129)
UnityEditor.EditorApplication:Internal_CallUpdateFunctions ()

(Filename: ./Library/PackageCache/com.unity.test-framework@7a3849e09bd0/UnityEditor.TestRunner/TestRun/Tasks/BuildActionTaskBase.cs Line: 48)

Unloading 0 Unused Serialized files (Serialized files now loaded: 0)
Unloading 0 unused Assets / (Unknown). Loaded Objects now: 9153.
Memory consumption went from 0.51 GB to 0.51 GB.
Total: 40.408700 ms (FindLiveObjects: 2.612800 ms CreateObjectMapping: 1.830000 ms MarkObjects: 35.421200 ms  DeleteObjects: 0.041900 ms)

Refreshing native plugins compatible for Editor in 2.98 ms, found 5 plugins.
Asset Pipeline Refresh (id=f8e60b5b175531d48871c274394ce264): Total: 0.097 seconds - Initiated by StopAssetImportingV2(NoUpdateAssetOptions)
DisplayProgressbar: Undo
Test run completed. Exiting with code 2 (Failed). One or more tests failed.
UnityEngine.Debug:ExtractStackTraceNoAlloc (byte*,int,string)
UnityEngine.StackTraceUtility:ExtractStackTrace ()
UnityEngine.DebugLogHandler:Internal_Log (UnityEngine.LogType,UnityEngine.LogOption,string,UnityEngine.Object)
UnityEngine.DebugLogHandler:LogFormat (UnityEngine.LogType,UnityEngine.Object,string,object[])
UnityEngine.Logger:Log (UnityEngine.LogType,object)
UnityEngine.Debug:Log (object)
UnityEditor.TestTools.TestRunner.CommandLineTest.Executer:ExitApplication (UnityEditor.TestTools.TestRunner.CommandLineTest.Executer/ReturnCodes,string) (at ./Library/PackageCache/com.unity.test-framework@7a3849e09bd0/UnityEditor.TestRunner/CommandLineTest/Executer.cs:81)
UnityEditor.TestTools.TestRunner.CommandLineTest.Executer:ExitIfRunIsCompleted () (at ./Library/PackageCache/com.unity.test-framework@7a3849e09bd0/UnityEditor.TestRunner/CommandLineTest/Executer.cs:74)
UnityEditor.EditorApplication:Internal_CallUpdateFunctions ()

(Filename: ./Library/PackageCache/com.unity.test-framework@7a3849e09bd0/UnityEditor.TestRunner/CommandLineTest/Executer.cs Line: 81)

MonoPathRemapper: Attempts to remap: 44713; Successful remaps: 26386
Serialized file version minimum: 22, current 23
Pipeline Server stopped
[Physics::Module] Cleanup current backend.
[Physics::Module] Id: 0xf2b8ea05
Input System module state changed to: ShutdownInProgress.
Input Polling Thread exited.
Input System module state changed to: Shutdown.
[Licensing::IpcConnector] LicenseClient-Usuario-notifications channel disconnected successfully.
[Licensing::IpcConnector] LicenseClient-Usuario channel disconnected successfully.
Lingering sessions upon destruction of worker manager
Unity Data Store service was successfully shut down
UDS shutting down local client system
AcceleratorClientConnectionCallback - disconnected - :0
Cleanup mono
CodeReloadManager destroyed
Leak Detected : Persistent allocates 1 individual allocations. To find out more please enable 'Preferences > Jobs > Leak Detection Level > Enabled With Stack Trace' and reproduce the leak again.
Checking for leaked weakptr:
  Found no leaked weakptrs.
[Package Manager] Server process was shutdown
##utp:{"type":"MemoryLeaks","version":2,"phase":"Immediate","time":1790762990511,"processId":25660,"allocatedMemory":15938351,"memoryLabels":[{"Default":198741},{"Permanent":15516},{"NewDelete":70711},{"Thread":4050856},{"Manager":33253},{"VertexData":8},{"Geometry":816},{"Texture":24},{"Shader":857068},{"Material":24},{"GfxDevice":56072},{"Animation":952},{"FreeType":8},{"FontEngine":736},{"Physics":1970},{"Physics2D":16},{"Serialization":16768},{"Input":42840},{"JobScheduler":256},{"TextLib":336},{"Mono":48},{"MonoCode":64},{"ScriptingNativeRuntime":1439832},{"BaseObject":204992},{"Resource":1208},{"Renderer":2376},{"Transform":4685},{"File":13323},{"WebCam":616},{"Culling":32},{"Terrain":11442},{"Wind":24},{"STL":40},{"String":632085},{"StaticString":3808},{"Utility":2674262},{"Curl":2498},{"PoolAlloc":2264},{"AI":80},{"TypeTree":14869},{"ScriptManager":18960},{"CodeReload":448},{"RuntimeInitializeOnLoadManager":64},{"Sprites":102},{"SpriteAtlas":120},{"GI":7816},{"Director":8296},{"CloudService":432},{"WebRequest":552},{"VR":49650},{"SceneManager":608},{"Video":112},{"LazyScriptCache":32},{"Camera":729},{"Secure":2377},{"SerializationCache":9256},{"APIUpdating":10320},{"Subsystems":336},{"VirtualTexturing":57888},{"StaticSafetyDebugInfo":278528},{"Analytics":464},{"Hierarchy":1188},{"UIElements":40},{"CoreStats":14456},{"Identifiers":7152},{"Gui":128},{"EditorUtility":117376},{"VersionControl":8},{"Undo":931},{"AssetDatabase":4944495},{"AssetImporter":40},{"EditorGi":328},{"UnityConnect":40465},{"Upm":1912},{"UpmDiagnostics":8},{"AssetCompliance":96},{"DrivenProperties":72},{"LocalIPC":213},{"ProfilerEditor":9746},{"CoreBusinessMetrics":3208},{"Windowing":456},{"Licensing":1264},{"AssetReference":32},{"IPCStream":32}]}
