VBCSCompilerPreWarmer: pre-warm launched (dotnet PID 13588)
VBCSCompiler prewarm took 8.43 ms
[Licensing::Module] Trying to connect to existing licensing client channel...
[Licensing::IpcConnector] Channel LicenseClient-Usuario doesn't exist
Built from '6000.6/respin/6000.6.0f1-fa21a270ab12' branch; Version is '6000.6.0f1 (f7f8ed4d1e24) revision 16251117'; Using compiler version '194234433'; Build Type 'Release'
OS: 'Windows 11  (10.0.26100) Professional' Language: 'pt' Physical Memory: 16249 MB
BatchMode: 1, IsHumanControllingUs: 0, StartBugReporterOnCrash: 0, Is64bit: 1
System  architecture: x64
Process architecture: x64
Date: 2026-09-29T16:26:37Z
[Licensing::Module] Successfully launched the LicensingClient (PId: 20624)

COMMAND LINE ARGUMENTS:
C:\Program Files\Unity\Hub\Editor\6000.6.0f1\Editor\Unity.exe
-batchmode
-runTests
-projectPath
C:\Users\Usuario\misterio_de_varginha-jogofeiratecnica-2026-prot-tipo_principal-2026-09-22-10-19-30
-testResults
C:\Users\Usuario\misterio_de_varginha-jogofeiratecnica-2026-prot-tipo_principal-2026-09-22-10-19-30\scratch\gameplay-resume.xml
-testPlatform
PlayMode
-testFilter
Game.Tests.PlayMode.VarginhaRequestedGameplayTests;Game.Tests.PlayMode.FuscaDepartureTests;Game.Tests.PlayMode.VarginhaSchoolRescueTests;Game.Tests.PlayMode.VarginhaPlayerPolishTests;Game.Tests.PlayMode.VarginhaInventoryTests
-logFile
scratch/gameplay-resume.log
-hubSessionId
b789cf87-fda3-4cf4-a331-db1fdfef1de4
-accessToken
PF-M-acLVOHXeUo1y9tKFlWxnbHSR3p6fsvy838hWtw004f
Successfully changed project path to: C:\Users\Usuario\misterio_de_varginha-jogofeiratecnica-2026-prot-tipo_principal-2026-09-22-10-19-30
C:/Users/Usuario/misterio_de_varginha-jogofeiratecnica-2026-prot-tipo_principal-2026-09-22-10-19-30
[UnityMemory] Configuration Parameters - Can be set up in boot.config
    "memorysetup-temp-allocator-size-gi-baking-worker=262144"
    "memorysetup-temp-allocator-size-gi-baking-worker=262144"
    "memorysetup-temp-allocator-size-gi-baking-worker=262144"
    "memorysetup-temp-allocator-size-gi-baking-worker=262144"
    "memorysetup-temp-allocator-size-gi-baking-worker=262144"
    "memorysetup-temp-allocator-size-nav-mesh-worker=65536"
    "memorysetup-temp-allocator-size-audio-worker=65536"
    "memorysetup-temp-allocator-size-cloud-worker=32768"
    "memorysetup-temp-allocator-size-gfx=262144"
    "memorysetup-remapper-allocator-initial-capacity=32768"
    "memorysetup-temp-allocator-size-preload-manager=33554432"
    "memorysetup-allocator-temp-initial-block-size-main=262144"
    "memorysetup-allocator-temp-initial-block-size-worker=262144"
    "memorysetup-temp-allocator-size-job-worker=262144"
    "memorysetup-temp-allocator-size-background-worker=32768"
    "memorysetup-bucket-allocator-granularity=16"
    "memorysetup-bucket-allocator-bucket-count=8"
    "memorysetup-bucket-allocator-block-size=33554432"
    "memorysetup-bucket-allocator-block-count=8"
    "memorysetup-main-allocator-block-size=16777216"
    "memorysetup-thread-allocator-block-size=16777216"
    "memorysetup-main-allocator-mimalloc-enabled=1"
    "memorysetup-gfx-main-allocator-block-size=16777216"
    "memorysetup-gfx-thread-allocator-block-size=16777216"
    "memorysetup-cache-allocator-block-size=4194304"
    "memorysetup-typetree-allocator-block-size=2097152"
    "memorysetup-profiler-bucket-allocator-granularity=16"
    "memorysetup-profiler-bucket-allocator-bucket-count=8"
    "memorysetup-profiler-bucket-allocator-block-size=33554432"
    "memorysetup-profiler-bucket-allocator-block-count=8"
    "memorysetup-profiler-allocator-block-size=16777216"
    "memorysetup-profiler-editor-allocator-block-size=1048576"
    "memorysetup-temp-allocator-size-main=16777216"
    "memorysetup-job-temp-allocator-block-size=2097152"
    "memorysetup-job-temp-allocator-block-size-background=1048576"
    "memorysetup-job-temp-allocator-reduction-small-platforms=262144"
Logging is directed to a specific file, skipping project log.
Player connection [6492]  Target information:

Player connection [6492]  * "[IP] 192.168.1.77 [Port] 55504 [Flags] 2 [Guid] 2230025597 [EditorId] 2230025597 [Version] 1048832 [Id] WindowsEditor(7,pcFabio) [Debug] 1 [PackageName] WindowsEditor [ProjectName] Editor" 

Player connection [6492]  * "[IP] 169.254.99.59 [Port] 55504 [Flags] 2 [Guid] 2230025597 [EditorId] 2230025597 [Version] 1048832 [Id] WindowsEditor(7,pcFabio) [Debug] 1 [PackageName] WindowsEditor [ProjectName] Editor" 

Player connection [6492]  * "[IP] 26.12.41.207 [Port] 55504 [Flags] 2 [Guid] 2230025597 [EditorId] 2230025597 [Version] 1048832 [Id] WindowsEditor(7,pcFabio) [Debug] 1 [PackageName] WindowsEditor [ProjectName] Editor" 

Player connection [6492]  * "[IP] 172.28.48.1 [Port] 55504 [Flags] 2 [Guid] 2230025597 [EditorId] 2230025597 [Version] 1048832 [Id] WindowsEditor(7,pcFabio) [Debug] 1 [PackageName] WindowsEditor [ProjectName] Editor" 

Player connection [6492] Host joined multi-casting on [225.0.0.222:54997]...
Player connection [6492] Host joined alternative multi-casting on [225.0.0.222:34997]...
Input System module state changed to: Initialized.
[Physics::Module] Initialized fallback backend.
[Physics::Module] Id: 0xdecafbad
Starting IPC server.
Waiting for clients to connect on \\.\pipe\Unity-LicenseClient-Usuario, press Ctrl-C to exit.
[Licensing::IpcConnector] Successfully connected to: "LicenseClient-Usuario" at "2026-09-29T16:26:38.2301395Z"
[Licensing::Client] Code 10 while verifying Licensing Client signature (process Id: 20624, path: "C:/Program Files/Unity/Hub/Editor/6000.6.0f1/Editor/Data/Resources/Licensing/Client/Unity.Licensing.Client.exe")
[Licensing::Module] LicensingClient has failed validation; ignoring
[Licensing::Client] Handshaking with LicensingClient:
  Version:                 1.18.3+d7ffd15
  Session Id:              5e598dd77c9745b3b4d6cc8f20d055c9
  Correlation Id:          840452a97bcb6570aa31067675eb1b6e
  External correlation Id: 2489853886272890514
  Machine Id:              UGXahkfwolpUz5l/Qdm5qPTN3yU=
[Licensing::Module] Successfully connected to LicensingClient on channel: "LicenseClient-Usuario" (connect: 0.37s, validation: 0.13s, handshake: 0.07s)
[Licensing::IpcConnector] Successfully connected to: "LicenseClient-Usuario-notifications" at "2026-09-29T16:26:38.4345303Z"
[Licensing::Module] Connected to LicensingClient (PId: 20624, launch time: 0.01, total connection time: 0.58s)
[Licensing::Client] Successfully updated the access token
[Licensing::Module] Successfully updated the access token PF-M-acLVO...
[Package Manager] Connected to IPC stream "Upm-408" after 0.4 seconds.
[Licensing::Module] Licensing is not yet initialized.
[Licensing::Client] Successfully resolved entitlement details
[Licensing::Module] License group:
  Id: 4674237084585-UnityPersXXXX
  Product: Unity Personal
  Type: Assigned
  Expiration: Unlimited
[Licensing::Client] Successfully updated license, isAsync: True, time: 0.01
[Licensing::Module] Licensing Background thread has ended after 0.65s
[Licensing::Module] Licensing is initialized (took 0.04s).
[Licensing::Client] Successfully resolved entitlement details
Library Redirect Path: Library/
Initialising UDS system complete:
  - System type: Client
  - Resource namespace: 985d6469881e8b39d230c8044d29f171
  - Shared memory size: 1073741824
  - Command buffer id: 1052576
  - Command buffer size: 8192
  - Hashmap size: 4194304
  - Service connected: false
Launching Unity Data Store - C:/Program Files/Unity/Hub/Editor/6000.6.0f1/Editor/Data/Tools/Unity.DataStore.exe 
Unity Data Store artifact dir = Library/DataStore, working dir = C:/Users/Usuario/misterio_de_varginha-jogofeiratecnica-2026-prot-tipo_principal-2026-09-22-10-19-30[Physics::Module] Selected backend.
[Physics::Module] Name: PhysX
[Physics::Module] Id: 0xf2b8ea05
[Physics::Module] SDK Version: 4.1.2
[Physics::Module] Integration Version: 1.0.0
[Physics::Module] Threading Mode: Multi-Threaded
Unity Data Store running and initialised
Initialize engine version: 6000.6.0f1 (f7f8ed4d1e24)
[EntityIdStore] init: VM path (explicit commit), pageSize=4096, blockCount=1048576, entitiesPerBlock=256, slots reserved=4294967296 bytes
[Subsystems] Discovering subsystems at path C:/Program Files/Unity/Hub/Editor/6000.6.0f1/Editor/Data/Resources/UnitySubsystems
[Subsystems] Discovering subsystems at path C:/Users/Usuario/misterio_de_varginha-jogofeiratecnica-2026-prot-tipo_principal-2026-09-22-10-19-30/Assets
GfxDevice: creating device client; kGfxThreadingModeNonThreaded
d3d12: failed to create D3D12 device (0x887a0004).
GfxDevice: creating device client; kGfxThreadingModeNonThreaded
Direct3D:
    Version:  Direct3D 11.0 [level 10.1]
    Renderer: NVIDIA GeForce G210  (ID=0xa60)
    Vendor:   NVIDIA
    VRAM:     972 MB
    Driver:   9.18.13.4174
C:\build\output\unity\unity\External\baselib\baselib\Source\WinApi\Baselib_DynamicLibrary_WinApi.inl.h(100):Baselib_DynamicLibrary_GetFunction: The requested function was not found (0x06000001) - Não foi possível encontrar o procedimento especificado.  (WinError:0000007f)
C:\build\output\unity\unity\External\baselib\baselib\Source\WinApi\Baselib_DynamicLibrary_WinApi.inl.h(100):Baselib_DynamicLibrary_GetFunction: The requested function was not found (0x06000001) - Não foi possível encontrar o procedimento especificado.  (WinError:0000007f)
C:\build\output\unity\unity\External\baselib\baselib\Source\WinApi\Baselib_DynamicLibrary_WinApi.inl.h(100):Baselib_DynamicLibrary_GetFunction: The requested function was not found (0x06000001) - Não foi possível encontrar o procedimento especificado.  (WinError:0000007f)
C:\build\output\unity\unity\External\baselib\baselib\Source\WinApi\Baselib_DynamicLibrary_WinApi.inl.h(100):Baselib_DynamicLibrary_GetFunction: The requested function was not found (0x06000001) - Não foi possível encontrar o procedimento especificado.  (WinError:0000007f)
C:\build\output\unity\unity\External\baselib\baselib\Source\WinApi\Baselib_DynamicLibrary_WinApi.inl.h(100):Baselib_DynamicLibrary_GetFunction: The requested function was not found (0x06000001) - Não foi possível encontrar o procedimento especificado.  (WinError:0000007f)
C:\build\output\unity\unity\External\baselib\baselib\Source\WinApi\Baselib_DynamicLibrary_WinApi.inl.h(100):Baselib_DynamicLibrary_GetFunction: The requested function was not found (0x06000001) - Não foi possível encontrar o procedimento especificado.  (WinError:0000007f)
C:\build\output\unity\unity\External\baselib\baselib\Source\WinApi\Baselib_DynamicLibrary_WinApi.inl.h(100):Baselib_DynamicLibrary_GetFunction: The requested function was not found (0x06000001) - Não foi possível encontrar o procedimento especificado.  (WinError:0000007f)
Initialize mono
Mono path[0] = 'C:/Program Files/Unity/Hub/Editor/6000.6.0f1/Editor/Data/Managed'
Mono path[1] = 'C:/Program Files/Unity/Hub/Editor/6000.6.0f1/Editor/Data/BCLExtensions/runtime/netstandard2.1'
Mono path[2] = 'C:/Program Files/Unity/Hub/Editor/6000.6.0f1/Editor/Data/MonoBleedingEdge/lib/mono/unityjit-win32'
Mono config path = 'C:/Program Files/Unity/Hub/Editor/6000.6.0f1/Editor/Data/MonoBleedingEdge/etc'
Using monoOptions --debugger-agent=transport=dt_socket,embedding=1,server=y,suspend=n,address=127.0.0.1:56408
CodeReloadManager initialized
ImportWorker Server TCP listen port: 0
AcceleratorClientConnectionCallback - disconnected - :0
Begin MonoManager ReloadAssembly
Registering precompiled unity dll's ...
Register platform support module: C:/Program Files/Unity/Hub/Editor/6000.6.0f1/Editor/Data/PlaybackEngines/WindowsStandaloneSupport/UnityEditor.WindowsStandalone.Extensions.dll
Registered in 0.002376 seconds.
Native extension for WindowsStandalone target not found
Package Manager log level set to [2]
ScheduleIndexationOnStartup MainProcess:False IndexOnStartup:True
Scripting: successfully reloaded assembly
- Finished resetting the current domain, in  0.867 seconds
Domain Reload Profiling: 1670ms
	BeginReloadAssembly (185ms)
		CreateAndSetChildDomain (17ms)
	RebuildCommonClasses (8ms)
	RebuildNativeTypeToScriptingClass (26ms)
	initialDomainReloadingComplete (98ms)
	LoadAllAssembliesAndSetupDomain (484ms)
		LoadAssemblies (164ms)
		TypeCache.Refresh (345ms)
			TypeCache.ScanAssembly (320ms)
		AnalyzeDomain (1ms)
	FinalizeReload (869ms)
		SetupLoadedEditorAssemblies (0ms)
			BeforeProcessingInitializeOnLoad (134ms)
			ProcessInitializeOnLoadAttributes (164ms)
			ProcessInitializeOnLoadMethodAttributes (268ms)
[Licensing::Client] Successfully resolved entitlement details
Application.AssetDatabase Initial Refresh Start
[Package Manager] Restoring resolved packages state from cache
[Licensing::Client] Successfully resolved entitlement details
[Package Manager] Registered 73 packages:
  Packages from [https://packages.unity.com]:
    com.unity.2d.animation@16.0.0 (location: C:\Users\Usuario\misterio_de_varginha-jogofeiratecnica-2026-prot-tipo_principal-2026-09-22-10-19-30\Library\PackageCache\com.unity.2d.animation@147f6a6d9e7f)
    com.unity.2d.aseprite@6.0.0 (location: C:\Users\Usuario\misterio_de_varginha-jogofeiratecnica-2026-prot-tipo_principal-2026-09-22-10-19-30\Library\PackageCache\com.unity.2d.aseprite@ab909e3e9b5f)
    com.unity.2d.psdimporter@15.0.0 (location: C:\Users\Usuario\misterio_de_varginha-jogofeiratecnica-2026-prot-tipo_principal-2026-09-22-10-19-30\Library\PackageCache\com.unity.2d.psdimporter@3ef8178676f6)
    com.unity.2d.spriteshape@16.0.0 (location: C:\Users\Usuario\misterio_de_varginha-jogofeiratecnica-2026-prot-tipo_principal-2026-09-22-10-19-30\Library\PackageCache\com.unity.2d.spriteshape@42798c9d35d3)
    com.unity.2d.tilemap.extras@9.0.0 (location: C:\Users\Usuario\misterio_de_varginha-jogofeiratecnica-2026-prot-tipo_principal-2026-09-22-10-19-30\Library\PackageCache\com.unity.2d.tilemap.extras@598e8b65eaae)
    com.unity.2d.tooling@4.0.0 (location: C:\Users\Usuario\misterio_de_varginha-jogofeiratecnica-2026-prot-tipo_principal-2026-09-22-10-19-30\Library\PackageCache\com.unity.2d.tooling@92c2769ac09c)
    com.unity.collab-proxy@2.13.6 (location: C:\Users\Usuario\misterio_de_varginha-jogofeiratecnica-2026-prot-tipo_principal-2026-09-22-10-19-30\Library\PackageCache\com.unity.collab-proxy@4628d2ba6ea4)
    com.unity.ide.rider@3.0.38 (location: C:\Users\Usuario\misterio_de_varginha-jogofeiratecnica-2026-prot-tipo_principal-2026-09-22-10-19-30\Library\PackageCache\com.unity.ide.rider@1f60b3138684)
    com.unity.ide.visualstudio@2.0.26 (location: C:\Users\Usuario\misterio_de_varginha-jogofeiratecnica-2026-prot-tipo_principal-2026-09-22-10-19-30\Library\PackageCache\com.unity.ide.visualstudio@a99d56dec63f)
    com.unity.inputsystem@1.20.0 (location: C:\Users\Usuario\misterio_de_varginha-jogofeiratecnica-2026-prot-tipo_principal-2026-09-22-10-19-30\Library\PackageCache\com.unity.inputsystem@7a4e1a2a8194)
    com.unity.learn.iet-framework@6.0.7 (location: C:\Users\Usuario\misterio_de_varginha-jogofeiratecnica-2026-prot-tipo_principal-2026-09-22-10-19-30\Library\PackageCache\com.unity.learn.iet-framework@96330db47073)
    com.unity.visualscripting@1.9.12 (location: C:\Users\Usuario\misterio_de_varginha-jogofeiratecnica-2026-prot-tipo_principal-2026-09-22-10-19-30\Library\PackageCache\com.unity.visualscripting@4edfcc09512f)
    com.unity.pipeline@0.7.0-exp.1 (location: C:\Users\Usuario\misterio_de_varginha-jogofeiratecnica-2026-prot-tipo_principal-2026-09-22-10-19-30\Library\PackageCache\com.unity.pipeline@ab05e9cd7f74)
    com.unity.nuget.mono-cecil@1.11.6 (location: C:\Users\Usuario\misterio_de_varginha-jogofeiratecnica-2026-prot-tipo_principal-2026-09-22-10-19-30\Library\PackageCache\com.unity.nuget.mono-cecil@ecb9724e46ff)
    com.unity.nuget.newtonsoft-json@3.2.2 (location: C:\Users\Usuario\misterio_de_varginha-jogofeiratecnica-2026-prot-tipo_principal-2026-09-22-10-19-30\Library\PackageCache\com.unity.nuget.newtonsoft-json@4dfd81071c64)
    com.unity.settings-manager@2.1.1 (location: C:\Users\Usuario\misterio_de_varginha-jogofeiratecnica-2026-prot-tipo_principal-2026-09-22-10-19-30\Library\PackageCache\com.unity.settings-manager@0b8638c5ce86)
    com.unity.2d.common@15.0.0 (location: C:\Users\Usuario\misterio_de_varginha-jogofeiratecnica-2026-prot-tipo_principal-2026-09-22-10-19-30\Library\PackageCache\com.unity.2d.common@b779c433ed47)
    com.unity.searcher@4.9.5 (location: C:\Users\Usuario\misterio_de_varginha-jogofeiratecnica-2026-prot-tipo_principal-2026-09-22-10-19-30\Library\PackageCache\com.unity.searcher@a463122f2c00)
    com.unity.profiling.core@1.0.3 (location: C:\Users\Usuario\misterio_de_varginha-jogofeiratecnica-2026-prot-tipo_principal-2026-09-22-10-19-30\Library\PackageCache\com.unity.profiling.core@8a49f7027d06)
  Built-in packages:
    com.unity.2d.sprite@1.0.0 (location: C:\Users\Usuario\misterio_de_varginha-jogofeiratecnica-2026-prot-tipo_principal-2026-09-22-10-19-30\Library\PackageCache\com.unity.2d.sprite@947350d67f82)
    com.unity.2d.tilemap@1.0.0 (location: C:\Users\Usuario\misterio_de_varginha-jogofeiratecnica-2026-prot-tipo_principal-2026-09-22-10-19-30\Library\PackageCache\com.unity.2d.tilemap@639ca1d99254)
    com.unity.render-pipelines.universal@17.6.0 (location: C:\Users\Usuario\misterio_de_varginha-jogofeiratecnica-2026-prot-tipo_principal-2026-09-22-10-19-30\Library\PackageCache\com.unity.render-pipelines.universal@8457e85b8184)
    com.unity.test-framework@1.8.0 (location: C:\Users\Usuario\misterio_de_varginha-jogofeiratecnica-2026-prot-tipo_principal-2026-09-22-10-19-30\Library\PackageCache\com.unity.test-framework@7a3849e09bd0)
    com.unity.timeline@6.6.0 (location: C:\Users\Usuario\misterio_de_varginha-jogofeiratecnica-2026-prot-tipo_principal-2026-09-22-10-19-30\Library\PackageCache\com.unity.timeline@281d5f7e7d7d)
    com.unity.ugui@2.6.0 (location: C:\Users\Usuario\misterio_de_varginha-jogofeiratecnica-2026-prot-tipo_principal-2026-09-22-10-19-30\Library\PackageCache\com.unity.ugui@23caec89ae27)
    com.unity.modules.accessibility@1.0.0 (location: C:\Users\Usuario\misterio_de_varginha-jogofeiratecnica-2026-prot-tipo_principal-2026-09-22-10-19-30\Library\PackageCache\com.unity.modules.accessibility)
    com.unity.modules.adaptiveperformance@1.0.0 (location: C:\Users\Usuario\misterio_de_varginha-jogofeiratecnica-2026-prot-tipo_principal-2026-09-22-10-19-30\Library\PackageCache\com.unity.modules.adaptiveperformance)
    com.unity.modules.ai@1.0.0 (location: C:\Users\Usuario\misterio_de_varginha-jogofeiratecnica-2026-prot-tipo_principal-2026-09-22-10-19-30\Library\PackageCache\com.unity.modules.ai)
    com.unity.modules.androidjni@1.0.0 (location: C:\Users\Usuario\misterio_de_varginha-jogofeiratecnica-2026-prot-tipo_principal-2026-09-22-10-19-30\Library\PackageCache\com.unity.modules.androidjni)
    com.unity.modules.animation@1.0.0 (location: C:\Users\Usuario\misterio_de_varginha-jogofeiratecnica-2026-prot-tipo_principal-2026-09-22-10-19-30\Library\PackageCache\com.unity.modules.animation)
    com.unity.modules.assetbundle@1.0.0 (location: C:\Users\Usuario\misterio_de_varginha-jogofeiratecnica-2026-prot-tipo_principal-2026-09-22-10-19-30\Library\PackageCache\com.unity.modules.assetbundle)
    com.unity.modules.audio@1.0.0 (location: C:\Users\Usuario\misterio_de_varginha-jogofeiratecnica-2026-prot-tipo_principal-2026-09-22-10-19-30\Library\PackageCache\com.unity.modules.audio)
    com.unity.modules.cloth@1.0.0 (location: C:\Users\Usuario\misterio_de_varginha-jogofeiratecnica-2026-prot-tipo_principal-2026-09-22-10-19-30\Library\PackageCache\com.unity.modules.cloth)
    com.unity.modules.director@1.0.0 (location: C:\Users\Usuario\misterio_de_varginha-jogofeiratecnica-2026-prot-tipo_principal-2026-09-22-10-19-30\Library\PackageCache\com.unity.modules.director)
    com.unity.modules.imageconversion@1.0.0 (location: C:\Users\Usuario\misterio_de_varginha-jogofeiratecnica-2026-prot-tipo_principal-2026-09-22-10-19-30\Library\PackageCache\com.unity.modules.imageconversion)
    com.unity.modules.imgui@1.0.0 (location: C:\Users\Usuario\misterio_de_varginha-jogofeiratecnica-2026-prot-tipo_principal-2026-09-22-10-19-30\Library\PackageCache\com.unity.modules.imgui)
    com.unity.modules.jsonserialize@1.0.0 (location: C:\Users\Usuario\misterio_de_varginha-jogofeiratecnica-2026-prot-tipo_principal-2026-09-22-10-19-30\Library\PackageCache\com.unity.modules.jsonserialize)
    com.unity.modules.particlesystem@1.0.0 (location: C:\Users\Usuario\misterio_de_varginha-jogofeiratecnica-2026-prot-tipo_principal-2026-09-22-10-19-30\Library\PackageCache\com.unity.modules.particlesystem)
    com.unity.modules.physics@1.0.0 (location: C:\Users\Usuario\misterio_de_varginha-jogofeiratecnica-2026-prot-tipo_principal-2026-09-22-10-19-30\Library\PackageCache\com.unity.modules.physics)
    com.unity.modules.physics2d@1.0.0 (location: C:\Users\Usuario\misterio_de_varginha-jogofeiratecnica-2026-prot-tipo_principal-2026-09-22-10-19-30\Library\PackageCache\com.unity.modules.physics2d)
    com.unity.modules.physicscore2d@1.0.0 (location: C:\Users\Usuario\misterio_de_varginha-jogofeiratecnica-2026-prot-tipo_principal-2026-09-22-10-19-30\Library\PackageCache\com.unity.modules.physicscore2d)
    com.unity.modules.screencapture@1.0.0 (location: C:\Users\Usuario\misterio_de_varginha-jogofeiratecnica-2026-prot-tipo_principal-2026-09-22-10-19-30\Library\PackageCache\com.unity.modules.screencapture)
    com.unity.modules.terrain@1.0.0 (location: C:\Users\Usuario\misterio_de_varginha-jogofeiratecnica-2026-prot-tipo_principal-2026-09-22-10-19-30\Library\PackageCache\com.unity.modules.terrain)
    com.unity.modules.terrainphysics@1.0.0 (location: C:\Users\Usuario\misterio_de_varginha-jogofeiratecnica-2026-prot-tipo_principal-2026-09-22-10-19-30\Library\PackageCache\com.unity.modules.terrainphysics)
    com.unity.modules.tetgen@1.0.0 (location: C:\Users\Usuario\misterio_de_varginha-jogofeiratecnica-2026-prot-tipo_principal-2026-09-22-10-19-30\Library\PackageCache\com.unity.modules.tetgen)
    com.unity.modules.tilemap@1.0.0 (location: C:\Users\Usuario\misterio_de_varginha-jogofeiratecnica-2026-prot-tipo_principal-2026-09-22-10-19-30\Library\PackageCache\com.unity.modules.tilemap)
    com.unity.modules.timelinefoundation@1.0.0 (location: C:\Users\Usuario\misterio_de_varginha-jogofeiratecnica-2026-prot-tipo_principal-2026-09-22-10-19-30\Library\PackageCache\com.unity.modules.timelinefoundation)
    com.unity.modules.ui@1.0.0 (location: C:\Users\Usuario\misterio_de_varginha-jogofeiratecnica-2026-prot-tipo_principal-2026-09-22-10-19-30\Library\PackageCache\com.unity.modules.ui)
    com.unity.modules.uielements@1.0.0 (location: C:\Users\Usuario\misterio_de_varginha-jogofeiratecnica-2026-prot-tipo_principal-2026-09-22-10-19-30\Library\PackageCache\com.unity.modules.uielements)
    com.unity.modules.umbra@1.0.0 (location: C:\Users\Usuario\misterio_de_varginha-jogofeiratecnica-2026-prot-tipo_principal-2026-09-22-10-19-30\Library\PackageCache\com.unity.modules.umbra)
    com.unity.modules.unityanalytics@1.0.0 (location: C:\Users\Usuario\misterio_de_varginha-jogofeiratecnica-2026-prot-tipo_principal-2026-09-22-10-19-30\Library\PackageCache\com.unity.modules.unityanalytics)
    com.unity.modules.unitywebrequest@1.0.0 (location: C:\Users\Usuario\misterio_de_varginha-jogofeiratecnica-2026-prot-tipo_principal-2026-09-22-10-19-30\Library\PackageCache\com.unity.modules.unitywebrequest)
    com.unity.modules.unitywebrequestassetbundle@1.0.0 (location: C:\Users\Usuario\misterio_de_varginha-jogofeiratecnica-2026-prot-tipo_principal-2026-09-22-10-19-30\Library\PackageCache\com.unity.modules.unitywebrequestassetbundle)
    com.unity.modules.unitywebrequestaudio@1.0.0 (location: C:\Users\Usuario\misterio_de_varginha-jogofeiratecnica-2026-prot-tipo_principal-2026-09-22-10-19-30\Library\PackageCache\com.unity.modules.unitywebrequestaudio)
    com.unity.modules.unitywebrequesttexture@1.0.0 (location: C:\Users\Usuario\misterio_de_varginha-jogofeiratecnica-2026-prot-tipo_principal-2026-09-22-10-19-30\Library\PackageCache\com.unity.modules.unitywebrequesttexture)
    com.unity.modules.unitywebrequestwww@1.0.0 (location: C:\Users\Usuario\misterio_de_varginha-jogofeiratecnica-2026-prot-tipo_principal-2026-09-22-10-19-30\Library\PackageCache\com.unity.modules.unitywebrequestwww)
    com.unity.modules.vectorgraphics@1.0.0 (location: C:\Users\Usuario\misterio_de_varginha-jogofeiratecnica-2026-prot-tipo_principal-2026-09-22-10-19-30\Library\PackageCache\com.unity.modules.vectorgraphics)
    com.unity.modules.vehicles@1.0.0 (location: C:\Users\Usuario\misterio_de_varginha-jogofeiratecnica-2026-prot-tipo_principal-2026-09-22-10-19-30\Library\PackageCache\com.unity.modules.vehicles)
    com.unity.modules.video@1.0.0 (location: C:\Users\Usuario\misterio_de_varginha-jogofeiratecnica-2026-prot-tipo_principal-2026-09-22-10-19-30\Library\PackageCache\com.unity.modules.video)
    com.unity.modules.wind@1.0.0 (location: C:\Users\Usuario\misterio_de_varginha-jogofeiratecnica-2026-prot-tipo_principal-2026-09-22-10-19-30\Library\PackageCache\com.unity.modules.wind)
    com.unity.modules.xr@1.0.0 (location: C:\Users\Usuario\misterio_de_varginha-jogofeiratecnica-2026-prot-tipo_principal-2026-09-22-10-19-30\Library\PackageCache\com.unity.modules.xr)
    com.unity.modules.subsystems@1.0.0 (location: C:\Users\Usuario\misterio_de_varginha-jogofeiratecnica-2026-prot-tipo_principal-2026-09-22-10-19-30\Library\PackageCache\com.unity.modules.subsystems)
    com.unity.modules.hierarchycore@1.0.0 (location: C:\Users\Usuario\misterio_de_varginha-jogofeiratecnica-2026-prot-tipo_principal-2026-09-22-10-19-30\Library\PackageCache\com.unity.modules.hierarchycore)
    com.unity.ext.nunit@2.1.0 (location: C:\Users\Usuario\misterio_de_varginha-jogofeiratecnica-2026-prot-tipo_principal-2026-09-22-10-19-30\Library\PackageCache\com.unity.ext.nunit@0198eae3b53e)
    com.unity.render-pipelines.core@17.6.0 (location: C:\Users\Usuario\misterio_de_varginha-jogofeiratecnica-2026-prot-tipo_principal-2026-09-22-10-19-30\Library\PackageCache\com.unity.render-pipelines.core@2d66c71e606e)
    com.unity.shadergraph@17.6.0 (location: C:\Users\Usuario\misterio_de_varginha-jogofeiratecnica-2026-prot-tipo_principal-2026-09-22-10-19-30\Library\PackageCache\com.unity.shadergraph@ef6135652377)
    com.unity.render-pipelines.universal-config@17.6.0 (location: C:\Users\Usuario\misterio_de_varginha-jogofeiratecnica-2026-prot-tipo_principal-2026-09-22-10-19-30\Library\PackageCache\com.unity.render-pipelines.universal-config@561422b74439)
    com.unity.editorcoroutines@6.6.0 (location: C:\Users\Usuario\misterio_de_varginha-jogofeiratecnica-2026-prot-tipo_principal-2026-09-22-10-19-30\Library\PackageCache\com.unity.editorcoroutines@8cd72baa102a)
    com.unity.mathematics@1.4.0 (location: C:\Users\Usuario\misterio_de_varginha-jogofeiratecnica-2026-prot-tipo_principal-2026-09-22-10-19-30\Library\PackageCache\com.unity.mathematics@8306a64d0cd6)
    com.unity.collections@6.6.0 (location: C:\Users\Usuario\misterio_de_varginha-jogofeiratecnica-2026-prot-tipo_principal-2026-09-22-10-19-30\Library\PackageCache\com.unity.collections@10fff0607388)
    com.unity.graph-authoring@1.0.0 (location: C:\Users\Usuario\misterio_de_varginha-jogofeiratecnica-2026-prot-tipo_principal-2026-09-22-10-19-30\Library\PackageCache\com.unity.graph-authoring@cfd2588851ee)
    com.unity.burst@2.0.0 (location: C:\Users\Usuario\misterio_de_varginha-jogofeiratecnica-2026-prot-tipo_principal-2026-09-22-10-19-30\Library\PackageCache\com.unity.burst@626e66ab421b)
    com.unity.test-framework.performance@6.6.0 (location: C:\Users\Usuario\misterio_de_varginha-jogofeiratecnica-2026-prot-tipo_principal-2026-09-22-10-19-30\Library\PackageCache\com.unity.test-framework.performance@0a60b857a52e)
[Subsystems] No new subsystems found in resolved package list.
[Package Manager] Done registering packages in 0.08 seconds
[ScriptCompilation] Requested script compilation because: AssetDatabase observed changes in script compilation related files
Starting: C:\Program Files\Unity\Hub\Editor\6000.6.0f1\Editor\Data\Tools\BuildPipeline\bee_backend.exe --ipc --defer-dag-verification --dagfile="Library/Bee/1900b0aE.dag" --continue-on-failure --profile="Library/Bee/backend1.traceevents" ScriptAssemblies
WorkingDir: C:/Users/Usuario/misterio_de_varginha-jogofeiratecnica-2026-prot-tipo_principal-2026-09-22-10-19-30
warn: Unity.ILPP.Runner.PostProcessingAssemblyLoadContext[0]
      Assembly system.runtime.interopservices.windowsruntime has duplicate hint path. Ignoring "C:\Program Files\Unity\Hub\Editor\6000.6.0f1\Editor\Data\NetStandard\Extensions\2.0.0\System.Runtime.InteropServices.WindowsRuntime.dll" in favor of "C:\Program Files\Unity\Hub\Editor\6000.6.0f1\Editor\Data\UnityReferenceAssemblies\unity-4.8-api\Facades\System.Runtime.InteropServices.WindowsRuntime.dll"
warn: Unity.ILPP.Runner.PostProcessingAssemblyLoadContext[0]
      Assembly system.componentmodel.composition has duplicate hint path. Ignoring "C:\Program Files\Unity\Hub\Editor\6000.6.0f1\Editor\Data\NetStandard\compat\2.1.0\shims\netfx\System.ComponentModel.Composition.dll" in favor of "C:\Program Files\Unity\Hub\Editor\6000.6.0f1\Editor\Data\UnityReferenceAssemblies\unity-4.8-api\System.ComponentModel.Composition.dll"
DisplayProgressbar: Compiling Scripts
ExitCode: 0 Duration: 3s826ms
[1025/1342  0s] ILPP-Configuration Library/ilpp-configuration.nevergeneratedoutput
[1326/1342  2s] Csc Library/Bee/artifacts/1900b0aE.dag/Game.dll (+2 others)
[1327/1342  0s] ILPostProcess Library/Bee/artifacts/1900b0aE.dag/post-processed/Game.dll (+pdb)
Processing assembly Library/Bee/artifacts/1900b0aE.dag/Game.dll, with 149 defines and 313 references

processors: Unity.Jobs.CodeGen.JobsILPostProcessor, Unity.Pipeline.CodeGen.CodeReloadInPlaceILPostProcessor, zzzUnity.Burst.CodeGen.BurstILPostProcessor

1 processor(s) skipped this assembly

running Unity.Jobs.CodeGen.JobsILPostProcessor

running Unity.Pipeline.CodeGen.CodeReloadInPlaceILPostProcessor
[1328/1342  0s] Csc Library/Bee/artifacts/1900b0aE.dag/GameEditModeTests.dll (+2 others)
[1329/1342  0s] CopyFiles Library/ScriptAssemblies/Game.pdb
[1330/1342  0s] Csc Library/Bee/artifacts/1900b0aE.dag/GamePlayModeTests.dll (+2 others)
[1331/1342  0s] CopyFiles Library/ScriptAssemblies/Game.dll
[1332/1342  0s] ILPostProcess Library/Bee/artifacts/1900b0aE.dag/post-processed/GameEditModeTests.dll (+pdb)
Processing assembly Library/Bee/artifacts/1900b0aE.dag/GameEditModeTests.dll, with 147 defines and 300 references

processors: Unity.Jobs.CodeGen.JobsILPostProcessor, Unity.Pipeline.CodeGen.CodeReloadInPlaceILPostProcessor, zzzUnity.Burst.CodeGen.BurstILPostProcessor

1 processor(s) skipped this assembly

running Unity.Jobs.CodeGen.JobsILPostProcessor

running Unity.Pipeline.CodeGen.CodeReloadInPlaceILPostProcessor
[1333/1342  0s] Csc Library/Bee/artifacts/1900b0aE.dag/Assembly-CSharp-Editor.dll (+2 others)
[1334/1342  0s] CopyFiles Library/ScriptAssemblies/GameEditModeTests.pdb
[1335/1342  0s] CopyFiles Library/ScriptAssemblies/GameEditModeTests.dll
[1336/1342  0s] ILPostProcess Library/Bee/artifacts/1900b0aE.dag/post-processed/GamePlayModeTests.dll (+pdb)
Processing assembly Library/Bee/artifacts/1900b0aE.dag/GamePlayModeTests.dll, with 149 defines and 294 references

processors: Unity.Jobs.CodeGen.JobsILPostProcessor, Unity.Pipeline.CodeGen.CodeReloadInPlaceILPostProcessor, zzzUnity.Burst.CodeGen.BurstILPostProcessor

1 processor(s) skipped this assembly

running Unity.Jobs.CodeGen.JobsILPostProcessor

running Unity.Pipeline.CodeGen.CodeReloadInPlaceILPostProcessor
[1337/1342  0s] CopyFiles Library/ScriptAssemblies/GamePlayModeTests.pdb
[1338/1342  0s] CopyFiles Library/ScriptAssemblies/GamePlayModeTests.dll
[1339/1342  0s] ILPostProcess Library/Bee/artifacts/1900b0aE.dag/post-processed/Assembly-CSharp-Editor.dll (+pdb)
Processing assembly Library/Bee/artifacts/1900b0aE.dag/Assembly-CSharp-Editor.dll, with 147 defines and 408 references

processors: Unity.Jobs.CodeGen.JobsILPostProcessor, Unity.Pipeline.CodeGen.CodeReloadInPlaceILPostProcessor, zzzUnity.Burst.CodeGen.BurstILPostProcessor

1 processor(s) skipped this assembly

running Unity.Jobs.CodeGen.JobsILPostProcessor

running Unity.Pipeline.CodeGen.CodeReloadInPlaceILPostProcessor
[1340/1342  0s] CopyFiles Library/ScriptAssemblies/Assembly-CSharp-Editor.pdb
[1341/1342  0s] CopyFiles Library/ScriptAssemblies/Assembly-CSharp-Editor.dll
*** Tundra build success (3.79 seconds), 17 items updated, 1342 evaluated
AssetDatabase: script compilation time: 4.818223s
Total cache size 267217116
Total cache size after purge 267217116, took 00:00:00.5368867
Begin MonoManager ReloadAssembly
Symbol file LoadedFromMemory is not a mono symbol file
'Packages/com.unity.render-pipelines.core/Editor/Deprecated.cs' contains partial class of Unity.Object, exactly 1 of the partial classes needs to be in a file with the same filename. This is to know the one that can be referenced from ie. GameObjects
'Packages/com.unity.render-pipelines.core/Editor/Deprecated.cs' contains partial class of Unity.Object, exactly 1 of the partial classes needs to be in a file with the same filename. This is to know the one that can be referenced from ie. GameObjects
Refreshing native plugins compatible for Editor in 3.52 ms, found 5 plugins.
Native extension for WindowsStandalone target not found
Start HTTP server: port:7800
ScheduleIndexationOnStartup MainProcess:True IndexOnStartup:True
Scripting: successfully reloaded assembly
- Finished resetting the current domain, in  1.831 seconds
Domain Reload Profiling: 3662ms
	BeginReloadAssembly (365ms)
		DisableScriptedObjects (39ms)
		CreateAndSetChildDomain (76ms)
	RebuildCommonClasses (12ms)
	RebuildNativeTypeToScriptingClass (22ms)
	initialDomainReloadingComplete (146ms)
	LoadAllAssembliesAndSetupDomain (1283ms)
		LoadAssemblies (637ms)
		TypeCache.Refresh (396ms)
			TypeCache.ScanAssembly (370ms)
		AnalyzeDomain (176ms)
			BuildScriptInfoCaches (161ms)
			ResolveRequiredComponents (13ms)
	FinalizeReload (1833ms)
		SetupLoadedEditorAssemblies (0ms)
			BeforeProcessingInitializeOnLoad (179ms)
			ProcessInitializeOnLoadAttributes (1071ms)
			ProcessInitializeOnLoadMethodAttributes (206ms)
			AfterProcessingInitializeOnLoad (10ms)
			EditorAssembliesLoaded (4ms)
		AwakeInstancesAfterBackupRestoration (39ms)
Starting new worker id: 0 with log in C:/Users/Usuario/misterio_de_varginha-jogofeiratecnica-2026-prot-tipo_principal-2026-09-22-10-19-30/Logs/AssetImportWorkerHW0.log
Refreshing native plugins compatible for Editor in 3.31 ms, found 5 plugins.
Refreshing native plugins compatible for Editor in 2.79 ms, found 5 plugins.

Asset Pipeline Refresh (id=380b554e9a1290341b2b5568ed20c273): Total: 10.235 seconds - Initiated by InitialRefreshV2(ForceSynchronousImport)
	(Values over 0.05ms)
	Summary:
		Imports: total=0 (actual=0, local cache=0, cache server=0)
		Asset DB Process Time: managed=0 ms, native=2607 ms
		Asset DB Callback time: managed=405 ms, native=335 ms
		Scripting: domain reloads=1, domain reload time=1952 ms, compile time=4823 ms, other=111 ms
		Project Asset Count: scripts=1783, non-scripts=3410
		Asset File Changes: new=0, changed=5, moved=0, deleted=0
		Scan Filter Count: 0
	InvokePackagesCallback: 88.200ms
	ApplyChangesToAssetFolders: 1.212ms
	Scan: 188.420ms
	Collect global state as custom dependencies: 24.154ms
	OnSourceAssetsModified: 0.742ms
	CategorizeScriptCompilationAssets: 81.204ms
	ProcessAssetsWithTransientArtifactChanges: 117.700ms
	CategorizeAssets: 84.244ms
	CompileScripts: 4822.751ms
	ImportOutOfDateAssets: 1861.677ms (1849.063ms without children)
		UnloadImportedAssets: 0.136ms
		EnsureUptoDateAssetsAreRegisteredWithGuidPM: 1.134ms
		ImportSchedulerStart: 11.338ms
	PostProcessAllAssets: 650.066ms
		VCAutoAddAssetPostprocess 242.841ms
		XRBuildSystem.XRAssetImported 1.458ms
		PostProcessCallbackCreateDeferredMaterials 0.052ms
		MonoPostProcessAllAssets: 404.864ms
			UniversalRenderPipelineGlobalSettingsPostprocessor.OnPostprocessAllAssets 222.470ms
			AssetPostprocessor.OnPostprocessAllAssets 91.325ms
			StyleCatalogPostProcessor.OnPostprocessAllAssets 29.276ms
			SyncVS.PostprocessSyncProject 13.658ms
			BuilderAssetPostprocessor.OnPostprocessAllAssets 7.585ms
			SpriteSlicePostprocessor.OnPostprocessAllAssets 2.771ms
			AssetChangedListener.OnPostprocessAllAssets 2.245ms
			WindowAssetPostprocessingWatcher.OnPostprocessAllAssets 2.184ms
			ShaderGraphAssetPostProcessor.OnPostprocessAllAssets 2.012ms
			SpeedTree9Postprocessor.OnPostprocessAllAssets 1.959ms
			RetainedModeAssetPostprocessor.OnPostprocessAllAssets 1.544ms
			EditModeScopePostprocessor.OnPostprocessAllAssets 1.106ms
			MaterialPostprocessor.OnPostprocessAllAssets 1.003ms
			ShaderReflectionAssetPostProcessor.OnPostprocessAllAssets 0.746ms
			ArtifactBrowserPostProcessor.OnPostprocessAllAssets 0.651ms
			SpriteEditorTexturePostprocessor.OnPostprocessAllAssets 0.636ms
			InputActionJsonNameModifierAssetProcessor.OnPostprocessAllAssets 0.472ms
			InputActionAssetPostprocessor.OnPostprocessAllAssets 0.457ms
			AudioMixerPostprocessor.OnPostprocessAllAssets 0.420ms
			TextAssetPostProcessor.OnPostprocessAllAssets 0.408ms
			SpriteShapeAssetPostProcessor.OnPostprocessAllAssets 0.403ms
			ReferencedClipsPostProcessor.OnPostprocessAllAssets 0.390ms
			PostProcessor.OnPostprocessAllAssets 0.374ms
			AssetProcessor.OnPostprocessAllAssets 0.345ms
			AssetEvents.OnPostprocessAllAssets 0.322ms
			VarginhaStudentAtlasImporter.OnPostprocessAllAssets 0.308ms
			ProjectSettingsPostprocessor.OnPostprocessAllAssets 0.296ms
			TMPro_TexturePostProcessor.OnPostprocessAllAssets 0.295ms
			SpriteLibraryAssetPostprocessor.OnPostprocessAllAssets 0.255ms
			UVCSAssetPostprocessor.OnPostprocessAllAssets 0.240ms
			TerrainToolbarOverlayPostProcessor.OnPostprocessAllAssets 0.225ms
			AssetDatabaseCallbacks.OnPostprocessAllAssets 0.215ms
			ConfigAssetsTracker.OnPostprocessAllAssets 0.201ms
			SamplePostprocessor.OnPostprocessAllAssets 0.177ms
			RenderPipelineGlobalSettingsPostprocessor.OnPostprocessAllAssets 0.172ms
			SpeedTreePostProcessor.OnPostprocessAllAssets 0.172ms
			ScenarioDriftAssetsTracker.OnPostprocessAllAssets 0.171ms
			PSDImportPostProcessor.OnPostprocessAllAssets 0.169ms
			ThemePostprocessor.OnPostprocessAllAssets 0.164ms
			AssetReloadNotifier.OnPostprocessAllAssets 0.128ms
			PSDImporterAssetPostProcessor.OnPostprocessAllAssets 0.121ms
			AudioContainerPostProcessor.OnPostprocessAllAssets 0.099ms
	PostAssetChangesProfiler: 4.686ms
	UnloadStreamsBegin: 4.231ms
	PersistCurrentRevisions: 0.205ms
	GenerateScriptTypeHashes: 2.587ms
	GenerateScriptTypeSerializationHashes: 4.864ms
	Untracked: 2279.978ms

Application.AssetDatabase Initial Refresh End
Shader Hidden/ChartRasterizerHardware is not supported: GPU does not support conservative rasterization
Launched and connected shader compiler UnityShaderCompiler.exe after 0.01 seconds
Shader Hidden/ChartRasterizerHardware is not supported: GPU does not support conservative rasterization
Scanning for USB devices : 2.704ms
Initializing Unity extensions:
[MODES] ModeService[none].Initialize
[MODES] ModeService[none].LoadModes
[MODES] Loading mode Default (0) for mode-current-id-Template 2D Kit
Unloading 164 Unused Serialized files (Serialized files now loaded: 0)
Unloading 7990 unused Assets / (8.2 MB). Loaded Objects now: 8970.
Memory consumption went from 465.2 MB to 456.9 MB.
Total: 81.145500 ms (FindLiveObjects: 1.160200 ms CreateObjectMapping: 1.200200 ms MarkObjects: 9.399100 ms  DeleteObjects: 69.037800 ms)

GpuFence::Create(): Failed to create ID3D11Fence, error 0x80070057
[Project] Loading completed in 14.332 seconds
	Project init time: 				13.926 seconds
		Template init time: 		0.000 seconds
		Package Manager init time: 		0.473 seconds
		Asset Database init time: 		0.349 seconds
		Global illumination init time: 	0.003 seconds
		Assemblies load time: 			1.737 seconds
		Unity extensions init time: 	0.026 seconds
		Asset Database refresh time: 	10.235 seconds
	Scene opening time: 			0.261 seconds
##utp:{"type":"ProjectInfo","version":2,"phase":"Immediate","time":1790699212162,"processId":408,"projectLoad":14.3319036,"projectInit":13.9261347,"templateInit":0.0,"packageManagerInit":0.4733069,"assetDatabaseInit":0.3485253,"globalIlluminationInit":0.002726,"assembliesLoad":1.7369575,"unityExtensionsInit":0.0264442,"assetDatabaseRefresh":10.2352246,"sceneOpening":0.261324}
##utp:{"type":"EditorInfo","version":2,"phase":"Immediate","time":1790699212163,"processId":408,"editorVersion":"6000.6.0f1 (f7f8ed4d1e24)","branch":"6000.6/respin/6000.6.0f1-fa21a270ab12","buildType":"Release","platform":"Windows"}
[Licensing::Client] Successfully resolved entitlement details
[Licensing::Client] Successfully resolved entitlement details
Running tests for ExecutionSettings with details:
targetPlatform = 
playerHeartbeatTimeout = 600
filters[0] = 
   Filter with settings:
   testMode = PlayMode
   targetPlatform = 
   testNames = null
   groupNames = Game.Tests.PlayMode.VarginhaRequestedGameplayTests, Game.Tests.PlayMode.FuscaDepartureTests, Game.Tests.PlayMode.VarginhaSchoolRescueTests, Game.Tests.PlayMode.VarginhaPlayerPolishTests, Game.Tests.PlayMode.VarginhaInventoryTests
   categoryNames = null
   assemblyNames = null
ignoreTests = {}
featureFlags = null

UnityEngine.Debug:ExtractStackTraceNoAlloc (byte*,int,string)
UnityEngine.StackTraceUtility:ExtractStackTrace ()
UnityEngine.DebugLogHandler:Internal_Log (UnityEngine.LogType,UnityEngine.LogOption,string,UnityEngine.Object)
UnityEngine.DebugLogHandler:LogFormat (UnityEngine.LogType,UnityEngine.Object,string,object[])
UnityEngine.Logger:Log (UnityEngine.LogType,object)
UnityEngine.Debug:Log (object)
UnityEditor.TestTools.TestRunner.CommandLineTest.Executer:InitializeAndExecuteRun (string[]) (at ./Library/PackageCache/com.unity.test-framework@7a3849e09bd0/UnityEditor.TestRunner/CommandLineTest/Executer.cs:53)
UnityEditor.TestTools.TestRunner.CommandLineTest.TestStarter:InitializeAndExecuteRun () (at ./Library/PackageCache/com.unity.test-framework@7a3849e09bd0/UnityEditor.TestRunner/CommandLineTest/TestStarter.cs:64)
UnityEditor.EditorApplication:Internal_CallUpdateFunctions ()

(Filename: ./Library/PackageCache/com.unity.test-framework@7a3849e09bd0/UnityEditor.TestRunner/CommandLineTest/Executer.cs Line: 53)

Start Indexing on Editor startup
[Indexing] Starting Initial Indexing for Assets
[Licensing::Client] Successfully resolved entitlement details
Reloading assemblies due to reload request.
Reloading assemblies after forced synchronous recompile.
Worker ready: AssetImportWorkerHW0 0
Begin MonoManager ReloadAssembly
Symbol file LoadedFromMemory is not a mono symbol file
'Packages/com.unity.render-pipelines.core/Editor/Deprecated.cs' contains partial class of Unity.Object, exactly 1 of the partial classes needs to be in a file with the same filename. This is to know the one that can be referenced from ie. GameObjects
'Packages/com.unity.render-pipelines.core/Editor/Deprecated.cs' contains partial class of Unity.Object, exactly 1 of the partial classes needs to be in a file with the same filename. This is to know the one that can be referenced from ie. GameObjects
Refreshing native plugins compatible for Editor in 2.75 ms, found 5 plugins.
Native extension for WindowsStandalone target not found
[MODES] ModeService[none].Initialize
[MODES] ModeService[none].LoadModes
Start HTTP server: port:7800
ScheduleIndexationOnStartup MainProcess:True IndexOnStartup:True
Refreshing native plugins compatible for Editor in 2.73 ms, found 5 plugins.
Scripting: successfully reloaded assembly
- Finished resetting the current domain, in  2.229 seconds
Domain Reload Profiling: 3833ms
	BeginReloadAssembly (1090ms)
		DisableScriptedObjects (41ms)
		CreateAndSetChildDomain (244ms)
	RebuildCommonClasses (13ms)
	RebuildNativeTypeToScriptingClass (24ms)
	initialDomainReloadingComplete (122ms)
	LoadAllAssembliesAndSetupDomain (354ms)
		LoadAssemblies (209ms)
		TypeCache.Refresh (16ms)
		AnalyzeDomain (18ms)
			ResolveRequiredComponents (13ms)
	FinalizeReload (2230ms)
		SetupLoadedEditorAssemblies (0ms)
			BeforeProcessingInitializeOnLoad (307ms)
			ProcessInitializeOnLoadAttributes (735ms)
			ProcessInitializeOnLoadMethodAttributes (324ms)
			AfterProcessingInitializeOnLoad (12ms)
		AwakeInstancesAfterBackupRestoration (248ms)
No restricted APIs configured; Validation skipped.
Checking 24 assemblies for restricted APIs found 0 usage(s) in 4 ms
Refreshing native plugins compatible for Editor in 2.76 ms, found 5 plugins.

Asset Pipeline Refresh (id=ff4a4f431a5eec64f9fa38c1a7f21de0): Total: 5.953 seconds - Initiated by StopAssetImportingV2(ForceSynchronousImport | ForceDomainReload)
	(Values over 0.05ms)
	Summary:
		Imports: total=0 (actual=0, local cache=0, cache server=0)
		Asset DB Process Time: managed=0 ms, native=2722 ms
		Asset DB Callback time: managed=1093 ms, native=440 ms
		Scripting: domain reloads=1, domain reload time=1694 ms, compile time=2 ms, other=0 ms
		Project Asset Count: scripts=1783, non-scripts=3410
		Asset File Changes: new=0, changed=0, moved=0, deleted=0
		Scan Filter Count: 0
	InvokePackagesCallback: 2.681ms
	ApplyChangesToAssetFolders: 0.309ms
	Collect global state as custom dependencies: 12.823ms
	ProcessAssetsWithTransientArtifactChanges: 313.433ms
	CategorizeAssets: 63.876ms
	CompileScripts: 2.286ms
	ImportOutOfDateAssets: 2243.970ms (2241.694ms without children)
		CollectScriptTypesHashes: 3.013ms
		ReloadNativeAssets: 0.880ms
		UnloadImportedAssets: 0.220ms
		EnsureUptoDateAssetsAreRegisteredWithGuidPM: 0.819ms
		ImportSchedulerStart: 0.334ms
	PostProcessAllAssets: 1528.086ms
		AssemblyValidation.PostprocessAllAssets 36.650ms
		PostProcessCallbackCreateDeferredMaterials 22.104ms
		SpriteAtlasDatabase.OnAssetPostprocessCallback 21.889ms
		ShaderAssetModifiedCallback 11.562ms
		ComputeShaderImportPostprocess 10.995ms
		RaytracingShaderImportPostprocess 10.994ms
		SpeedTreeImporter.PostprocessAllAssets 9.396ms
		LocalizationDatabase.AssetDatabasePostprocessCallback 4.323ms
		BlockShaderImporter.PostprocessAllAssets 4.096ms
		XRBuildSystem.XRAssetImported 0.914ms
		MonoPostProcessAllAssets: 1092.630ms
			SyncVS.PostprocessSyncProject 352.538ms
			ShaderGraphAssetPostProcessor.OnPostprocessAllAssets 258.853ms
			PostProcessor.OnPostprocessAllAssets 65.131ms
			AssetPostprocessor.OnPostprocessAllAssets 62.593ms
			MaterialPostprocessor.OnPostprocessAllAssets 46.641ms
			InputActionJsonNameModifierAssetProcessor.OnPostprocessAllAssets 45.681ms
			InputActionAssetPostprocessor.OnPostprocessAllAssets 45.438ms
			TextAssetPostProcessor.OnPostprocessAllAssets 31.245ms
			SpriteSlicePostprocessor.OnPostprocessAllAssets 24.617ms
			AssetChangedListener.OnPostprocessAllAssets 20.904ms
			UniversalRenderPipelineGlobalSettingsPostprocessor.OnPostprocessAllAssets 19.478ms
			StyleCatalogPostProcessor.OnPostprocessAllAssets 19.355ms
			BuilderAssetPostprocessor.OnPostprocessAllAssets 10.609ms
			SpeedTree9Postprocessor.OnPostprocessAllAssets 7.254ms
			RetainedModeAssetPostprocessor.OnPostprocessAllAssets 2.810ms
			WindowAssetPostprocessingWatcher.OnPostprocessAllAssets 1.758ms
			TMPro_TexturePostProcessor.OnPostprocessAllAssets 1.541ms
			ProjectSettingsPostprocessor.OnPostprocessAllAssets 1.240ms
			EditModeScopePostprocessor.OnPostprocessAllAssets 1.037ms
			VarginhaStudentAtlasImporter.OnPostprocessAllAssets 0.691ms
			SpriteEditorTexturePostprocessor.OnPostprocessAllAssets 0.672ms
			ShaderReflectionAssetPostProcessor.OnPostprocessAllAssets 0.624ms
			SpeedTreePostProcessor.OnPostprocessAllAssets 0.611ms
			ArtifactBrowserPostProcessor.OnPostprocessAllAssets 0.608ms
			ThemePostprocessor.OnPostprocessAllAssets 0.519ms
			SpriteShapeAssetPostProcessor.OnPostprocessAllAssets 0.428ms
			AudioMixerPostprocessor.OnPostprocessAllAssets 0.383ms
			ReferencedClipsPostProcessor.OnPostprocessAllAssets 0.339ms
			AssetEvents.OnPostprocessAllAssets 0.295ms
			SpriteLibraryAssetPostprocessor.OnPostprocessAllAssets 0.267ms
			UVCSAssetPostprocessor.OnPostprocessAllAssets 0.246ms
			TerrainToolbarOverlayPostProcessor.OnPostprocessAllAssets 0.243ms
			ConfigAssetsTracker.OnPostprocessAllAssets 0.189ms
			AssetDatabaseCallbacks.OnPostprocessAllAssets 0.187ms
			SamplePostprocessor.OnPostprocessAllAssets 0.181ms
			PSDImportPostProcessor.OnPostprocessAllAssets 0.163ms
			RenderPipelineGlobalSettingsPostprocessor.OnPostprocessAllAssets 0.159ms
			ScenarioDriftAssetsTracker.OnPostprocessAllAssets 0.147ms
			AssetReloadNotifier.OnPostprocessAllAssets 0.127ms
			PSDImporterAssetPostProcessor.OnPostprocessAllAssets 0.125ms
			AudioContainerPostProcessor.OnPostprocessAllAssets 0.091ms
			AssetProcessor.OnPostprocessAllAssets 0.068ms
	PostAssetChangesProfiler: 5.829ms
	GatherAllCurrentPrimaryImportResultRevisions: 0.434ms
	UnloadStreamsBegin: 2.341ms
	PersistCurrentRevisions: 0.169ms
	GenerateScriptTypeHashes: 4.119ms
	GenerateScriptTypeSerializationHashes: 7.033ms
	Untracked: 1740.598ms

[UnityConnectServicesConfig] config is NOT valid, switching to default
Created GICache directory at C:/Users/Usuario/AppData/LocalLow/Unity/Caches/GiCache. Took: 0.030s, timestamps: [14.335 - 14.364]
[Licensing::Client] Successfully resolved entitlement details
[Licensing::Client] Successfully resolved entitlement details
[Licensing::Client] Successfully resolved entitlement details
Unloading 0 Unused Serialized files (Serialized files now loaded: 0)
Unloading 7090 unused Assets / (2.4 MB). Loaded Objects now: 9126.
Memory consumption went from 463.4 MB to 461.1 MB.
Total: 14.795600 ms (FindLiveObjects: 1.650600 ms CreateObjectMapping: 0.902400 ms MarkObjects: 10.147200 ms  DeleteObjects: 1.751100 ms)

Importing 'GUID: 1cad6e1c4fa41de459a159e44bf6f59d - Path: Assets/InitTestScene4de124a1-8fd1-4c9b-b40d-a994149b1009.unity' with importer (DefaultImporter)
Imported 'GUID: 1cad6e1c4fa41de459a159e44bf6f59d' -> (Import Result ID: 'b9872d6842385133234557eec326ee0e') in 0.006 seconds [static dependencies only]. Details - ImportResultOutputID=eb8c8f808f668403c8408e2dbc1c7f88 DependenciesID=ae23c4582119acfb0fabcc2eb9abaa32 StaticDependenciesID=feccb9ef21514da4a990b176bee781e4 
Refreshing native plugins compatible for Editor in 2.49 ms, found 5 plugins.
Asset Pipeline Refresh (id=49146ab6cd3882a4c864cdb2bdadcf47): Total: 0.062 seconds - Initiated by StopAssetImportingV2(NoUpdateAssetOptions)
Executing IPrebuildSetup for: Unity.PerformanceTesting.Editor.TestRunBuilder.
UnityEngine.Debug:ExtractStackTraceNoAlloc (byte*,int,string)
UnityEngine.StackTraceUtility:ExtractStackTrace ()
UnityEngine.DebugLogHandler:Internal_Log (UnityEngine.LogType,UnityEngine.LogOption,string,UnityEngine.Object)
UnityEngine.DebugLogHandler:LogFormat (UnityEngine.LogType,UnityEngine.Object,string,object[])
UnityEngine.Logger:Log (UnityEngine.LogType,object)
UnityEngine.Debug:Log (object)
UnityEditor.TestTools.TestRunner.TestRun.Tasks.BuildActionTaskBase`1/<ExecuteMethods>d__8<UnityEngine.TestTools.IPrebuildSetup>:MoveNext () (at ./Library/PackageCache/com.unity.test-framework@7a3849e09bd0/UnityEditor.TestRunner/TestRun/Tasks/BuildActionTaskBase.cs:48)
UnityEditor.TestTools.TestRunner.TestRun.Tasks.BuildActionTaskBase`1/<Execute>d__7<UnityEngine.TestTools.IPrebuildSetup>:MoveNext () (at ./Library/PackageCache/com.unity.test-framework@7a3849e09bd0/UnityEditor.TestRunner/TestRun/Tasks/BuildActionTaskBase.cs:34)
UnityEditor.TestTools.TestRunner.TestRun.TestJobRunner:ExecuteStep () (at ./Library/PackageCache/com.unity.test-framework@7a3849e09bd0/UnityEditor.TestRunner/TestRun/TestJobRunner.cs:194)
UnityEditor.TestTools.TestRunner.TestRun.TestJobRunner:ExecuteCallback () (at ./Library/PackageCache/com.unity.test-framework@7a3849e09bd0/UnityEditor.TestRunner/TestRun/TestJobRunner.cs:129)
UnityEditor.EditorApplication:Internal_CallUpdateFunctions ()

(Filename: ./Library/PackageCache/com.unity.test-framework@7a3849e09bd0/UnityEditor.TestRunner/TestRun/Tasks/BuildActionTaskBase.cs Line: 48)

SpriteAtlasPacking completed in 0.005727 sec
Entering Playmode with Reload Domain disabled.
If you experience any issues, please disable "Enter Play Mode Options" in Editor Settings
Loaded scene 'Temp/__Backupscenes/0.backup'
	Deserialize:            1.014 ms
	Integration:            3356.987 ms
	Integration of assets:  0.001 ms
	Thread Wait Time:       0.045 ms
	Total Operation Time:   3358.046 ms
QA run started: 154
UnityEngine.Debug:ExtractStackTraceNoAlloc (byte*,int,string)
UnityEngine.StackTraceUtility:ExtractStackTrace ()
UnityEngine.DebugLogHandler:Internal_Log (UnityEngine.LogType,UnityEngine.LogOption,string,UnityEngine.Object)
UnityEngine.DebugLogHandler:LogFormat (UnityEngine.LogType,UnityEngine.Object,string,object[])
UnityEngine.Logger:Log (UnityEngine.LogType,object)
UnityEngine.Debug:Log (object)
Game.Editor.Testing.VarginhaBatchTestProgress:RunStarted (UnityEditor.TestTools.TestRunner.Api.ITestAdaptor) (at Assets/Scripts/Editor/Testing/VarginhaBatchTestProgress.cs:18)
UnityEditor.TestTools.TestRunner.Api.CallbacksDelegator/<>c__DisplayClass7_0:<RunStarted>b__0 (UnityEditor.TestTools.TestRunner.Api.ICallbacks) (at ./Library/PackageCache/com.unity.test-framework@7a3849e09bd0/UnityEditor.TestRunner/Api/CallbacksDelegator.cs:42)
UnityEditor.TestTools.TestRunner.Api.CallbacksDelegator:TryInvokeAllCallbacks (System.Action`1<UnityEditor.TestTools.TestRunner.Api.ICallbacks>) (at ./Library/PackageCache/com.unity.test-framework@7a3849e09bd0/UnityEditor.TestRunner/Api/CallbacksDelegator.cs:135)
UnityEditor.TestTools.TestRunner.Api.CallbacksDelegator:RunStarted (NUnit.Framework.Interfaces.ITest) (at ./Library/PackageCache/com.unity.test-framework@7a3849e09bd0/UnityEditor.TestRunner/Api/CallbacksDelegator.cs:42)
UnityEngine.Events.InvokableCall`1<NUnit.Framework.Interfaces.ITest>:Invoke (NUnit.Framework.Interfaces.ITest)
UnityEngine.Events.UnityEvent`1<NUnit.Framework.Interfaces.ITest>:Invoke (NUnit.Framework.Interfaces.ITest)
UnityEngine.Events.InvokableCall`1<NUnit.Framework.Interfaces.ITest>:Invoke (NUnit.Framework.Interfaces.ITest)
UnityEngine.Events.UnityEvent`1<NUnit.Framework.Interfaces.ITest>:Invoke (NUnit.Framework.Interfaces.ITest)
UnityEngine.TestTools.TestRunner.PlaymodeTestsController/<Run>d__26:MoveNext () (at ./Library/PackageCache/com.unity.test-framework@7a3849e09bd0/UnityEngine.TestRunner/TestRunner/PlaymodeTestsController.cs:146)
UnityEngine.SetupCoroutine:InvokeMoveNext (System.Collections.IEnumerator,intptr)
UnityEngine.MonoBehaviour:StartCoroutineManaged2 (System.Collections.IEnumerator)
UnityEngine.MonoBehaviour:StartCoroutine (System.Collections.IEnumerator)
UnityEngine.TestTools.TestRunner.PlaymodeTestsController/<Start>d__22:MoveNext () (at ./Library/PackageCache/com.unity.test-framework@7a3849e09bd0/UnityEngine.TestRunner/TestRunner/PlaymodeTestsController.cs:81)
UnityEngine.SetupCoroutine:InvokeMoveNext (System.Collections.IEnumerator,intptr)

(Filename: Assets/Scripts/Editor/Testing/VarginhaBatchTestProgress.cs Line: 18)

QA test: Game.Tests.PlayMode.FuscaDepartureTests.DepartureKeepsLaneAndEndsAtExactDistance
UnityEngine.Debug:ExtractStackTraceNoAlloc (byte*,int,string)
UnityEngine.StackTraceUtility:ExtractStackTrace ()
UnityEngine.DebugLogHandler:Internal_Log (UnityEngine.LogType,UnityEngine.LogOption,string,UnityEngine.Object)
UnityEngine.DebugLogHandler:LogFormat (UnityEngine.LogType,UnityEngine.Object,string,object[])
UnityEngine.Logger:Log (UnityEngine.LogType,object)
UnityEngine.Debug:Log (object)
Game.Editor.Testing.VarginhaBatchTestProgress:TestStarted (UnityEditor.TestTools.TestRunner.Api.ITestAdaptor) (at Assets/Scripts/Editor/Testing/VarginhaBatchTestProgress.cs:22)
UnityEditor.TestTools.TestRunner.Api.CallbacksDelegator/<>c__DisplayClass12_0:<TestStarted>b__0 (UnityEditor.TestTools.TestRunner.Api.ICallbacks) (at ./Library/PackageCache/com.unity.test-framework@7a3849e09bd0/UnityEditor.TestRunner/Api/CallbacksDelegator.cs:81)
UnityEditor.TestTools.TestRunner.Api.CallbacksDelegator:TryInvokeAllCallbacks (System.Action`1<UnityEditor.TestTools.TestRunner.Api.ICallbacks>) (at ./Library/PackageCache/com.unity.test-framework@7a3849e09bd0/UnityEditor.TestRunner/Api/CallbacksDelegator.cs:135)
UnityEditor.TestTools.TestRunner.Api.CallbacksDelegator:TestStarted (NUnit.Framework.Interfaces.ITest) (at ./Library/PackageCache/com.unity.test-framework@7a3849e09bd0/UnityEditor.TestRunner/Api/CallbacksDelegator.cs:81)
UnityEngine.Events.InvokableCall`1<NUnit.Framework.Interfaces.ITest>:Invoke (NUnit.Framework.Interfaces.ITest)
UnityEngine.Events.UnityEvent`1<NUnit.Framework.Interfaces.ITest>:Invoke (NUnit.Framework.Interfaces.ITest)
UnityEngine.Events.InvokableCall`1<NUnit.Framework.Interfaces.ITest>:Invoke (NUnit.Framework.Interfaces.ITest)
UnityEngine.Events.UnityEvent`1<NUnit.Framework.Interfaces.ITest>:Invoke (NUnit.Framework.Interfaces.ITest)
UnityEngine.TestTools.TestRunner.TestListenerWrapper:TestStarted (NUnit.Framework.Interfaces.ITest) (at ./Library/PackageCache/com.unity.test-framework@7a3849e09bd0/UnityEngine.TestRunner/TestRunner/TestListenerWrapper.cs:19)
UnityEngine.TestRunner.NUnitExtensions.Runner.UnityWorkItem:Execute () (at ./Library/PackageCache/com.unity.test-framework@7a3849e09bd0/UnityEngine.TestRunner/NUnitExtensions/Runner/UnityWorkItem.cs:83)
UnityEngine.TestRunner.NUnitExtensions.Runner.CompositeWorkItem/<RunChildren>d__17:MoveNext () (at ./Library/PackageCache/com.unity.test-framework@7a3849e09bd0/UnityEngine.TestRunner/NUnitExtensions/Runner/CompositeWorkItem.cs:205)
UnityEngine.TestRunner.NUnitExtensions.Runner.CompositeWorkItem/<PerformWork>d__13:MoveNext () (at ./Library/PackageCache/com.unity.test-framework@7a3849e09bd0/UnityEngine.TestRunner/NUnitExtensions/Runner/CompositeWorkItem.cs:83)
UnityEngine.TestRunner.NUnitExtensions.Runner.CompositeWorkItem/<RunChildren>d__17:MoveNext () (at ./Library/PackageCache/com.unity.test-framework@7a3849e09bd0/UnityEngine.TestRunner/NUnitExtensions/Runner/CompositeWorkItem.cs:209)
UnityEngine.TestRunner.NUnitExtensions.Runner.CompositeWorkItem/<PerformWork>d__13:MoveNext () (at ./Library/PackageCache/com.unity.test-framework@7a3849e09bd0/UnityEngine.TestRunner/NUnitExtensions/Runner/CompositeWorkItem.cs:83)
UnityEngine.TestRunner.NUnitExtensions.Runner.CompositeWorkItem/<RunChildren>d__17:MoveNext () (at ./Library/PackageCache/com.unity.test-framework@7a3849e09bd0/UnityEngine.TestRunner/NUnitExtensions/Runner/CompositeWorkItem.cs:209)
UnityEngine.TestRunner.NUnitExtensions.Runner.CompositeWorkItem/<PerformWork>d__13:MoveNext () (at ./Library/PackageCache/com.unity.test-framework@7a3849e09bd0/UnityEngine.TestRunner/NUnitExtensions/Runner/CompositeWorkItem.cs:83)
UnityEngine.TestRunner.NUnitExtensions.Runner.CompositeWorkItem/<RunChildren>d__17:MoveNext () (at ./Library/PackageCache/com.unity.test-framework@7a3849e09bd0/UnityEngine.TestRunner/NUnitExtensions/Runner/CompositeWorkItem.cs:209)
UnityEngine.TestRunner.NUnitExtensions.Runner.CompositeWorkItem/<PerformWork>d__13:MoveNext () (at ./Library/PackageCache/com.unity.test-framework@7a3849e09bd0/UnityEngine.TestRunner/NUnitExtensions/Runner/CompositeWorkItem.cs:83)
UnityEngine.TestRunner.NUnitExtensions.Runner.CompositeWorkItem/<RunChildren>d__17:MoveNext () (at ./Library/PackageCache/com.unity.test-framework@7a3849e09bd0/UnityEngine.TestRunner/NUnitExtensions/Runner/CompositeWorkItem.cs:209)
UnityEngine.TestRunner.NUnitExtensions.Runner.CompositeWorkItem/<PerformWork>d__13:MoveNext () (at ./Library/PackageCache/com.unity.test-framework@7a3849e09bd0/UnityEngine.TestRunner/NUnitExtensions/Runner/CompositeWorkItem.cs:83)
UnityEngine.TestRunner.NUnitExtensions.Runner.CompositeWorkItem/<RunChildren>d__17:MoveNext () (at ./Library/PackageCache/com.unity.test-framework@7a3849e09bd0/UnityEngine.TestRunner/NUnitExtensions/Runner/CompositeWorkItem.cs:209)
UnityEngine.TestRunner.NUnitExtensions.Runner.CompositeWorkItem/<PerformWork>d__13:MoveNext () (at ./Library/PackageCache/com.unity.test-framework@7a3849e09bd0/UnityEngine.TestRunner/NUnitExtensions/Runner/CompositeWorkItem.cs:83)
UnityEngine.TestTools.TestRunner.PlaymodeTestsController/<TestRunnerCoroutine>d__25:MoveNext () (at ./Library/PackageCache/com.unity.test-framework@7a3849e09bd0/UnityEngine.TestRunner/TestRunner/PlaymodeTestsController.cs:100)
UnityEngine.SetupCoroutine:InvokeMoveNext (System.Collections.IEnumerator,intptr)

(Filename: Assets/Scripts/Editor/Testing/VarginhaBatchTestProgress.cs Line: 22)

QA result: Passed Game.Tests.PlayMode.FuscaDepartureTests.DepartureKeepsLaneAndEndsAtExactDistance
UnityEngine.Debug:ExtractStackTraceNoAlloc (byte*,int,string)
UnityEngine.StackTraceUtility:ExtractStackTrace ()
UnityEngine.DebugLogHandler:Internal_Log (UnityEngine.LogType,UnityEngine.LogOption,string,UnityEngine.Object)
UnityEngine.DebugLogHandler:LogFormat (UnityEngine.LogType,UnityEngine.Object,string,object[])
UnityEngine.Logger:Log (UnityEngine.LogType,object)
UnityEngine.Debug:Log (object)
Game.Editor.Testing.VarginhaBatchTestProgress:TestFinished (UnityEditor.TestTools.TestRunner.Api.ITestResultAdaptor) (at Assets/Scripts/Editor/Testing/VarginhaBatchTestProgress.cs:26)
UnityEditor.TestTools.TestRunner.Api.CallbacksDelegator/<>c__DisplayClass14_0:<TestFinished>b__0 (UnityEditor.TestTools.TestRunner.Api.ICallbacks) (at ./Library/PackageCache/com.unity.test-framework@7a3849e09bd0/UnityEditor.TestRunner/Api/CallbacksDelegator.cs:95)
UnityEditor.TestTools.TestRunner.Api.CallbacksDelegator:TryInvokeAllCallbacks (System.Action`1<UnityEditor.TestTools.TestRunner.Api.ICallbacks>) (at ./Library/PackageCache/com.unity.test-framework@7a3849e09bd0/UnityEditor.TestRunner/Api/CallbacksDelegator.cs:135)
UnityEditor.TestTools.TestRunner.Api.CallbacksDelegator:TestFinished (NUnit.Framework.Interfaces.ITestResult) (at ./Library/PackageCache/com.unity.test-framework@7a3849e09bd0/UnityEditor.TestRunner/Api/CallbacksDelegator.cs:95)
UnityEngine.Events.InvokableCall`1<NUnit.Framework.Interfaces.ITestResult>:Invoke (NUnit.Framework.Interfaces.ITestResult)
UnityEngine.Events.UnityEvent`1<NUnit.Framework.Interfaces.ITestResult>:Invoke (NUnit.Framework.Interfaces.ITestResult)
UnityEngine.Events.InvokableCall`1<NUnit.Framework.Interfaces.ITestResult>:Invoke (NUnit.Framework.Interfaces.ITestResult)
UnityEngine.Events.UnityEvent`1<NUnit.Framework.Interfaces.ITestResult>:Invoke (NUnit.Framework.Interfaces.ITestResult)
UnityEngine.TestTools.TestRunner.TestListenerWrapper:TestFinished (NUnit.Framework.Interfaces.ITestResult) (at ./Library/PackageCache/com.unity.test-framework@7a3849e09bd0/UnityEngine.TestRunner/TestRunner/TestListenerWrapper.cs:24)
UnityEngine.TestRunner.NUnitExtensions.Runner.UnityWorkItem:WorkItemComplete () (at ./Library/PackageCache/com.unity.test-framework@7a3849e09bd0/UnityEngine.TestRunner/NUnitExtensions/Runner/UnityWorkItem.cs:107)
UnityEngine.TestRunner.NUnitExtensions.Runner.CoroutineTestWorkItem/<PerformWork>d__7:<>m__Finally1 () (at ./Library/PackageCache/com.unity.test-framework@7a3849e09bd0/UnityEngine.TestRunner/NUnitExtensions/Runner/CoroutineTestWorkItem.cs:67)
UnityEngine.TestRunner.NUnitExtensions.Runner.CoroutineTestWorkItem/<PerformWork>d__7:MoveNext () (at ./Library/PackageCache/com.unity.test-framework@7a3849e09bd0/UnityEngine.TestRunner/NUnitExtensions/Runner/CoroutineTestWorkItem.cs:64)
UnityEngine.TestRunner.NUnitExtensions.Runner.CompositeWorkItem/<RunChildren>d__17:MoveNext () (at ./Library/PackageCache/com.unity.test-framework@7a3849e09bd0/UnityEngine.TestRunner/NUnitExtensions/Runner/CompositeWorkItem.cs:209)
UnityEngine.TestRunner.NUnitExtensions.Runner.CompositeWorkItem/<PerformWork>d__13:MoveNext () (at ./Library/PackageCache/com.unity.test-framework@7a3849e09bd0/UnityEngine.TestRunner/NUnitExtensions/Runner/CompositeWorkItem.cs:83)
UnityEngine.TestRunner.NUnitExtensions.Runner.CompositeWorkItem/<RunChildren>d__17:MoveNext () (at ./Library/PackageCache/com.unity.test-framework@7a3849e09bd0/UnityEngine.TestRunner/NUnitExtensions/Runner/CompositeWorkItem.cs:209)
UnityEngine.TestRunner.NUnitExtensions.Runner.CompositeWorkItem/<PerformWork>d__13:MoveNext () (at ./Library/PackageCache/com.unity.test-framework@7a3849e09bd0/UnityEngine.TestRunner/NUnitExtensions/Runner/CompositeWorkItem.cs:83)
UnityEngine.TestRunner.NUnitExtensions.Runner.CompositeWorkItem/<RunChildren>d__17:MoveNext () (at ./Library/PackageCache/com.unity.test-framework@7a3849e09bd0/UnityEngine.TestRunner/NUnitExtensions/Runner/CompositeWorkItem.cs:209)
UnityEngine.TestRunner.NUnitExtensions.Runner.CompositeWorkItem/<PerformWork>d__13:MoveNext () (at ./Library/PackageCache/com.unity.test-framework@7a3849e09bd0/UnityEngine.TestRunner/NUnitExtensions/Runner/CompositeWorkItem.cs:83)
UnityEngine.TestRunner.NUnitExtensions.Runner.CompositeWorkItem/<RunChildren>d__17:MoveNext () (at ./Library/PackageCache/com.unity.test-framework@7a3849e09bd0/UnityEngine.TestRunner/NUnitExtensions/Runner/CompositeWorkItem.cs:209)
UnityEngine.TestRunner.NUnitExtensions.Runner.CompositeWorkItem/<PerformWork>d__13:MoveNext () (at ./Library/PackageCache/com.unity.test-framework@7a3849e09bd0/UnityEngine.TestRunner/NUnitExtensions/Runner/CompositeWorkItem.cs:83)
UnityEngine.TestRunner.NUnitExtensions.Runner.CompositeWorkItem/<RunChildren>d__17:MoveNext () (at ./Library/PackageCache/com.unity.test-framework@7a3849e09bd0/UnityEngine.TestRunner/NUnitExtensions/Runner/CompositeWorkItem.cs:209)
UnityEngine.TestRunner.NUnitExtensions.Runner.CompositeWorkItem/<PerformWork>d__13:MoveNext () (at ./Library/PackageCache/com.unity.test-framework@7a3849e09bd0/UnityEngine.TestRunner/NUnitExtensions/Runner/CompositeWorkItem.cs:83)
UnityEngine.TestRunner.NUnitExtensions.Runner.CompositeWorkItem/<RunChildren>d__17:MoveNext () (at ./Library/PackageCache/com.unity.test-framework@7a3849e09bd0/UnityEngine.TestRunner/NUnitExtensions/Runner/CompositeWorkItem.cs:209)
UnityEngine.TestRunner.NUnitExtensions.Runner.CompositeWorkItem/<PerformWork>d__13:MoveNext () (at ./Library/PackageCache/com.unity.test-framework@7a3849e09bd0/UnityEngine.TestRunner/NUnitExtensions/Runner/CompositeWorkItem.cs:83)
UnityEngine.TestTools.TestRunner.PlaymodeTestsController/<TestRunnerCoroutine>d__25:MoveNext () (at ./Library/PackageCache/com.unity.test-framework@7a3849e09bd0/UnityEngine.TestRunner/TestRunner/PlaymodeTestsController.cs:100)
UnityEngine.SetupCoroutine:InvokeMoveNext (System.Collections.IEnumerator,intptr)

(Filename: Assets/Scripts/Editor/Testing/VarginhaBatchTestProgress.cs Line: 26)

QA test: Game.Tests.PlayMode.VarginhaInventoryTests.BackpackOwnsPauseAndDoesNotOpenWithoutBackpackOrDuringDialogue
UnityEngine.Debug:ExtractStackTraceNoAlloc (byte*,int,string)
UnityEngine.StackTraceUtility:ExtractStackTrace ()
UnityEngine.DebugLogHandler:Internal_Log (UnityEngine.LogType,UnityEngine.LogOption,string,UnityEngine.Object)
UnityEngine.DebugLogHandler:LogFormat (UnityEngine.LogType,UnityEngine.Object,string,object[])
UnityEngine.Logger:Log (UnityEngine.LogType,object)
UnityEngine.Debug:Log (object)
Game.Editor.Testing.VarginhaBatchTestProgress:TestStarted (UnityEditor.TestTools.TestRunner.Api.ITestAdaptor) (at Assets/Scripts/Editor/Testing/VarginhaBatchTestProgress.cs:22)
UnityEditor.TestTools.TestRunner.Api.CallbacksDelegator/<>c__DisplayClass12_0:<TestStarted>b__0 (UnityEditor.TestTools.TestRunner.Api.ICallbacks) (at ./Library/PackageCache/com.unity.test-framework@7a3849e09bd0/UnityEditor.TestRunner/Api/CallbacksDelegator.cs:81)
UnityEditor.TestTools.TestRunner.Api.CallbacksDelegator:TryInvokeAllCallbacks (System.Action`1<UnityEditor.TestTools.TestRunner.Api.ICallbacks>) (at ./Library/PackageCache/com.unity.test-framework@7a3849e09bd0/UnityEditor.TestRunner/Api/CallbacksDelegator.cs:135)
UnityEditor.TestTools.TestRunner.Api.CallbacksDelegator:TestStarted (NUnit.Framework.Interfaces.ITest) (at ./Library/PackageCache/com.unity.test-framework@7a3849e09bd0/UnityEditor.TestRunner/Api/CallbacksDelegator.cs:81)
UnityEngine.Events.InvokableCall`1<NUnit.Framework.Interfaces.ITest>:Invoke (NUnit.Framework.Interfaces.ITest)
UnityEngine.Events.UnityEvent`1<NUnit.Framework.Interfaces.ITest>:Invoke (NUnit.Framework.Interfaces.ITest)
UnityEngine.Events.InvokableCall`1<NUnit.Framework.Interfaces.ITest>:Invoke (NUnit.Framework.Interfaces.ITest)
UnityEngine.Events.UnityEvent`1<NUnit.Framework.Interfaces.ITest>:Invoke (NUnit.Framework.Interfaces.ITest)
UnityEngine.TestTools.TestRunner.TestListenerWrapper:TestStarted (NUnit.Framework.Interfaces.ITest) (at ./Library/PackageCache/com.unity.test-framework@7a3849e09bd0/UnityEngine.TestRunner/TestRunner/TestListenerWrapper.cs:19)
UnityEngine.TestRunner.NUnitExtensions.Runner.UnityWorkItem:Execute () (at ./Library/PackageCache/com.unity.test-framework@7a3849e09bd0/UnityEngine.TestRunner/NUnitExtensions/Runner/UnityWorkItem.cs:83)
UnityEngine.TestRunner.NUnitExtensions.Runner.CompositeWorkItem/<RunChildren>d__17:MoveNext () (at ./Library/PackageCache/com.unity.test-framework@7a3849e09bd0/UnityEngine.TestRunner/NUnitExtensions/Runner/CompositeWorkItem.cs:205)
UnityEngine.TestRunner.NUnitExtensions.Runner.CompositeWorkItem/<PerformWork>d__13:MoveNext () (at ./Library/PackageCache/com.unity.test-framework@7a3849e09bd0/UnityEngine.TestRunner/NUnitExtensions/Runner/CompositeWorkItem.cs:83)
UnityEngine.TestRunner.NUnitExtensions.Runner.CompositeWorkItem/<RunChildren>d__17:MoveNext () (at ./Library/PackageCache/com.unity.test-framework@7a3849e09bd0/UnityEngine.TestRunner/NUnitExtensions/Runner/CompositeWorkItem.cs:209)
UnityEngine.TestRunner.NUnitExtensions.Runner.CompositeWorkItem/<PerformWork>d__13:MoveNext () (at ./Library/PackageCache/com.unity.test-framework@7a3849e09bd0/UnityEngine.TestRunner/NUnitExtensions/Runner/CompositeWorkItem.cs:83)
UnityEngine.TestRunner.NUnitExtensions.Runner.CompositeWorkItem/<RunChildren>d__17:MoveNext () (at ./Library/PackageCache/com.unity.test-framework@7a3849e09bd0/UnityEngine.TestRunner/NUnitExtensions/Runner/CompositeWorkItem.cs:209)
UnityEngine.TestRunner.NUnitExtensions.Runner.CompositeWorkItem/<PerformWork>d__13:MoveNext () (at ./Library/PackageCache/com.unity.test-framework@7a3849e09bd0/UnityEngine.TestRunner/NUnitExtensions/Runner/CompositeWorkItem.cs:83)
UnityEngine.TestRunner.NUnitExtensions.Runner.CompositeWorkItem/<RunChildren>d__17:MoveNext () (at ./Library/PackageCache/com.unity.test-framework@7a3849e09bd0/UnityEngine.TestRunner/NUnitExtensions/Runner/CompositeWorkItem.cs:209)
UnityEngine.TestRunner.NUnitExtensions.Runner.CompositeWorkItem/<PerformWork>d__13:MoveNext () (at ./Library/PackageCache/com.unity.test-framework@7a3849e09bd0/UnityEngine.TestRunner/NUnitExtensions/Runner/CompositeWorkItem.cs:83)
UnityEngine.TestRunner.NUnitExtensions.Runner.CompositeWorkItem/<RunChildren>d__17:MoveNext () (at ./Library/PackageCache/com.unity.test-framework@7a3849e09bd0/UnityEngine.TestRunner/NUnitExtensions/Runner/CompositeWorkItem.cs:209)
UnityEngine.TestRunner.NUnitExtensions.Runner.CompositeWorkItem/<PerformWork>d__13:MoveNext () (at ./Library/PackageCache/com.unity.test-framework@7a3849e09bd0/UnityEngine.TestRunner/NUnitExtensions/Runner/CompositeWorkItem.cs:83)
UnityEngine.TestRunner.NUnitExtensions.Runner.CompositeWorkItem/<RunChildren>d__17:MoveNext () (at ./Library/PackageCache/com.unity.test-framework@7a3849e09bd0/UnityEngine.TestRunner/NUnitExtensions/Runner/CompositeWorkItem.cs:209)
UnityEngine.TestRunner.NUnitExtensions.Runner.CompositeWorkItem/<PerformWork>d__13:MoveNext () (at ./Library/PackageCache/com.unity.test-framework@7a3849e09bd0/UnityEngine.TestRunner/NUnitExtensions/Runner/CompositeWorkItem.cs:83)
UnityEngine.TestTools.TestRunner.PlaymodeTestsController/<TestRunnerCoroutine>d__25:MoveNext () (at ./Library/PackageCache/com.unity.test-framework@7a3849e09bd0/UnityEngine.TestRunner/TestRunner/PlaymodeTestsController.cs:100)
UnityEngine.SetupCoroutine:InvokeMoveNext (System.Collections.IEnumerator,intptr)

(Filename: Assets/Scripts/Editor/Testing/VarginhaBatchTestProgress.cs Line: 22)

QA result: Passed Game.Tests.PlayMode.VarginhaInventoryTests.BackpackOwnsPauseAndDoesNotOpenWithoutBackpackOrDuringDialogue
UnityEngine.Debug:ExtractStackTraceNoAlloc (byte*,int,string)
UnityEngine.StackTraceUtility:ExtractStackTrace ()
UnityEngine.DebugLogHandler:Internal_Log (UnityEngine.LogType,UnityEngine.LogOption,string,UnityEngine.Object)
UnityEngine.DebugLogHandler:LogFormat (UnityEngine.LogType,UnityEngine.Object,string,object[])
UnityEngine.Logger:Log (UnityEngine.LogType,object)
UnityEngine.Debug:Log (object)
Game.Editor.Testing.VarginhaBatchTestProgress:TestFinished (UnityEditor.TestTools.TestRunner.Api.ITestResultAdaptor) (at Assets/Scripts/Editor/Testing/VarginhaBatchTestProgress.cs:26)
UnityEditor.TestTools.TestRunner.Api.CallbacksDelegator/<>c__DisplayClass14_0:<TestFinished>b__0 (UnityEditor.TestTools.TestRunner.Api.ICallbacks) (at ./Library/PackageCache/com.unity.test-framework@7a3849e09bd0/UnityEditor.TestRunner/Api/CallbacksDelegator.cs:95)
UnityEditor.TestTools.TestRunner.Api.CallbacksDelegator:TryInvokeAllCallbacks (System.Action`1<UnityEditor.TestTools.TestRunner.Api.ICallbacks>) (at ./Library/PackageCache/com.unity.test-framework@7a3849e09bd0/UnityEditor.TestRunner/Api/CallbacksDelegator.cs:135)
UnityEditor.TestTools.TestRunner.Api.CallbacksDelegator:TestFinished (NUnit.Framework.Interfaces.ITestResult) (at ./Library/PackageCache/com.unity.test-framework@7a3849e09bd0/UnityEditor.TestRunner/Api/CallbacksDelegator.cs:95)
UnityEngine.Events.InvokableCall`1<NUnit.Framework.Interfaces.ITestResult>:Invoke (NUnit.Framework.Interfaces.ITestResult)
UnityEngine.Events.UnityEvent`1<NUnit.Framework.Interfaces.ITestResult>:Invoke (NUnit.Framework.Interfaces.ITestResult)
UnityEngine.Events.InvokableCall`1<NUnit.Framework.Interfaces.ITestResult>:Invoke (NUnit.Framework.Interfaces.ITestResult)
UnityEngine.Events.UnityEvent`1<NUnit.Framework.Interfaces.ITestResult>:Invoke (NUnit.Framework.Interfaces.ITestResult)
UnityEngine.TestTools.TestRunner.TestListenerWrapper:TestFinished (NUnit.Framework.Interfaces.ITestResult) (at ./Library/PackageCache/com.unity.test-framework@7a3849e09bd0/UnityEngine.TestRunner/TestRunner/TestListenerWrapper.cs:24)
UnityEngine.TestRunner.NUnitExtensions.Runner.UnityWorkItem:WorkItemComplete () (at ./Library/PackageCache/com.unity.test-framework@7a3849e09bd0/UnityEngine.TestRunner/NUnitExtensions/Runner/UnityWorkItem.cs:107)
UnityEngine.TestRunner.NUnitExtensions.Runner.DefaultTestWorkItem/<PerformWork>d__2:<>m__Finally1 () (at ./Library/PackageCache/com.unity.test-framework@7a3849e09bd0/UnityEngine.TestRunner/NUnitExtensions/Runner/DefaultTestWorkItem.cs:98)
UnityEngine.TestRunner.NUnitExtensions.Runner.DefaultTestWorkItem/<PerformWork>d__2:MoveNext () (at ./Library/PackageCache/com.unity.test-framework@7a3849e09bd0/UnityEngine.TestRunner/NUnitExtensions/Runner/DefaultTestWorkItem.cs:95)
UnityEngine.TestRunner.NUnitExtensions.Runner.CompositeWorkItem/<RunChildren>d__17:MoveNext () (at ./Library/PackageCache/com.unity.test-framework@7a3849e09bd0/UnityEngine.TestRunner/NUnitExtensions/Runner/CompositeWorkItem.cs:209)
UnityEngine.TestRunner.NUnitExtensions.Runner.CompositeWorkItem/<PerformWork>d__13:MoveNext () (at ./Library/PackageCache/com.unity.test-framework@7a3849e09bd0/UnityEngine.TestRunner/NUnitExtensions/Runner/CompositeWorkItem.cs:83)
UnityEngine.TestRunner.NUnitExtensions.Runner.CompositeWorkItem/<RunChildren>d__17:MoveNext () (at ./Library/PackageCache/com.unity.test-framework@7a3849e09bd0/UnityEngine.TestRunner/NUnitExtensions/Runner/CompositeWorkItem.cs:209)
UnityEngine.TestRunner.NUnitExtensions.Runner.CompositeWorkItem/<PerformWork>d__13:MoveNext () (at ./Library/PackageCache/com.unity.test-framework@7a3849e09bd0/UnityEngine.TestRunner/NUnitExtensions/Runner/CompositeWorkItem.cs:83)
UnityEngine.TestRunner.NUnitExtensions.Runner.CompositeWorkItem/<RunChildren>d__17:MoveNext () (at ./Library/PackageCache/com.unity.test-framework@7a3849e09bd0/UnityEngine.TestRunner/NUnitExtensions/Runner/CompositeWorkItem.cs:209)
UnityEngine.TestRunner.NUnitExtensions.Runner.CompositeWorkItem/<PerformWork>d__13:MoveNext () (at ./Library/PackageCache/com.unity.test-framework@7a3849e09bd0/UnityEngine.TestRunner/NUnitExtensions/Runner/CompositeWorkItem.cs:83)
UnityEngine.TestRunner.NUnitExtensions.Runner.CompositeWorkItem/<RunChildren>d__17:MoveNext () (at ./Library/PackageCache/com.unity.test-framework@7a3849e09bd0/UnityEngine.TestRunner/NUnitExtensions/Runner/CompositeWorkItem.cs:209)
UnityEngine.TestRunner.NUnitExtensions.Runner.CompositeWorkItem/<PerformWork>d__13:MoveNext () (at ./Library/PackageCache/com.unity.test-framework@7a3849e09bd0/UnityEngine.TestRunner/NUnitExtensions/Runner/CompositeWorkItem.cs:83)
UnityEngine.TestRunner.NUnitExtensions.Runner.CompositeWorkItem/<RunChildren>d__17:MoveNext () (at ./Library/PackageCache/com.unity.test-framework@7a3849e09bd0/UnityEngine.TestRunner/NUnitExtensions/Runner/CompositeWorkItem.cs:209)
UnityEngine.TestRunner.NUnitExtensions.Runner.CompositeWorkItem/<PerformWork>d__13:MoveNext () (at ./Library/PackageCache/com.unity.test-framework@7a3849e09bd0/UnityEngine.TestRunner/NUnitExtensions/Runner/CompositeWorkItem.cs:83)
UnityEngine.TestRunner.NUnitExtensions.Runner.CompositeWorkItem/<RunChildren>d__17:MoveNext () (at ./Library/PackageCache/com.unity.test-framework@7a3849e09bd0/UnityEngine.TestRunner/NUnitExtensions/Runner/CompositeWorkItem.cs:209)
UnityEngine.TestRunner.NUnitExtensions.Runner.CompositeWorkItem/<PerformWork>d__13:MoveNext () (at ./Library/PackageCache/com.unity.test-framework@7a3849e09bd0/UnityEngine.TestRunner/NUnitExtensions/Runner/CompositeWorkItem.cs:83)
UnityEngine.TestTools.TestRunner.PlaymodeTestsController/<TestRunnerCoroutine>d__25:MoveNext () (at ./Library/PackageCache/com.unity.test-framework@7a3849e09bd0/UnityEngine.TestRunner/TestRunner/PlaymodeTestsController.cs:100)
UnityEngine.SetupCoroutine:InvokeMoveNext (System.Collections.IEnumerator,intptr)

(Filename: Assets/Scripts/Editor/Testing/VarginhaBatchTestProgress.cs Line: 26)

QA test: Game.Tests.PlayMode.VarginhaInventoryTests.ConsumedItemsDisappearButKnowledgeAndBackpackRemain
UnityEngine.Debug:ExtractStackTraceNoAlloc (byte*,int,string)
UnityEngine.StackTraceUtility:ExtractStackTrace ()
UnityEngine.DebugLogHandler:Internal_Log (UnityEngine.LogType,UnityEngine.LogOption,string,UnityEngine.Object)
UnityEngine.DebugLogHandler:LogFormat (UnityEngine.LogType,UnityEngine.Object,string,object[])
UnityEngine.Logger:Log (UnityEngine.LogType,object)
UnityEngine.Debug:Log (object)
Game.Editor.Testing.VarginhaBatchTestProgress:TestStarted (UnityEditor.TestTools.TestRunner.Api.ITestAdaptor) (at Assets/Scripts/Editor/Testing/VarginhaBatchTestProgress.cs:22)
UnityEditor.TestTools.TestRunner.Api.CallbacksDelegator/<>c__DisplayClass12_0:<TestStarted>b__0 (UnityEditor.TestTools.TestRunner.Api.ICallbacks) (at ./Library/PackageCache/com.unity.test-framework@7a3849e09bd0/UnityEditor.TestRunner/Api/CallbacksDelegator.cs:81)
UnityEditor.TestTools.TestRunner.Api.CallbacksDelegator:TryInvokeAllCallbacks (System.Action`1<UnityEditor.TestTools.TestRunner.Api.ICallbacks>) (at ./Library/PackageCache/com.unity.test-framework@7a3849e09bd0/UnityEditor.TestRunner/Api/CallbacksDelegator.cs:135)
UnityEditor.TestTools.TestRunner.Api.CallbacksDelegator:TestStarted (NUnit.Framework.Interfaces.ITest) (at ./Library/PackageCache/com.unity.test-framework@7a3849e09bd0/UnityEditor.TestRunner/Api/CallbacksDelegator.cs:81)
UnityEngine.Events.InvokableCall`1<NUnit.Framework.Interfaces.ITest>:Invoke (NUnit.Framework.Interfaces.ITest)
UnityEngine.Events.UnityEvent`1<NUnit.Framework.Interfaces.ITest>:Invoke (NUnit.Framework.Interfaces.ITest)
UnityEngine.Events.InvokableCall`1<NUnit.Framework.Interfaces.ITest>:Invoke (NUnit.Framework.Interfaces.ITest)
UnityEngine.Events.UnityEvent`1<NUnit.Framework.Interfaces.ITest>:Invoke (NUnit.Framework.Interfaces.ITest)
UnityEngine.TestTools.TestRunner.TestListenerWrapper:TestStarted (NUnit.Framework.Interfaces.ITest) (at ./Library/PackageCache/com.unity.test-framework@7a3849e09bd0/UnityEngine.TestRunner/TestRunner/TestListenerWrapper.cs:19)
UnityEngine.TestRunner.NUnitExtensions.Runner.UnityWorkItem:Execute () (at ./Library/PackageCache/com.unity.test-framework@7a3849e09bd0/UnityEngine.TestRunner/NUnitExtensions/Runner/UnityWorkItem.cs:83)
UnityEngine.TestRunner.NUnitExtensions.Runner.CompositeWorkItem/<RunChildren>d__17:MoveNext () (at ./Library/PackageCache/com.unity.test-framework@7a3849e09bd0/UnityEngine.TestRunner/NUnitExtensions/Runner/CompositeWorkItem.cs:205)
UnityEngine.TestRunner.NUnitExtensions.Runner.CompositeWorkItem/<PerformWork>d__13:MoveNext () (at ./Library/PackageCache/com.unity.test-framework@7a3849e09bd0/UnityEngine.TestRunner/NUnitExtensions/Runner/CompositeWorkItem.cs:83)
UnityEngine.TestRunner.NUnitExtensions.Runner.CompositeWorkItem/<RunChildren>d__17:MoveNext () (at ./Library/PackageCache/com.unity.test-framework@7a3849e09bd0/UnityEngine.TestRunner/NUnitExtensions/Runner/CompositeWorkItem.cs:209)
UnityEngine.TestRunner.NUnitExtensions.Runner.CompositeWorkItem/<PerformWork>d__13:MoveNext () (at ./Library/PackageCache/com.unity.test-framework@7a3849e09bd0/UnityEngine.TestRunner/NUnitExtensions/Runner/CompositeWorkItem.cs:83)
UnityEngine.TestRunner.NUnitExtensions.Runner.CompositeWorkItem/<RunChildren>d__17:MoveNext () (at ./Library/PackageCache/com.unity.test-framework@7a3849e09bd0/UnityEngine.TestRunner/NUnitExtensions/Runner/CompositeWorkItem.cs:209)
UnityEngine.TestRunner.NUnitExtensions.Runner.CompositeWorkItem/<PerformWork>d__13:MoveNext () (at ./Library/PackageCache/com.unity.test-framework@7a3849e09bd0/UnityEngine.TestRunner/NUnitExtensions/Runner/CompositeWorkItem.cs:83)
UnityEngine.TestRunner.NUnitExtensions.Runner.CompositeWorkItem/<RunChildren>d__17:MoveNext () (at ./Library/PackageCache/com.unity.test-framework@7a3849e09bd0/UnityEngine.TestRunner/NUnitExtensions/Runner/CompositeWorkItem.cs:209)
UnityEngine.TestRunner.NUnitExtensions.Runner.CompositeWorkItem/<PerformWork>d__13:MoveNext () (at ./Library/PackageCache/com.unity.test-framework@7a3849e09bd0/UnityEngine.TestRunner/NUnitExtensions/Runner/CompositeWorkItem.cs:83)
UnityEngine.TestRunner.NUnitExtensions.Runner.CompositeWorkItem/<RunChildren>d__17:MoveNext () (at ./Library/PackageCache/com.unity.test-framework@7a3849e09bd0/UnityEngine.TestRunner/NUnitExtensions/Runner/CompositeWorkItem.cs:209)
UnityEngine.TestRunner.NUnitExtensions.Runner.CompositeWorkItem/<PerformWork>d__13:MoveNext () (at ./Library/PackageCache/com.unity.test-framework@7a3849e09bd0/UnityEngine.TestRunner/NUnitExtensions/Runner/CompositeWorkItem.cs:83)
UnityEngine.TestRunner.NUnitExtensions.Runner.CompositeWorkItem/<RunChildren>d__17:MoveNext () (at ./Library/PackageCache/com.unity.test-framework@7a3849e09bd0/UnityEngine.TestRunner/NUnitExtensions/Runner/CompositeWorkItem.cs:209)
UnityEngine.TestRunner.NUnitExtensions.Runner.CompositeWorkItem/<PerformWork>d__13:MoveNext () (at ./Library/PackageCache/com.unity.test-framework@7a3849e09bd0/UnityEngine.TestRunner/NUnitExtensions/Runner/CompositeWorkItem.cs:83)
UnityEngine.TestTools.TestRunner.PlaymodeTestsController/<TestRunnerCoroutine>d__25:MoveNext () (at ./Library/PackageCache/com.unity.test-framework@7a3849e09bd0/UnityEngine.TestRunner/TestRunner/PlaymodeTestsController.cs:100)
UnityEngine.SetupCoroutine:InvokeMoveNext (System.Collections.IEnumerator,intptr)

(Filename: Assets/Scripts/Editor/Testing/VarginhaBatchTestProgress.cs Line: 22)

QA result: Passed Game.Tests.PlayMode.VarginhaInventoryTests.ConsumedItemsDisappearButKnowledgeAndBackpackRemain
UnityEngine.Debug:ExtractStackTraceNoAlloc (byte*,int,string)
UnityEngine.StackTraceUtility:ExtractStackTrace ()
UnityEngine.DebugLogHandler:Internal_Log (UnityEngine.LogType,UnityEngine.LogOption,string,UnityEngine.Object)
UnityEngine.DebugLogHandler:LogFormat (UnityEngine.LogType,UnityEngine.Object,string,object[])
UnityEngine.Logger:Log (UnityEngine.LogType,object)
UnityEngine.Debug:Log (object)
Game.Editor.Testing.VarginhaBatchTestProgress:TestFinished (UnityEditor.TestTools.TestRunner.Api.ITestResultAdaptor) (at Assets/Scripts/Editor/Testing/VarginhaBatchTestProgress.cs:26)
UnityEditor.TestTools.TestRunner.Api.CallbacksDelegator/<>c__DisplayClass14_0:<TestFinished>b__0 (UnityEditor.TestTools.TestRunner.Api.ICallbacks) (at ./Library/PackageCache/com.unity.test-framework@7a3849e09bd0/UnityEditor.TestRunner/Api/CallbacksDelegator.cs:95)
UnityEditor.TestTools.TestRunner.Api.CallbacksDelegator:TryInvokeAllCallbacks (System.Action`1<UnityEditor.TestTools.TestRunner.Api.ICallbacks>) (at ./Library/PackageCache/com.unity.test-framework@7a3849e09bd0/UnityEditor.TestRunner/Api/CallbacksDelegator.cs:135)
UnityEditor.TestTools.TestRunner.Api.CallbacksDelegator:TestFinished (NUnit.Framework.Interfaces.ITestResult) (at ./Library/PackageCache/com.unity.test-framework@7a3849e09bd0/UnityEditor.TestRunner/Api/CallbacksDelegator.cs:95)
UnityEngine.Events.InvokableCall`1<NUnit.Framework.Interfaces.ITestResult>:Invoke (NUnit.Framework.Interfaces.ITestResult)
UnityEngine.Events.UnityEvent`1<NUnit.Framework.Interfaces.ITestResult>:Invoke (NUnit.Framework.Interfaces.ITestResult)
UnityEngine.Events.InvokableCall`1<NUnit.Framework.Interfaces.ITestResult>:Invoke (NUnit.Framework.Interfaces.ITestResult)
UnityEngine.Events.UnityEvent`1<NUnit.Framework.Interfaces.ITestResult>:Invoke (NUnit.Framework.Interfaces.ITestResult)
UnityEngine.TestTools.TestRunner.TestListenerWrapper:TestFinished (NUnit.Framework.Interfaces.ITestResult) (at ./Library/PackageCache/com.unity.test-framework@7a3849e09bd0/UnityEngine.TestRunner/TestRunner/TestListenerWrapper.cs:24)
UnityEngine.TestRunner.NUnitExtensions.Runner.UnityWorkItem:WorkItemComplete () (at ./Library/PackageCache/com.unity.test-framework@7a3849e09bd0/UnityEngine.TestRunner/NUnitExtensions/Runner/UnityWorkItem.cs:107)
UnityEngine.TestRunner.NUnitExtensions.Runner.DefaultTestWorkItem/<PerformWork>d__2:<>m__Finally1 () (at ./Library/PackageCache/com.unity.test-framework@7a3849e09bd0/UnityEngine.TestRunner/NUnitExtensions/Runner/DefaultTestWorkItem.cs:98)
UnityEngine.TestRunner.NUnitExtensions.Runner.DefaultTestWorkItem/<PerformWork>d__2:MoveNext () (at ./Library/PackageCache/com.unity.test-framework@7a3849e09bd0/UnityEngine.TestRunner/NUnitExtensions/Runner/DefaultTestWorkItem.cs:95)
UnityEngine.TestRunner.NUnitExtensions.Runner.CompositeWorkItem/<RunChildren>d__17:MoveNext () (at ./Library/PackageCache/com.unity.test-framework@7a3849e09bd0/UnityEngine.TestRunner/NUnitExtensions/Runner/CompositeWorkItem.cs:209)
UnityEngine.TestRunner.NUnitExtensions.Runner.CompositeWorkItem/<PerformWork>d__13:MoveNext () (at ./Library/PackageCache/com.unity.test-framework@7a3849e09bd0/UnityEngine.TestRunner/NUnitExtensions/Runner/CompositeWorkItem.cs:83)
UnityEngine.TestRunner.NUnitExtensions.Runner.CompositeWorkItem/<RunChildren>d__17:MoveNext () (at ./Library/PackageCache/com.unity.test-framework@7a3849e09bd0/UnityEngine.TestRunner/NUnitExtensions/Runner/CompositeWorkItem.cs:209)
UnityEngine.TestRunner.NUnitExtensions.Runner.CompositeWorkItem/<PerformWork>d__13:MoveNext () (at ./Library/PackageCache/com.unity.test-framework@7a3849e09bd0/UnityEngine.TestRunner/NUnitExtensions/Runner/CompositeWorkItem.cs:83)
UnityEngine.TestRunner.NUnitExtensions.Runner.CompositeWorkItem/<RunChildren>d__17:MoveNext () (at ./Library/PackageCache/com.unity.test-framework@7a3849e09bd0/UnityEngine.TestRunner/NUnitExtensions/Runner/CompositeWorkItem.cs:209)
UnityEngine.TestRunner.NUnitExtensions.Runner.CompositeWorkItem/<PerformWork>d__13:MoveNext () (at ./Library/PackageCache/com.unity.test-framework@7a3849e09bd0/UnityEngine.TestRunner/NUnitExtensions/Runner/CompositeWorkItem.cs:83)
UnityEngine.TestRunner.NUnitExtensions.Runner.CompositeWorkItem/<RunChildren>d__17:MoveNext () (at ./Library/PackageCache/com.unity.test-framework@7a3849e09bd0/UnityEngine.TestRunner/NUnitExtensions/Runner/CompositeWorkItem.cs:209)
UnityEngine.TestRunner.NUnitExtensions.Runner.CompositeWorkItem/<PerformWork>d__13:MoveNext () (at ./Library/PackageCache/com.unity.test-framework@7a3849e09bd0/UnityEngine.TestRunner/NUnitExtensions/Runner/CompositeWorkItem.cs:83)
UnityEngine.TestRunner.NUnitExtensions.Runner.CompositeWorkItem/<RunChildren>d__17:MoveNext () (at ./Library/PackageCache/com.unity.test-framework@7a3849e09bd0/UnityEngine.TestRunner/NUnitExtensions/Runner/CompositeWorkItem.cs:209)
UnityEngine.TestRunner.NUnitExtensions.Runner.CompositeWorkItem/<PerformWork>d__13:MoveNext () (at ./Library/PackageCache/com.unity.test-framework@7a3849e09bd0/UnityEngine.TestRunner/NUnitExtensions/Runner/CompositeWorkItem.cs:83)
UnityEngine.TestRunner.NUnitExtensions.Runner.CompositeWorkItem/<RunChildren>d__17:MoveNext () (at ./Library/PackageCache/com.unity.test-framework@7a3849e09bd0/UnityEngine.TestRunner/NUnitExtensions/Runner/CompositeWorkItem.cs:209)
UnityEngine.TestRunner.NUnitExtensions.Runner.CompositeWorkItem/<PerformWork>d__13:MoveNext () (at ./Library/PackageCache/com.unity.test-framework@7a3849e09bd0/UnityEngine.TestRunner/NUnitExtensions/Runner/CompositeWorkItem.cs:83)
UnityEngine.TestTools.TestRunner.PlaymodeTestsController/<TestRunnerCoroutine>d__25:MoveNext () (at ./Library/PackageCache/com.unity.test-framework@7a3849e09bd0/UnityEngine.TestRunner/TestRunner/PlaymodeTestsController.cs:100)
UnityEngine.SetupCoroutine:InvokeMoveNext (System.Collections.IEnumerator,intptr)

(Filename: Assets/Scripts/Editor/Testing/VarginhaBatchTestProgress.cs Line: 26)

QA test: Game.Tests.PlayMode.VarginhaInventoryTests.DoorHingeStaysFixedAndProjectionIsContinuous(False)
UnityEngine.Debug:ExtractStackTraceNoAlloc (byte*,int,string)
UnityEngine.StackTraceUtility:ExtractStackTrace ()
UnityEngine.DebugLogHandler:Internal_Log (UnityEngine.LogType,UnityEngine.LogOption,string,UnityEngine.Object)
UnityEngine.DebugLogHandler:LogFormat (UnityEngine.LogType,UnityEngine.Object,string,object[])
UnityEngine.Logger:Log (UnityEngine.LogType,object)
UnityEngine.Debug:Log (object)
Game.Editor.Testing.VarginhaBatchTestProgress:TestStarted (UnityEditor.TestTools.TestRunner.Api.ITestAdaptor) (at Assets/Scripts/Editor/Testing/VarginhaBatchTestProgress.cs:22)
UnityEditor.TestTools.TestRunner.Api.CallbacksDelegator/<>c__DisplayClass12_0:<TestStarted>b__0 (UnityEditor.TestTools.TestRunner.Api.ICallbacks) (at ./Library/PackageCache/com.unity.test-framework@7a3849e09bd0/UnityEditor.TestRunner/Api/CallbacksDelegator.cs:81)
UnityEditor.TestTools.TestRunner.Api.CallbacksDelegator:TryInvokeAllCallbacks (System.Action`1<UnityEditor.TestTools.TestRunner.Api.ICallbacks>) (at ./Library/PackageCache/com.unity.test-framework@7a3849e09bd0/UnityEditor.TestRunner/Api/CallbacksDelegator.cs:135)
UnityEditor.TestTools.TestRunner.Api.CallbacksDelegator:TestStarted (NUnit.Framework.Interfaces.ITest) (at ./Library/PackageCache/com.unity.test-framework@7a3849e09bd0/UnityEditor.TestRunner/Api/CallbacksDelegator.cs:81)
UnityEngine.Events.InvokableCall`1<NUnit.Framework.Interfaces.ITest>:Invoke (NUnit.Framework.Interfaces.ITest)
UnityEngine.Events.UnityEvent`1<NUnit.Framework.Interfaces.ITest>:Invoke (NUnit.Framework.Interfaces.ITest)
UnityEngine.Events.InvokableCall`1<NUnit.Framework.Interfaces.ITest>:Invoke (NUnit.Framework.Interfaces.ITest)
UnityEngine.Events.UnityEvent`1<NUnit.Framework.Interfaces.ITest>:Invoke (NUnit.Framework.Interfaces.ITest)
UnityEngine.TestTools.TestRunner.TestListenerWrapper:TestStarted (NUnit.Framework.Interfaces.ITest) (at ./Library/PackageCache/com.unity.test-framework@7a3849e09bd0/UnityEngine.TestRunner/TestRunner/TestListenerWrapper.cs:19)
UnityEngine.TestRunner.NUnitExtensions.Runner.UnityWorkItem:Execute () (at ./Library/PackageCache/com.unity.test-framework@7a3849e09bd0/UnityEngine.TestRunner/NUnitExtensions/Runner/UnityWorkItem.cs:83)
UnityEngine.TestRunner.NUnitExtensions.Runner.CompositeWorkItem/<RunChildren>d__17:MoveNext () (at ./Library/PackageCache/com.unity.test-framework@7a3849e09bd0/UnityEngine.TestRunner/NUnitExtensions/Runner/CompositeWorkItem.cs:205)
UnityEngine.TestRunner.NUnitExtensions.Runner.CompositeWorkItem/<PerformWork>d__13:MoveNext () (at ./Library/PackageCache/com.unity.test-framework@7a3849e09bd0/UnityEngine.TestRunner/NUnitExtensions/Runner/CompositeWorkItem.cs:83)
UnityEngine.TestRunner.NUnitExtensions.Runner.CompositeWorkItem/<RunChildren>d__17:MoveNext () (at ./Library/PackageCache/com.unity.test-framework@7a3849e09bd0/UnityEngine.TestRunner/NUnitExtensions/Runner/CompositeWorkItem.cs:209)
UnityEngine.TestRunner.NUnitExtensions.Runner.CompositeWorkItem/<PerformWork>d__13:MoveNext () (at ./Library/PackageCache/com.unity.test-framework@7a3849e09bd0/UnityEngine.TestRunner/NUnitExtensions/Runner/CompositeWorkItem.cs:83)
UnityEngine.TestRunner.NUnitExtensions.Runner.CompositeWorkItem/<RunChildren>d__17:MoveNext () (at ./Library/PackageCache/com.unity.test-framework@7a3849e09bd0/UnityEngine.TestRunner/NUnitExtensions/Runner/CompositeWorkItem.cs:209)
UnityEngine.TestRunner.NUnitExtensions.Runner.CompositeWorkItem/<PerformWork>d__13:MoveNext () (at ./Library/PackageCache/com.unity.test-framework@7a3849e09bd0/UnityEngine.TestRunner/NUnitExtensions/Runner/CompositeWorkItem.cs:83)
UnityEngine.TestRunner.NUnitExtensions.Runner.CompositeWorkItem/<RunChildren>d__17:MoveNext () (at ./Library/PackageCache/com.unity.test-framework@7a3849e09bd0/UnityEngine.TestRunner/NUnitExtensions/Runner/CompositeWorkItem.cs:209)
UnityEngine.TestRunner.NUnitExtensions.Runner.CompositeWorkItem/<PerformWork>d__13:MoveNext () (at ./Library/PackageCache/com.unity.test-framework@7a3849e09bd0/UnityEngine.TestRunner/NUnitExtensions/Runner/CompositeWorkItem.cs:83)
UnityEngine.TestRunner.NUnitExtensions.Runner.CompositeWorkItem/<RunChildren>d__17:MoveNext () (at ./Library/PackageCache/com.unity.test-framework@7a3849e09bd0/UnityEngine.TestRunner/NUnitExtensions/Runner/CompositeWorkItem.cs:209)
UnityEngine.TestRunner.NUnitExtensions.Runner.CompositeWorkItem/<PerformWork>d__13:MoveNext () (at ./Library/PackageCache/com.unity.test-framework@7a3849e09bd0/UnityEngine.TestRunner/NUnitExtensions/Runner/CompositeWorkItem.cs:83)
UnityEngine.TestRunner.NUnitExtensions.Runner.CompositeWorkItem/<RunChildren>d__17:MoveNext () (at ./Library/PackageCache/com.unity.test-framework@7a3849e09bd0/UnityEngine.TestRunner/NUnitExtensions/Runner/CompositeWorkItem.cs:209)
UnityEngine.TestRunner.NUnitExtensions.Runner.CompositeWorkItem/<PerformWork>d__13:MoveNext () (at ./Library/PackageCache/com.unity.test-framework@7a3849e09bd0/UnityEngine.TestRunner/NUnitExtensions/Runner/CompositeWorkItem.cs:83)
UnityEngine.TestRunner.NUnitExtensions.Runner.CompositeWorkItem/<RunChildren>d__17:MoveNext () (at ./Library/PackageCache/com.unity.test-framework@7a3849e09bd0/UnityEngine.TestRunner/NUnitExtensions/Runner/CompositeWorkItem.cs:209)
UnityEngine.TestRunner.NUnitExtensions.Runner.CompositeWorkItem/<PerformWork>d__13:MoveNext () (at ./Library/PackageCache/com.unity.test-framework@7a3849e09bd0/UnityEngine.TestRunner/NUnitExtensions/Runner/CompositeWorkItem.cs:83)
UnityEngine.TestTools.TestRunner.PlaymodeTestsController/<TestRunnerCoroutine>d__25:MoveNext () (at ./Library/PackageCache/com.unity.test-framework@7a3849e09bd0/UnityEngine.TestRunner/TestRunner/PlaymodeTestsController.cs:100)
UnityEngine.SetupCoroutine:InvokeMoveNext (System.Collections.IEnumerator,intptr)

(Filename: Assets/Scripts/Editor/Testing/VarginhaBatchTestProgress.cs Line: 22)

QA result: Passed Game.Tests.PlayMode.VarginhaInventoryTests.DoorHingeStaysFixedAndProjectionIsContinuous(False)
UnityEngine.Debug:ExtractStackTraceNoAlloc (byte*,int,string)
UnityEngine.StackTraceUtility:ExtractStackTrace ()
UnityEngine.DebugLogHandler:Internal_Log (UnityEngine.LogType,UnityEngine.LogOption,string,UnityEngine.Object)
UnityEngine.DebugLogHandler:LogFormat (UnityEngine.LogType,UnityEngine.Object,string,object[])
UnityEngine.Logger:Log (UnityEngine.LogType,object)
UnityEngine.Debug:Log (object)
Game.Editor.Testing.VarginhaBatchTestProgress:TestFinished (UnityEditor.TestTools.TestRunner.Api.ITestResultAdaptor) (at Assets/Scripts/Editor/Testing/VarginhaBatchTestProgress.cs:26)
UnityEditor.TestTools.TestRunner.Api.CallbacksDelegator/<>c__DisplayClass14_0:<TestFinished>b__0 (UnityEditor.TestTools.TestRunner.Api.ICallbacks) (at ./Library/PackageCache/com.unity.test-framework@7a3849e09bd0/UnityEditor.TestRunner/Api/CallbacksDelegator.cs:95)
UnityEditor.TestTools.TestRunner.Api.CallbacksDelegator:TryInvokeAllCallbacks (System.Action`1<UnityEditor.TestTools.TestRunner.Api.ICallbacks>) (at ./Library/PackageCache/com.unity.test-framework@7a3849e09bd0/UnityEditor.TestRunner/Api/CallbacksDelegator.cs:135)
UnityEditor.TestTools.TestRunner.Api.CallbacksDelegator:TestFinished (NUnit.Framework.Interfaces.ITestResult) (at ./Library/PackageCache/com.unity.test-framework@7a3849e09bd0/UnityEditor.TestRunner/Api/CallbacksDelegator.cs:95)
UnityEngine.Events.InvokableCall`1<NUnit.Framework.Interfaces.ITestResult>:Invoke (NUnit.Framework.Interfaces.ITestResult)
UnityEngine.Events.UnityEvent`1<NUnit.Framework.Interfaces.ITestResult>:Invoke (NUnit.Framework.Interfaces.ITestResult)
UnityEngine.Events.InvokableCall`1<NUnit.Framework.Interfaces.ITestResult>:Invoke (NUnit.Framework.Interfaces.ITestResult)
UnityEngine.Events.UnityEvent`1<NUnit.Framework.Interfaces.ITestResult>:Invoke (NUnit.Framework.Interfaces.ITestResult)
UnityEngine.TestTools.TestRunner.TestListenerWrapper:TestFinished (NUnit.Framework.Interfaces.ITestResult) (at ./Library/PackageCache/com.unity.test-framework@7a3849e09bd0/UnityEngine.TestRunner/TestRunner/TestListenerWrapper.cs:24)
UnityEngine.TestRunner.NUnitExtensions.Runner.UnityWorkItem:WorkItemComplete () (at ./Library/PackageCache/com.unity.test-framework@7a3849e09bd0/UnityEngine.TestRunner/NUnitExtensions/Runner/UnityWorkItem.cs:107)
UnityEngine.TestRunner.NUnitExtensions.Runner.DefaultTestWorkItem/<PerformWork>d__2:<>m__Finally1 () (at ./Library/PackageCache/com.unity.test-framework@7a3849e09bd0/UnityEngine.TestRunner/NUnitExtensions/Runner/DefaultTestWorkItem.cs:98)
UnityEngine.TestRunner.NUnitExtensions.Runner.DefaultTestWorkItem/<PerformWork>d__2:MoveNext () (at ./Library/PackageCache/com.unity.test-framework@7a3849e09bd0/UnityEngine.TestRunner/NUnitExtensions/Runner/DefaultTestWorkItem.cs:95)
UnityEngine.TestRunner.NUnitExtensions.Runner.CompositeWorkItem/<RunChildren>d__17:MoveNext () (at ./Library/PackageCache/com.unity.test-framework@7a3849e09bd0/UnityEngine.TestRunner/NUnitExtensions/Runner/CompositeWorkItem.cs:209)
UnityEngine.TestRunner.NUnitExtensions.Runner.CompositeWorkItem/<PerformWork>d__13:MoveNext () (at ./Library/PackageCache/com.unity.test-framework@7a3849e09bd0/UnityEngine.TestRunner/NUnitExtensions/Runner/CompositeWorkItem.cs:83)
UnityEngine.TestRunner.NUnitExtensions.Runner.CompositeWorkItem/<RunChildren>d__17:MoveNext () (at ./Library/PackageCache/com.unity.test-framework@7a3849e09bd0/UnityEngine.TestRunner/NUnitExtensions/Runner/CompositeWorkItem.cs:209)
UnityEngine.TestRunner.NUnitExtensions.Runner.CompositeWorkItem/<PerformWork>d__13:MoveNext () (at ./Library/PackageCache/com.unity.test-framework@7a3849e09bd0/UnityEngine.TestRunner/NUnitExtensions/Runner/CompositeWorkItem.cs:83)
UnityEngine.TestRunner.NUnitExtensions.Runner.CompositeWorkItem/<RunChildren>d__17:MoveNext () (at ./Library/PackageCache/com.unity.test-framework@7a3849e09bd0/UnityEngine.TestRunner/NUnitExtensions/Runner/CompositeWorkItem.cs:209)
UnityEngine.TestRunner.NUnitExtensions.Runner.CompositeWorkItem/<PerformWork>d__13:MoveNext () (at ./Library/PackageCache/com.unity.test-framework@7a3849e09bd0/UnityEngine.TestRunner/NUnitExtensions/Runner/CompositeWorkItem.cs:83)
UnityEngine.TestRunner.NUnitExtensions.Runner.CompositeWorkItem/<RunChildren>d__17:MoveNext () (at ./Library/PackageCache/com.unity.test-framework@7a3849e09bd0/UnityEngine.TestRunner/NUnitExtensions/Runner/CompositeWorkItem.cs:209)
UnityEngine.TestRunner.NUnitExtensions.Runner.CompositeWorkItem/<PerformWork>d__13:MoveNext () (at ./Library/PackageCache/com.unity.test-framework@7a3849e09bd0/UnityEngine.TestRunner/NUnitExtensions/Runner/CompositeWorkItem.cs:83)
UnityEngine.TestRunner.NUnitExtensions.Runner.CompositeWorkItem/<RunChildren>d__17:MoveNext () (at ./Library/PackageCache/com.unity.test-framework@7a3849e09bd0/UnityEngine.TestRunner/NUnitExtensions/Runner/CompositeWorkItem.cs:209)
UnityEngine.TestRunner.NUnitExtensions.Runner.CompositeWorkItem/<PerformWork>d__13:MoveNext () (at ./Library/PackageCache/com.unity.test-framework@7a3849e09bd0/UnityEngine.TestRunner/NUnitExtensions/Runner/CompositeWorkItem.cs:83)
UnityEngine.TestRunner.NUnitExtensions.Runner.CompositeWorkItem/<RunChildren>d__17:MoveNext () (at ./Library/PackageCache/com.unity.test-framework@7a3849e09bd0/UnityEngine.TestRunner/NUnitExtensions/Runner/CompositeWorkItem.cs:209)
UnityEngine.TestRunner.NUnitExtensions.Runner.CompositeWorkItem/<PerformWork>d__13:MoveNext () (at ./Library/PackageCache/com.unity.test-framework@7a3849e09bd0/UnityEngine.TestRunner/NUnitExtensions/Runner/CompositeWorkItem.cs:83)
UnityEngine.TestRunner.NUnitExtensions.Runner.CompositeWorkItem/<RunChildren>d__17:MoveNext () (at ./Library/PackageCache/com.unity.test-framework@7a3849e09bd0/UnityEngine.TestRunner/NUnitExtensions/Runner/CompositeWorkItem.cs:209)
UnityEngine.TestRunner.NUnitExtensions.Runner.CompositeWorkItem/<PerformWork>d__13:MoveNext () (at ./Library/PackageCache/com.unity.test-framework@7a3849e09bd0/UnityEngine.TestRunner/NUnitExtensions/Runner/CompositeWorkItem.cs:83)
UnityEngine.TestTools.TestRunner.PlaymodeTestsController/<TestRunnerCoroutine>d__25:MoveNext () (at ./Library/PackageCache/com.unity.test-framework@7a3849e09bd0/UnityEngine.TestRunner/TestRunner/PlaymodeTestsController.cs:100)
UnityEngine.SetupCoroutine:InvokeMoveNext (System.Collections.IEnumerator,intptr)

(Filename: Assets/Scripts/Editor/Testing/VarginhaBatchTestProgress.cs Line: 26)

QA test: Game.Tests.PlayMode.VarginhaInventoryTests.DoorHingeStaysFixedAndProjectionIsContinuous(True)
UnityEngine.Debug:ExtractStackTraceNoAlloc (byte*,int,string)
UnityEngine.StackTraceUtility:ExtractStackTrace ()
UnityEngine.DebugLogHandler:Internal_Log (UnityEngine.LogType,UnityEngine.LogOption,string,UnityEngine.Object)
UnityEngine.DebugLogHandler:LogFormat (UnityEngine.LogType,UnityEngine.Object,string,object[])
UnityEngine.Logger:Log (UnityEngine.LogType,object)
UnityEngine.Debug:Log (object)
Game.Editor.Testing.VarginhaBatchTestProgress:TestStarted (UnityEditor.TestTools.TestRunner.Api.ITestAdaptor) (at Assets/Scripts/Editor/Testing/VarginhaBatchTestProgress.cs:22)
UnityEditor.TestTools.TestRunner.Api.CallbacksDelegator/<>c__DisplayClass12_0:<TestStarted>b__0 (UnityEditor.TestTools.TestRunner.Api.ICallbacks) (at ./Library/PackageCache/com.unity.test-framework@7a3849e09bd0/UnityEditor.TestRunner/Api/CallbacksDelegator.cs:81)
UnityEditor.TestTools.TestRunner.Api.CallbacksDelegator:TryInvokeAllCallbacks (System.Action`1<UnityEditor.TestTools.TestRunner.Api.ICallbacks>) (at ./Library/PackageCache/com.unity.test-framework@7a3849e09bd0/UnityEditor.TestRunner/Api/CallbacksDelegator.cs:135)
UnityEditor.TestTools.TestRunner.Api.CallbacksDelegator:TestStarted (NUnit.Framework.Interfaces.ITest) (at ./Library/PackageCache/com.unity.test-framework@7a3849e09bd0/UnityEditor.TestRunner/Api/CallbacksDelegator.cs:81)
UnityEngine.Events.InvokableCall`1<NUnit.Framework.Interfaces.ITest>:Invoke (NUnit.Framework.Interfaces.ITest)
UnityEngine.Events.UnityEvent`1<NUnit.Framework.Interfaces.ITest>:Invoke (NUnit.Framework.Interfaces.ITest)
UnityEngine.Events.InvokableCall`1<NUnit.Framework.Interfaces.ITest>:Invoke (NUnit.Framework.Interfaces.ITest)
UnityEngine.Events.UnityEvent`1<NUnit.Framework.Interfaces.ITest>:Invoke (NUnit.Framework.Interfaces.ITest)
UnityEngine.TestTools.TestRunner.TestListenerWrapper:TestStarted (NUnit.Framework.Interfaces.ITest) (at ./Library/PackageCache/com.unity.test-framework@7a3849e09bd0/UnityEngine.TestRunner/TestRunner/TestListenerWrapper.cs:19)
UnityEngine.TestRunner.NUnitExtensions.Runner.UnityWorkItem:Execute () (at ./Library/PackageCache/com.unity.test-framework@7a3849e09bd0/UnityEngine.TestRunner/NUnitExtensions/Runner/UnityWorkItem.cs:83)
UnityEngine.TestRunner.NUnitExtensions.Runner.CompositeWorkItem/<RunChildren>d__17:MoveNext () (at ./Library/PackageCache/com.unity.test-framework@7a3849e09bd0/UnityEngine.TestRunner/NUnitExtensions/Runner/CompositeWorkItem.cs:205)
UnityEngine.TestRunner.NUnitExtensions.Runner.CompositeWorkItem/<PerformWork>d__13:MoveNext () (at ./Library/PackageCache/com.unity.test-framework@7a3849e09bd0/UnityEngine.TestRunner/NUnitExtensions/Runner/CompositeWorkItem.cs:83)
UnityEngine.TestRunner.NUnitExtensions.Runner.CompositeWorkItem/<RunChildren>d__17:MoveNext () (at ./Library/PackageCache/com.unity.test-framework@7a3849e09bd0/UnityEngine.TestRunner/NUnitExtensions/Runner/CompositeWorkItem.cs:209)
UnityEngine.TestRunner.NUnitExtensions.Runner.CompositeWorkItem/<PerformWork>d__13:MoveNext () (at ./Library/PackageCache/com.unity.test-framework@7a3849e09bd0/UnityEngine.TestRunner/NUnitExtensions/Runner/CompositeWorkItem.cs:83)
UnityEngine.TestRunner.NUnitExtensions.Runner.CompositeWorkItem/<RunChildren>d__17:MoveNext () (at ./Library/PackageCache/com.unity.test-framework@7a3849e09bd0/UnityEngine.TestRunner/NUnitExtensions/Runner/CompositeWorkItem.cs:209)
UnityEngine.TestRunner.NUnitExtensions.Runner.CompositeWorkItem/<PerformWork>d__13:MoveNext () (at ./Library/PackageCache/com.unity.test-framework@7a3849e09bd0/UnityEngine.TestRunner/NUnitExtensions/Runner/CompositeWorkItem.cs:83)
UnityEngine.TestRunner.NUnitExtensions.Runner.CompositeWorkItem/<RunChildren>d__17:MoveNext () (at ./Library/PackageCache/com.unity.test-framework@7a3849e09bd0/UnityEngine.TestRunner/NUnitExtensions/Runner/CompositeWorkItem.cs:209)
UnityEngine.TestRunner.NUnitExtensions.Runner.CompositeWorkItem/<PerformWork>d__13:MoveNext () (at ./Library/PackageCache/com.unity.test-framework@7a3849e09bd0/UnityEngine.TestRunner/NUnitExtensions/Runner/CompositeWorkItem.cs:83)
UnityEngine.TestRunner.NUnitExtensions.Runner.CompositeWorkItem/<RunChildren>d__17:MoveNext () (at ./Library/PackageCache/com.unity.test-framework@7a3849e09bd0/UnityEngine.TestRunner/NUnitExtensions/Runner/CompositeWorkItem.cs:209)
UnityEngine.TestRunner.NUnitExtensions.Runner.CompositeWorkItem/<PerformWork>d__13:MoveNext () (at ./Library/PackageCache/com.unity.test-framework@7a3849e09bd0/UnityEngine.TestRunner/NUnitExtensions/Runner/CompositeWorkItem.cs:83)
UnityEngine.TestRunner.NUnitExtensions.Runner.CompositeWorkItem/<RunChildren>d__17:MoveNext () (at ./Library/PackageCache/com.unity.test-framework@7a3849e09bd0/UnityEngine.TestRunner/NUnitExtensions/Runner/CompositeWorkItem.cs:209)
UnityEngine.TestRunner.NUnitExtensions.Runner.CompositeWorkItem/<PerformWork>d__13:MoveNext () (at ./Library/PackageCache/com.unity.test-framework@7a3849e09bd0/UnityEngine.TestRunner/NUnitExtensions/Runner/CompositeWorkItem.cs:83)
UnityEngine.TestRunner.NUnitExtensions.Runner.CompositeWorkItem/<RunChildren>d__17:MoveNext () (at ./Library/PackageCache/com.unity.test-framework@7a3849e09bd0/UnityEngine.TestRunner/NUnitExtensions/Runner/CompositeWorkItem.cs:209)
UnityEngine.TestRunner.NUnitExtensions.Runner.CompositeWorkItem/<PerformWork>d__13:MoveNext () (at ./Library/PackageCache/com.unity.test-framework@7a3849e09bd0/UnityEngine.TestRunner/NUnitExtensions/Runner/CompositeWorkItem.cs:83)
UnityEngine.TestTools.TestRunner.PlaymodeTestsController/<TestRunnerCoroutine>d__25:MoveNext () (at ./Library/PackageCache/com.unity.test-framework@7a3849e09bd0/UnityEngine.TestRunner/TestRunner/PlaymodeTestsController.cs:100)
UnityEngine.SetupCoroutine:InvokeMoveNext (System.Collections.IEnumerator,intptr)

(Filename: Assets/Scripts/Editor/Testing/VarginhaBatchTestProgress.cs Line: 22)

QA result: Passed Game.Tests.PlayMode.VarginhaInventoryTests.DoorHingeStaysFixedAndProjectionIsContinuous(True)
UnityEngine.Debug:ExtractStackTraceNoAlloc (byte*,int,string)
UnityEngine.StackTraceUtility:ExtractStackTrace ()
UnityEngine.DebugLogHandler:Internal_Log (UnityEngine.LogType,UnityEngine.LogOption,string,UnityEngine.Object)
UnityEngine.DebugLogHandler:LogFormat (UnityEngine.LogType,UnityEngine.Object,string,object[])
UnityEngine.Logger:Log (UnityEngine.LogType,object)
UnityEngine.Debug:Log (object)
Game.Editor.Testing.VarginhaBatchTestProgress:TestFinished (UnityEditor.TestTools.TestRunner.Api.ITestResultAdaptor) (at Assets/Scripts/Editor/Testing/VarginhaBatchTestProgress.cs:26)
UnityEditor.TestTools.TestRunner.Api.CallbacksDelegator/<>c__DisplayClass14_0:<TestFinished>b__0 (UnityEditor.TestTools.TestRunner.Api.ICallbacks) (at ./Library/PackageCache/com.unity.test-framework@7a3849e09bd0/UnityEditor.TestRunner/Api/CallbacksDelegator.cs:95)
UnityEditor.TestTools.TestRunner.Api.CallbacksDelegator:TryInvokeAllCallbacks (System.Action`1<UnityEditor.TestTools.TestRunner.Api.ICallbacks>) (at ./Library/PackageCache/com.unity.test-framework@7a3849e09bd0/UnityEditor.TestRunner/Api/CallbacksDelegator.cs:135)
UnityEditor.TestTools.TestRunner.Api.CallbacksDelegator:TestFinished (NUnit.Framework.Interfaces.ITestResult) (at ./Library/PackageCache/com.unity.test-framework@7a3849e09bd0/UnityEditor.TestRunner/Api/CallbacksDelegator.cs:95)
UnityEngine.Events.InvokableCall`1<NUnit.Framework.Interfaces.ITestResult>:Invoke (NUnit.Framework.Interfaces.ITestResult)
UnityEngine.Events.UnityEvent`1<NUnit.Framework.Interfaces.ITestResult>:Invoke (NUnit.Framework.Interfaces.ITestResult)
UnityEngine.Events.InvokableCall`1<NUnit.Framework.Interfaces.ITestResult>:Invoke (NUnit.Framework.Interfaces.ITestResult)
UnityEngine.Events.UnityEvent`1<NUnit.Framework.Interfaces.ITestResult>:Invoke (NUnit.Framework.Interfaces.ITestResult)
UnityEngine.TestTools.TestRunner.TestListenerWrapper:TestFinished (NUnit.Framework.Interfaces.ITestResult) (at ./Library/PackageCache/com.unity.test-framework@7a3849e09bd0/UnityEngine.TestRunner/TestRunner/TestListenerWrapper.cs:24)
UnityEngine.TestRunner.NUnitExtensions.Runner.UnityWorkItem:WorkItemComplete () (at ./Library/PackageCache/com.unity.test-framework@7a3849e09bd0/UnityEngine.TestRunner/NUnitExtensions/Runner/UnityWorkItem.cs:107)
UnityEngine.TestRunner.NUnitExtensions.Runner.DefaultTestWorkItem/<PerformWork>d__2:<>m__Finally1 () (at ./Library/PackageCache/com.unity.test-framework@7a3849e09bd0/UnityEngine.TestRunner/NUnitExtensions/Runner/DefaultTestWorkItem.cs:98)
UnityEngine.TestRunner.NUnitExtensions.Runner.DefaultTestWorkItem/<PerformWork>d__2:MoveNext () (at ./Library/PackageCache/com.unity.test-framework@7a3849e09bd0/UnityEngine.TestRunner/NUnitExtensions/Runner/DefaultTestWorkItem.cs:95)
UnityEngine.TestRunner.NUnitExtensions.Runner.CompositeWorkItem/<RunChildren>d__17:MoveNext () (at ./Library/PackageCache/com.unity.test-framework@7a3849e09bd0/UnityEngine.TestRunner/NUnitExtensions/Runner/CompositeWorkItem.cs:209)
UnityEngine.TestRunner.NUnitExtensions.Runner.CompositeWorkItem/<PerformWork>d__13:MoveNext () (at ./Library/PackageCache/com.unity.test-framework@7a3849e09bd0/UnityEngine.TestRunner/NUnitExtensions/Runner/CompositeWorkItem.cs:83)
UnityEngine.TestRunner.NUnitExtensions.Runner.CompositeWorkItem/<RunChildren>d__17:MoveNext () (at ./Library/PackageCache/com.unity.test-framework@7a3849e09bd0/UnityEngine.TestRunner/NUnitExtensions/Runner/CompositeWorkItem.cs:209)
UnityEngine.TestRunner.NUnitExtensions.Runner.CompositeWorkItem/<PerformWork>d__13:MoveNext () (at ./Library/PackageCache/com.unity.test-framework@7a3849e09bd0/UnityEngine.TestRunner/NUnitExtensions/Runner/CompositeWorkItem.cs:83)
UnityEngine.TestRunner.NUnitExtensions.Runner.CompositeWorkItem/<RunChildren>d__17:MoveNext () (at ./Library/PackageCache/com.unity.test-framework@7a3849e09bd0/UnityEngine.TestRunner/NUnitExtensions/Runner/CompositeWorkItem.cs:209)
UnityEngine.TestRunner.NUnitExtensions.Runner.CompositeWorkItem/<PerformWork>d__13:MoveNext () (at ./Library/PackageCache/com.unity.test-framework@7a3849e09bd0/UnityEngine.TestRunner/NUnitExtensions/Runner/CompositeWorkItem.cs:83)
UnityEngine.TestRunner.NUnitExtensions.Runner.CompositeWorkItem/<RunChildren>d__17:MoveNext () (at ./Library/PackageCache/com.unity.test-framework@7a3849e09bd0/UnityEngine.TestRunner/NUnitExtensions/Runner/CompositeWorkItem.cs:209)
UnityEngine.TestRunner.NUnitExtensions.Runner.CompositeWorkItem/<PerformWork>d__13:MoveNext () (at ./Library/PackageCache/com.unity.test-framework@7a3849e09bd0/UnityEngine.TestRunner/NUnitExtensions/Runner/CompositeWorkItem.cs:83)
UnityEngine.TestRunner.NUnitExtensions.Runner.CompositeWorkItem/<RunChildren>d__17:MoveNext () (at ./Library/PackageCache/com.unity.test-framework@7a3849e09bd0/UnityEngine.TestRunner/NUnitExtensions/Runner/CompositeWorkItem.cs:209)
UnityEngine.TestRunner.NUnitExtensions.Runner.CompositeWorkItem/<PerformWork>d__13:MoveNext () (at ./Library/PackageCache/com.unity.test-framework@7a3849e09bd0/UnityEngine.TestRunner/NUnitExtensions/Runner/CompositeWorkItem.cs:83)
UnityEngine.TestRunner.NUnitExtensions.Runner.CompositeWorkItem/<RunChildren>d__17:MoveNext () (at ./Library/PackageCache/com.unity.test-framework@7a3849e09bd0/UnityEngine.TestRunner/NUnitExtensions/Runner/CompositeWorkItem.cs:209)
UnityEngine.TestRunner.NUnitExtensions.Runner.CompositeWorkItem/<PerformWork>d__13:MoveNext () (at ./Library/PackageCache/com.unity.test-framework@7a3849e09bd0/UnityEngine.TestRunner/NUnitExtensions/Runner/CompositeWorkItem.cs:83)
UnityEngine.TestRunner.NUnitExtensions.Runner.CompositeWorkItem/<RunChildren>d__17:MoveNext () (at ./Library/PackageCache/com.unity.test-framework@7a3849e09bd0/UnityEngine.TestRunner/NUnitExtensions/Runner/CompositeWorkItem.cs:209)
UnityEngine.TestRunner.NUnitExtensions.Runner.CompositeWorkItem/<PerformWork>d__13:MoveNext () (at ./Library/PackageCache/com.unity.test-framework@7a3849e09bd0/UnityEngine.TestRunner/NUnitExtensions/Runner/CompositeWorkItem.cs:83)
UnityEngine.TestTools.TestRunner.PlaymodeTestsController/<TestRunnerCoroutine>d__25:MoveNext () (at ./Library/PackageCache/com.unity.test-framework@7a3849e09bd0/UnityEngine.TestRunner/TestRunner/PlaymodeTestsController.cs:100)
UnityEngine.SetupCoroutine:InvokeMoveNext (System.Collections.IEnumerator,intptr)

(Filename: Assets/Scripts/Editor/Testing/VarginhaBatchTestProgress.cs Line: 26)

QA test: Game.Tests.PlayMode.VarginhaInventoryTests.EquippedStudentDoesNotRotateAndChangingDoesNotResetCooldowns
UnityEngine.Debug:ExtractStackTraceNoAlloc (byte*,int,string)
UnityEngine.StackTraceUtility:ExtractStackTrace ()
UnityEngine.DebugLogHandler:Internal_Log (UnityEngine.LogType,UnityEngine.LogOption,string,UnityEngine.Object)
UnityEngine.DebugLogHandler:LogFormat (UnityEngine.LogType,UnityEngine.Object,string,object[])
UnityEngine.Logger:Log (UnityEngine.LogType,object)
UnityEngine.Debug:Log (object)
Game.Editor.Testing.VarginhaBatchTestProgress:TestStarted (UnityEditor.TestTools.TestRunner.Api.ITestAdaptor) (at Assets/Scripts/Editor/Testing/VarginhaBatchTestProgress.cs:22)
UnityEditor.TestTools.TestRunner.Api.CallbacksDelegator/<>c__DisplayClass12_0:<TestStarted>b__0 (UnityEditor.TestTools.TestRunner.Api.ICallbacks) (at ./Library/PackageCache/com.unity.test-framework@7a3849e09bd0/UnityEditor.TestRunner/Api/CallbacksDelegator.cs:81)
UnityEditor.TestTools.TestRunner.Api.CallbacksDelegator:TryInvokeAllCallbacks (System.Action`1<UnityEditor.TestTools.TestRunner.Api.ICallbacks>) (at ./Library/PackageCache/com.unity.test-framework@7a3849e09bd0/UnityEditor.TestRunner/Api/CallbacksDelegator.cs:135)
UnityEditor.TestTools.TestRunner.Api.CallbacksDelegator:TestStarted (NUnit.Framework.Interfaces.ITest) (at ./Library/PackageCache/com.unity.test-framework@7a3849e09bd0/UnityEditor.TestRunner/Api/CallbacksDelegator.cs:81)
UnityEngine.Events.InvokableCall`1<NUnit.Framework.Interfaces.ITest>:Invoke (NUnit.Framework.Interfaces.ITest)
UnityEngine.Events.UnityEvent`1<NUnit.Framework.Interfaces.ITest>:Invoke (NUnit.Framework.Interfaces.ITest)
UnityEngine.Events.InvokableCall`1<NUnit.Framework.Interfaces.ITest>:Invoke (NUnit.Framework.Interfaces.ITest)
UnityEngine.Events.UnityEvent`1<NUnit.Framework.Interfaces.ITest>:Invoke (NUnit.Framework.Interfaces.ITest)
UnityEngine.TestTools.TestRunner.TestListenerWrapper:TestStarted (NUnit.Framework.Interfaces.ITest) (at ./Library/PackageCache/com.unity.test-framework@7a3849e09bd0/UnityEngine.TestRunner/TestRunner/TestListenerWrapper.cs:19)
UnityEngine.TestRunner.NUnitExtensions.Runner.UnityWorkItem:Execute () (at ./Library/PackageCache/com.unity.test-framework@7a3849e09bd0/UnityEngine.TestRunner/NUnitExtensions/Runner/UnityWorkItem.cs:83)
UnityEngine.TestRunner.NUnitExtensions.Runner.CompositeWorkItem/<RunChildren>d__17:MoveNext () (at ./Library/PackageCache/com.unity.test-framework@7a3849e09bd0/UnityEngine.TestRunner/NUnitExtensions/Runner/CompositeWorkItem.cs:205)
UnityEngine.TestRunner.NUnitExtensions.Runner.CompositeWorkItem/<PerformWork>d__13:MoveNext () (at ./Library/PackageCache/com.unity.test-framework@7a3849e09bd0/UnityEngine.TestRunner/NUnitExtensions/Runner/CompositeWorkItem.cs:83)
UnityEngine.TestRunner.NUnitExtensions.Runner.CompositeWorkItem/<RunChildren>d__17:MoveNext () (at ./Library/PackageCache/com.unity.test-framework@7a3849e09bd0/UnityEngine.TestRunner/NUnitExtensions/Runner/CompositeWorkItem.cs:209)
UnityEngine.TestRunner.NUnitExtensions.Runner.CompositeWorkItem/<PerformWork>d__13:MoveNext () (at ./Library/PackageCache/com.unity.test-framework@7a3849e09bd0/UnityEngine.TestRunner/NUnitExtensions/Runner/CompositeWorkItem.cs:83)
UnityEngine.TestRunner.NUnitExtensions.Runner.CompositeWorkItem/<RunChildren>d__17:MoveNext () (at ./Library/PackageCache/com.unity.test-framework@7a3849e09bd0/UnityEngine.TestRunner/NUnitExtensions/Runner/CompositeWorkItem.cs:209)
UnityEngine.TestRunner.NUnitExtensions.Runner.CompositeWorkItem/<PerformWork>d__13:MoveNext () (at ./Library/PackageCache/com.unity.test-framework@7a3849e09bd0/UnityEngine.TestRunner/NUnitExtensions/Runner/CompositeWorkItem.cs:83)
UnityEngine.TestRunner.NUnitExtensions.Runner.CompositeWorkItem/<RunChildren>d__17:MoveNext () (at ./Library/PackageCache/com.unity.test-framework@7a3849e09bd0/UnityEngine.TestRunner/NUnitExtensions/Runner/CompositeWorkItem.cs:209)
UnityEngine.TestRunner.NUnitExtensions.Runner.CompositeWorkItem/<PerformWork>d__13:MoveNext () (at ./Library/PackageCache/com.unity.test-framework@7a3849e09bd0/UnityEngine.TestRunner/NUnitExtensions/Runner/CompositeWorkItem.cs:83)
UnityEngine.TestRunner.NUnitExtensions.Runner.CompositeWorkItem/<RunChildren>d__17:MoveNext () (at ./Library/PackageCache/com.unity.test-framework@7a3849e09bd0/UnityEngine.TestRunner/NUnitExtensions/Runner/CompositeWorkItem.cs:209)
UnityEngine.TestRunner.NUnitExtensions.Runner.CompositeWorkItem/<PerformWork>d__13:MoveNext () (at ./Library/PackageCache/com.unity.test-framework@7a3849e09bd0/UnityEngine.TestRunner/NUnitExtensions/Runner/CompositeWorkItem.cs:83)
UnityEngine.TestRunner.NUnitExtensions.Runner.CompositeWorkItem/<RunChildren>d__17:MoveNext () (at ./Library/PackageCache/com.unity.test-framework@7a3849e09bd0/UnityEngine.TestRunner/NUnitExtensions/Runner/CompositeWorkItem.cs:209)
UnityEngine.TestRunner.NUnitExtensions.Runner.CompositeWorkItem/<PerformWork>d__13:MoveNext () (at ./Library/PackageCache/com.unity.test-framework@7a3849e09bd0/UnityEngine.TestRunner/NUnitExtensions/Runner/CompositeWorkItem.cs:83)
UnityEngine.TestTools.TestRunner.PlaymodeTestsController/<TestRunnerCoroutine>d__25:MoveNext () (at ./Library/PackageCache/com.unity.test-framework@7a3849e09bd0/UnityEngine.TestRunner/TestRunner/PlaymodeTestsController.cs:100)
UnityEngine.SetupCoroutine:InvokeMoveNext (System.Collections.IEnumerator,intptr)

(Filename: Assets/Scripts/Editor/Testing/VarginhaBatchTestProgress.cs Line: 22)

There are no audio listeners in the scene. Please ensure there is always one audio listener in the scene
There are no audio listeners in the scene. Please ensure there is always one audio listener in the scene
There are no audio listeners in the scene. Please ensure there is always one audio listener in the scene
There are no audio listeners in the scene. Please ensure there is always one audio listener in the scene
There are no audio listeners in the scene. Please ensure there is always one audio listener in the scene
There are no audio listeners in the scene. Please ensure there is always one audio listener in the scene
There are no audio listeners in the scene. Please ensure there is always one audio listener in the scene
There are no audio listeners in the scene. Please ensure there is always one audio listener in the scene
There are no audio listeners in the scene. Please ensure there is always one audio listener in the scene
There are no audio listeners in the scene. Please ensure there is always one audio listener in the scene
There are no audio listeners in the scene. Please ensure there is always one audio listener in the scene
There are no audio listeners in the scene. Please ensure there is always one audio listener in the scene
There are no audio listeners in the scene. Please ensure there is always one audio listener in the scene
There are no audio listeners in the scene. Please ensure there is always one audio listener in the scene
There are no audio listeners in the scene. Please ensure there is always one audio listener in the scene
There are no audio listeners in the scene. Please ensure there is always one audio listener in the scene
There are no audio listeners in the scene. Please ensure there is always one audio listener in the scene
There are no audio listeners in the scene. Please ensure there is always one audio listener in the scene
There are no audio listeners in the scene. Please ensure there is always one audio listener in the scene
There are no audio listeners in the scene. Please ensure there is always one audio listener in the scene
There are no audio listeners in the scene. Please ensure there is always one audio listener in the scene
There are no audio listeners in the scene. Please ensure there is always one audio listener in the scene
There are no audio listeners in the scene. Please ensure there is always one audio listener in the scene
There are no audio listeners in the scene. Please ensure there is always one audio listener in the scene
There are no audio listeners in the scene. Please ensure there is always one audio listener in the scene
There are no audio listeners in the scene. Please ensure there is always one audio listener in the scene
There are no audio listeners in the scene. Please ensure there is always one audio listener in the scene
There are no audio listeners in the scene. Please ensure there is always one audio listener in the scene
There are no audio listeners in the scene. Please ensure there is always one audio listener in the scene
There are no audio listeners in the scene. Please ensure there is always one audio listener in the scene
There are no audio listeners in the scene. Please ensure there is always one audio listener in the scene
There are no audio listeners in the scene. Please ensure there is always one audio listener in the scene
There are no audio listeners in the scene. Please ensure there is always one audio listener in the scene
There are no audio listeners in the scene. Please ensure there is always one audio listener in the scene
There are no audio listeners in the scene. Please ensure there is always one audio listener in the scene
There are no audio listeners in the scene. Please ensure there is always one audio listener in the scene
There are no audio listeners in the scene. Please ensure there is always one audio listener in the scene
There are no audio listeners in the scene. Please ensure there is always one audio listener in the scene
There are no audio listeners in the scene. Please ensure there is always one audio listener in the scene
There are no audio listeners in the scene. Please ensure there is always one audio listener in the scene
There are no audio listeners in the scene. Please ensure there is always one audio listener in the scene
There are no audio listeners in the scene. Please ensure there is always one audio listener in the scene
There are no audio listeners in the scene. Please ensure there is always one audio listener in the scene
There are no audio listeners in the scene. Please ensure there is always one audio listener in the scene
There are no audio listeners in the scene. Please ensure there is always one audio listener in the scene
There are no audio listeners in the scene. Please ensure there is always one audio listener in the scene
There are no audio listeners in the scene. Please ensure there is always one audio listener in the scene
There are no audio listeners in the scene. Please ensure there is always one audio listener in the scene
There are no audio listeners in the scene. Please ensure there is always one audio listener in the scene
There are no audio listeners in the scene. Please ensure there is always one audio listener in the scene
There are no audio listeners in the scene. Please ensure there is always one audio listener in the scene
There are no audio listeners in the scene. Please ensure there is always one audio listener in the scene
There are no audio listeners in the scene. Please ensure there is always one audio listener in the scene
There are no audio listeners in the scene. Please ensure there is always one audio listener in the scene
There are no audio listeners in the scene. Please ensure there is always one audio listener in the scene
There are no audio listeners in the scene. Please ensure there is always one audio listener in the scene
There are no audio listeners in the scene. Please ensure there is always one audio listener in the scene
There are no audio listeners in the scene. Please ensure there is always one audio listener in the scene
There are no audio listeners in the scene. Please ensure there is always one audio listener in the scene
There are no audio listeners in the scene. Please ensure there is always one audio listener in the scene
There are no audio listeners in the scene. Please ensure there is always one audio listener in the scene
There are no audio listeners in the scene. Please ensure there is always one audio listener in the scene
There are no audio listeners in the scene. Please ensure there is always one audio listener in the scene
There are no audio listeners in the scene. Please ensure there is always one audio listener in the scene
There are no audio listeners in the scene. Please ensure there is always one audio listener in the scene
There are no audio listeners in the scene. Please ensure there is always one audio listener in the scene
There are no audio listeners in the scene. Please ensure there is always one audio listener in the scene
There are no audio listeners in the scene. Please ensure there is always one audio listener in the scene
There are no audio listeners in the scene. Please ensure there is always one audio listener in the scene
There are no audio listeners in the scene. Please ensure there is always one audio listener in the scene
There are no audio listeners in the scene. Please ensure there is always one audio listener in the scene
There are no audio listeners in the scene. Please ensure there is always one audio listener in the scene
There are no audio listeners in the scene. Please ensure there is always one audio listener in the scene
There are no audio listeners in the scene. Please ensure there is always one audio listener in the scene
There are no audio listeners in the scene. Please ensure there is always one audio listener in the scene
There are no audio listeners in the scene. Please ensure there is always one audio listener in the scene
There are no audio listeners in the scene. Please ensure there is always one audio listener in the scene
There are no audio listeners in the scene. Please ensure there is always one audio listener in the scene
There are no audio listeners in the scene. Please ensure there is always one audio listener in the scene
There are no audio listeners in the scene. Please ensure there is always one audio listener in the scene
There are no audio listeners in the scene. Please ensure there is always one audio listener in the scene
There are no audio listeners in the scene. Please ensure there is always one audio listener in the scene
There are no audio listeners in the scene. Please ensure there is always one audio listener in the scene
There are no audio listeners in the scene. Please ensure there is always one audio listener in the scene
There are no audio listeners in the scene. Please ensure there is always one audio listener in the scene
There are no audio listeners in the scene. Please ensure there is always one audio listener in the scene
There are no audio listeners in the scene. Please ensure there is always one audio listener in the scene
There are no audio listeners in the scene. Please ensure there is always one audio listener in the scene
There are no audio listeners in the scene. Please ensure there is always one audio listener in the scene
There are no audio listeners in the scene. Please ensure there is always one audio listener in the scene
There are no audio listeners in the scene. Please ensure there is always one audio listener in the scene
There are no audio listeners in the scene. Please ensure there is always one audio listener in the scene
There are no audio listeners in the scene. Please ensure there is always one audio listener in the scene
There are no audio listeners in the scene. Please ensure there is always one audio listener in the scene
There are no audio listeners in the scene. Please ensure there is always one audio listener in the scene
There are no audio listeners in the scene. Please ensure there is always one audio listener in the scene
There are no audio listeners in the scene. Please ensure there is always one audio listener in the scene
There are no audio listeners in the scene. Please ensure there is always one audio listener in the scene
There are no audio listeners in the scene. Please ensure there is always one audio listener in the scene
There are no audio listeners in the scene. Please ensure there is always one audio listener in the scene
There are no audio listeners in the scene. Please ensure there is always one audio listener in the scene
There are no audio listeners in the scene. Please ensure there is always one audio listener in the scene
There are no audio listeners in the scene. Please ensure there is always one audio listener in the scene
There are no audio listeners in the scene. Please ensure there is always one audio listener in the scene
There are no audio listeners in the scene. Please ensure there is always one audio listener in the scene
There are no audio listeners in the scene. Please ensure there is always one audio listener in the scene
There are no audio listeners in the scene. Please ensure there is always one audio listener in the scene
There are no audio listeners in the scene. Please ensure there is always one audio listener in the scene
There are no audio listeners in the scene. Please ensure there is always one audio listener in the scene
There are no audio listeners in the scene. Please ensure there is always one audio listener in the scene
There are no audio listeners in the scene. Please ensure there is always one audio listener in the scene
There are no audio listeners in the scene. Please ensure there is always one audio listener in the scene
There are no audio listeners in the scene. Please ensure there is always one audio listener in the scene
There are no audio listeners in the scene. Please ensure there is always one audio listener in the scene
There are no audio listeners in the scene. Please ensure there is always one audio listener in the scene
There are no audio listeners in the scene. Please ensure there is always one audio listener in the scene
There are no audio listeners in the scene. Please ensure there is always one audio listener in the scene
There are no audio listeners in the scene. Please ensure there is always one audio listener in the scene
There are no audio listeners in the scene. Please ensure there is always one audio listener in the scene
There are no audio listeners in the scene. Please ensure there is always one audio listener in the scene
There are no audio listeners in the scene. Please ensure there is always one audio listener in the scene
There are no audio listeners in the scene. Please ensure there is always one audio listener in the scene
There are no audio listeners in the scene. Please ensure there is always one audio listener in the scene
There are no audio listeners in the scene. Please ensure there is always one audio listener in the scene
There are no audio listeners in the scene. Please ensure there is always one audio listener in the scene
There are no audio listeners in the scene. Please ensure there is always one audio listener in the scene
There are no audio listeners in the scene. Please ensure there is always one audio listener in the scene
There are no audio listeners in the scene. Please ensure there is always one audio listener in the scene
There are no audio listeners in the scene. Please ensure there is always one audio listener in the scene
There are no audio listeners in the scene. Please ensure there is always one audio listener in the scene
There are no audio listeners in the scene. Please ensure there is always one audio listener in the scene
There are no audio listeners in the scene. Please ensure there is always one audio listener in the scene
There are no audio listeners in the scene. Please ensure there is always one audio listener in the scene
There are no audio listeners in the scene. Please ensure there is always one audio listener in the scene
There are no audio listeners in the scene. Please ensure there is always one audio listener in the scene
There are no audio listeners in the scene. Please ensure there is always one audio listener in the scene
There are no audio listeners in the scene. Please ensure there is always one audio listener in the scene
There are no audio listeners in the scene. Please ensure there is always one audio listener in the scene
There are no audio listeners in the scene. Please ensure there is always one audio listener in the scene
There are no audio listeners in the scene. Please ensure there is always one audio listener in the scene
There are no audio listeners in the scene. Please ensure there is always one audio listener in the scene
There are no audio listeners in the scene. Please ensure there is always one audio listener in the scene
There are no audio listeners in the scene. Please ensure there is always one audio listener in the scene
There are no audio listeners in the scene. Please ensure there is always one audio listener in the scene
There are no audio listeners in the scene. Please ensure there is always one audio listener in the scene
There are no audio listeners in the scene. Please ensure there is always one audio listener in the scene
There are no audio listeners in the scene. Please ensure there is always one audio listener in the scene
There are no audio listeners in the scene. Please ensure there is always one audio listener in the scene
There are no audio listeners in the scene. Please ensure there is always one audio listener in the scene
There are no audio listeners in the scene. Please ensure there is always one audio listener in the scene
There are no audio listeners in the scene. Please ensure there is always one audio listener in the scene
There are no audio listeners in the scene. Please ensure there is always one audio listener in the scene
There are no audio listeners in the scene. Please ensure there is always one audio listener in the scene
There are no audio listeners in the scene. Please ensure there is always one audio listener in the scene
There are no audio listeners in the scene. Please ensure there is always one audio listener in the scene
There are no audio listeners in the scene. Please ensure there is always one audio listener in the scene
There are no audio listeners in the scene. Please ensure there is always one audio listener in the scene
There are no audio listeners in the scene. Please ensure there is always one audio listener in the scene
There are no audio listeners in the scene. Please ensure there is always one audio listener in the scene
There are no audio listeners in the scene. Please ensure there is always one audio listener in the scene
There are no audio listeners in the scene. Please ensure there is always one audio listener in the scene
There are no audio listeners in the scene. Please ensure there is always one audio listener in the scene
There are no audio listeners in the scene. Please ensure there is always one audio listener in the scene
There are no audio listeners in the scene. Please ensure there is always one audio listener in the scene
There are no audio listeners in the scene. Please ensure there is always one audio listener in the scene
There are no audio listeners in the scene. Please ensure there is always one audio listener in the scene
There are no audio listeners in the scene. Please ensure there is always one audio listener in the scene
There are no audio listeners in the scene. Please ensure there is always one audio listener in the scene
There are no audio listeners in the scene. Please ensure there is always one audio listener in the scene
There are no audio listeners in the scene. Please ensure there is always one audio listener in the scene
There are no audio listeners in the scene. Please ensure there is always one audio listener in the scene
There are no audio listeners in the scene. Please ensure there is always one audio listener in the scene
There are no audio listeners in the scene. Please ensure there is always one audio listener in the scene
There are no audio listeners in the scene. Please ensure there is always one audio listener in the scene
There are no audio listeners in the scene. Please ensure there is always one audio listener in the scene
There are no audio listeners in the scene. Please ensure there is always one audio listener in the scene
There are no audio listeners in the scene. Please ensure there is always one audio listener in the scene
There are no audio listeners in the scene. Please ensure there is always one audio listener in the scene
There are no audio listeners in the scene. Please ensure there is always one audio listener in the scene
There are no audio listeners in the scene. Please ensure there is always one audio listener in the scene
There are no audio listeners in the scene. Please ensure there is always one audio listener in the scene
There are no audio listeners in the scene. Please ensure there is always one audio listener in the scene
There are no audio listeners in the scene. Please ensure there is always one audio listener in the scene
There are no audio listeners in the scene. Please ensure there is always one audio listener in the scene
There are no audio listeners in the scene. Please ensure there is always one audio listener in the scene
There are no audio listeners in the scene. Please ensure there is always one audio listener in the scene
There are no audio listeners in the scene. Please ensure there is always one audio listener in the scene
There are no audio listeners in the scene. Please ensure there is always one audio listener in the scene
There are no audio listeners in the scene. Please ensure there is always one audio listener in the scene
There are no audio listeners in the scene. Please ensure there is always one audio listener in the scene
There are no audio listeners in the scene. Please ensure there is always one audio listener in the scene
There are no audio listeners in the scene. Please ensure there is always one audio listener in the scene
There are no audio listeners in the scene. Please ensure there is always one audio listener in the scene
There are no audio listeners in the scene. Please ensure there is always one audio listener in the scene
There are no audio listeners in the scene. Please ensure there is always one audio listener in the scene
There are no audio listeners in the scene. Please ensure there is always one audio listener in the scene
There are no audio listeners in the scene. Please ensure there is always one audio listener in the scene
There are no audio listeners in the scene. Please ensure there is always one audio listener in the scene
There are no audio listeners in the scene. Please ensure there is always one audio listener in the scene
There are no audio listeners in the scene. Please ensure there is always one audio listener in the scene
There are no audio listeners in the scene. Please ensure there is always one audio listener in the scene
There are no audio listeners in the scene. Please ensure there is always one audio listener in the scene
There are no audio listeners in the scene. Please ensure there is always one audio listener in the scene
There are no audio listeners in the scene. Please ensure there is always one audio listener in the scene
There are no audio listeners in the scene. Please ensure there is always one audio listener in the scene
There are no audio listeners in the scene. Please ensure there is always one audio listener in the scene
There are no audio listeners in the scene. Please ensure there is always one audio listener in the scene
There are no audio listeners in the scene. Please ensure there is always one audio listener in the scene
There are no audio listeners in the scene. Please ensure there is always one audio listener in the scene
There are no audio listeners in the scene. Please ensure there is always one audio listener in the scene
There are no audio listeners in the scene. Please ensure there is always one audio listener in the scene
There are no audio listeners in the scene. Please ensure there is always one audio listener in the scene
There are no audio listeners in the scene. Please ensure there is always one audio listener in the scene
There are no audio listeners in the scene. Please ensure there is always one audio listener in the scene
There are no audio listeners in the scene. Please ensure there is always one audio listener in the scene
There are no audio listeners in the scene. Please ensure there is always one audio listener in the scene
There are no audio listeners in the scene. Please ensure there is always one audio listener in the scene
There are no audio listeners in the scene. Please ensure there is always one audio listener in the scene
There are no audio listeners in the scene. Please ensure there is always one audio listener in the scene
There are no audio listeners in the scene. Please ensure there is always one audio listener in the scene
There are no audio listeners in the scene. Please ensure there is always one audio listener in the scene
There are no audio listeners in the scene. Please ensure there is always one audio listener in the scene
There are no audio listeners in the scene. Please ensure there is always one audio listener in the scene
There are no audio listeners in the scene. Please ensure there is always one audio listener in the scene
There are no audio listeners in the scene. Please ensure there is always one audio listener in the scene
There are no audio listeners in the scene. Please ensure there is always one audio listener in the scene
There are no audio listeners in the scene. Please ensure there is always one audio listener in the scene
There are no audio listeners in the scene. Please ensure there is always one audio listener in the scene
There are no audio listeners in the scene. Please ensure there is always one audio listener in the scene
There are no audio listeners in the scene. Please ensure there is always one audio listener in the scene
There are no audio listeners in the scene. Please ensure there is always one audio listener in the scene
There are no audio listeners in the scene. Please ensure there is always one audio listener in the scene
There are no audio listeners in the scene. Please ensure there is always one audio listener in the scene
There are no audio listeners in the scene. Please ensure there is always one audio listener in the scene
There are no audio listeners in the scene. Please ensure there is always one audio listener in the scene
There are no audio listeners in the scene. Please ensure there is always one audio listener in the scene
There are no audio listeners in the scene. Please ensure there is always one audio listener in the scene
There are no audio listeners in the scene. Please ensure there is always one audio listener in the scene
There are no audio listeners in the scene. Please ensure there is always one audio listener in the scene
There are no audio listeners in the scene. Please ensure there is always one audio listener in the scene
There are no audio listeners in the scene. Please ensure there is always one audio listener in the scene
There are no audio listeners in the scene. Please ensure there is always one audio listener in the scene
There are no audio listeners in the scene. Please ensure there is always one audio listener in the scene
There are no audio listeners in the scene. Please ensure there is always one audio listener in the scene
There are no audio listeners in the scene. Please ensure there is always one audio listener in the scene
There are no audio listeners in the scene. Please ensure there is always one audio listener in the scene
There are no audio listeners in the scene. Please ensure there is always one audio listener in the scene
There are no audio listeners in the scene. Please ensure there is always one audio listener in the scene
There are no audio listeners in the scene. Please ensure there is always one audio listener in the scene
There are no audio listeners in the scene. Please ensure there is always one audio listener in the scene
There are no audio listeners in the scene. Please ensure there is always one audio listener in the scene
There are no audio listeners in the scene. Please ensure there is always one audio listener in the scene
There are no audio listeners in the scene. Please ensure there is always one audio listener in the scene
There are no audio listeners in the scene. Please ensure there is always one audio listener in the scene
There are no audio listeners in the scene. Please ensure there is always one audio listener in the scene
There are no audio listeners in the scene. Please ensure there is always one audio listener in the scene
There are no audio listeners in the scene. Please ensure there is always one audio listener in the scene
There are no audio listeners in the scene. Please ensure there is always one audio listener in the scene
There are no audio listeners in the scene. Please ensure there is always one audio listener in the scene
There are no audio listeners in the scene. Please ensure there is always one audio listener in the scene
There are no audio listeners in the scene. Please ensure there is always one audio listener in the scene
There are no audio listeners in the scene. Please ensure there is always one audio listener in the scene
There are no audio listeners in the scene. Please ensure there is always one audio listener in the scene
There are no audio listeners in the scene. Please ensure there is always one audio listener in the scene
There are no audio listeners in the scene. Please ensure there is always one audio listener in the scene
There are no audio listeners in the scene. Please ensure there is always one audio listener in the scene
There are no audio listeners in the scene. Please ensure there is always one audio listener in the scene
There are no audio listeners in the scene. Please ensure there is always one audio listener in the scene
There are no audio listeners in the scene. Please ensure there is always one audio listener in the scene
There are no audio listeners in the scene. Please ensure there is always one audio listener in the scene
There are no audio listeners in the scene. Please ensure there is always one audio listener in the scene
There are no audio listeners in the scene. Please ensure there is always one audio listener in the scene
There are no audio listeners in the scene. Please ensure there is always one audio listener in the scene
There are no audio listeners in the scene. Please ensure there is always one audio listener in the scene
There are no audio listeners in the scene. Please ensure there is always one audio listener in the scene
There are no audio listeners in the scene. Please ensure there is always one audio listener in the scene
There are no audio listeners in the scene. Please ensure there is always one audio listener in the scene
There are no audio listeners in the scene. Please ensure there is always one audio listener in the scene
There are no audio listeners in the scene. Please ensure there is always one audio listener in the scene
There are no audio listeners in the scene. Please ensure there is always one audio listener in the scene
There are no audio listeners in the scene. Please ensure there is always one audio listener in the scene
There are no audio listeners in the scene. Please ensure there is always one audio listener in the scene
There are no audio listeners in the scene. Please ensure there is always one audio listener in the scene
There are no audio listeners in the scene. Please ensure there is always one audio listener in the scene
There are no audio listeners in the scene. Please ensure there is always one audio listener in the scene
There are no audio listeners in the scene. Please ensure there is always one audio listener in the scene
There are no audio listeners in the scene. Please ensure there is always one audio listener in the scene
There are no audio listeners in the scene. Please ensure there is always one audio listener in the scene
There are no audio listeners in the scene. Please ensure there is always one audio listener in the scene
There are no audio listeners in the scene. Please ensure there is always one audio listener in the scene
There are no audio listeners in the scene. Please ensure there is always one audio listener in the scene
There are no audio listeners in the scene. Please ensure there is always one audio listener in the scene
There are no audio listeners in the scene. Please ensure there is always one audio listener in the scene
There are no audio listeners in the scene. Please ensure there is always one audio listener in the scene
There are no audio listeners in the scene. Please ensure there is always one audio listener in the scene
There are no audio listeners in the scene. Please ensure there is always one audio listener in the scene
There are no audio listeners in the scene. Please ensure there is always one audio listener in the scene
There are no audio listeners in the scene. Please ensure there is always one audio listener in the scene
There are no audio listeners in the scene. Please ensure there is always one audio listener in the scene
There are no audio listeners in the scene. Please ensure there is always one audio listener in the scene
There are no audio listeners in the scene. Please ensure there is always one audio listener in the scene
There are no audio listeners in the scene. Please ensure there is always one audio listener in the scene
There are no audio listeners in the scene. Please ensure there is always one audio listener in the scene
There are no audio listeners in the scene. Please ensure there is always one audio listener in the scene
There are no audio listeners in the scene. Please ensure there is always one audio listener in the scene
There are no audio listeners in the scene. Please ensure there is always one audio listener in the scene
There are no audio listeners in the scene. Please ensure there is always one audio listener in the scene
There are no audio listeners in the scene. Please ensure there is always one audio listener in the scene
There are no audio listeners in the scene. Please ensure there is always one audio listener in the scene
There are no audio listeners in the scene. Please ensure there is always one audio listener in the scene
There are no audio listeners in the scene. Please ensure there is always one audio listener in the scene
There are no audio listeners in the scene. Please ensure there is always one audio listener in the scene
There are no audio listeners in the scene. Please ensure there is always one audio listener in the scene
There are no audio listeners in the scene. Please ensure there is always one audio listener in the scene
There are no audio listeners in the scene. Please ensure there is always one audio listener in the scene
There are no audio listeners in the scene. Please ensure there is always one audio listener in the scene
There are no audio listeners in the scene. Please ensure there is always one audio listener in the scene
There are no audio listeners in the scene. Please ensure there is always one audio listener in the scene
There are no audio listeners in the scene. Please ensure there is always one audio listener in the scene
There are no audio listeners in the scene. Please ensure there is always one audio listener in the scene
There are no audio listeners in the scene. Please ensure there is always one audio listener in the scene
There are no audio listeners in the scene. Please ensure there is always one audio listener in the scene
There are no audio listeners in the scene. Please ensure there is always one audio listener in the scene
There are no audio listeners in the scene. Please ensure there is always one audio listener in the scene
There are no audio listeners in the scene. Please ensure there is always one audio listener in the scene
There are no audio listeners in the scene. Please ensure there is always one audio listener in the scene
There are no audio listeners in the scene. Please ensure there is always one audio listener in the scene
There are no audio listeners in the scene. Please ensure there is always one audio listener in the scene
There are no audio listeners in the scene. Please ensure there is always one audio listener in the scene
There are no audio listeners in the scene. Please ensure there is always one audio listener in the scene
There are no audio listeners in the scene. Please ensure there is always one audio listener in the scene
There are no audio listeners in the scene. Please ensure there is always one audio listener in the scene
There are no audio listeners in the scene. Please ensure there is always one audio listener in the scene
There are no audio listeners in the scene. Please ensure there is always one audio listener in the scene
There are no audio listeners in the scene. Please ensure there is always one audio listener in the scene
There are no audio listeners in the scene. Please ensure there is always one audio listener in the scene
There are no audio listeners in the scene. Please ensure there is always one audio listener in the scene
There are no audio listeners in the scene. Please ensure there is always one audio listener in the scene
There are no audio listeners in the scene. Please ensure there is always one audio listener in the scene
There are no audio listeners in the scene. Please ensure there is always one audio listener in the scene
There are no audio listeners in the scene. Please ensure there is always one audio listener in the scene
There are no audio listeners in the scene. Please ensure there is always one audio listener in the scene
There are no audio listeners in the scene. Please ensure there is always one audio listener in the scene
There are no audio listeners in the scene. Please ensure there is always one audio listener in the scene
There are no audio listeners in the scene. Please ensure there is always one audio listener in the scene
There are no audio listeners in the scene. Please ensure there is always one audio listener in the scene
There are no audio listeners in the scene. Please ensure there is always one audio listener in the scene
There are no audio listeners in the scene. Please ensure there is always one audio listener in the scene
There are no audio listeners in the scene. Please ensure there is always one audio listener in the scene
There are no audio listeners in the scene. Please ensure there is always one audio listener in the scene
There are no audio listeners in the scene. Please ensure there is always one audio listener in the scene
There are no audio listeners in the scene. Please ensure there is always one audio listener in the scene
There are no audio listeners in the scene. Please ensure there is always one audio listener in the scene
There are no audio listeners in the scene. Please ensure there is always one audio listener in the scene
There are no audio listeners in the scene. Please ensure there is always one audio listener in the scene
There are no audio listeners in the scene. Please ensure there is always one audio listener in the scene
There are no audio listeners in the scene. Please ensure there is always one audio listener in the scene
There are no audio listeners in the scene. Please ensure there is always one audio listener in the scene
There are no audio listeners in the scene. Please ensure there is always one audio listener in the scene
There are no audio listeners in the scene. Please ensure there is always one audio listener in the scene
There are no audio listeners in the scene. Please ensure there is always one audio listener in the scene
There are no audio listeners in the scene. Please ensure there is always one audio listener in the scene
There are no audio listeners in the scene. Please ensure there is always one audio listener in the scene
There are no audio listeners in the scene. Please ensure there is always one audio listener in the scene
There are no audio listeners in the scene. Please ensure there is always one audio listener in the scene
There are no audio listeners in the scene. Please ensure there is always one audio listener in the scene
There are no audio listeners in the scene. Please ensure there is always one audio listener in the scene
There are no audio listeners in the scene. Please ensure there is always one audio listener in the scene
There are no audio listeners in the scene. Please ensure there is always one audio listener in the scene
There are no audio listeners in the scene. Please ensure there is always one audio listener in the scene
There are no audio listeners in the scene. Please ensure there is always one audio listener in the scene
There are no audio listeners in the scene. Please ensure there is always one audio listener in the scene
There are no audio listeners in the scene. Please ensure there is always one audio listener in the scene
There are no audio listeners in the scene. Please ensure there is always one audio listener in the scene
There are no audio listeners in the scene. Please ensure there is always one audio listener in the scene
There are no audio listeners in the scene. Please ensure there is always one audio listener in the scene
There are no audio listeners in the scene. Please ensure there is always one audio listener in the scene
There are no audio listeners in the scene. Please ensure there is always one audio listener in the scene
There are no audio listeners in the scene. Please ensure there is always one audio listener in the scene
There are no audio listeners in the scene. Please ensure there is always one audio listener in the scene
There are no audio listeners in the scene. Please ensure there is always one audio listener in the scene
There are no audio listeners in the scene. Please ensure there is always one audio listener in the scene
There are no audio listeners in the scene. Please ensure there is always one audio listener in the scene
There are no audio listeners in the scene. Please ensure there is always one audio listener in the scene
There are no audio listeners in the scene. Please ensure there is always one audio listener in the scene
There are no audio listeners in the scene. Please ensure there is always one audio listener in the scene
There are no audio listeners in the scene. Please ensure there is always one audio listener in the scene
There are no audio listeners in the scene. Please ensure there is always one audio listener in the scene
There are no audio listeners in the scene. Please ensure there is always one audio listener in the scene
There are no audio listeners in the scene. Please ensure there is always one audio listener in the scene
There are no audio listeners in the scene. Please ensure there is always one audio listener in the scene
There are no audio listeners in the scene. Please ensure there is always one audio listener in the scene
There are no audio listeners in the scene. Please ensure there is always one audio listener in the scene
There are no audio listeners in the scene. Please ensure there is always one audio listener in the scene
There are no audio listeners in the scene. Please ensure there is always one audio listener in the scene
There are no audio listeners in the scene. Please ensure there is always one audio listener in the scene
There are no audio listeners in the scene. Please ensure there is always one audio listener in the scene
There are no audio listeners in the scene. Please ensure there is always one audio listener in the scene
There are no audio listeners in the scene. Please ensure there is always one audio listener in the scene
There are no audio listeners in the scene. Please ensure there is always one audio listener in the scene
There are no audio listeners in the scene. Please ensure there is always one audio listener in the scene
There are no audio listeners in the scene. Please ensure there is always one audio listener in the scene
There are no audio listeners in the scene. Please ensure there is always one audio listener in the scene
There are no audio listeners in the scene. Please ensure there is always one audio listener in the scene
There are no audio listeners in the scene. Please ensure there is always one audio listener in the scene
There are no audio listeners in the scene. Please ensure there is always one audio listener in the scene
There are no audio listeners in the scene. Please ensure there is always one audio listener in the scene
There are no audio listeners in the scene. Please ensure there is always one audio listener in the scene
There are no audio listeners in the scene. Please ensure there is always one audio listener in the scene
There are no audio listeners in the scene. Please ensure there is always one audio listener in the scene
There are no audio listeners in the scene. Please ensure there is always one audio listener in the scene
There are no audio listeners in the scene. Please ensure there is always one audio listener in the scene
There are no audio listeners in the scene. Please ensure there is always one audio listener in the scene
There are no audio listeners in the scene. Please ensure there is always one audio listener in the scene
There are no audio listeners in the scene. Please ensure there is always one audio listener in the scene
There are no audio listeners in the scene. Please ensure there is always one audio listener in the scene
There are no audio listeners in the scene. Please ensure there is always one audio listener in the scene
There are no audio listeners in the scene. Please ensure there is always one audio listener in the scene
There are no audio listeners in the scene. Please ensure there is always one audio listener in the scene
There are no audio listeners in the scene. Please ensure there is always one audio listener in the scene
There are no audio listeners in the scene. Please ensure there is always one audio listener in the scene
There are no audio listeners in the scene. Please ensure there is always one audio listener in the scene
There are no audio listeners in the scene. Please ensure there is always one audio listener in the scene
There are no audio listeners in the scene. Please ensure there is always one audio listener in the scene
There are no audio listeners in the scene. Please ensure there is always one audio listener in the scene
There are no audio listeners in the scene. Please ensure there is always one audio listener in the scene
There are no audio listeners in the scene. Please ensure there is always one audio listener in the scene
There are no audio listeners in the scene. Please ensure there is always one audio listener in the scene
There are no audio listeners in the scene. Please ensure there is always one audio listener in the scene
There are no audio listeners in the scene. Please ensure there is always one audio listener in the scene
There are no audio listeners in the scene. Please ensure there is always one audio listener in the scene
There are no audio listeners in the scene. Please ensure there is always one audio listener in the scene
There are no audio listeners in the scene. Please ensure there is always one audio listener in the scene
There are no audio listeners in the scene. Please ensure there is always one audio listener in the scene
There are no audio listeners in the scene. Please ensure there is always one audio listener in the scene
There are no audio listeners in the scene. Please ensure there is always one audio listener in the scene
There are no audio listeners in the scene. Please ensure there is always one audio listener in the scene
There are no audio listeners in the scene. Please ensure there is always one audio listener in the scene
There are no audio listeners in the scene. Please ensure there is always one audio listener in the scene
There are no audio listeners in the scene. Please ensure there is always one audio listener in the scene
There are no audio listeners in the scene. Please ensure there is always one audio listener in the scene
There are no audio listeners in the scene. Please ensure there is always one audio listener in the scene
There are no audio listeners in the scene. Please ensure there is always one audio listener in the scene
There are no audio listeners in the scene. Please ensure there is always one audio listener in the scene
There are no audio listeners in the scene. Please ensure there is always one audio listener in the scene
There are no audio listeners in the scene. Please ensure there is always one audio listener in the scene
There are no audio listeners in the scene. Please ensure there is always one audio listener in the scene
There are no audio listeners in the scene. Please ensure there is always one audio listener in the scene
There are no audio listeners in the scene. Please ensure there is always one audio listener in the scene
There are no audio listeners in the scene. Please ensure there is always one audio listener in the scene
There are no audio listeners in the scene. Please ensure there is always one audio listener in the scene
There are no audio listeners in the scene. Please ensure there is always one audio listener in the scene
There are no audio listeners in the scene. Please ensure there is always one audio listener in the scene
There are no audio listeners in the scene. Please ensure there is always one audio listener in the scene
There are no audio listeners in the scene. Please ensure there is always one audio listener in the scene
There are no audio listeners in the scene. Please ensure there is always one audio listener in the scene
There are no audio listeners in the scene. Please ensure there is always one audio listener in the scene
There are no audio listeners in the scene. Please ensure there is always one audio listener in the scene
There are no audio listeners in the scene. Please ensure there is always one audio listener in the scene
There are no audio listeners in the scene. Please ensure there is always one audio listener in the scene
There are no audio listeners in the scene. Please ensure there is always one audio listener in the scene
There are no audio listeners in the scene. Please ensure there is always one audio listener in the scene
There are no audio listeners in the scene. Please ensure there is always one audio listener in the scene
There are no audio listeners in the scene. Please ensure there is always one audio listener in the scene
There are no audio listeners in the scene. Please ensure there is always one audio listener in the scene
There are no audio listeners in the scene. Please ensure there is always one audio listener in the scene
There are no audio listeners in the scene. Please ensure there is always one audio listener in the scene
There are no audio listeners in the scene. Please ensure there is always one audio listener in the scene
There are no audio listeners in the scene. Please ensure there is always one audio listener in the scene
There are no audio listeners in the scene. Please ensure there is always one audio listener in the scene
There are no audio listeners in the scene. Please ensure there is always one audio listener in the scene
There are no audio listeners in the scene. Please ensure there is always one audio listener in the scene
There are no audio listeners in the scene. Please ensure there is always one audio listener in the scene
There are no audio listeners in the scene. Please ensure there is always one audio listener in the scene
There are no audio listeners in the scene. Please ensure there is always one audio listener in the scene
There are no audio listeners in the scene. Please ensure there is always one audio listener in the scene
There are no audio listeners in the scene. Please ensure there is always one audio listener in the scene
There are no audio listeners in the scene. Please ensure there is always one audio listener in the scene
There are no audio listeners in the scene. Please ensure there is always one audio listener in the scene
There are no audio listeners in the scene. Please ensure there is always one audio listener in the scene
There are no audio listeners in the scene. Please ensure there is always one audio listener in the scene
There are no audio listeners in the scene. Please ensure there is always one audio listener in the scene
There are no audio listeners in the scene. Please ensure there is always one audio listener in the scene
There are no audio listeners in the scene. Please ensure there is always one audio listener in the scene
There are no audio listeners in the scene. Please ensure there is always one audio listener in the scene
There are no audio listeners in the scene. Please ensure there is always one audio listener in the scene
There are no audio listeners in the scene. Please ensure there is always one audio listener in the scene
There are no audio listeners in the scene. Please ensure there is always one audio listener in the scene
There are no audio listeners in the scene. Please ensure there is always one audio listener in the scene
There are no audio listeners in the scene. Please ensure there is always one audio listener in the scene
There are no audio listeners in the scene. Please ensure there is always one audio listener in the scene
There are no audio listeners in the scene. Please ensure there is always one audio listener in the scene
There are no audio listeners in the scene. Please ensure there is always one audio listener in the scene
There are no audio listeners in the scene. Please ensure there is always one audio listener in the scene
There are no audio listeners in the scene. Please ensure there is always one audio listener in the scene
There are no audio listeners in the scene. Please ensure there is always one audio listener in the scene
There are no audio listeners in the scene. Please ensure there is always one audio listener in the scene
There are no audio listeners in the scene. Please ensure there is always one audio listener in the scene
There are no audio listeners in the scene. Please ensure there is always one audio listener in the scene
There are no audio listeners in the scene. Please ensure there is always one audio listener in the scene
There are no audio listeners in the scene. Please ensure there is always one audio listener in the scene
There are no audio listeners in the scene. Please ensure there is always one audio listener in the scene
There are no audio listeners in the scene. Please ensure there is always one audio listener in the scene
There are no audio listeners in the scene. Please ensure there is always one audio listener in the scene
There are no audio listeners in the scene. Please ensure there is always one audio listener in the scene
There are no audio listeners in the scene. Please ensure there is always one audio listener in the scene
There are no audio listeners in the scene. Please ensure there is always one audio listener in the scene
There are no audio listeners in the scene. Please ensure there is always one audio listener in the scene
There are no audio listeners in the scene. Please ensure there is always one audio listener in the scene
There are no audio listeners in the scene. Please ensure there is always one audio listener in the scene
There are no audio listeners in the scene. Please ensure there is always one audio listener in the scene
There are no audio listeners in the scene. Please ensure there is always one audio listener in the scene
There are no audio listeners in the scene. Please ensure there is always one audio listener in the scene
There are no audio listeners in the scene. Please ensure there is always one audio listener in the scene
There are no audio listeners in the scene. Please ensure there is always one audio listener in the scene
There are no audio listeners in the scene. Please ensure there is always one audio listener in the scene
There are no audio listeners in the scene. Please ensure there is always one audio listener in the scene
There are no audio listeners in the scene. Please ensure there is always one audio listener in the scene
There are no audio listeners in the scene. Please ensure there is always one audio listener in the scene
There are no audio listeners in the scene. Please ensure there is always one audio listener in the scene
There are no audio listeners in the scene. Please ensure there is always one audio listener in the scene
There are no audio listeners in the scene. Please ensure there is always one audio listener in the scene
There are no audio listeners in the scene. Please ensure there is always one audio listener in the scene
There are no audio listeners in the scene. Please ensure there is always one audio listener in the scene
There are no audio listeners in the scene. Please ensure there is always one audio listener in the scene
There are no audio listeners in the scene. Please ensure there is always one audio listener in the scene
There are no audio listeners in the scene. Please ensure there is always one audio listener in the scene
There are no audio listeners in the scene. Please ensure there is always one audio listener in the scene
There are no audio listeners in the scene. Please ensure there is always one audio listener in the scene
There are no audio listeners in the scene. Please ensure there is always one audio listener in the scene
There are no audio listeners in the scene. Please ensure there is always one audio listener in the scene
There are no audio listeners in the scene. Please ensure there is always one audio listener in the scene
There are no audio listeners in the scene. Please ensure there is always one audio listener in the scene
There are no audio listeners in the scene. Please ensure there is always one audio listener in the scene
There are no audio listeners in the scene. Please ensure there is always one audio listener in the scene
There are no audio listeners in the scene. Please ensure there is always one audio listener in the scene
There are no audio listeners in the scene. Please ensure there is always one audio listener in the scene
There are no audio listeners in the scene. Please ensure there is always one audio listener in the scene
There are no audio listeners in the scene. Please ensure there is always one audio listener in the scene
There are no audio listeners in the scene. Please ensure there is always one audio listener in the scene
There are no audio listeners in the scene. Please ensure there is always one audio listener in the scene
There are no audio listeners in the scene. Please ensure there is always one audio listener in the scene
There are no audio listeners in the scene. Please ensure there is always one audio listener in the scene
There are no audio listeners in the scene. Please ensure there is always one audio listener in the scene
There are no audio listeners in the scene. Please ensure there is always one audio listener in the scene
There are no audio listeners in the scene. Please ensure there is always one audio listener in the scene
There are no audio listeners in the scene. Please ensure there is always one audio listener in the scene
There are no audio listeners in the scene. Please ensure there is always one audio listener in the scene
There are no audio listeners in the scene. Please ensure there is always one audio listener in the scene
There are no audio listeners in the scene. Please ensure there is always one audio listener in the scene
There are no audio listeners in the scene. Please ensure there is always one audio listener in the scene
There are no audio listeners in the scene. Please ensure there is always one audio listener in the scene
There are no audio listeners in the scene. Please ensure there is always one audio listener in the scene
There are no audio listeners in the scene. Please ensure there is always one audio listener in the scene
There are no audio listeners in the scene. Please ensure there is always one audio listener in the scene
There are no audio listeners in the scene. Please ensure there is always one audio listener in the scene
There are no audio listeners in the scene. Please ensure there is always one audio listener in the scene
There are no audio listeners in the scene. Please ensure there is always one audio listener in the scene
There are no audio listeners in the scene. Please ensure there is always one audio listener in the scene
There are no audio listeners in the scene. Please ensure there is always one audio listener in the scene
There are no audio listeners in the scene. Please ensure there is always one audio listener in the scene
There are no audio listeners in the scene. Please ensure there is always one audio listener in the scene
There are no audio listeners in the scene. Please ensure there is always one audio listener in the scene
There are no audio listeners in the scene. Please ensure there is always one audio listener in the scene
There are no audio listeners in the scene. Please ensure there is always one audio listener in the scene
There are no audio listeners in the scene. Please ensure there is always one audio listener in the scene
There are no audio listeners in the scene. Please ensure there is always one audio listener in the scene
There are no audio listeners in the scene. Please ensure there is always one audio listener in the scene
There are no audio listeners in the scene. Please ensure there is always one audio listener in the scene
There are no audio listeners in the scene. Please ensure there is always one audio listener in the scene
There are no audio listeners in the scene. Please ensure there is always one audio listener in the scene
There are no audio listeners in the scene. Please ensure there is always one audio listener in the scene
There are no audio listeners in the scene. Please ensure there is always one audio listener in the scene
There are no audio listeners in the scene. Please ensure there is always one audio listener in the scene
There are no audio listeners in the scene. Please ensure there is always one audio listener in the scene
There are no audio listeners in the scene. Please ensure there is always one audio listener in the scene
There are no audio listeners in the scene. Please ensure there is always one audio listener in the scene
There are no audio listeners in the scene. Please ensure there is always one audio listener in the scene
There are no audio listeners in the scene. Please ensure there is always one audio listener in the scene
There are no audio listeners in the scene. Please ensure there is always one audio listener in the scene
There are no audio listeners in the scene. Please ensure there is always one audio listener in the scene
There are no audio listeners in the scene. Please ensure there is always one audio listener in the scene
There are no audio listeners in the scene. Please ensure there is always one audio listener in the scene
There are no audio listeners in the scene. Please ensure there is always one audio listener in the scene
There are no audio listeners in the scene. Please ensure there is always one audio listener in the scene
There are no audio listeners in the scene. Please ensure there is always one audio listener in the scene
There are no audio listeners in the scene. Please ensure there is always one audio listener in the scene
There are no audio listeners in the scene. Please ensure there is always one audio listener in the scene
There are no audio listeners in the scene. Please ensure there is always one audio listener in the scene
There are no audio listeners in the scene. Please ensure there is always one audio listener in the scene
There are no audio listeners in the scene. Please ensure there is always one audio listener in the scene
There are no audio listeners in the scene. Please ensure there is always one audio listener in the scene
There are no audio listeners in the scene. Please ensure there is always one audio listener in the scene
There are no audio listeners in the scene. Please ensure there is always one audio listener in the scene
There are no audio listeners in the scene. Please ensure there is always one audio listener in the scene
There are no audio listeners in the scene. Please ensure there is always one audio listener in the scene
There are no audio listeners in the scene. Please ensure there is always one audio listener in the scene
There are no audio listeners in the scene. Please ensure there is always one audio listener in the scene
There are no audio listeners in the scene. Please ensure there is always one audio listener in the scene
There are no audio listeners in the scene. Please ensure there is always one audio listener in the scene
There are no audio listeners in the scene. Please ensure there is always one audio listener in the scene
There are no audio listeners in the scene. Please ensure there is always one audio listener in the scene
There are no audio listeners in the scene. Please ensure there is always one audio listener in the scene
There are no audio listeners in the scene. Please ensure there is always one audio listener in the scene
There are no audio listeners in the scene. Please ensure there is always one audio listener in the scene
There are no audio listeners in the scene. Please ensure there is always one audio listener in the scene
There are no audio listeners in the scene. Please ensure there is always one audio listener in the scene
There are no audio listeners in the scene. Please ensure there is always one audio listener in the scene
There are no audio listeners in the scene. Please ensure there is always one audio listener in the scene
There are no audio listeners in the scene. Please ensure there is always one audio listener in the scene
There are no audio listeners in the scene. Please ensure there is always one audio listener in the scene
There are no audio listeners in the scene. Please ensure there is always one audio listener in the scene
There are no audio listeners in the scene. Please ensure there is always one audio listener in the scene
There are no audio listeners in the scene. Please ensure there is always one audio listener in the scene
There are no audio listeners in the scene. Please ensure there is always one audio listener in the scene
There are no audio listeners in the scene. Please ensure there is always one audio listener in the scene
There are no audio listeners in the scene. Please ensure there is always one audio listener in the scene
There are no audio listeners in the scene. Please ensure there is always one audio listener in the scene
There are no audio listeners in the scene. Please ensure there is always one audio listener in the scene
There are no audio listeners in the scene. Please ensure there is always one audio listener in the scene
There are no audio listeners in the scene. Please ensure there is always one audio listener in the scene
There are no audio listeners in the scene. Please ensure there is always one audio listener in the scene
There are no audio listeners in the scene. Please ensure there is always one audio listener in the scene
There are no audio listeners in the scene. Please ensure there is always one audio listener in the scene
There are no audio listeners in the scene. Please ensure there is always one audio listener in the scene
There are no audio listeners in the scene. Please ensure there is always one audio listener in the scene
There are no audio listeners in the scene. Please ensure there is always one audio listener in the scene
There are no audio listeners in the scene. Please ensure there is always one audio listener in the scene
There are no audio listeners in the scene. Please ensure there is always one audio listener in the scene
There are no audio listeners in the scene. Please ensure there is always one audio listener in the scene
There are no audio listeners in the scene. Please ensure there is always one audio listener in the scene
There are no audio listeners in the scene. Please ensure there is always one audio listener in the scene
There are no audio listeners in the scene. Please ensure there is always one audio listener in the scene
There are no audio listeners in the scene. Please ensure there is always one audio listener in the scene
There are no audio listeners in the scene. Please ensure there is always one audio listener in the scene
There are no audio listeners in the scene. Please ensure there is always one audio listener in the scene
There are no audio listeners in the scene. Please ensure there is always one audio listener in the scene
There are no audio listeners in the scene. Please ensure there is always one audio listener in the scene
There are no audio listeners in the scene. Please ensure there is always one audio listener in the scene
There are no audio listeners in the scene. Please ensure there is always one audio listener in the scene
There are no audio listeners in the scene. Please ensure there is always one audio listener in the scene
There are no audio listeners in the scene. Please ensure there is always one audio listener in the scene
There are no audio listeners in the scene. Please ensure there is always one audio listener in the scene
There are no audio listeners in the scene. Please ensure there is always one audio listener in the scene
There are no audio listeners in the scene. Please ensure there is always one audio listener in the scene
There are no audio listeners in the scene. Please ensure there is always one audio listener in the scene
There are no audio listeners in the scene. Please ensure there is always one audio listener in the scene
There are no audio listeners in the scene. Please ensure there is always one audio listener in the scene
There are no audio listeners in the scene. Please ensure there is always one audio listener in the scene
There are no audio listeners in the scene. Please ensure there is always one audio listener in the scene
There are no audio listeners in the scene. Please ensure there is always one audio listener in the scene
There are no audio listeners in the scene. Please ensure there is always one audio listener in the scene
There are no audio listeners in the scene. Please ensure there is always one audio listener in the scene
There are no audio listeners in the scene. Please ensure there is always one audio listener in the scene
There are no audio listeners in the scene. Please ensure there is always one audio listener in the scene
There are no audio listeners in the scene. Please ensure there is always one audio listener in the scene
There are no audio listeners in the scene. Please ensure there is always one audio listener in the scene
There are no audio listeners in the scene. Please ensure there is always one audio listener in the scene
There are no audio listeners in the scene. Please ensure there is always one audio listener in the scene
There are no audio listeners in the scene. Please ensure there is always one audio listener in the scene
There are no audio listeners in the scene. Please ensure there is always one audio listener in the scene
There are no audio listeners in the scene. Please ensure there is always one audio listener in the scene
There are no audio listeners in the scene. Please ensure there is always one audio listener in the scene
There are no audio listeners in the scene. Please ensure there is always one audio listener in the scene
There are no audio listeners in the scene. Please ensure there is always one audio listener in the scene
There are no audio listeners in the scene. Please ensure there is always one audio listener in the scene
There are no audio listeners in the scene. Please ensure there is always one audio listener in the scene
There are no audio listeners in the scene. Please ensure there is always one audio listener in the scene
There are no audio listeners in the scene. Please ensure there is always one audio listener in the scene
There are no audio listeners in the scene. Please ensure there is always one audio listener in the scene
There are no audio listeners in the scene. Please ensure there is always one audio listener in the scene
There are no audio listeners in the scene. Please ensure there is always one audio listener in the scene
There are no audio listeners in the scene. Please ensure there is always one audio listener in the scene
There are no audio listeners in the scene. Please ensure there is always one audio listener in the scene
There are no audio listeners in the scene. Please ensure there is always one audio listener in the scene
There are no audio listeners in the scene. Please ensure there is always one audio listener in the scene
There are no audio listeners in the scene. Please ensure there is always one audio listener in the scene
There are no audio listeners in the scene. Please ensure there is always one audio listener in the scene
There are no audio listeners in the scene. Please ensure there is always one audio listener in the scene
There are no audio listeners in the scene. Please ensure there is always one audio listener in the scene
There are no audio listeners in the scene. Please ensure there is always one audio listener in the scene
There are no audio listeners in the scene. Please ensure there is always one audio listener in the scene
There are no audio listeners in the scene. Please ensure there is always one audio listener in the scene
There are no audio listeners in the scene. Please ensure there is always one audio listener in the scene
There are no audio listeners in the scene. Please ensure there is always one audio listener in the scene
There are no audio listeners in the scene. Please ensure there is always one audio listener in the scene
There are no audio listeners in the scene. Please ensure there is always one audio listener in the scene
There are no audio listeners in the scene. Please ensure there is always one audio listener in the scene
There are no audio listeners in the scene. Please ensure there is always one audio listener in the scene
There are no audio listeners in the scene. Please ensure there is always one audio listener in the scene
There are no audio listeners in the scene. Please ensure there is always one audio listener in the scene
There are no audio listeners in the scene. Please ensure there is always one audio listener in the scene
There are no audio listeners in the scene. Please ensure there is always one audio listener in the scene
There are no audio listeners in the scene. Please ensure there is always one audio listener in the scene
There are no audio listeners in the scene. Please ensure there is always one audio listener in the scene
There are no audio listeners in the scene. Please ensure there is always one audio listener in the scene
There are no audio listeners in the scene. Please ensure there is always one audio listener in the scene
There are no audio listeners in the scene. Please ensure there is always one audio listener in the scene
There are no audio listeners in the scene. Please ensure there is always one audio listener in the scene
There are no audio listeners in the scene. Please ensure there is always one audio listener in the scene
There are no audio listeners in the scene. Please ensure there is always one audio listener in the scene
There are no audio listeners in the scene. Please ensure there is always one audio listener in the scene
There are no audio listeners in the scene. Please ensure there is always one audio listener in the scene
There are no audio listeners in the scene. Please ensure there is always one audio listener in the scene
There are no audio listeners in the scene. Please ensure there is always one audio listener in the scene
There are no audio listeners in the scene. Please ensure there is always one audio listener in the scene
There are no audio listeners in the scene. Please ensure there is always one audio listener in the scene
There are no audio listeners in the scene. Please ensure there is always one audio listener in the scene
There are no audio listeners in the scene. Please ensure there is always one audio listener in the scene
There are no audio listeners in the scene. Please ensure there is always one audio listener in the scene
There are no audio listeners in the scene. Please ensure there is always one audio listener in the scene
There are no audio listeners in the scene. Please ensure there is always one audio listener in the scene
There are no audio listeners in the scene. Please ensure there is always one audio listener in the scene
There are no audio listeners in the scene. Please ensure there is always one audio listener in the scene
There are no audio listeners in the scene. Please ensure there is always one audio listener in the scene
There are no audio listeners in the scene. Please ensure there is always one audio listener in the scene
There are no audio listeners in the scene. Please ensure there is always one audio listener in the scene
There are no audio listeners in the scene. Please ensure there is always one audio listener in the scene
There are no audio listeners in the scene. Please ensure there is always one audio listener in the scene
There are no audio listeners in the scene. Please ensure there is always one audio listener in the scene
There are no audio listeners in the scene. Please ensure there is always one audio listener in the scene
There are no audio listeners in the scene. Please ensure there is always one audio listener in the scene
There are no audio listeners in the scene. Please ensure there is always one audio listener in the scene
There are no audio listeners in the scene. Please ensure there is always one audio listener in the scene
There are no audio listeners in the scene. Please ensure there is always one audio listener in the scene
There are no audio listeners in the scene. Please ensure there is always one audio listener in the scene
There are no audio listeners in the scene. Please ensure there is always one audio listener in the scene
There are no audio listeners in the scene. Please ensure there is always one audio listener in the scene
There are no audio listeners in the scene. Please ensure there is always one audio listener in the scene
There are no audio listeners in the scene. Please ensure there is always one audio listener in the scene
There are no audio listeners in the scene. Please ensure there is always one audio listener in the scene
There are no audio listeners in the scene. Please ensure there is always one audio listener in the scene
There are no audio listeners in the scene. Please ensure there is always one audio listener in the scene
There are no audio listeners in the scene. Please ensure there is always one audio listener in the scene
There are no audio listeners in the scene. Please ensure there is always one audio listener in the scene
There are no audio listeners in the scene. Please ensure there is always one audio listener in the scene
There are no audio listeners in the scene. Please ensure there is always one audio listener in the scene
There are no audio listeners in the scene. Please ensure there is always one audio listener in the scene
There are no audio listeners in the scene. Please ensure there is always one audio listener in the scene
There are no audio listeners in the scene. Please ensure there is always one audio listener in the scene
There are no audio listeners in the scene. Please ensure there is always one audio listener in the scene
There are no audio listeners in the scene. Please ensure there is always one audio listener in the scene
There are no audio listeners in the scene. Please ensure there is always one audio listener in the scene
There are no audio listeners in the scene. Please ensure there is always one audio listener in the scene
There are no audio listeners in the scene. Please ensure there is always one audio listener in the scene
There are no audio listeners in the scene. Please ensure there is always one audio listener in the scene
There are no audio listeners in the scene. Please ensure there is always one audio listener in the scene
There are no audio listeners in the scene. Please ensure there is always one audio listener in the scene
There are no audio listeners in the scene. Please ensure there is always one audio listener in the scene
There are no audio listeners in the scene. Please ensure there is always one audio listener in the scene
There are no audio listeners in the scene. Please ensure there is always one audio listener in the scene
There are no audio listeners in the scene. Please ensure there is always one audio listener in the scene
There are no audio listeners in the scene. Please ensure there is always one audio listener in the scene
There are no audio listeners in the scene. Please ensure there is always one audio listener in the scene
There are no audio listeners in the scene. Please ensure there is always one audio listener in the scene
There are no audio listeners in the scene. Please ensure there is always one audio listener in the scene
There are no audio listeners in the scene. Please ensure there is always one audio listener in the scene
There are no audio listeners in the scene. Please ensure there is always one audio listener in the scene
There are no audio listeners in the scene. Please ensure there is always one audio listener in the scene
There are no audio listeners in the scene. Please ensure there is always one audio listener in the scene
There are no audio listeners in the scene. Please ensure there is always one audio listener in the scene
There are no audio listeners in the scene. Please ensure there is always one audio listener in the scene
There are no audio listeners in the scene. Please ensure there is always one audio listener in the scene
There are no audio listeners in the scene. Please ensure there is always one audio listener in the scene
There are no audio listeners in the scene. Please ensure there is always one audio listener in the scene
There are no audio listeners in the scene. Please ensure there is always one audio listener in the scene
There are no audio listeners in the scene. Please ensure there is always one audio listener in the scene
There are no audio listeners in the scene. Please ensure there is always one audio listener in the scene
There are no audio listeners in the scene. Please ensure there is always one audio listener in the scene
There are no audio listeners in the scene. Please ensure there is always one audio listener in the scene
There are no audio listeners in the scene. Please ensure there is always one audio listener in the scene
There are no audio listeners in the scene. Please ensure there is always one audio listener in the scene
There are no audio listeners in the scene. Please ensure there is always one audio listener in the scene
There are no audio listeners in the scene. Please ensure there is always one audio listener in the scene
There are no audio listeners in the scene. Please ensure there is always one audio listener in the scene
There are no audio listeners in the scene. Please ensure there is always one audio listener in the scene
There are no audio listeners in the scene. Please ensure there is always one audio listener in the scene
There are no audio listeners in the scene. Please ensure there is always one audio listener in the scene
There are no audio listeners in the scene. Please ensure there is always one audio listener in the scene
There are no audio listeners in the scene. Please ensure there is always one audio listener in the scene
There are no audio listeners in the scene. Please ensure there is always one audio listener in the scene
There are no audio listeners in the scene. Please ensure there is always one audio listener in the scene
There are no audio listeners in the scene. Please ensure there is always one audio listener in the scene
There are no audio listeners in the scene. Please ensure there is always one audio listener in the scene
There are no audio listeners in the scene. Please ensure there is always one audio listener in the scene
There are no audio listeners in the scene. Please ensure there is always one audio listener in the scene
There are no audio listeners in the scene. Please ensure there is always one audio listener in the scene
There are no audio listeners in the scene. Please ensure there is always one audio listener in the scene
There are no audio listeners in the scene. Please ensure there is always one audio listener in the scene
There are no audio listeners in the scene. Please ensure there is always one audio listener in the scene
There are no audio listeners in the scene. Please ensure there is always one audio listener in the scene
There are no audio listeners in the scene. Please ensure there is always one audio listener in the scene
There are no audio listeners in the scene. Please ensure there is always one audio listener in the scene
There are no audio listeners in the scene. Please ensure there is always one audio listener in the scene
There are no audio listeners in the scene. Please ensure there is always one audio listener in the scene
There are no audio listeners in the scene. Please ensure there is always one audio listener in the scene
There are no audio listeners in the scene. Please ensure there is always one audio listener in the scene
There are no audio listeners in the scene. Please ensure there is always one audio listener in the scene
There are no audio listeners in the scene. Please ensure there is always one audio listener in the scene
There are no audio listeners in the scene. Please ensure there is always one audio listener in the scene
There are no audio listeners in the scene. Please ensure there is always one audio listener in the scene
There are no audio listeners in the scene. Please ensure there is always one audio listener in the scene
There are no audio listeners in the scene. Please ensure there is always one audio listener in the scene
There are no audio listeners in the scene. Please ensure there is always one audio listener in the scene
There are no audio listeners in the scene. Please ensure there is always one audio listener in the scene
There are no audio listeners in the scene. Please ensure there is always one audio listener in the scene
There are no audio listeners in the scene. Please ensure there is always one audio listener in the scene
There are no audio listeners in the scene. Please ensure there is always one audio listener in the scene
There are no audio listeners in the scene. Please ensure there is always one audio listener in the scene
There are no audio listeners in the scene. Please ensure there is always one audio listener in the scene
There are no audio listeners in the scene. Please ensure there is always one audio listener in the scene
There are no audio listeners in the scene. Please ensure there is always one audio listener in the scene
There are no audio listeners in the scene. Please ensure there is always one audio listener in the scene
There are no audio listeners in the scene. Please ensure there is always one audio listener in the scene
There are no audio listeners in the scene. Please ensure there is always one audio listener in the scene
There are no audio listeners in the scene. Please ensure there is always one audio listener in the scene
There are no audio listeners in the scene. Please ensure there is always one audio listener in the scene
There are no audio listeners in the scene. Please ensure there is always one audio listener in the scene
There are no audio listeners in the scene. Please ensure there is always one audio listener in the scene
There are no audio listeners in the scene. Please ensure there is always one audio listener in the scene
There are no audio listeners in the scene. Please ensure there is always one audio listener in the scene
There are no audio listeners in the scene. Please ensure there is always one audio listener in the scene
There are no audio listeners in the scene. Please ensure there is always one audio listener in the scene
There are no audio listeners in the scene. Please ensure there is always one audio listener in the scene
There are no audio listeners in the scene. Please ensure there is always one audio listener in the scene
There are no audio listeners in the scene. Please ensure there is always one audio listener in the scene
There are no audio listeners in the scene. Please ensure there is always one audio listener in the scene
There are no audio listeners in the scene. Please ensure there is always one audio listener in the scene
There are no audio listeners in the scene. Please ensure there is always one audio listener in the scene
QA result: Passed Game.Tests.PlayMode.VarginhaInventoryTests.EquippedStudentDoesNotRotateAndChangingDoesNotResetCooldowns
UnityEngine.Debug:ExtractStackTraceNoAlloc (byte*,int,string)
UnityEngine.StackTraceUtility:ExtractStackTrace ()
UnityEngine.DebugLogHandler:Internal_Log (UnityEngine.LogType,UnityEngine.LogOption,string,UnityEngine.Object)
UnityEngine.DebugLogHandler:LogFormat (UnityEngine.LogType,UnityEngine.Object,string,object[])
UnityEngine.Logger:Log (UnityEngine.LogType,object)
UnityEngine.Debug:Log (object)
Game.Editor.Testing.VarginhaBatchTestProgress:TestFinished (UnityEditor.TestTools.TestRunner.Api.ITestResultAdaptor) (at Assets/Scripts/Editor/Testing/VarginhaBatchTestProgress.cs:26)
UnityEditor.TestTools.TestRunner.Api.CallbacksDelegator/<>c__DisplayClass14_0:<TestFinished>b__0 (UnityEditor.TestTools.TestRunner.Api.ICallbacks) (at ./Library/PackageCache/com.unity.test-framework@7a3849e09bd0/UnityEditor.TestRunner/Api/CallbacksDelegator.cs:95)
UnityEditor.TestTools.TestRunner.Api.CallbacksDelegator:TryInvokeAllCallbacks (System.Action`1<UnityEditor.TestTools.TestRunner.Api.ICallbacks>) (at ./Library/PackageCache/com.unity.test-framework@7a3849e09bd0/UnityEditor.TestRunner/Api/CallbacksDelegator.cs:135)
UnityEditor.TestTools.TestRunner.Api.CallbacksDelegator:TestFinished (NUnit.Framework.Interfaces.ITestResult) (at ./Library/PackageCache/com.unity.test-framework@7a3849e09bd0/UnityEditor.TestRunner/Api/CallbacksDelegator.cs:95)
UnityEngine.Events.InvokableCall`1<NUnit.Framework.Interfaces.ITestResult>:Invoke (NUnit.Framework.Interfaces.ITestResult)
UnityEngine.Events.UnityEvent`1<NUnit.Framework.Interfaces.ITestResult>:Invoke (NUnit.Framework.Interfaces.ITestResult)
UnityEngine.Events.InvokableCall`1<NUnit.Framework.Interfaces.ITestResult>:Invoke (NUnit.Framework.Interfaces.ITestResult)
UnityEngine.Events.UnityEvent`1<NUnit.Framework.Interfaces.ITestResult>:Invoke (NUnit.Framework.Interfaces.ITestResult)
UnityEngine.TestTools.TestRunner.TestListenerWrapper:TestFinished (NUnit.Framework.Interfaces.ITestResult) (at ./Library/PackageCache/com.unity.test-framework@7a3849e09bd0/UnityEngine.TestRunner/TestRunner/TestListenerWrapper.cs:24)
UnityEngine.TestRunner.NUnitExtensions.Runner.UnityWorkItem:WorkItemComplete () (at ./Library/PackageCache/com.unity.test-framework@7a3849e09bd0/UnityEngine.TestRunner/NUnitExtensions/Runner/UnityWorkItem.cs:107)
UnityEngine.TestRunner.NUnitExtensions.Runner.CoroutineTestWorkItem/<PerformWork>d__7:<>m__Finally1 () (at ./Library/PackageCache/com.unity.test-framework@7a3849e09bd0/UnityEngine.TestRunner/NUnitExtensions/Runner/CoroutineTestWorkItem.cs:67)
UnityEngine.TestRunner.NUnitExtensions.Runner.CoroutineTestWorkItem/<PerformWork>d__7:MoveNext () (at ./Library/PackageCache/com.unity.test-framework@7a3849e09bd0/UnityEngine.TestRunner/NUnitExtensions/Runner/CoroutineTestWorkItem.cs:64)
UnityEngine.TestRunner.NUnitExtensions.Runner.CompositeWorkItem/<RunChildren>d__17:MoveNext () (at ./Library/PackageCache/com.unity.test-framework@7a3849e09bd0/UnityEngine.TestRunner/NUnitExtensions/Runner/CompositeWorkItem.cs:209)
UnityEngine.TestRunner.NUnitExtensions.Runner.CompositeWorkItem/<PerformWork>d__13:MoveNext () (at ./Library/PackageCache/com.unity.test-framework@7a3849e09bd0/UnityEngine.TestRunner/NUnitExtensions/Runner/CompositeWorkItem.cs:83)
UnityEngine.TestRunner.NUnitExtensions.Runner.CompositeWorkItem/<RunChildren>d__17:MoveNext () (at ./Library/PackageCache/com.unity.test-framework@7a3849e09bd0/UnityEngine.TestRunner/NUnitExtensions/Runner/CompositeWorkItem.cs:209)
UnityEngine.TestRunner.NUnitExtensions.Runner.CompositeWorkItem/<PerformWork>d__13:MoveNext () (at ./Library/PackageCache/com.unity.test-framework@7a3849e09bd0/UnityEngine.TestRunner/NUnitExtensions/Runner/CompositeWorkItem.cs:83)
UnityEngine.TestRunner.NUnitExtensions.Runner.CompositeWorkItem/<RunChildren>d__17:MoveNext () (at ./Library/PackageCache/com.unity.test-framework@7a3849e09bd0/UnityEngine.TestRunner/NUnitExtensions/Runner/CompositeWorkItem.cs:209)
UnityEngine.TestRunner.NUnitExtensions.Runner.CompositeWorkItem/<PerformWork>d__13:MoveNext () (at ./Library/PackageCache/com.unity.test-framework@7a3849e09bd0/UnityEngine.TestRunner/NUnitExtensions/Runner/CompositeWorkItem.cs:83)
UnityEngine.TestRunner.NUnitExtensions.Runner.CompositeWorkItem/<RunChildren>d__17:MoveNext () (at ./Library/PackageCache/com.unity.test-framework@7a3849e09bd0/UnityEngine.TestRunner/NUnitExtensions/Runner/CompositeWorkItem.cs:209)
UnityEngine.TestRunner.NUnitExtensions.Runner.CompositeWorkItem/<PerformWork>d__13:MoveNext () (at ./Library/PackageCache/com.unity.test-framework@7a3849e09bd0/UnityEngine.TestRunner/NUnitExtensions/Runner/CompositeWorkItem.cs:83)
UnityEngine.TestRunner.NUnitExtensions.Runner.CompositeWorkItem/<RunChildren>d__17:MoveNext () (at ./Library/PackageCache/com.unity.test-framework@7a3849e09bd0/UnityEngine.TestRunner/NUnitExtensions/Runner/CompositeWorkItem.cs:209)
UnityEngine.TestRunner.NUnitExtensions.Runner.CompositeWorkItem/<PerformWork>d__13:MoveNext () (at ./Library/PackageCache/com.unity.test-framework@7a3849e09bd0/UnityEngine.TestRunner/NUnitExtensions/Runner/CompositeWorkItem.cs:83)
UnityEngine.TestRunner.NUnitExtensions.Runner.CompositeWorkItem/<RunChildren>d__17:MoveNext () (at ./Library/PackageCache/com.unity.test-framework@7a3849e09bd0/UnityEngine.TestRunner/NUnitExtensions/Runner/CompositeWorkItem.cs:209)
UnityEngine.TestRunner.NUnitExtensions.Runner.CompositeWorkItem/<PerformWork>d__13:MoveNext () (at ./Library/PackageCache/com.unity.test-framework@7a3849e09bd0/UnityEngine.TestRunner/NUnitExtensions/Runner/CompositeWorkItem.cs:83)
UnityEngine.TestTools.TestRunner.PlaymodeTestsController/<TestRunnerCoroutine>d__25:MoveNext () (at ./Library/PackageCache/com.unity.test-framework@7a3849e09bd0/UnityEngine.TestRunner/TestRunner/PlaymodeTestsController.cs:100)
UnityEngine.SetupCoroutine:InvokeMoveNext (System.Collections.IEnumerator,intptr)

(Filename: Assets/Scripts/Editor/Testing/VarginhaBatchTestProgress.cs Line: 26)

QA test: Game.Tests.PlayMode.VarginhaInventoryTests.FailedEscapeKeepsKeyAndSuccessfulEscapeConsumesItOnce
UnityEngine.Debug:ExtractStackTraceNoAlloc (byte*,int,string)
UnityEngine.StackTraceUtility:ExtractStackTrace ()
UnityEngine.DebugLogHandler:Internal_Log (UnityEngine.LogType,UnityEngine.LogOption,string,UnityEngine.Object)
UnityEngine.DebugLogHandler:LogFormat (UnityEngine.LogType,UnityEngine.Object,string,object[])
UnityEngine.Logger:Log (UnityEngine.LogType,object)
UnityEngine.Debug:Log (object)
Game.Editor.Testing.VarginhaBatchTestProgress:TestStarted (UnityEditor.TestTools.TestRunner.Api.ITestAdaptor) (at Assets/Scripts/Editor/Testing/VarginhaBatchTestProgress.cs:22)
UnityEditor.TestTools.TestRunner.Api.CallbacksDelegator/<>c__DisplayClass12_0:<TestStarted>b__0 (UnityEditor.TestTools.TestRunner.Api.ICallbacks) (at ./Library/PackageCache/com.unity.test-framework@7a3849e09bd0/UnityEditor.TestRunner/Api/CallbacksDelegator.cs:81)
UnityEditor.TestTools.TestRunner.Api.CallbacksDelegator:TryInvokeAllCallbacks (System.Action`1<UnityEditor.TestTools.TestRunner.Api.ICallbacks>) (at ./Library/PackageCache/com.unity.test-framework@7a3849e09bd0/UnityEditor.TestRunner/Api/CallbacksDelegator.cs:135)
UnityEditor.TestTools.TestRunner.Api.CallbacksDelegator:TestStarted (NUnit.Framework.Interfaces.ITest) (at ./Library/PackageCache/com.unity.test-framework@7a3849e09bd0/UnityEditor.TestRunner/Api/CallbacksDelegator.cs:81)
UnityEngine.Events.InvokableCall`1<NUnit.Framework.Interfaces.ITest>:Invoke (NUnit.Framework.Interfaces.ITest)
UnityEngine.Events.UnityEvent`1<NUnit.Framework.Interfaces.ITest>:Invoke (NUnit.Framework.Interfaces.ITest)
UnityEngine.Events.InvokableCall`1<NUnit.Framework.Interfaces.ITest>:Invoke (NUnit.Framework.Interfaces.ITest)
UnityEngine.Events.UnityEvent`1<NUnit.Framework.Interfaces.ITest>:Invoke (NUnit.Framework.Interfaces.ITest)
UnityEngine.TestTools.TestRunner.TestListenerWrapper:TestStarted (NUnit.Framework.Interfaces.ITest) (at ./Library/PackageCache/com.unity.test-framework@7a3849e09bd0/UnityEngine.TestRunner/TestRunner/TestListenerWrapper.cs:19)
UnityEngine.TestRunner.NUnitExtensions.Runner.UnityWorkItem:Execute () (at ./Library/PackageCache/com.unity.test-framework@7a3849e09bd0/UnityEngine.TestRunner/NUnitExtensions/Runner/UnityWorkItem.cs:83)
UnityEngine.TestRunner.NUnitExtensions.Runner.CompositeWorkItem/<RunChildren>d__17:MoveNext () (at ./Library/PackageCache/com.unity.test-framework@7a3849e09bd0/UnityEngine.TestRunner/NUnitExtensions/Runner/CompositeWorkItem.cs:205)
UnityEngine.TestRunner.NUnitExtensions.Runner.CompositeWorkItem/<PerformWork>d__13:MoveNext () (at ./Library/PackageCache/com.unity.test-framework@7a3849e09bd0/UnityEngine.TestRunner/NUnitExtensions/Runner/CompositeWorkItem.cs:83)
UnityEngine.TestRunner.NUnitExtensions.Runner.CompositeWorkItem/<RunChildren>d__17:MoveNext () (at ./Library/PackageCache/com.unity.test-framework@7a3849e09bd0/UnityEngine.TestRunner/NUnitExtensions/Runner/CompositeWorkItem.cs:209)
UnityEngine.TestRunner.NUnitExtensions.Runner.CompositeWorkItem/<PerformWork>d__13:MoveNext () (at ./Library/PackageCache/com.unity.test-framework@7a3849e09bd0/UnityEngine.TestRunner/NUnitExtensions/Runner/CompositeWorkItem.cs:83)
UnityEngine.TestRunner.NUnitExtensions.Runner.CompositeWorkItem/<RunChildren>d__17:MoveNext () (at ./Library/PackageCache/com.unity.test-framework@7a3849e09bd0/UnityEngine.TestRunner/NUnitExtensions/Runner/CompositeWorkItem.cs:209)
UnityEngine.TestRunner.NUnitExtensions.Runner.CompositeWorkItem/<PerformWork>d__13:MoveNext () (at ./Library/PackageCache/com.unity.test-framework@7a3849e09bd0/UnityEngine.TestRunner/NUnitExtensions/Runner/CompositeWorkItem.cs:83)
UnityEngine.TestRunner.NUnitExtensions.Runner.CompositeWorkItem/<RunChildren>d__17:MoveNext () (at ./Library/PackageCache/com.unity.test-framework@7a3849e09bd0/UnityEngine.TestRunner/NUnitExtensions/Runner/CompositeWorkItem.cs:209)
UnityEngine.TestRunner.NUnitExtensions.Runner.CompositeWorkItem/<PerformWork>d__13:MoveNext () (at ./Library/PackageCache/com.unity.test-framework@7a3849e09bd0/UnityEngine.TestRunner/NUnitExtensions/Runner/CompositeWorkItem.cs:83)
UnityEngine.TestRunner.NUnitExtensions.Runner.CompositeWorkItem/<RunChildren>d__17:MoveNext () (at ./Library/PackageCache/com.unity.test-framework@7a3849e09bd0/UnityEngine.TestRunner/NUnitExtensions/Runner/CompositeWorkItem.cs:209)
UnityEngine.TestRunner.NUnitExtensions.Runner.CompositeWorkItem/<PerformWork>d__13:MoveNext () (at ./Library/PackageCache/com.unity.test-framework@7a3849e09bd0/UnityEngine.TestRunner/NUnitExtensions/Runner/CompositeWorkItem.cs:83)
UnityEngine.TestRunner.NUnitExtensions.Runner.CompositeWorkItem/<RunChildren>d__17:MoveNext () (at ./Library/PackageCache/com.unity.test-framework@7a3849e09bd0/UnityEngine.TestRunner/NUnitExtensions/Runner/CompositeWorkItem.cs:209)
UnityEngine.TestRunner.NUnitExtensions.Runner.CompositeWorkItem/<PerformWork>d__13:MoveNext () (at ./Library/PackageCache/com.unity.test-framework@7a3849e09bd0/UnityEngine.TestRunner/NUnitExtensions/Runner/CompositeWorkItem.cs:83)
UnityEngine.TestTools.TestRunner.PlaymodeTestsController/<TestRunnerCoroutine>d__25:MoveNext () (at ./Library/PackageCache/com.unity.test-framework@7a3849e09bd0/UnityEngine.TestRunner/TestRunner/PlaymodeTestsController.cs:100)
UnityEngine.SetupCoroutine:InvokeMoveNext (System.Collections.IEnumerator,intptr)

(Filename: Assets/Scripts/Editor/Testing/VarginhaBatchTestProgress.cs Line: 22)

[Fusca] Edelzio deu a partida e acelerou pela noite de Varginha.
UnityEngine.Debug:ExtractStackTraceNoAlloc (byte*,int,string)
UnityEngine.StackTraceUtility:ExtractStackTrace ()
UnityEngine.DebugLogHandler:Internal_Log (UnityEngine.LogType,UnityEngine.LogOption,string,UnityEngine.Object)
UnityEngine.DebugLogHandler:LogFormat (UnityEngine.LogType,UnityEngine.Object,string,object[])
UnityEngine.Logger:Log (UnityEngine.LogType,object)
UnityEngine.Debug:Log (object)
Game.Varginha.FuscaLevelExit:TryEscape (Game.Varginha.EdelzioTopDownController) (at Assets/Scripts/Game/Varginha/FuscaLevelExit.cs:36)
Game.Varginha.InteractableProp:Interact (Game.Varginha.EdelzioTopDownController) (at Assets/Scripts/Game/Varginha/InteractableProp.cs:235)
Game.Tests.PlayMode.VarginhaInventoryTests:FailedEscapeKeepsKeyAndSuccessfulEscapeConsumesItOnce () (at Assets/Tests/PlayMode/VarginhaInventoryTests.cs:55)
System.Reflection.RuntimeMethodInfo:Invoke (object,System.Reflection.BindingFlags,System.Reflection.Binder,object[],System.Globalization.CultureInfo)
System.Reflection.MethodBase:Invoke (object,object[])
NUnit.Framework.Internal.Reflect:InvokeMethod (System.Reflection.MethodInfo,object,object[])
NUnit.Framework.Internal.MethodWrapper:Invoke (object,object[])
NUnit.Framework.Internal.Commands.TestMethodCommand:RunNonAsyncTestMethod (NUnit.Framework.Internal.ITestExecutionContext)
NUnit.Framework.Internal.Commands.TestMethodCommand:RunTestMethod (NUnit.Framework.Internal.ITestExecutionContext)
NUnit.Framework.Internal.Commands.TestMethodCommand:Execute (NUnit.Framework.Internal.ITestExecutionContext)
UnityEngine.TestTools.UnityTestMethodCommand:Execute (NUnit.Framework.Internal.ITestExecutionContext) (at ./Library/PackageCache/com.unity.test-framework@7a3849e09bd0/UnityEngine.TestRunner/NUnitExtensions/Commands/UnityTestMethodCommand.cs:19)
UnityEngine.TestRunner.NUnitExtensions.Runner.UnityLogCheckDelegatingCommand/<>c__DisplayClass3_0:<Execute>b__0 () (at ./Library/PackageCache/com.unity.test-framework@7a3849e09bd0/UnityEngine.TestRunner/NUnitExtensions/Runner/UnityLogCheckDelegatingCommand.cs:32)
UnityEngine.TestRunner.NUnitExtensions.Runner.UnityLogCheckDelegatingCommand:CaptureException (NUnit.Framework.Internal.TestResult,System.Action) (at ./Library/PackageCache/com.unity.test-framework@7a3849e09bd0/UnityEngine.TestRunner/NUnitExtensions/Runner/UnityLogCheckDelegatingCommand.cs:93)
UnityEngine.TestRunner.NUnitExtensions.Runner.UnityLogCheckDelegatingCommand:ExecuteAndCheckLog (UnityEngine.TestTools.Logging.LogScope,NUnit.Framework.Internal.TestResult,System.Action) (at ./Library/PackageCache/com.unity.test-framework@7a3849e09bd0/UnityEngine.TestRunner/NUnitExtensions/Runner/UnityLogCheckDelegatingCommand.cs:104)
UnityEngine.TestRunner.NUnitExtensions.Runner.UnityLogCheckDelegatingCommand:Execute (NUnit.Framework.Internal.ITestExecutionContext) (at ./Library/PackageCache/com.unity.test-framework@7a3849e09bd0/UnityEngine.TestRunner/NUnitExtensions/Runner/UnityLogCheckDelegatingCommand.cs:32)
UnityEngine.TestRunner.NUnitExtensions.Runner.UnityLogCheckDelegatingCommand/<ExecuteEnumerable>d__4:MoveNext () (at ./Library/PackageCache/com.unity.test-framework@7a3849e09bd0/UnityEngine.TestRunner/NUnitExtensions/Runner/UnityLogCheckDelegatingCommand.cs:43)
UnityEngine.TestTools.BeforeAfterTestCommandBase`1/<ExecuteEnumerable>d__16<NUnit.Framework.ITestAction>:MoveNext () (at ./Library/PackageCache/com.unity.test-framework@7a3849e09bd0/UnityEngine.TestRunner/NUnitExtensions/Commands/BeforeAfterTestCommandBase.cs:213)
UnityEngine.TestTools.ImmediateEnumerableCommand:Execute (NUnit.Framework.Internal.ITestExecutionContext) (at ./Library/PackageCache/com.unity.test-framework@7a3849e09bd0/UnityEngine.TestRunner/NUnitExtensions/Commands/ImmediateEnumerableCommand.cs:18)
UnityEngine.TestTools.BeforeAfterTestCommandBase`1/<ExecuteEnumerable>d__16<System.Reflection.MethodInfo>:MoveNext () (at ./Library/PackageCache/com.unity.test-framework@7a3849e09bd0/UnityEngine.TestRunner/NUnitExtensions/Commands/BeforeAfterTestCommandBase.cs:220)
UnityEngine.TestTools.BeforeAfterTestCommandBase`1/<ExecuteEnumerable>d__16<System.Reflection.MethodInfo>:MoveNext () (at ./Library/PackageCache/com.unity.test-framework@7a3849e09bd0/UnityEngine.TestRunner/NUnitExtensions/Commands/BeforeAfterTestCommandBase.cs:213)
UnityEngine.TestTools.BeforeAfterTestCommandBase`1/<ExecuteEnumerable>d__16<UnityEngine.TestTools.IOuterUnityTestAction>:MoveNext () (at ./Library/PackageCache/com.unity.test-framework@7a3849e09bd0/UnityEngine.TestRunner/NUnitExtensions/Commands/BeforeAfterTestCommandBase.cs:213)
UnityEngine.TestTools.RetryCommand/<ExecuteEnumerable>d__2:MoveNext () (at ./Library/PackageCache/com.unity.test-framework@7a3849e09bd0/UnityEngine.TestRunner/NUnitExtensions/Commands/RetryCommand.cs:37)
UnityEngine.TestTools.RepeatCommand/<ExecuteEnumerable>d__2:MoveNext () (at ./Library/PackageCache/com.unity.test-framework@7a3849e09bd0/UnityEngine.TestRunner/NUnitExtensions/Commands/RepeatCommand.cs:36)
UnityEngine.TestTools.IgnoreTestCommand/<ExecuteEnumerable>d__3:MoveNext () (at ./Library/PackageCache/com.unity.test-framework@7a3849e09bd0/UnityEngine.TestRunner/NUnitExtensions/Commands/IgnoreTestCommand.cs:42)
UnityEngine.TestTools.StrictCheckCommand/<ExecuteEnumerable>d__2:MoveNext () (at ./Library/PackageCache/com.unity.test-framework@7a3849e09bd0/UnityEngine.TestRunner/NUnitExtensions/Commands/StrictCheckCommand.cs:29)
UnityEngine.TestRunner.NUnitExtensions.Runner.DefaultTestWorkItem/<PerformWork>d__2:MoveNext () (at ./Library/PackageCache/com.unity.test-framework@7a3849e09bd0/UnityEngine.TestRunner/NUnitExtensions/Runner/DefaultTestWorkItem.cs:58)
UnityEngine.TestRunner.NUnitExtensions.Runner.CompositeWorkItem/<RunChildren>d__17:MoveNext () (at ./Library/PackageCache/com.unity.test-framework@7a3849e09bd0/UnityEngine.TestRunner/NUnitExtensions/Runner/CompositeWorkItem.cs:209)
UnityEngine.TestRunner.NUnitExtensions.Runner.CompositeWorkItem/<PerformWork>d__13:MoveNext () (at ./Library/PackageCache/com.unity.test-framework@7a3849e09bd0/UnityEngine.TestRunner/NUnitExtensions/Runner/CompositeWorkItem.cs:83)
UnityEngine.TestRunner.NUnitExtensions.Runner.CompositeWorkItem/<RunChildren>d__17:MoveNext () (at ./Library/PackageCache/com.unity.test-framework@7a3849e09bd0/UnityEngine.TestRunner/NUnitExtensions/Runner/CompositeWorkItem.cs:209)
UnityEngine.TestRunner.NUnitExtensions.Runner.CompositeWorkItem/<PerformWork>d__13:MoveNext () (at ./Library/PackageCache/com.unity.test-framework@7a3849e09bd0/UnityEngine.TestRunner/NUnitExtensions/Runner/CompositeWorkItem.cs:83)
UnityEngine.TestRunner.NUnitExtensions.Runner.CompositeWorkItem/<RunChildren>d__17:MoveNext () (at ./Library/PackageCache/com.unity.test-framework@7a3849e09bd0/UnityEngine.TestRunner/NUnitExtensions/Runner/CompositeWorkItem.cs:209)
UnityEngine.TestRunner.NUnitExtensions.Runner.CompositeWorkItem/<PerformWork>d__13:MoveNext () (at ./Library/PackageCache/com.unity.test-framework@7a3849e09bd0/UnityEngine.TestRunner/NUnitExtensions/Runner/CompositeWorkItem.cs:83)
UnityEngine.TestRunner.NUnitExtensions.Runner.CompositeWorkItem/<RunChildren>d__17:MoveNext () (at ./Library/PackageCache/com.unity.test-framework@7a3849e09bd0/UnityEngine.TestRunner/NUnitExtensions/Runner/CompositeWorkItem.cs:209)
UnityEngine.TestRunner.NUnitExtensions.Runner.CompositeWorkItem/<PerformWork>d__13:MoveNext () (at ./Library/PackageCache/com.unity.test-framework@7a3849e09bd0/UnityEngine.TestRunner/NUnitExtensions/Runner/CompositeWorkItem.cs:83)
UnityEngine.TestRunner.NUnitExtensions.Runner.CompositeWorkItem/<RunChildren>d__17:MoveNext () (at ./Library/PackageCache/com.unity.test-framework@7a3849e09bd0/UnityEngine.TestRunner/NUnitExtensions/Runner/CompositeWorkItem.cs:209)
UnityEngine.TestRunner.NUnitExtensions.Runner.CompositeWorkItem/<PerformWork>d__13:MoveNext () (at ./Library/PackageCache/com.unity.test-framework@7a3849e09bd0/UnityEngine.TestRunner/NUnitExtensions/Runner/CompositeWorkItem.cs:83)
UnityEngine.TestRunner.NUnitExtensions.Runner.CompositeWorkItem/<RunChildren>d__17:MoveNext () (at ./Library/PackageCache/com.unity.test-framework@7a3849e09bd0/UnityEngine.TestRunner/NUnitExtensions/Runner/CompositeWorkItem.cs:209)
UnityEngine.TestRunner.NUnitExtensions.Runner.CompositeWorkItem/<PerformWork>d__13:MoveNext () (at ./Library/PackageCache/com.unity.test-framework@7a3849e09bd0/UnityEngine.TestRunner/NUnitExtensions/Runner/CompositeWorkItem.cs:83)
UnityEngine.TestTools.TestRunner.PlaymodeTestsController/<TestRunnerCoroutine>d__25:MoveNext () (at ./Library/PackageCache/com.unity.test-framework@7a3849e09bd0/UnityEngine.TestRunner/TestRunner/PlaymodeTestsController.cs:100)
UnityEngine.SetupCoroutine:InvokeMoveNext (System.Collections.IEnumerator,intptr)

(Filename: Assets/Scripts/Game/Varginha/FuscaLevelExit.cs Line: 36)

QA result: Passed Game.Tests.PlayMode.VarginhaInventoryTests.FailedEscapeKeepsKeyAndSuccessfulEscapeConsumesItOnce
UnityEngine.Debug:ExtractStackTraceNoAlloc (byte*,int,string)
UnityEngine.StackTraceUtility:ExtractStackTrace ()
UnityEngine.DebugLogHandler:Internal_Log (UnityEngine.LogType,UnityEngine.LogOption,string,UnityEngine.Object)
UnityEngine.DebugLogHandler:LogFormat (UnityEngine.LogType,UnityEngine.Object,string,object[])
UnityEngine.Logger:Log (UnityEngine.LogType,object)
UnityEngine.Debug:Log (object)
Game.Editor.Testing.VarginhaBatchTestProgress:TestFinished (UnityEditor.TestTools.TestRunner.Api.ITestResultAdaptor) (at Assets/Scripts/Editor/Testing/VarginhaBatchTestProgress.cs:26)
UnityEditor.TestTools.TestRunner.Api.CallbacksDelegator/<>c__DisplayClass14_0:<TestFinished>b__0 (UnityEditor.TestTools.TestRunner.Api.ICallbacks) (at ./Library/PackageCache/com.unity.test-framework@7a3849e09bd0/UnityEditor.TestRunner/Api/CallbacksDelegator.cs:95)
UnityEditor.TestTools.TestRunner.Api.CallbacksDelegator:TryInvokeAllCallbacks (System.Action`1<UnityEditor.TestTools.TestRunner.Api.ICallbacks>) (at ./Library/PackageCache/com.unity.test-framework@7a3849e09bd0/UnityEditor.TestRunner/Api/CallbacksDelegator.cs:135)
UnityEditor.TestTools.TestRunner.Api.CallbacksDelegator:TestFinished (NUnit.Framework.Interfaces.ITestResult) (at ./Library/PackageCache/com.unity.test-framework@7a3849e09bd0/UnityEditor.TestRunner/Api/CallbacksDelegator.cs:95)
UnityEngine.Events.InvokableCall`1<NUnit.Framework.Interfaces.ITestResult>:Invoke (NUnit.Framework.Interfaces.ITestResult)
UnityEngine.Events.UnityEvent`1<NUnit.Framework.Interfaces.ITestResult>:Invoke (NUnit.Framework.Interfaces.ITestResult)
UnityEngine.Events.InvokableCall`1<NUnit.Framework.Interfaces.ITestResult>:Invoke (NUnit.Framework.Interfaces.ITestResult)
UnityEngine.Events.UnityEvent`1<NUnit.Framework.Interfaces.ITestResult>:Invoke (NUnit.Framework.Interfaces.ITestResult)
UnityEngine.TestTools.TestRunner.TestListenerWrapper:TestFinished (NUnit.Framework.Interfaces.ITestResult) (at ./Library/PackageCache/com.unity.test-framework@7a3849e09bd0/UnityEngine.TestRunner/TestRunner/TestListenerWrapper.cs:24)
UnityEngine.TestRunner.NUnitExtensions.Runner.UnityWorkItem:WorkItemComplete () (at ./Library/PackageCache/com.unity.test-framework@7a3849e09bd0/UnityEngine.TestRunner/NUnitExtensions/Runner/UnityWorkItem.cs:107)
UnityEngine.TestRunner.NUnitExtensions.Runner.DefaultTestWorkItem/<PerformWork>d__2:<>m__Finally1 () (at ./Library/PackageCache/com.unity.test-framework@7a3849e09bd0/UnityEngine.TestRunner/NUnitExtensions/Runner/DefaultTestWorkItem.cs:98)
UnityEngine.TestRunner.NUnitExtensions.Runner.DefaultTestWorkItem/<PerformWork>d__2:MoveNext () (at ./Library/PackageCache/com.unity.test-framework@7a3849e09bd0/UnityEngine.TestRunner/NUnitExtensions/Runner/DefaultTestWorkItem.cs:95)
UnityEngine.TestRunner.NUnitExtensions.Runner.CompositeWorkItem/<RunChildren>d__17:MoveNext () (at ./Library/PackageCache/com.unity.test-framework@7a3849e09bd0/UnityEngine.TestRunner/NUnitExtensions/Runner/CompositeWorkItem.cs:209)
UnityEngine.TestRunner.NUnitExtensions.Runner.CompositeWorkItem/<PerformWork>d__13:MoveNext () (at ./Library/PackageCache/com.unity.test-framework@7a3849e09bd0/UnityEngine.TestRunner/NUnitExtensions/Runner/CompositeWorkItem.cs:83)
UnityEngine.TestRunner.NUnitExtensions.Runner.CompositeWorkItem/<RunChildren>d__17:MoveNext () (at ./Library/PackageCache/com.unity.test-framework@7a3849e09bd0/UnityEngine.TestRunner/NUnitExtensions/Runner/CompositeWorkItem.cs:209)
UnityEngine.TestRunner.NUnitExtensions.Runner.CompositeWorkItem/<PerformWork>d__13:MoveNext () (at ./Library/PackageCache/com.unity.test-framework@7a3849e09bd0/UnityEngine.TestRunner/NUnitExtensions/Runner/CompositeWorkItem.cs:83)
UnityEngine.TestRunner.NUnitExtensions.Runner.CompositeWorkItem/<RunChildren>d__17:MoveNext () (at ./Library/PackageCache/com.unity.test-framework@7a3849e09bd0/UnityEngine.TestRunner/NUnitExtensions/Runner/CompositeWorkItem.cs:209)
UnityEngine.TestRunner.NUnitExtensions.Runner.CompositeWorkItem/<PerformWork>d__13:MoveNext () (at ./Library/PackageCache/com.unity.test-framework@7a3849e09bd0/UnityEngine.TestRunner/NUnitExtensions/Runner/CompositeWorkItem.cs:83)
UnityEngine.TestRunner.NUnitExtensions.Runner.CompositeWorkItem/<RunChildren>d__17:MoveNext () (at ./Library/PackageCache/com.unity.test-framework@7a3849e09bd0/UnityEngine.TestRunner/NUnitExtensions/Runner/CompositeWorkItem.cs:209)
UnityEngine.TestRunner.NUnitExtensions.Runner.CompositeWorkItem/<PerformWork>d__13:MoveNext () (at ./Library/PackageCache/com.unity.test-framework@7a3849e09bd0/UnityEngine.TestRunner/NUnitExtensions/Runner/CompositeWorkItem.cs:83)
UnityEngine.TestRunner.NUnitExtensions.Runner.CompositeWorkItem/<RunChildren>d__17:MoveNext () (at ./Library/PackageCache/com.unity.test-framework@7a3849e09bd0/UnityEngine.TestRunner/NUnitExtensions/Runner/CompositeWorkItem.cs:209)
UnityEngine.TestRunner.NUnitExtensions.Runner.CompositeWorkItem/<PerformWork>d__13:MoveNext () (at ./Library/PackageCache/com.unity.test-framework@7a3849e09bd0/UnityEngine.TestRunner/NUnitExtensions/Runner/CompositeWorkItem.cs:83)
UnityEngine.TestRunner.NUnitExtensions.Runner.CompositeWorkItem/<RunChildren>d__17:MoveNext () (at ./Library/PackageCache/com.unity.test-framework@7a3849e09bd0/UnityEngine.TestRunner/NUnitExtensions/Runner/CompositeWorkItem.cs:209)
UnityEngine.TestRunner.NUnitExtensions.Runner.CompositeWorkItem/<PerformWork>d__13:MoveNext () (at ./Library/PackageCache/com.unity.test-framework@7a3849e09bd0/UnityEngine.TestRunner/NUnitExtensions/Runner/CompositeWorkItem.cs:83)
UnityEngine.TestTools.TestRunner.PlaymodeTestsController/<TestRunnerCoroutine>d__25:MoveNext () (at ./Library/PackageCache/com.unity.test-framework@7a3849e09bd0/UnityEngine.TestRunner/TestRunner/PlaymodeTestsController.cs:100)
UnityEngine.SetupCoroutine:InvokeMoveNext (System.Collections.IEnumerator,intptr)

(Filename: Assets/Scripts/Editor/Testing/VarginhaBatchTestProgress.cs Line: 26)

QA test: Game.Tests.PlayMode.VarginhaInventoryTests.NewPhaseDoesNotRepopulateUsedItems
UnityEngine.Debug:ExtractStackTraceNoAlloc (byte*,int,string)
UnityEngine.StackTraceUtility:ExtractStackTrace ()
UnityEngine.DebugLogHandler:Internal_Log (UnityEngine.LogType,UnityEngine.LogOption,string,UnityEngine.Object)
UnityEngine.DebugLogHandler:LogFormat (UnityEngine.LogType,UnityEngine.Object,string,object[])
UnityEngine.Logger:Log (UnityEngine.LogType,object)
UnityEngine.Debug:Log (object)
Game.Editor.Testing.VarginhaBatchTestProgress:TestStarted (UnityEditor.TestTools.TestRunner.Api.ITestAdaptor) (at Assets/Scripts/Editor/Testing/VarginhaBatchTestProgress.cs:22)
UnityEditor.TestTools.TestRunner.Api.CallbacksDelegator/<>c__DisplayClass12_0:<TestStarted>b__0 (UnityEditor.TestTools.TestRunner.Api.ICallbacks) (at ./Library/PackageCache/com.unity.test-framework@7a3849e09bd0/UnityEditor.TestRunner/Api/CallbacksDelegator.cs:81)
UnityEditor.TestTools.TestRunner.Api.CallbacksDelegator:TryInvokeAllCallbacks (System.Action`1<UnityEditor.TestTools.TestRunner.Api.ICallbacks>) (at ./Library/PackageCache/com.unity.test-framework@7a3849e09bd0/UnityEditor.TestRunner/Api/CallbacksDelegator.cs:135)
UnityEditor.TestTools.TestRunner.Api.CallbacksDelegator:TestStarted (NUnit.Framework.Interfaces.ITest) (at ./Library/PackageCache/com.unity.test-framework@7a3849e09bd0/UnityEditor.TestRunner/Api/CallbacksDelegator.cs:81)
UnityEngine.Events.InvokableCall`1<NUnit.Framework.Interfaces.ITest>:Invoke (NUnit.Framework.Interfaces.ITest)
UnityEngine.Events.UnityEvent`1<NUnit.Framework.Interfaces.ITest>:Invoke (NUnit.Framework.Interfaces.ITest)
UnityEngine.Events.InvokableCall`1<NUnit.Framework.Interfaces.ITest>:Invoke (NUnit.Framework.Interfaces.ITest)
UnityEngine.Events.UnityEvent`1<NUnit.Framework.Interfaces.ITest>:Invoke (NUnit.Framework.Interfaces.ITest)
UnityEngine.TestTools.TestRunner.TestListenerWrapper:TestStarted (NUnit.Framework.Interfaces.ITest) (at ./Library/PackageCache/com.unity.test-framework@7a3849e09bd0/UnityEngine.TestRunner/TestRunner/TestListenerWrapper.cs:19)
UnityEngine.TestRunner.NUnitExtensions.Runner.UnityWorkItem:Execute () (at ./Library/PackageCache/com.unity.test-framework@7a3849e09bd0/UnityEngine.TestRunner/NUnitExtensions/Runner/UnityWorkItem.cs:83)
UnityEngine.TestRunner.NUnitExtensions.Runner.CompositeWorkItem/<RunChildren>d__17:MoveNext () (at ./Library/PackageCache/com.unity.test-framework@7a3849e09bd0/UnityEngine.TestRunner/NUnitExtensions/Runner/CompositeWorkItem.cs:205)
UnityEngine.TestRunner.NUnitExtensions.Runner.CompositeWorkItem/<PerformWork>d__13:MoveNext () (at ./Library/PackageCache/com.unity.test-framework@7a3849e09bd0/UnityEngine.TestRunner/NUnitExtensions/Runner/CompositeWorkItem.cs:83)
UnityEngine.TestRunner.NUnitExtensions.Runner.CompositeWorkItem/<RunChildren>d__17:MoveNext () (at ./Library/PackageCache/com.unity.test-framework@7a3849e09bd0/UnityEngine.TestRunner/NUnitExtensions/Runner/CompositeWorkItem.cs:209)
UnityEngine.TestRunner.NUnitExtensions.Runner.CompositeWorkItem/<PerformWork>d__13:MoveNext () (at ./Library/PackageCache/com.unity.test-framework@7a3849e09bd0/UnityEngine.TestRunner/NUnitExtensions/Runner/CompositeWorkItem.cs:83)
UnityEngine.TestRunner.NUnitExtensions.Runner.CompositeWorkItem/<RunChildren>d__17:MoveNext () (at ./Library/PackageCache/com.unity.test-framework@7a3849e09bd0/UnityEngine.TestRunner/NUnitExtensions/Runner/CompositeWorkItem.cs:209)
UnityEngine.TestRunner.NUnitExtensions.Runner.CompositeWorkItem/<PerformWork>d__13:MoveNext () (at ./Library/PackageCache/com.unity.test-framework@7a3849e09bd0/UnityEngine.TestRunner/NUnitExtensions/Runner/CompositeWorkItem.cs:83)
UnityEngine.TestRunner.NUnitExtensions.Runner.CompositeWorkItem/<RunChildren>d__17:MoveNext () (at ./Library/PackageCache/com.unity.test-framework@7a3849e09bd0/UnityEngine.TestRunner/NUnitExtensions/Runner/CompositeWorkItem.cs:209)
UnityEngine.TestRunner.NUnitExtensions.Runner.CompositeWorkItem/<PerformWork>d__13:MoveNext () (at ./Library/PackageCache/com.unity.test-framework@7a3849e09bd0/UnityEngine.TestRunner/NUnitExtensions/Runner/CompositeWorkItem.cs:83)
UnityEngine.TestRunner.NUnitExtensions.Runner.CompositeWorkItem/<RunChildren>d__17:MoveNext () (at ./Library/PackageCache/com.unity.test-framework@7a3849e09bd0/UnityEngine.TestRunner/NUnitExtensions/Runner/CompositeWorkItem.cs:209)
UnityEngine.TestRunner.NUnitExtensions.Runner.CompositeWorkItem/<PerformWork>d__13:MoveNext () (at ./Library/PackageCache/com.unity.test-framework@7a3849e09bd0/UnityEngine.TestRunner/NUnitExtensions/Runner/CompositeWorkItem.cs:83)
UnityEngine.TestRunner.NUnitExtensions.Runner.CompositeWorkItem/<RunChildren>d__17:MoveNext () (at ./Library/PackageCache/com.unity.test-framework@7a3849e09bd0/UnityEngine.TestRunner/NUnitExtensions/Runner/CompositeWorkItem.cs:209)
UnityEngine.TestRunner.NUnitExtensions.Runner.CompositeWorkItem/<PerformWork>d__13:MoveNext () (at ./Library/PackageCache/com.unity.test-framework@7a3849e09bd0/UnityEngine.TestRunner/NUnitExtensions/Runner/CompositeWorkItem.cs:83)
UnityEngine.TestTools.TestRunner.PlaymodeTestsController/<TestRunnerCoroutine>d__25:MoveNext () (at ./Library/PackageCache/com.unity.test-framework@7a3849e09bd0/UnityEngine.TestRunner/TestRunner/PlaymodeTestsController.cs:100)
UnityEngine.SetupCoroutine:InvokeMoveNext (System.Collections.IEnumerator,intptr)

(Filename: Assets/Scripts/Editor/Testing/VarginhaBatchTestProgress.cs Line: 22)

QA result: Passed Game.Tests.PlayMode.VarginhaInventoryTests.NewPhaseDoesNotRepopulateUsedItems
UnityEngine.Debug:ExtractStackTraceNoAlloc (byte*,int,string)
UnityEngine.StackTraceUtility:ExtractStackTrace ()
UnityEngine.DebugLogHandler:Internal_Log (UnityEngine.LogType,UnityEngine.LogOption,string,UnityEngine.Object)
UnityEngine.DebugLogHandler:LogFormat (UnityEngine.LogType,UnityEngine.Object,string,object[])
UnityEngine.Logger:Log (UnityEngine.LogType,object)
UnityEngine.Debug:Log (object)
Game.Editor.Testing.VarginhaBatchTestProgress:TestFinished (UnityEditor.TestTools.TestRunner.Api.ITestResultAdaptor) (at Assets/Scripts/Editor/Testing/VarginhaBatchTestProgress.cs:26)
UnityEditor.TestTools.TestRunner.Api.CallbacksDelegator/<>c__DisplayClass14_0:<TestFinished>b__0 (UnityEditor.TestTools.TestRunner.Api.ICallbacks) (at ./Library/PackageCache/com.unity.test-framework@7a3849e09bd0/UnityEditor.TestRunner/Api/CallbacksDelegator.cs:95)
UnityEditor.TestTools.TestRunner.Api.CallbacksDelegator:TryInvokeAllCallbacks (System.Action`1<UnityEditor.TestTools.TestRunner.Api.ICallbacks>) (at ./Library/PackageCache/com.unity.test-framework@7a3849e09bd0/UnityEditor.TestRunner/Api/CallbacksDelegator.cs:135)
UnityEditor.TestTools.TestRunner.Api.CallbacksDelegator:TestFinished (NUnit.Framework.Interfaces.ITestResult) (at ./Library/PackageCache/com.unity.test-framework@7a3849e09bd0/UnityEditor.TestRunner/Api/CallbacksDelegator.cs:95)
UnityEngine.Events.InvokableCall`1<NUnit.Framework.Interfaces.ITestResult>:Invoke (NUnit.Framework.Interfaces.ITestResult)
UnityEngine.Events.UnityEvent`1<NUnit.Framework.Interfaces.ITestResult>:Invoke (NUnit.Framework.Interfaces.ITestResult)
UnityEngine.Events.InvokableCall`1<NUnit.Framework.Interfaces.ITestResult>:Invoke (NUnit.Framework.Interfaces.ITestResult)
UnityEngine.Events.UnityEvent`1<NUnit.Framework.Interfaces.ITestResult>:Invoke (NUnit.Framework.Interfaces.ITestResult)
UnityEngine.TestTools.TestRunner.TestListenerWrapper:TestFinished (NUnit.Framework.Interfaces.ITestResult) (at ./Library/PackageCache/com.unity.test-framework@7a3849e09bd0/UnityEngine.TestRunner/TestRunner/TestListenerWrapper.cs:24)
UnityEngine.TestRunner.NUnitExtensions.Runner.UnityWorkItem:WorkItemComplete () (at ./Library/PackageCache/com.unity.test-framework@7a3849e09bd0/UnityEngine.TestRunner/NUnitExtensions/Runner/UnityWorkItem.cs:107)
UnityEngine.TestRunner.NUnitExtensions.Runner.DefaultTestWorkItem/<PerformWork>d__2:<>m__Finally1 () (at ./Library/PackageCache/com.unity.test-framework@7a3849e09bd0/UnityEngine.TestRunner/NUnitExtensions/Runner/DefaultTestWorkItem.cs:98)
UnityEngine.TestRunner.NUnitExtensions.Runner.DefaultTestWorkItem/<PerformWork>d__2:MoveNext () (at ./Library/PackageCache/com.unity.test-framework@7a3849e09bd0/UnityEngine.TestRunner/NUnitExtensions/Runner/DefaultTestWorkItem.cs:95)
UnityEngine.TestRunner.NUnitExtensions.Runner.CompositeWorkItem/<RunChildren>d__17:MoveNext () (at ./Library/PackageCache/com.unity.test-framework@7a3849e09bd0/UnityEngine.TestRunner/NUnitExtensions/Runner/CompositeWorkItem.cs:209)
UnityEngine.TestRunner.NUnitExtensions.Runner.CompositeWorkItem/<PerformWork>d__13:MoveNext () (at ./Library/PackageCache/com.unity.test-framework@7a3849e09bd0/UnityEngine.TestRunner/NUnitExtensions/Runner/CompositeWorkItem.cs:83)
UnityEngine.TestRunner.NUnitExtensions.Runner.CompositeWorkItem/<RunChildren>d__17:MoveNext () (at ./Library/PackageCache/com.unity.test-framework@7a3849e09bd0/UnityEngine.TestRunner/NUnitExtensions/Runner/CompositeWorkItem.cs:209)
UnityEngine.TestRunner.NUnitExtensions.Runner.CompositeWorkItem/<PerformWork>d__13:MoveNext () (at ./Library/PackageCache/com.unity.test-framework@7a3849e09bd0/UnityEngine.TestRunner/NUnitExtensions/Runner/CompositeWorkItem.cs:83)
UnityEngine.TestRunner.NUnitExtensions.Runner.CompositeWorkItem/<RunChildren>d__17:MoveNext () (at ./Library/PackageCache/com.unity.test-framework@7a3849e09bd0/UnityEngine.TestRunner/NUnitExtensions/Runner/CompositeWorkItem.cs:209)
UnityEngine.TestRunner.NUnitExtensions.Runner.CompositeWorkItem/<PerformWork>d__13:MoveNext () (at ./Library/PackageCache/com.unity.test-framework@7a3849e09bd0/UnityEngine.TestRunner/NUnitExtensions/Runner/CompositeWorkItem.cs:83)
UnityEngine.TestRunner.NUnitExtensions.Runner.CompositeWorkItem/<RunChildren>d__17:MoveNext () (at ./Library/PackageCache/com.unity.test-framework@7a3849e09bd0/UnityEngine.TestRunner/NUnitExtensions/Runner/CompositeWorkItem.cs:209)
UnityEngine.TestRunner.NUnitExtensions.Runner.CompositeWorkItem/<PerformWork>d__13:MoveNext () (at ./Library/PackageCache/com.unity.test-framework@7a3849e09bd0/UnityEngine.TestRunner/NUnitExtensions/Runner/CompositeWorkItem.cs:83)
UnityEngine.TestRunner.NUnitExtensions.Runner.CompositeWorkItem/<RunChildren>d__17:MoveNext () (at ./Library/PackageCache/com.unity.test-framework@7a3849e09bd0/UnityEngine.TestRunner/NUnitExtensions/Runner/CompositeWorkItem.cs:209)
UnityEngine.TestRunner.NUnitExtensions.Runner.CompositeWorkItem/<PerformWork>d__13:MoveNext () (at ./Library/PackageCache/com.unity.test-framework@7a3849e09bd0/UnityEngine.TestRunner/NUnitExtensions/Runner/CompositeWorkItem.cs:83)
UnityEngine.TestRunner.NUnitExtensions.Runner.CompositeWorkItem/<RunChildren>d__17:MoveNext () (at ./Library/PackageCache/com.unity.test-framework@7a3849e09bd0/UnityEngine.TestRunner/NUnitExtensions/Runner/CompositeWorkItem.cs:209)
UnityEngine.TestRunner.NUnitExtensions.Runner.CompositeWorkItem/<PerformWork>d__13:MoveNext () (at ./Library/PackageCache/com.unity.test-framework@7a3849e09bd0/UnityEngine.TestRunner/NUnitExtensions/Runner/CompositeWorkItem.cs:83)
UnityEngine.TestTools.TestRunner.PlaymodeTestsController/<TestRunnerCoroutine>d__25:MoveNext () (at ./Library/PackageCache/com.unity.test-framework@7a3849e09bd0/UnityEngine.TestRunner/TestRunner/PlaymodeTestsController.cs:100)
UnityEngine.SetupCoroutine:InvokeMoveNext (System.Collections.IEnumerator,intptr)

(Filename: Assets/Scripts/Editor/Testing/VarginhaBatchTestProgress.cs Line: 26)

QA test: Game.Tests.PlayMode.VarginhaInventoryTests.NoStudentAppearsOrAttacksUntilEquipped
UnityEngine.Debug:ExtractStackTraceNoAlloc (byte*,int,string)
UnityEngine.StackTraceUtility:ExtractStackTrace ()
UnityEngine.DebugLogHandler:Internal_Log (UnityEngine.LogType,UnityEngine.LogOption,string,UnityEngine.Object)
UnityEngine.DebugLogHandler:LogFormat (UnityEngine.LogType,UnityEngine.Object,string,object[])
UnityEngine.Logger:Log (UnityEngine.LogType,object)
UnityEngine.Debug:Log (object)
Game.Editor.Testing.VarginhaBatchTestProgress:TestStarted (UnityEditor.TestTools.TestRunner.Api.ITestAdaptor) (at Assets/Scripts/Editor/Testing/VarginhaBatchTestProgress.cs:22)
UnityEditor.TestTools.TestRunner.Api.CallbacksDelegator/<>c__DisplayClass12_0:<TestStarted>b__0 (UnityEditor.TestTools.TestRunner.Api.ICallbacks) (at ./Library/PackageCache/com.unity.test-framework@7a3849e09bd0/UnityEditor.TestRunner/Api/CallbacksDelegator.cs:81)
UnityEditor.TestTools.TestRunner.Api.CallbacksDelegator:TryInvokeAllCallbacks (System.Action`1<UnityEditor.TestTools.TestRunner.Api.ICallbacks>) (at ./Library/PackageCache/com.unity.test-framework@7a3849e09bd0/UnityEditor.TestRunner/Api/CallbacksDelegator.cs:135)
UnityEditor.TestTools.TestRunner.Api.CallbacksDelegator:TestStarted (NUnit.Framework.Interfaces.ITest) (at ./Library/PackageCache/com.unity.test-framework@7a3849e09bd0/UnityEditor.TestRunner/Api/CallbacksDelegator.cs:81)
UnityEngine.Events.InvokableCall`1<NUnit.Framework.Interfaces.ITest>:Invoke (NUnit.Framework.Interfaces.ITest)
UnityEngine.Events.UnityEvent`1<NUnit.Framework.Interfaces.ITest>:Invoke (NUnit.Framework.Interfaces.ITest)
UnityEngine.Events.InvokableCall`1<NUnit.Framework.Interfaces.ITest>:Invoke (NUnit.Framework.Interfaces.ITest)
UnityEngine.Events.UnityEvent`1<NUnit.Framework.Interfaces.ITest>:Invoke (NUnit.Framework.Interfaces.ITest)
UnityEngine.TestTools.TestRunner.TestListenerWrapper:TestStarted (NUnit.Framework.Interfaces.ITest) (at ./Library/PackageCache/com.unity.test-framework@7a3849e09bd0/UnityEngine.TestRunner/TestRunner/TestListenerWrapper.cs:19)
UnityEngine.TestRunner.NUnitExtensions.Runner.UnityWorkItem:Execute () (at ./Library/PackageCache/com.unity.test-framework@7a3849e09bd0/UnityEngine.TestRunner/NUnitExtensions/Runner/UnityWorkItem.cs:83)
UnityEngine.TestRunner.NUnitExtensions.Runner.CompositeWorkItem/<RunChildren>d__17:MoveNext () (at ./Library/PackageCache/com.unity.test-framework@7a3849e09bd0/UnityEngine.TestRunner/NUnitExtensions/Runner/CompositeWorkItem.cs:205)
UnityEngine.TestRunner.NUnitExtensions.Runner.CompositeWorkItem/<PerformWork>d__13:MoveNext () (at ./Library/PackageCache/com.unity.test-framework@7a3849e09bd0/UnityEngine.TestRunner/NUnitExtensions/Runner/CompositeWorkItem.cs:83)
UnityEngine.TestRunner.NUnitExtensions.Runner.CompositeWorkItem/<RunChildren>d__17:MoveNext () (at ./Library/PackageCache/com.unity.test-framework@7a3849e09bd0/UnityEngine.TestRunner/NUnitExtensions/Runner/CompositeWorkItem.cs:209)
UnityEngine.TestRunner.NUnitExtensions.Runner.CompositeWorkItem/<PerformWork>d__13:MoveNext () (at ./Library/PackageCache/com.unity.test-framework@7a3849e09bd0/UnityEngine.TestRunner/NUnitExtensions/Runner/CompositeWorkItem.cs:83)
UnityEngine.TestRunner.NUnitExtensions.Runner.CompositeWorkItem/<RunChildren>d__17:MoveNext () (at ./Library/PackageCache/com.unity.test-framework@7a3849e09bd0/UnityEngine.TestRunner/NUnitExtensions/Runner/CompositeWorkItem.cs:209)
UnityEngine.TestRunner.NUnitExtensions.Runner.CompositeWorkItem/<PerformWork>d__13:MoveNext () (at ./Library/PackageCache/com.unity.test-framework@7a3849e09bd0/UnityEngine.TestRunner/NUnitExtensions/Runner/CompositeWorkItem.cs:83)
UnityEngine.TestRunner.NUnitExtensions.Runner.CompositeWorkItem/<RunChildren>d__17:MoveNext () (at ./Library/PackageCache/com.unity.test-framework@7a3849e09bd0/UnityEngine.TestRunner/NUnitExtensions/Runner/CompositeWorkItem.cs:209)
UnityEngine.TestRunner.NUnitExtensions.Runner.CompositeWorkItem/<PerformWork>d__13:MoveNext () (at ./Library/PackageCache/com.unity.test-framework@7a3849e09bd0/UnityEngine.TestRunner/NUnitExtensions/Runner/CompositeWorkItem.cs:83)
UnityEngine.TestRunner.NUnitExtensions.Runner.CompositeWorkItem/<RunChildren>d__17:MoveNext () (at ./Library/PackageCache/com.unity.test-framework@7a3849e09bd0/UnityEngine.TestRunner/NUnitExtensions/Runner/CompositeWorkItem.cs:209)
UnityEngine.TestRunner.NUnitExtensions.Runner.CompositeWorkItem/<PerformWork>d__13:MoveNext () (at ./Library/PackageCache/com.unity.test-framework@7a3849e09bd0/UnityEngine.TestRunner/NUnitExtensions/Runner/CompositeWorkItem.cs:83)
UnityEngine.TestRunner.NUnitExtensions.Runner.CompositeWorkItem/<RunChildren>d__17:MoveNext () (at ./Library/PackageCache/com.unity.test-framework@7a3849e09bd0/UnityEngine.TestRunner/NUnitExtensions/Runner/CompositeWorkItem.cs:209)
UnityEngine.TestRunner.NUnitExtensions.Runner.CompositeWorkItem/<PerformWork>d__13:MoveNext () (at ./Library/PackageCache/com.unity.test-framework@7a3849e09bd0/UnityEngine.TestRunner/NUnitExtensions/Runner/CompositeWorkItem.cs:83)
UnityEngine.TestTools.TestRunner.PlaymodeTestsController/<TestRunnerCoroutine>d__25:MoveNext () (at ./Library/PackageCache/com.unity.test-framework@7a3849e09bd0/UnityEngine.TestRunner/TestRunner/PlaymodeTestsController.cs:100)
UnityEngine.SetupCoroutine:InvokeMoveNext (System.Collections.IEnumerator,intptr)

(Filename: Assets/Scripts/Editor/Testing/VarginhaBatchTestProgress.cs Line: 22)

QA result: Failed Game.Tests.PlayMode.VarginhaInventoryTests.NoStudentAppearsOrAttacksUntilEquipped
UnityEngine.Debug:ExtractStackTraceNoAlloc (byte*,int,string)
UnityEngine.StackTraceUtility:ExtractStackTrace ()
UnityEngine.DebugLogHandler:Internal_Log (UnityEngine.LogType,UnityEngine.LogOption,string,UnityEngine.Object)
UnityEngine.DebugLogHandler:LogFormat (UnityEngine.LogType,UnityEngine.Object,string,object[])
UnityEngine.Logger:Log (UnityEngine.LogType,object)
UnityEngine.Debug:Log (object)
Game.Editor.Testing.VarginhaBatchTestProgress:TestFinished (UnityEditor.TestTools.TestRunner.Api.ITestResultAdaptor) (at Assets/Scripts/Editor/Testing/VarginhaBatchTestProgress.cs:26)
UnityEditor.TestTools.TestRunner.Api.CallbacksDelegator/<>c__DisplayClass14_0:<TestFinished>b__0 (UnityEditor.TestTools.TestRunner.Api.ICallbacks) (at ./Library/PackageCache/com.unity.test-framework@7a3849e09bd0/UnityEditor.TestRunner/Api/CallbacksDelegator.cs:95)
UnityEditor.TestTools.TestRunner.Api.CallbacksDelegator:TryInvokeAllCallbacks (System.Action`1<UnityEditor.TestTools.TestRunner.Api.ICallbacks>) (at ./Library/PackageCache/com.unity.test-framework@7a3849e09bd0/UnityEditor.TestRunner/Api/CallbacksDelegator.cs:135)
UnityEditor.TestTools.TestRunner.Api.CallbacksDelegator:TestFinished (NUnit.Framework.Interfaces.ITestResult) (at ./Library/PackageCache/com.unity.test-framework@7a3849e09bd0/UnityEditor.TestRunner/Api/CallbacksDelegator.cs:95)
UnityEngine.Events.InvokableCall`1<NUnit.Framework.Interfaces.ITestResult>:Invoke (NUnit.Framework.Interfaces.ITestResult)
UnityEngine.Events.UnityEvent`1<NUnit.Framework.Interfaces.ITestResult>:Invoke (NUnit.Framework.Interfaces.ITestResult)
UnityEngine.Events.InvokableCall`1<NUnit.Framework.Interfaces.ITestResult>:Invoke (NUnit.Framework.Interfaces.ITestResult)
UnityEngine.Events.UnityEvent`1<NUnit.Framework.Interfaces.ITestResult>:Invoke (NUnit.Framework.Interfaces.ITestResult)
UnityEngine.TestTools.TestRunner.TestListenerWrapper:TestFinished (NUnit.Framework.Interfaces.ITestResult) (at ./Library/PackageCache/com.unity.test-framework@7a3849e09bd0/UnityEngine.TestRunner/TestRunner/TestListenerWrapper.cs:24)
UnityEngine.TestRunner.NUnitExtensions.Runner.UnityWorkItem:WorkItemComplete () (at ./Library/PackageCache/com.unity.test-framework@7a3849e09bd0/UnityEngine.TestRunner/NUnitExtensions/Runner/UnityWorkItem.cs:107)
UnityEngine.TestRunner.NUnitExtensions.Runner.DefaultTestWorkItem/<PerformWork>d__2:<>m__Finally1 () (at ./Library/PackageCache/com.unity.test-framework@7a3849e09bd0/UnityEngine.TestRunner/NUnitExtensions/Runner/DefaultTestWorkItem.cs:98)
UnityEngine.TestRunner.NUnitExtensions.Runner.DefaultTestWorkItem/<PerformWork>d__2:MoveNext () (at ./Library/PackageCache/com.unity.test-framework@7a3849e09bd0/UnityEngine.TestRunner/NUnitExtensions/Runner/DefaultTestWorkItem.cs:95)
UnityEngine.TestRunner.NUnitExtensions.Runner.CompositeWorkItem/<RunChildren>d__17:MoveNext () (at ./Library/PackageCache/com.unity.test-framework@7a3849e09bd0/UnityEngine.TestRunner/NUnitExtensions/Runner/CompositeWorkItem.cs:209)
UnityEngine.TestRunner.NUnitExtensions.Runner.CompositeWorkItem/<PerformWork>d__13:MoveNext () (at ./Library/PackageCache/com.unity.test-framework@7a3849e09bd0/UnityEngine.TestRunner/NUnitExtensions/Runner/CompositeWorkItem.cs:83)
UnityEngine.TestRunner.NUnitExtensions.Runner.CompositeWorkItem/<RunChildren>d__17:MoveNext () (at ./Library/PackageCache/com.unity.test-framework@7a3849e09bd0/UnityEngine.TestRunner/NUnitExtensions/Runner/CompositeWorkItem.cs:209)
UnityEngine.TestRunner.NUnitExtensions.Runner.CompositeWorkItem/<PerformWork>d__13:MoveNext () (at ./Library/PackageCache/com.unity.test-framework@7a3849e09bd0/UnityEngine.TestRunner/NUnitExtensions/Runner/CompositeWorkItem.cs:83)
UnityEngine.TestRunner.NUnitExtensions.Runner.CompositeWorkItem/<RunChildren>d__17:MoveNext () (at ./Library/PackageCache/com.unity.test-framework@7a3849e09bd0/UnityEngine.TestRunner/NUnitExtensions/Runner/CompositeWorkItem.cs:209)
UnityEngine.TestRunner.NUnitExtensions.Runner.CompositeWorkItem/<PerformWork>d__13:MoveNext () (at ./Library/PackageCache/com.unity.test-framework@7a3849e09bd0/UnityEngine.TestRunner/NUnitExtensions/Runner/CompositeWorkItem.cs:83)
UnityEngine.TestRunner.NUnitExtensions.Runner.CompositeWorkItem/<RunChildren>d__17:MoveNext () (at ./Library/PackageCache/com.unity.test-framework@7a3849e09bd0/UnityEngine.TestRunner/NUnitExtensions/Runner/CompositeWorkItem.cs:209)
UnityEngine.TestRunner.NUnitExtensions.Runner.CompositeWorkItem/<PerformWork>d__13:MoveNext () (at ./Library/PackageCache/com.unity.test-framework@7a3849e09bd0/UnityEngine.TestRunner/NUnitExtensions/Runner/CompositeWorkItem.cs:83)
UnityEngine.TestRunner.NUnitExtensions.Runner.CompositeWorkItem/<RunChildren>d__17:MoveNext () (at ./Library/PackageCache/com.unity.test-framework@7a3849e09bd0/UnityEngine.TestRunner/NUnitExtensions/Runner/CompositeWorkItem.cs:209)
UnityEngine.TestRunner.NUnitExtensions.Runner.CompositeWorkItem/<PerformWork>d__13:MoveNext () (at ./Library/PackageCache/com.unity.test-framework@7a3849e09bd0/UnityEngine.TestRunner/NUnitExtensions/Runner/CompositeWorkItem.cs:83)
UnityEngine.TestRunner.NUnitExtensions.Runner.CompositeWorkItem/<RunChildren>d__17:MoveNext () (at ./Library/PackageCache/com.unity.test-framework@7a3849e09bd0/UnityEngine.TestRunner/NUnitExtensions/Runner/CompositeWorkItem.cs:209)
UnityEngine.TestRunner.NUnitExtensions.Runner.CompositeWorkItem/<PerformWork>d__13:MoveNext () (at ./Library/PackageCache/com.unity.test-framework@7a3849e09bd0/UnityEngine.TestRunner/NUnitExtensions/Runner/CompositeWorkItem.cs:83)
UnityEngine.TestTools.TestRunner.PlaymodeTestsController/<TestRunnerCoroutine>d__25:MoveNext () (at ./Library/PackageCache/com.unity.test-framework@7a3849e09bd0/UnityEngine.TestRunner/TestRunner/PlaymodeTestsController.cs:100)
UnityEngine.SetupCoroutine:InvokeMoveNext (System.Collections.IEnumerator,intptr)

(Filename: Assets/Scripts/Editor/Testing/VarginhaBatchTestProgress.cs Line: 26)

QA test: Game.Tests.PlayMode.VarginhaPlayerPolishTests.ComboCyclesThreeStepsThenExpires
UnityEngine.Debug:ExtractStackTraceNoAlloc (byte*,int,string)
UnityEngine.StackTraceUtility:ExtractStackTrace ()
UnityEngine.DebugLogHandler:Internal_Log (UnityEngine.LogType,UnityEngine.LogOption,string,UnityEngine.Object)
UnityEngine.DebugLogHandler:LogFormat (UnityEngine.LogType,UnityEngine.Object,string,object[])
UnityEngine.Logger:Log (UnityEngine.LogType,object)
UnityEngine.Debug:Log (object)
Game.Editor.Testing.VarginhaBatchTestProgress:TestStarted (UnityEditor.TestTools.TestRunner.Api.ITestAdaptor) (at Assets/Scripts/Editor/Testing/VarginhaBatchTestProgress.cs:22)
UnityEditor.TestTools.TestRunner.Api.CallbacksDelegator/<>c__DisplayClass12_0:<TestStarted>b__0 (UnityEditor.TestTools.TestRunner.Api.ICallbacks) (at ./Library/PackageCache/com.unity.test-framework@7a3849e09bd0/UnityEditor.TestRunner/Api/CallbacksDelegator.cs:81)
UnityEditor.TestTools.TestRunner.Api.CallbacksDelegator:TryInvokeAllCallbacks (System.Action`1<UnityEditor.TestTools.TestRunner.Api.ICallbacks>) (at ./Library/PackageCache/com.unity.test-framework@7a3849e09bd0/UnityEditor.TestRunner/Api/CallbacksDelegator.cs:135)
UnityEditor.TestTools.TestRunner.Api.CallbacksDelegator:TestStarted (NUnit.Framework.Interfaces.ITest) (at ./Library/PackageCache/com.unity.test-framework@7a3849e09bd0/UnityEditor.TestRunner/Api/CallbacksDelegator.cs:81)
UnityEngine.Events.InvokableCall`1<NUnit.Framework.Interfaces.ITest>:Invoke (NUnit.Framework.Interfaces.ITest)
UnityEngine.Events.UnityEvent`1<NUnit.Framework.Interfaces.ITest>:Invoke (NUnit.Framework.Interfaces.ITest)
UnityEngine.Events.InvokableCall`1<NUnit.Framework.Interfaces.ITest>:Invoke (NUnit.Framework.Interfaces.ITest)
UnityEngine.Events.UnityEvent`1<NUnit.Framework.Interfaces.ITest>:Invoke (NUnit.Framework.Interfaces.ITest)
UnityEngine.TestTools.TestRunner.TestListenerWrapper:TestStarted (NUnit.Framework.Interfaces.ITest) (at ./Library/PackageCache/com.unity.test-framework@7a3849e09bd0/UnityEngine.TestRunner/TestRunner/TestListenerWrapper.cs:19)
UnityEngine.TestRunner.NUnitExtensions.Runner.UnityWorkItem:Execute () (at ./Library/PackageCache/com.unity.test-framework@7a3849e09bd0/UnityEngine.TestRunner/NUnitExtensions/Runner/UnityWorkItem.cs:83)
UnityEngine.TestRunner.NUnitExtensions.Runner.CompositeWorkItem/<RunChildren>d__17:MoveNext () (at ./Library/PackageCache/com.unity.test-framework@7a3849e09bd0/UnityEngine.TestRunner/NUnitExtensions/Runner/CompositeWorkItem.cs:205)
UnityEngine.TestRunner.NUnitExtensions.Runner.CompositeWorkItem/<PerformWork>d__13:MoveNext () (at ./Library/PackageCache/com.unity.test-framework@7a3849e09bd0/UnityEngine.TestRunner/NUnitExtensions/Runner/CompositeWorkItem.cs:83)
UnityEngine.TestRunner.NUnitExtensions.Runner.CompositeWorkItem/<RunChildren>d__17:MoveNext () (at ./Library/PackageCache/com.unity.test-framework@7a3849e09bd0/UnityEngine.TestRunner/NUnitExtensions/Runner/CompositeWorkItem.cs:209)
UnityEngine.TestRunner.NUnitExtensions.Runner.CompositeWorkItem/<PerformWork>d__13:MoveNext () (at ./Library/PackageCache/com.unity.test-framework@7a3849e09bd0/UnityEngine.TestRunner/NUnitExtensions/Runner/CompositeWorkItem.cs:83)
UnityEngine.TestRunner.NUnitExtensions.Runner.CompositeWorkItem/<RunChildren>d__17:MoveNext () (at ./Library/PackageCache/com.unity.test-framework@7a3849e09bd0/UnityEngine.TestRunner/NUnitExtensions/Runner/CompositeWorkItem.cs:209)
UnityEngine.TestRunner.NUnitExtensions.Runner.CompositeWorkItem/<PerformWork>d__13:MoveNext () (at ./Library/PackageCache/com.unity.test-framework@7a3849e09bd0/UnityEngine.TestRunner/NUnitExtensions/Runner/CompositeWorkItem.cs:83)
UnityEngine.TestRunner.NUnitExtensions.Runner.CompositeWorkItem/<RunChildren>d__17:MoveNext () (at ./Library/PackageCache/com.unity.test-framework@7a3849e09bd0/UnityEngine.TestRunner/NUnitExtensions/Runner/CompositeWorkItem.cs:209)
UnityEngine.TestRunner.NUnitExtensions.Runner.CompositeWorkItem/<PerformWork>d__13:MoveNext () (at ./Library/PackageCache/com.unity.test-framework@7a3849e09bd0/UnityEngine.TestRunner/NUnitExtensions/Runner/CompositeWorkItem.cs:83)
UnityEngine.TestRunner.NUnitExtensions.Runner.CompositeWorkItem/<RunChildren>d__17:MoveNext () (at ./Library/PackageCache/com.unity.test-framework@7a3849e09bd0/UnityEngine.TestRunner/NUnitExtensions/Runner/CompositeWorkItem.cs:209)
UnityEngine.TestRunner.NUnitExtensions.Runner.CompositeWorkItem/<PerformWork>d__13:MoveNext () (at ./Library/PackageCache/com.unity.test-framework@7a3849e09bd0/UnityEngine.TestRunner/NUnitExtensions/Runner/CompositeWorkItem.cs:83)
UnityEngine.TestRunner.NUnitExtensions.Runner.CompositeWorkItem/<RunChildren>d__17:MoveNext () (at ./Library/PackageCache/com.unity.test-framework@7a3849e09bd0/UnityEngine.TestRunner/NUnitExtensions/Runner/CompositeWorkItem.cs:209)
UnityEngine.TestRunner.NUnitExtensions.Runner.CompositeWorkItem/<PerformWork>d__13:MoveNext () (at ./Library/PackageCache/com.unity.test-framework@7a3849e09bd0/UnityEngine.TestRunner/NUnitExtensions/Runner/CompositeWorkItem.cs:83)
UnityEngine.TestTools.TestRunner.PlaymodeTestsController/<TestRunnerCoroutine>d__25:MoveNext () (at ./Library/PackageCache/com.unity.test-framework@7a3849e09bd0/UnityEngine.TestRunner/TestRunner/PlaymodeTestsController.cs:100)
UnityEngine.SetupCoroutine:InvokeMoveNext (System.Collections.IEnumerator,intptr)

(Filename: Assets/Scripts/Editor/Testing/VarginhaBatchTestProgress.cs Line: 22)

There are no audio listeners in the scene. Please ensure there is always one audio listener in the scene
There are no audio listeners in the scene. Please ensure there is always one audio listener in the scene
There are no audio listeners in the scene. Please ensure there is always one audio listener in the scene
There are no audio listeners in the scene. Please ensure there is always one audio listener in the scene
There are no audio listeners in the scene. Please ensure there is always one audio listener in the scene
There are no audio listeners in the scene. Please ensure there is always one audio listener in the scene
There are no audio listeners in the scene. Please ensure there is always one audio listener in the scene
There are no audio listeners in the scene. Please ensure there is always one audio listener in the scene
There are no audio listeners in the scene. Please ensure there is always one audio listener in the scene
There are no audio listeners in the scene. Please ensure there is always one audio listener in the scene
There are no audio listeners in the scene. Please ensure there is always one audio listener in the scene
There are no audio listeners in the scene. Please ensure there is always one audio listener in the scene
There are no audio listeners in the scene. Please ensure there is always one audio listener in the scene
There are no audio listeners in the scene. Please ensure there is always one audio listener in the scene
There are no audio listeners in the scene. Please ensure there is always one audio listener in the scene
There are no audio listeners in the scene. Please ensure there is always one audio listener in the scene
There are no audio listeners in the scene. Please ensure there is always one audio listener in the scene
There are no audio listeners in the scene. Please ensure there is always one audio listener in the scene
There are no audio listeners in the scene. Please ensure there is always one audio listener in the scene
There are no audio listeners in the scene. Please ensure there is always one audio listener in the scene
There are no audio listeners in the scene. Please ensure there is always one audio listener in the scene
There are no audio listeners in the scene. Please ensure there is always one audio listener in the scene
There are no audio listeners in the scene. Please ensure there is always one audio listener in the scene
There are no audio listeners in the scene. Please ensure there is always one audio listener in the scene
There are no audio listeners in the scene. Please ensure there is always one audio listener in the scene
There are no audio listeners in the scene. Please ensure there is always one audio listener in the scene
There are no audio listeners in the scene. Please ensure there is always one audio listener in the scene
There are no audio listeners in the scene. Please ensure there is always one audio listener in the scene
There are no audio listeners in the scene. Please ensure there is always one audio listener in the scene
There are no audio listeners in the scene. Please ensure there is always one audio listener in the scene
There are no audio listeners in the scene. Please ensure there is always one audio listener in the scene
There are no audio listeners in the scene. Please ensure there is always one audio listener in the scene
There are no audio listeners in the scene. Please ensure there is always one audio listener in the scene
There are no audio listeners in the scene. Please ensure there is always one audio listener in the scene
There are no audio listeners in the scene. Please ensure there is always one audio listener in the scene
There are no audio listeners in the scene. Please ensure there is always one audio listener in the scene
There are no audio listeners in the scene. Please ensure there is always one audio listener in the scene
There are no audio listeners in the scene. Please ensure there is always one audio listener in the scene
There are no audio listeners in the scene. Please ensure there is always one audio listener in the scene
There are no audio listeners in the scene. Please ensure there is always one audio listener in the scene
There are no audio listeners in the scene. Please ensure there is always one audio listener in the scene
There are no audio listeners in the scene. Please ensure there is always one audio listener in the scene
There are no audio listeners in the scene. Please ensure there is always one audio listener in the scene
There are no audio listeners in the scene. Please ensure there is always one audio listener in the scene
There are no audio listeners in the scene. Please ensure there is always one audio listener in the scene
There are no audio listeners in the scene. Please ensure there is always one audio listener in the scene
There are no audio listeners in the scene. Please ensure there is always one audio listener in the scene
There are no audio listeners in the scene. Please ensure there is always one audio listener in the scene
There are no audio listeners in the scene. Please ensure there is always one audio listener in the scene
There are no audio listeners in the scene. Please ensure there is always one audio listener in the scene
There are no audio listeners in the scene. Please ensure there is always one audio listener in the scene
There are no audio listeners in the scene. Please ensure there is always one audio listener in the scene
There are no audio listeners in the scene. Please ensure there is always one audio listener in the scene
There are no audio listeners in the scene. Please ensure there is always one audio listener in the scene
There are no audio listeners in the scene. Please ensure there is always one audio listener in the scene
There are no audio listeners in the scene. Please ensure there is always one audio listener in the scene
There are no audio listeners in the scene. Please ensure there is always one audio listener in the scene
There are no audio listeners in the scene. Please ensure there is always one audio listener in the scene
There are no audio listeners in the scene. Please ensure there is always one audio listener in the scene
There are no audio listeners in the scene. Please ensure there is always one audio listener in the scene
There are no audio listeners in the scene. Please ensure there is always one audio listener in the scene
There are no audio listeners in the scene. Please ensure there is always one audio listener in the scene
There are no audio listeners in the scene. Please ensure there is always one audio listener in the scene
There are no audio listeners in the scene. Please ensure there is always one audio listener in the scene
There are no audio listeners in the scene. Please ensure there is always one audio listener in the scene
There are no audio listeners in the scene. Please ensure there is always one audio listener in the scene
There are no audio listeners in the scene. Please ensure there is always one audio listener in the scene
There are no audio listeners in the scene. Please ensure there is always one audio listener in the scene
There are no audio listeners in the scene. Please ensure there is always one audio listener in the scene
There are no audio listeners in the scene. Please ensure there is always one audio listener in the scene
There are no audio listeners in the scene. Please ensure there is always one audio listener in the scene
There are no audio listeners in the scene. Please ensure there is always one audio listener in the scene
There are no audio listeners in the scene. Please ensure there is always one audio listener in the scene
There are no audio listeners in the scene. Please ensure there is always one audio listener in the scene
There are no audio listeners in the scene. Please ensure there is always one audio listener in the scene
There are no audio listeners in the scene. Please ensure there is always one audio listener in the scene
There are no audio listeners in the scene. Please ensure there is always one audio listener in the scene
There are no audio listeners in the scene. Please ensure there is always one audio listener in the scene
There are no audio listeners in the scene. Please ensure there is always one audio listener in the scene
There are no audio listeners in the scene. Please ensure there is always one audio listener in the scene
There are no audio listeners in the scene. Please ensure there is always one audio listener in the scene
There are no audio listeners in the scene. Please ensure there is always one audio listener in the scene
There are no audio listeners in the scene. Please ensure there is always one audio listener in the scene
There are no audio listeners in the scene. Please ensure there is always one audio listener in the scene
There are no audio listeners in the scene. Please ensure there is always one audio listener in the scene
There are no audio listeners in the scene. Please ensure there is always one audio listener in the scene
There are no audio listeners in the scene. Please ensure there is always one audio listener in the scene
There are no audio listeners in the scene. Please ensure there is always one audio listener in the scene
There are no audio listeners in the scene. Please ensure there is always one audio listener in the scene
There are no audio listeners in the scene. Please ensure there is always one audio listener in the scene
There are no audio listeners in the scene. Please ensure there is always one audio listener in the scene
There are no audio listeners in the scene. Please ensure there is always one audio listener in the scene
There are no audio listeners in the scene. Please ensure there is always one audio listener in the scene
There are no audio listeners in the scene. Please ensure there is always one audio listener in the scene
There are no audio listeners in the scene. Please ensure there is always one audio listener in the scene
There are no audio listeners in the scene. Please ensure there is always one audio listener in the scene
There are no audio listeners in the scene. Please ensure there is always one audio listener in the scene
There are no audio listeners in the scene. Please ensure there is always one audio listener in the scene
There are no audio listeners in the scene. Please ensure there is always one audio listener in the scene
There are no audio listeners in the scene. Please ensure there is always one audio listener in the scene
There are no audio listeners in the scene. Please ensure there is always one audio listener in the scene
There are no audio listeners in the scene. Please ensure there is always one audio listener in the scene
There are no audio listeners in the scene. Please ensure there is always one audio listener in the scene
There are no audio listeners in the scene. Please ensure there is always one audio listener in the scene
There are no audio listeners in the scene. Please ensure there is always one audio listener in the scene
There are no audio listeners in the scene. Please ensure there is always one audio listener in the scene
There are no audio listeners in the scene. Please ensure there is always one audio listener in the scene
There are no audio listeners in the scene. Please ensure there is always one audio listener in the scene
There are no audio listeners in the scene. Please ensure there is always one audio listener in the scene
There are no audio listeners in the scene. Please ensure there is always one audio listener in the scene
There are no audio listeners in the scene. Please ensure there is always one audio listener in the scene
There are no audio listeners in the scene. Please ensure there is always one audio listener in the scene
There are no audio listeners in the scene. Please ensure there is always one audio listener in the scene
There are no audio listeners in the scene. Please ensure there is always one audio listener in the scene
There are no audio listeners in the scene. Please ensure there is always one audio listener in the scene
There are no audio listeners in the scene. Please ensure there is always one audio listener in the scene
There are no audio listeners in the scene. Please ensure there is always one audio listener in the scene
There are no audio listeners in the scene. Please ensure there is always one audio listener in the scene
There are no audio listeners in the scene. Please ensure there is always one audio listener in the scene
There are no audio listeners in the scene. Please ensure there is always one audio listener in the scene
There are no audio listeners in the scene. Please ensure there is always one audio listener in the scene
There are no audio listeners in the scene. Please ensure there is always one audio listener in the scene
There are no audio listeners in the scene. Please ensure there is always one audio listener in the scene
There are no audio listeners in the scene. Please ensure there is always one audio listener in the scene
There are no audio listeners in the scene. Please ensure there is always one audio listener in the scene
There are no audio listeners in the scene. Please ensure there is always one audio listener in the scene
There are no audio listeners in the scene. Please ensure there is always one audio listener in the scene
There are no audio listeners in the scene. Please ensure there is always one audio listener in the scene
There are no audio listeners in the scene. Please ensure there is always one audio listener in the scene
There are no audio listeners in the scene. Please ensure there is always one audio listener in the scene
There are no audio listeners in the scene. Please ensure there is always one audio listener in the scene
There are no audio listeners in the scene. Please ensure there is always one audio listener in the scene
There are no audio listeners in the scene. Please ensure there is always one audio listener in the scene
There are no audio listeners in the scene. Please ensure there is always one audio listener in the scene
There are no audio listeners in the scene. Please ensure there is always one audio listener in the scene
There are no audio listeners in the scene. Please ensure there is always one audio listener in the scene
There are no audio listeners in the scene. Please ensure there is always one audio listener in the scene
There are no audio listeners in the scene. Please ensure there is always one audio listener in the scene
There are no audio listeners in the scene. Please ensure there is always one audio listener in the scene
There are no audio listeners in the scene. Please ensure there is always one audio listener in the scene
There are no audio listeners in the scene. Please ensure there is always one audio listener in the scene
There are no audio listeners in the scene. Please ensure there is always one audio listener in the scene
There are no audio listeners in the scene. Please ensure there is always one audio listener in the scene
There are no audio listeners in the scene. Please ensure there is always one audio listener in the scene
There are no audio listeners in the scene. Please ensure there is always one audio listener in the scene
There are no audio listeners in the scene. Please ensure there is always one audio listener in the scene
There are no audio listeners in the scene. Please ensure there is always one audio listener in the scene
There are no audio listeners in the scene. Please ensure there is always one audio listener in the scene
There are no audio listeners in the scene. Please ensure there is always one audio listener in the scene
There are no audio listeners in the scene. Please ensure there is always one audio listener in the scene
There are no audio listeners in the scene. Please ensure there is always one audio listener in the scene
There are no audio listeners in the scene. Please ensure there is always one audio listener in the scene
There are no audio listeners in the scene. Please ensure there is always one audio listener in the scene
There are no audio listeners in the scene. Please ensure there is always one audio listener in the scene
There are no audio listeners in the scene. Please ensure there is always one audio listener in the scene
There are no audio listeners in the scene. Please ensure there is always one audio listener in the scene
There are no audio listeners in the scene. Please ensure there is always one audio listener in the scene
There are no audio listeners in the scene. Please ensure there is always one audio listener in the scene
There are no audio listeners in the scene. Please ensure there is always one audio listener in the scene
There are no audio listeners in the scene. Please ensure there is always one audio listener in the scene
There are no audio listeners in the scene. Please ensure there is always one audio listener in the scene
There are no audio listeners in the scene. Please ensure there is always one audio listener in the scene
There are no audio listeners in the scene. Please ensure there is always one audio listener in the scene
There are no audio listeners in the scene. Please ensure there is always one audio listener in the scene
There are no audio listeners in the scene. Please ensure there is always one audio listener in the scene
There are no audio listeners in the scene. Please ensure there is always one audio listener in the scene
There are no audio listeners in the scene. Please ensure there is always one audio listener in the scene
There are no audio listeners in the scene. Please ensure there is always one audio listener in the scene
There are no audio listeners in the scene. Please ensure there is always one audio listener in the scene
There are no audio listeners in the scene. Please ensure there is always one audio listener in the scene
There are no audio listeners in the scene. Please ensure there is always one audio listener in the scene
There are no audio listeners in the scene. Please ensure there is always one audio listener in the scene
There are no audio listeners in the scene. Please ensure there is always one audio listener in the scene
There are no audio listeners in the scene. Please ensure there is always one audio listener in the scene
There are no audio listeners in the scene. Please ensure there is always one audio listener in the scene
There are no audio listeners in the scene. Please ensure there is always one audio listener in the scene
There are no audio listeners in the scene. Please ensure there is always one audio listener in the scene
There are no audio listeners in the scene. Please ensure there is always one audio listener in the scene
There are no audio listeners in the scene. Please ensure there is always one audio listener in the scene
There are no audio listeners in the scene. Please ensure there is always one audio listener in the scene
There are no audio listeners in the scene. Please ensure there is always one audio listener in the scene
There are no audio listeners in the scene. Please ensure there is always one audio listener in the scene
There are no audio listeners in the scene. Please ensure there is always one audio listener in the scene
There are no audio listeners in the scene. Please ensure there is always one audio listener in the scene
There are no audio listeners in the scene. Please ensure there is always one audio listener in the scene
There are no audio listeners in the scene. Please ensure there is always one audio listener in the scene
There are no audio listeners in the scene. Please ensure there is always one audio listener in the scene
There are no audio listeners in the scene. Please ensure there is always one audio listener in the scene
There are no audio listeners in the scene. Please ensure there is always one audio listener in the scene
There are no audio listeners in the scene. Please ensure there is always one audio listener in the scene
There are no audio listeners in the scene. Please ensure there is always one audio listener in the scene
There are no audio listeners in the scene. Please ensure there is always one audio listener in the scene
There are no audio listeners in the scene. Please ensure there is always one audio listener in the scene
There are no audio listeners in the scene. Please ensure there is always one audio listener in the scene
There are no audio listeners in the scene. Please ensure there is always one audio listener in the scene
There are no audio listeners in the scene. Please ensure there is always one audio listener in the scene
There are no audio listeners in the scene. Please ensure there is always one audio listener in the scene
There are no audio listeners in the scene. Please ensure there is always one audio listener in the scene
There are no audio listeners in the scene. Please ensure there is always one audio listener in the scene
There are no audio listeners in the scene. Please ensure there is always one audio listener in the scene
There are no audio listeners in the scene. Please ensure there is always one audio listener in the scene
There are no audio listeners in the scene. Please ensure there is always one audio listener in the scene
There are no audio listeners in the scene. Please ensure there is always one audio listener in the scene
There are no audio listeners in the scene. Please ensure there is always one audio listener in the scene
There are no audio listeners in the scene. Please ensure there is always one audio listener in the scene
There are no audio listeners in the scene. Please ensure there is always one audio listener in the scene
There are no audio listeners in the scene. Please ensure there is always one audio listener in the scene
There are no audio listeners in the scene. Please ensure there is always one audio listener in the scene
There are no audio listeners in the scene. Please ensure there is always one audio listener in the scene
There are no audio listeners in the scene. Please ensure there is always one audio listener in the scene
There are no audio listeners in the scene. Please ensure there is always one audio listener in the scene
There are no audio listeners in the scene. Please ensure there is always one audio listener in the scene
There are no audio listeners in the scene. Please ensure there is always one audio listener in the scene
There are no audio listeners in the scene. Please ensure there is always one audio listener in the scene
There are no audio listeners in the scene. Please ensure there is always one audio listener in the scene
There are no audio listeners in the scene. Please ensure there is always one audio listener in the scene
There are no audio listeners in the scene. Please ensure there is always one audio listener in the scene
There are no audio listeners in the scene. Please ensure there is always one audio listener in the scene
There are no audio listeners in the scene. Please ensure there is always one audio listener in the scene
There are no audio listeners in the scene. Please ensure there is always one audio listener in the scene
There are no audio listeners in the scene. Please ensure there is always one audio listener in the scene
There are no audio listeners in the scene. Please ensure there is always one audio listener in the scene
There are no audio listeners in the scene. Please ensure there is always one audio listener in the scene
There are no audio listeners in the scene. Please ensure there is always one audio listener in the scene
There are no audio listeners in the scene. Please ensure there is always one audio listener in the scene
There are no audio listeners in the scene. Please ensure there is always one audio listener in the scene
There are no audio listeners in the scene. Please ensure there is always one audio listener in the scene
There are no audio listeners in the scene. Please ensure there is always one audio listener in the scene
There are no audio listeners in the scene. Please ensure there is always one audio listener in the scene
There are no audio listeners in the scene. Please ensure there is always one audio listener in the scene
There are no audio listeners in the scene. Please ensure there is always one audio listener in the scene
There are no audio listeners in the scene. Please ensure there is always one audio listener in the scene
There are no audio listeners in the scene. Please ensure there is always one audio listener in the scene
There are no audio listeners in the scene. Please ensure there is always one audio listener in the scene
There are no audio listeners in the scene. Please ensure there is always one audio listener in the scene
There are no audio listeners in the scene. Please ensure there is always one audio listener in the scene
There are no audio listeners in the scene. Please ensure there is always one audio listener in the scene
There are no audio listeners in the scene. Please ensure there is always one audio listener in the scene
There are no audio listeners in the scene. Please ensure there is always one audio listener in the scene
There are no audio listeners in the scene. Please ensure there is always one audio listener in the scene
There are no audio listeners in the scene. Please ensure there is always one audio listener in the scene
There are no audio listeners in the scene. Please ensure there is always one audio listener in the scene
There are no audio listeners in the scene. Please ensure there is always one audio listener in the scene
There are no audio listeners in the scene. Please ensure there is always one audio listener in the scene
There are no audio listeners in the scene. Please ensure there is always one audio listener in the scene
There are no audio listeners in the scene. Please ensure there is always one audio listener in the scene
There are no audio listeners in the scene. Please ensure there is always one audio listener in the scene
There are no audio listeners in the scene. Please ensure there is always one audio listener in the scene
There are no audio listeners in the scene. Please ensure there is always one audio listener in the scene
There are no audio listeners in the scene. Please ensure there is always one audio listener in the scene
There are no audio listeners in the scene. Please ensure there is always one audio listener in the scene
There are no audio listeners in the scene. Please ensure there is always one audio listener in the scene
There are no audio listeners in the scene. Please ensure there is always one audio listener in the scene
There are no audio listeners in the scene. Please ensure there is always one audio listener in the scene
There are no audio listeners in the scene. Please ensure there is always one audio listener in the scene
There are no audio listeners in the scene. Please ensure there is always one audio listener in the scene
There are no audio listeners in the scene. Please ensure there is always one audio listener in the scene
There are no audio listeners in the scene. Please ensure there is always one audio listener in the scene
There are no audio listeners in the scene. Please ensure there is always one audio listener in the scene
There are no audio listeners in the scene. Please ensure there is always one audio listener in the scene
There are no audio listeners in the scene. Please ensure there is always one audio listener in the scene
There are no audio listeners in the scene. Please ensure there is always one audio listener in the scene
There are no audio listeners in the scene. Please ensure there is always one audio listener in the scene
There are no audio listeners in the scene. Please ensure there is always one audio listener in the scene
There are no audio listeners in the scene. Please ensure there is always one audio listener in the scene
There are no audio listeners in the scene. Please ensure there is always one audio listener in the scene
There are no audio listeners in the scene. Please ensure there is always one audio listener in the scene
There are no audio listeners in the scene. Please ensure there is always one audio listener in the scene
There are no audio listeners in the scene. Please ensure there is always one audio listener in the scene
There are no audio listeners in the scene. Please ensure there is always one audio listener in the scene
There are no audio listeners in the scene. Please ensure there is always one audio listener in the scene
There are no audio listeners in the scene. Please ensure there is always one audio listener in the scene
There are no audio listeners in the scene. Please ensure there is always one audio listener in the scene
There are no audio listeners in the scene. Please ensure there is always one audio listener in the scene
There are no audio listeners in the scene. Please ensure there is always one audio listener in the scene
There are no audio listeners in the scene. Please ensure there is always one audio listener in the scene
There are no audio listeners in the scene. Please ensure there is always one audio listener in the scene
There are no audio listeners in the scene. Please ensure there is always one audio listener in the scene
There are no audio listeners in the scene. Please ensure there is always one audio listener in the scene
There are no audio listeners in the scene. Please ensure there is always one audio listener in the scene
There are no audio listeners in the scene. Please ensure there is always one audio listener in the scene
There are no audio listeners in the scene. Please ensure there is always one audio listener in the scene
There are no audio listeners in the scene. Please ensure there is always one audio listener in the scene
There are no audio listeners in the scene. Please ensure there is always one audio listener in the scene
There are no audio listeners in the scene. Please ensure there is always one audio listener in the scene
There are no audio listeners in the scene. Please ensure there is always one audio listener in the scene
There are no audio listeners in the scene. Please ensure there is always one audio listener in the scene
There are no audio listeners in the scene. Please ensure there is always one audio listener in the scene
There are no audio listeners in the scene. Please ensure there is always one audio listener in the scene
There are no audio listeners in the scene. Please ensure there is always one audio listener in the scene
There are no audio listeners in the scene. Please ensure there is always one audio listener in the scene
There are no audio listeners in the scene. Please ensure there is always one audio listener in the scene
There are no audio listeners in the scene. Please ensure there is always one audio listener in the scene
There are no audio listeners in the scene. Please ensure there is always one audio listener in the scene
There are no audio listeners in the scene. Please ensure there is always one audio listener in the scene
There are no audio listeners in the scene. Please ensure there is always one audio listener in the scene
There are no audio listeners in the scene. Please ensure there is always one audio listener in the scene
There are no audio listeners in the scene. Please ensure there is always one audio listener in the scene
There are no audio listeners in the scene. Please ensure there is always one audio listener in the scene
There are no audio listeners in the scene. Please ensure there is always one audio listener in the scene
There are no audio listeners in the scene. Please ensure there is always one audio listener in the scene
There are no audio listeners in the scene. Please ensure there is always one audio listener in the scene
There are no audio listeners in the scene. Please ensure there is always one audio listener in the scene
There are no audio listeners in the scene. Please ensure there is always one audio listener in the scene
There are no audio listeners in the scene. Please ensure there is always one audio listener in the scene
There are no audio listeners in the scene. Please ensure there is always one audio listener in the scene
There are no audio listeners in the scene. Please ensure there is always one audio listener in the scene
There are no audio listeners in the scene. Please ensure there is always one audio listener in the scene
There are no audio listeners in the scene. Please ensure there is always one audio listener in the scene
There are no audio listeners in the scene. Please ensure there is always one audio listener in the scene
There are no audio listeners in the scene. Please ensure there is always one audio listener in the scene
There are no audio listeners in the scene. Please ensure there is always one audio listener in the scene
There are no audio listeners in the scene. Please ensure there is always one audio listener in the scene
There are no audio listeners in the scene. Please ensure there is always one audio listener in the scene
There are no audio listeners in the scene. Please ensure there is always one audio listener in the scene
There are no audio listeners in the scene. Please ensure there is always one audio listener in the scene
There are no audio listeners in the scene. Please ensure there is always one audio listener in the scene
There are no audio listeners in the scene. Please ensure there is always one audio listener in the scene
There are no audio listeners in the scene. Please ensure there is always one audio listener in the scene
There are no audio listeners in the scene. Please ensure there is always one audio listener in the scene
There are no audio listeners in the scene. Please ensure there is always one audio listener in the scene
There are no audio listeners in the scene. Please ensure there is always one audio listener in the scene
There are no audio listeners in the scene. Please ensure there is always one audio listener in the scene
There are no audio listeners in the scene. Please ensure there is always one audio listener in the scene
There are no audio listeners in the scene. Please ensure there is always one audio listener in the scene
There are no audio listeners in the scene. Please ensure there is always one audio listener in the scene
There are no audio listeners in the scene. Please ensure there is always one audio listener in the scene
There are no audio listeners in the scene. Please ensure there is always one audio listener in the scene
There are no audio listeners in the scene. Please ensure there is always one audio listener in the scene
There are no audio listeners in the scene. Please ensure there is always one audio listener in the scene
There are no audio listeners in the scene. Please ensure there is always one audio listener in the scene
There are no audio listeners in the scene. Please ensure there is always one audio listener in the scene
There are no audio listeners in the scene. Please ensure there is always one audio listener in the scene
There are no audio listeners in the scene. Please ensure there is always one audio listener in the scene
There are no audio listeners in the scene. Please ensure there is always one audio listener in the scene
There are no audio listeners in the scene. Please ensure there is always one audio listener in the scene
There are no audio listeners in the scene. Please ensure there is always one audio listener in the scene
There are no audio listeners in the scene. Please ensure there is always one audio listener in the scene
There are no audio listeners in the scene. Please ensure there is always one audio listener in the scene
There are no audio listeners in the scene. Please ensure there is always one audio listener in the scene
There are no audio listeners in the scene. Please ensure there is always one audio listener in the scene
There are no audio listeners in the scene. Please ensure there is always one audio listener in the scene
There are no audio listeners in the scene. Please ensure there is always one audio listener in the scene
There are no audio listeners in the scene. Please ensure there is always one audio listener in the scene
There are no audio listeners in the scene. Please ensure there is always one audio listener in the scene
There are no audio listeners in the scene. Please ensure there is always one audio listener in the scene
There are no audio listeners in the scene. Please ensure there is always one audio listener in the scene
There are no audio listeners in the scene. Please ensure there is always one audio listener in the scene
There are no audio listeners in the scene. Please ensure there is always one audio listener in the scene
There are no audio listeners in the scene. Please ensure there is always one audio listener in the scene
There are no audio listeners in the scene. Please ensure there is always one audio listener in the scene
There are no audio listeners in the scene. Please ensure there is always one audio listener in the scene
There are no audio listeners in the scene. Please ensure there is always one audio listener in the scene
There are no audio listeners in the scene. Please ensure there is always one audio listener in the scene
There are no audio listeners in the scene. Please ensure there is always one audio listener in the scene
There are no audio listeners in the scene. Please ensure there is always one audio listener in the scene
There are no audio listeners in the scene. Please ensure there is always one audio listener in the scene
There are no audio listeners in the scene. Please ensure there is always one audio listener in the scene
There are no audio listeners in the scene. Please ensure there is always one audio listener in the scene
There are no audio listeners in the scene. Please ensure there is always one audio listener in the scene
There are no audio listeners in the scene. Please ensure there is always one audio listener in the scene
There are no audio listeners in the scene. Please ensure there is always one audio listener in the scene
There are no audio listeners in the scene. Please ensure there is always one audio listener in the scene
There are no audio listeners in the scene. Please ensure there is always one audio listener in the scene
There are no audio listeners in the scene. Please ensure there is always one audio listener in the scene
There are no audio listeners in the scene. Please ensure there is always one audio listener in the scene
There are no audio listeners in the scene. Please ensure there is always one audio listener in the scene
There are no audio listeners in the scene. Please ensure there is always one audio listener in the scene
There are no audio listeners in the scene. Please ensure there is always one audio listener in the scene
There are no audio listeners in the scene. Please ensure there is always one audio listener in the scene
There are no audio listeners in the scene. Please ensure there is always one audio listener in the scene
There are no audio listeners in the scene. Please ensure there is always one audio listener in the scene
There are no audio listeners in the scene. Please ensure there is always one audio listener in the scene
There are no audio listeners in the scene. Please ensure there is always one audio listener in the scene
There are no audio listeners in the scene. Please ensure there is always one audio listener in the scene
There are no audio listeners in the scene. Please ensure there is always one audio listener in the scene
There are no audio listeners in the scene. Please ensure there is always one audio listener in the scene
There are no audio listeners in the scene. Please ensure there is always one audio listener in the scene
There are no audio listeners in the scene. Please ensure there is always one audio listener in the scene
There are no audio listeners in the scene. Please ensure there is always one audio listener in the scene
There are no audio listeners in the scene. Please ensure there is always one audio listener in the scene
There are no audio listeners in the scene. Please ensure there is always one audio listener in the scene
There are no audio listeners in the scene. Please ensure there is always one audio listener in the scene
There are no audio listeners in the scene. Please ensure there is always one audio listener in the scene
There are no audio listeners in the scene. Please ensure there is always one audio listener in the scene
There are no audio listeners in the scene. Please ensure there is always one audio listener in the scene
There are no audio listeners in the scene. Please ensure there is always one audio listener in the scene
There are no audio listeners in the scene. Please ensure there is always one audio listener in the scene
There are no audio listeners in the scene. Please ensure there is always one audio listener in the scene
There are no audio listeners in the scene. Please ensure there is always one audio listener in the scene
There are no audio listeners in the scene. Please ensure there is always one audio listener in the scene
There are no audio listeners in the scene. Please ensure there is always one audio listener in the scene
There are no audio listeners in the scene. Please ensure there is always one audio listener in the scene
There are no audio listeners in the scene. Please ensure there is always one audio listener in the scene
There are no audio listeners in the scene. Please ensure there is always one audio listener in the scene
There are no audio listeners in the scene. Please ensure there is always one audio listener in the scene
There are no audio listeners in the scene. Please ensure there is always one audio listener in the scene
There are no audio listeners in the scene. Please ensure there is always one audio listener in the scene
There are no audio listeners in the scene. Please ensure there is always one audio listener in the scene
There are no audio listeners in the scene. Please ensure there is always one audio listener in the scene
There are no audio listeners in the scene. Please ensure there is always one audio listener in the scene
There are no audio listeners in the scene. Please ensure there is always one audio listener in the scene
There are no audio listeners in the scene. Please ensure there is always one audio listener in the scene
There are no audio listeners in the scene. Please ensure there is always one audio listener in the scene
There are no audio listeners in the scene. Please ensure there is always one audio listener in the scene
There are no audio listeners in the scene. Please ensure there is always one audio listener in the scene
There are no audio listeners in the scene. Please ensure there is always one audio listener in the scene
There are no audio listeners in the scene. Please ensure there is always one audio listener in the scene
There are no audio listeners in the scene. Please ensure there is always one audio listener in the scene
There are no audio listeners in the scene. Please ensure there is always one audio listener in the scene
There are no audio listeners in the scene. Please ensure there is always one audio listener in the scene
There are no audio listeners in the scene. Please ensure there is always one audio listener in the scene
There are no audio listeners in the scene. Please ensure there is always one audio listener in the scene
There are no audio listeners in the scene. Please ensure there is always one audio listener in the scene
There are no audio listeners in the scene. Please ensure there is always one audio listener in the scene
There are no audio listeners in the scene. Please ensure there is always one audio listener in the scene
There are no audio listeners in the scene. Please ensure there is always one audio listener in the scene
There are no audio listeners in the scene. Please ensure there is always one audio listener in the scene
There are no audio listeners in the scene. Please ensure there is always one audio listener in the scene
There are no audio listeners in the scene. Please ensure there is always one audio listener in the scene
There are no audio listeners in the scene. Please ensure there is always one audio listener in the scene
There are no audio listeners in the scene. Please ensure there is always one audio listener in the scene
There are no audio listeners in the scene. Please ensure there is always one audio listener in the scene
There are no audio listeners in the scene. Please ensure there is always one audio listener in the scene
There are no audio listeners in the scene. Please ensure there is always one audio listener in the scene
There are no audio listeners in the scene. Please ensure there is always one audio listener in the scene
There are no audio listeners in the scene. Please ensure there is always one audio listener in the scene
There are no audio listeners in the scene. Please ensure there is always one audio listener in the scene
There are no audio listeners in the scene. Please ensure there is always one audio listener in the scene
There are no audio listeners in the scene. Please ensure there is always one audio listener in the scene
There are no audio listeners in the scene. Please ensure there is always one audio listener in the scene
There are no audio listeners in the scene. Please ensure there is always one audio listener in the scene
There are no audio listeners in the scene. Please ensure there is always one audio listener in the scene
There are no audio listeners in the scene. Please ensure there is always one audio listener in the scene
There are no audio listeners in the scene. Please ensure there is always one audio listener in the scene
There are no audio listeners in the scene. Please ensure there is always one audio listener in the scene
There are no audio listeners in the scene. Please ensure there is always one audio listener in the scene
There are no audio listeners in the scene. Please ensure there is always one audio listener in the scene
There are no audio listeners in the scene. Please ensure there is always one audio listener in the scene
There are no audio listeners in the scene. Please ensure there is always one audio listener in the scene
There are no audio listeners in the scene. Please ensure there is always one audio listener in the scene
There are no audio listeners in the scene. Please ensure there is always one audio listener in the scene
There are no audio listeners in the scene. Please ensure there is always one audio listener in the scene
There are no audio listeners in the scene. Please ensure there is always one audio listener in the scene
There are no audio listeners in the scene. Please ensure there is always one audio listener in the scene
There are no audio listeners in the scene. Please ensure there is always one audio listener in the scene
There are no audio listeners in the scene. Please ensure there is always one audio listener in the scene
There are no audio listeners in the scene. Please ensure there is always one audio listener in the scene
There are no audio listeners in the scene. Please ensure there is always one audio listener in the scene
There are no audio listeners in the scene. Please ensure there is always one audio listener in the scene
There are no audio listeners in the scene. Please ensure there is always one audio listener in the scene
There are no audio listeners in the scene. Please ensure there is always one audio listener in the scene
There are no audio listeners in the scene. Please ensure there is always one audio listener in the scene
There are no audio listeners in the scene. Please ensure there is always one audio listener in the scene
There are no audio listeners in the scene. Please ensure there is always one audio listener in the scene
There are no audio listeners in the scene. Please ensure there is always one audio listener in the scene
There are no audio listeners in the scene. Please ensure there is always one audio listener in the scene
There are no audio listeners in the scene. Please ensure there is always one audio listener in the scene
There are no audio listeners in the scene. Please ensure there is always one audio listener in the scene
There are no audio listeners in the scene. Please ensure there is always one audio listener in the scene
There are no audio listeners in the scene. Please ensure there is always one audio listener in the scene
There are no audio listeners in the scene. Please ensure there is always one audio listener in the scene
There are no audio listeners in the scene. Please ensure there is always one audio listener in the scene
There are no audio listeners in the scene. Please ensure there is always one audio listener in the scene
There are no audio listeners in the scene. Please ensure there is always one audio listener in the scene
There are no audio listeners in the scene. Please ensure there is always one audio listener in the scene
There are no audio listeners in the scene. Please ensure there is always one audio listener in the scene
There are no audio listeners in the scene. Please ensure there is always one audio listener in the scene
There are no audio listeners in the scene. Please ensure there is always one audio listener in the scene
There are no audio listeners in the scene. Please ensure there is always one audio listener in the scene
There are no audio listeners in the scene. Please ensure there is always one audio listener in the scene
There are no audio listeners in the scene. Please ensure there is always one audio listener in the scene
There are no audio listeners in the scene. Please ensure there is always one audio listener in the scene
There are no audio listeners in the scene. Please ensure there is always one audio listener in the scene
There are no audio listeners in the scene. Please ensure there is always one audio listener in the scene
There are no audio listeners in the scene. Please ensure there is always one audio listener in the scene
There are no audio listeners in the scene. Please ensure there is always one audio listener in the scene
There are no audio listeners in the scene. Please ensure there is always one audio listener in the scene
There are no audio listeners in the scene. Please ensure there is always one audio listener in the scene
There are no audio listeners in the scene. Please ensure there is always one audio listener in the scene
There are no audio listeners in the scene. Please ensure there is always one audio listener in the scene
There are no audio listeners in the scene. Please ensure there is always one audio listener in the scene
There are no audio listeners in the scene. Please ensure there is always one audio listener in the scene
There are no audio listeners in the scene. Please ensure there is always one audio listener in the scene
There are no audio listeners in the scene. Please ensure there is always one audio listener in the scene
There are no audio listeners in the scene. Please ensure there is always one audio listener in the scene
There are no audio listeners in the scene. Please ensure there is always one audio listener in the scene
There are no audio listeners in the scene. Please ensure there is always one audio listener in the scene
There are no audio listeners in the scene. Please ensure there is always one audio listener in the scene
There are no audio listeners in the scene. Please ensure there is always one audio listener in the scene
There are no audio listeners in the scene. Please ensure there is always one audio listener in the scene
There are no audio listeners in the scene. Please ensure there is always one audio listener in the scene
There are no audio listeners in the scene. Please ensure there is always one audio listener in the scene
There are no audio listeners in the scene. Please ensure there is always one audio listener in the scene
There are no audio listeners in the scene. Please ensure there is always one audio listener in the scene
There are no audio listeners in the scene. Please ensure there is always one audio listener in the scene
There are no audio listeners in the scene. Please ensure there is always one audio listener in the scene
There are no audio listeners in the scene. Please ensure there is always one audio listener in the scene
There are no audio listeners in the scene. Please ensure there is always one audio listener in the scene
There are no audio listeners in the scene. Please ensure there is always one audio listener in the scene
There are no audio listeners in the scene. Please ensure there is always one audio listener in the scene
There are no audio listeners in the scene. Please ensure there is always one audio listener in the scene
There are no audio listeners in the scene. Please ensure there is always one audio listener in the scene
There are no audio listeners in the scene. Please ensure there is always one audio listener in the scene
There are no audio listeners in the scene. Please ensure there is always one audio listener in the scene
There are no audio listeners in the scene. Please ensure there is always one audio listener in the scene
There are no audio listeners in the scene. Please ensure there is always one audio listener in the scene
There are no audio listeners in the scene. Please ensure there is always one audio listener in the scene
There are no audio listeners in the scene. Please ensure there is always one audio listener in the scene
There are no audio listeners in the scene. Please ensure there is always one audio listener in the scene
There are no audio listeners in the scene. Please ensure there is always one audio listener in the scene
There are no audio listeners in the scene. Please ensure there is always one audio listener in the scene
There are no audio listeners in the scene. Please ensure there is always one audio listener in the scene
There are no audio listeners in the scene. Please ensure there is always one audio listener in the scene
There are no audio listeners in the scene. Please ensure there is always one audio listener in the scene
There are no audio listeners in the scene. Please ensure there is always one audio listener in the scene
There are no audio listeners in the scene. Please ensure there is always one audio listener in the scene
There are no audio listeners in the scene. Please ensure there is always one audio listener in the scene
There are no audio listeners in the scene. Please ensure there is always one audio listener in the scene
There are no audio listeners in the scene. Please ensure there is always one audio listener in the scene
There are no audio listeners in the scene. Please ensure there is always one audio listener in the scene
There are no audio listeners in the scene. Please ensure there is always one audio listener in the scene
There are no audio listeners in the scene. Please ensure there is always one audio listener in the scene
There are no audio listeners in the scene. Please ensure there is always one audio listener in the scene
There are no audio listeners in the scene. Please ensure there is always one audio listener in the scene
There are no audio listeners in the scene. Please ensure there is always one audio listener in the scene
There are no audio listeners in the scene. Please ensure there is always one audio listener in the scene
There are no audio listeners in the scene. Please ensure there is always one audio listener in the scene
There are no audio listeners in the scene. Please ensure there is always one audio listener in the scene
There are no audio listeners in the scene. Please ensure there is always one audio listener in the scene
There are no audio listeners in the scene. Please ensure there is always one audio listener in the scene
There are no audio listeners in the scene. Please ensure there is always one audio listener in the scene
There are no audio listeners in the scene. Please ensure there is always one audio listener in the scene
There are no audio listeners in the scene. Please ensure there is always one audio listener in the scene
There are no audio listeners in the scene. Please ensure there is always one audio listener in the scene
There are no audio listeners in the scene. Please ensure there is always one audio listener in the scene
There are no audio listeners in the scene. Please ensure there is always one audio listener in the scene
There are no audio listeners in the scene. Please ensure there is always one audio listener in the scene
There are no audio listeners in the scene. Please ensure there is always one audio listener in the scene
There are no audio listeners in the scene. Please ensure there is always one audio listener in the scene
There are no audio listeners in the scene. Please ensure there is always one audio listener in the scene
There are no audio listeners in the scene. Please ensure there is always one audio listener in the scene
There are no audio listeners in the scene. Please ensure there is always one audio listener in the scene
There are no audio listeners in the scene. Please ensure there is always one audio listener in the scene
There are no audio listeners in the scene. Please ensure there is always one audio listener in the scene
There are no audio listeners in the scene. Please ensure there is always one audio listener in the scene
There are no audio listeners in the scene. Please ensure there is always one audio listener in the scene
There are no audio listeners in the scene. Please ensure there is always one audio listener in the scene
There are no audio listeners in the scene. Please ensure there is always one audio listener in the scene
There are no audio listeners in the scene. Please ensure there is always one audio listener in the scene
There are no audio listeners in the scene. Please ensure there is always one audio listener in the scene
There are no audio listeners in the scene. Please ensure there is always one audio listener in the scene
There are no audio listeners in the scene. Please ensure there is always one audio listener in the scene
There are no audio listeners in the scene. Please ensure there is always one audio listener in the scene
There are no audio listeners in the scene. Please ensure there is always one audio listener in the scene
There are no audio listeners in the scene. Please ensure there is always one audio listener in the scene
There are no audio listeners in the scene. Please ensure there is always one audio listener in the scene
There are no audio listeners in the scene. Please ensure there is always one audio listener in the scene
There are no audio listeners in the scene. Please ensure there is always one audio listener in the scene
There are no audio listeners in the scene. Please ensure there is always one audio listener in the scene
There are no audio listeners in the scene. Please ensure there is always one audio listener in the scene
There are no audio listeners in the scene. Please ensure there is always one audio listener in the scene
There are no audio listeners in the scene. Please ensure there is always one audio listener in the scene
There are no audio listeners in the scene. Please ensure there is always one audio listener in the scene
There are no audio listeners in the scene. Please ensure there is always one audio listener in the scene
There are no audio listeners in the scene. Please ensure there is always one audio listener in the scene
There are no audio listeners in the scene. Please ensure there is always one audio listener in the scene
There are no audio listeners in the scene. Please ensure there is always one audio listener in the scene
There are no audio listeners in the scene. Please ensure there is always one audio listener in the scene
There are no audio listeners in the scene. Please ensure there is always one audio listener in the scene
There are no audio listeners in the scene. Please ensure there is always one audio listener in the scene
There are no audio listeners in the scene. Please ensure there is always one audio listener in the scene
There are no audio listeners in the scene. Please ensure there is always one audio listener in the scene
There are no audio listeners in the scene. Please ensure there is always one audio listener in the scene
There are no audio listeners in the scene. Please ensure there is always one audio listener in the scene
There are no audio listeners in the scene. Please ensure there is always one audio listener in the scene
There are no audio listeners in the scene. Please ensure there is always one audio listener in the scene
There are no audio listeners in the scene. Please ensure there is always one audio listener in the scene
There are no audio listeners in the scene. Please ensure there is always one audio listener in the scene
There are no audio listeners in the scene. Please ensure there is always one audio listener in the scene
There are no audio listeners in the scene. Please ensure there is always one audio listener in the scene
There are no audio listeners in the scene. Please ensure there is always one audio listener in the scene
There are no audio listeners in the scene. Please ensure there is always one audio listener in the scene
There are no audio listeners in the scene. Please ensure there is always one audio listener in the scene
There are no audio listeners in the scene. Please ensure there is always one audio listener in the scene
There are no audio listeners in the scene. Please ensure there is always one audio listener in the scene
There are no audio listeners in the scene. Please ensure there is always one audio listener in the scene
There are no audio listeners in the scene. Please ensure there is always one audio listener in the scene
There are no audio listeners in the scene. Please ensure there is always one audio listener in the scene
There are no audio listeners in the scene. Please ensure there is always one audio listener in the scene
There are no audio listeners in the scene. Please ensure there is always one audio listener in the scene
There are no audio listeners in the scene. Please ensure there is always one audio listener in the scene
There are no audio listeners in the scene. Please ensure there is always one audio listener in the scene
There are no audio listeners in the scene. Please ensure there is always one audio listener in the scene
There are no audio listeners in the scene. Please ensure there is always one audio listener in the scene
There are no audio listeners in the scene. Please ensure there is always one audio listener in the scene
There are no audio listeners in the scene. Please ensure there is always one audio listener in the scene
There are no audio listeners in the scene. Please ensure there is always one audio listener in the scene
There are no audio listeners in the scene. Please ensure there is always one audio listener in the scene
There are no audio listeners in the scene. Please ensure there is always one audio listener in the scene
There are no audio listeners in the scene. Please ensure there is always one audio listener in the scene
There are no audio listeners in the scene. Please ensure there is always one audio listener in the scene
There are no audio listeners in the scene. Please ensure there is always one audio listener in the scene
There are no audio listeners in the scene. Please ensure there is always one audio listener in the scene
There are no audio listeners in the scene. Please ensure there is always one audio listener in the scene
There are no audio listeners in the scene. Please ensure there is always one audio listener in the scene
There are no audio listeners in the scene. Please ensure there is always one audio listener in the scene
There are no audio listeners in the scene. Please ensure there is always one audio listener in the scene
There are no audio listeners in the scene. Please ensure there is always one audio listener in the scene
There are no audio listeners in the scene. Please ensure there is always one audio listener in the scene
There are no audio listeners in the scene. Please ensure there is always one audio listener in the scene
There are no audio listeners in the scene. Please ensure there is always one audio listener in the scene
There are no audio listeners in the scene. Please ensure there is always one audio listener in the scene
There are no audio listeners in the scene. Please ensure there is always one audio listener in the scene
There are no audio listeners in the scene. Please ensure there is always one audio listener in the scene
There are no audio listeners in the scene. Please ensure there is always one audio listener in the scene
There are no audio listeners in the scene. Please ensure there is always one audio listener in the scene
There are no audio listeners in the scene. Please ensure there is always one audio listener in the scene
There are no audio listeners in the scene. Please ensure there is always one audio listener in the scene
There are no audio listeners in the scene. Please ensure there is always one audio listener in the scene
There are no audio listeners in the scene. Please ensure there is always one audio listener in the scene
There are no audio listeners in the scene. Please ensure there is always one audio listener in the scene
There are no audio listeners in the scene. Please ensure there is always one audio listener in the scene
There are no audio listeners in the scene. Please ensure there is always one audio listener in the scene
There are no audio listeners in the scene. Please ensure there is always one audio listener in the scene
There are no audio listeners in the scene. Please ensure there is always one audio listener in the scene
There are no audio listeners in the scene. Please ensure there is always one audio listener in the scene
There are no audio listeners in the scene. Please ensure there is always one audio listener in the scene
There are no audio listeners in the scene. Please ensure there is always one audio listener in the scene
There are no audio listeners in the scene. Please ensure there is always one audio listener in the scene
There are no audio listeners in the scene. Please ensure there is always one audio listener in the scene
There are no audio listeners in the scene. Please ensure there is always one audio listener in the scene
There are no audio listeners in the scene. Please ensure there is always one audio listener in the scene
There are no audio listeners in the scene. Please ensure there is always one audio listener in the scene
There are no audio listeners in the scene. Please ensure there is always one audio listener in the scene
There are no audio listeners in the scene. Please ensure there is always one audio listener in the scene
There are no audio listeners in the scene. Please ensure there is always one audio listener in the scene
There are no audio listeners in the scene. Please ensure there is always one audio listener in the scene
There are no audio listeners in the scene. Please ensure there is always one audio listener in the scene
There are no audio listeners in the scene. Please ensure there is always one audio listener in the scene
There are no audio listeners in the scene. Please ensure there is always one audio listener in the scene
There are no audio listeners in the scene. Please ensure there is always one audio listener in the scene
There are no audio listeners in the scene. Please ensure there is always one audio listener in the scene
There are no audio listeners in the scene. Please ensure there is always one audio listener in the scene
There are no audio listeners in the scene. Please ensure there is always one audio listener in the scene
There are no audio listeners in the scene. Please ensure there is always one audio listener in the scene
There are no audio listeners in the scene. Please ensure there is always one audio listener in the scene
There are no audio listeners in the scene. Please ensure there is always one audio listener in the scene
There are no audio listeners in the scene. Please ensure there is always one audio listener in the scene
There are no audio listeners in the scene. Please ensure there is always one audio listener in the scene
There are no audio listeners in the scene. Please ensure there is always one audio listener in the scene
There are no audio listeners in the scene. Please ensure there is always one audio listener in the scene
There are no audio listeners in the scene. Please ensure there is always one audio listener in the scene
There are no audio listeners in the scene. Please ensure there is always one audio listener in the scene
There are no audio listeners in the scene. Please ensure there is always one audio listener in the scene
There are no audio listeners in the scene. Please ensure there is always one audio listener in the scene
There are no audio listeners in the scene. Please ensure there is always one audio listener in the scene
There are no audio listeners in the scene. Please ensure there is always one audio listener in the scene
There are no audio listeners in the scene. Please ensure there is always one audio listener in the scene
There are no audio listeners in the scene. Please ensure there is always one audio listener in the scene
There are no audio listeners in the scene. Please ensure there is always one audio listener in the scene
There are no audio listeners in the scene. Please ensure there is always one audio listener in the scene
There are no audio listeners in the scene. Please ensure there is always one audio listener in the scene
There are no audio listeners in the scene. Please ensure there is always one audio listener in the scene
There are no audio listeners in the scene. Please ensure there is always one audio listener in the scene
There are no audio listeners in the scene. Please ensure there is always one audio listener in the scene
There are no audio listeners in the scene. Please ensure there is always one audio listener in the scene
There are no audio listeners in the scene. Please ensure there is always one audio listener in the scene
There are no audio listeners in the scene. Please ensure there is always one audio listener in the scene
There are no audio listeners in the scene. Please ensure there is always one audio listener in the scene
There are no audio listeners in the scene. Please ensure there is always one audio listener in the scene
There are no audio listeners in the scene. Please ensure there is always one audio listener in the scene
There are no audio listeners in the scene. Please ensure there is always one audio listener in the scene
There are no audio listeners in the scene. Please ensure there is always one audio listener in the scene
There are no audio listeners in the scene. Please ensure there is always one audio listener in the scene
There are no audio listeners in the scene. Please ensure there is always one audio listener in the scene
There are no audio listeners in the scene. Please ensure there is always one audio listener in the scene
There are no audio listeners in the scene. Please ensure there is always one audio listener in the scene
There are no audio listeners in the scene. Please ensure there is always one audio listener in the scene
There are no audio listeners in the scene. Please ensure there is always one audio listener in the scene
There are no audio listeners in the scene. Please ensure there is always one audio listener in the scene
There are no audio listeners in the scene. Please ensure there is always one audio listener in the scene
There are no audio listeners in the scene. Please ensure there is always one audio listener in the scene
There are no audio listeners in the scene. Please ensure there is always one audio listener in the scene
There are no audio listeners in the scene. Please ensure there is always one audio listener in the scene
There are no audio listeners in the scene. Please ensure there is always one audio listener in the scene
There are no audio listeners in the scene. Please ensure there is always one audio listener in the scene
There are no audio listeners in the scene. Please ensure there is always one audio listener in the scene
There are no audio listeners in the scene. Please ensure there is always one audio listener in the scene
There are no audio listeners in the scene. Please ensure there is always one audio listener in the scene
There are no audio listeners in the scene. Please ensure there is always one audio listener in the scene
There are no audio listeners in the scene. Please ensure there is always one audio listener in the scene
There are no audio listeners in the scene. Please ensure there is always one audio listener in the scene
There are no audio listeners in the scene. Please ensure there is always one audio listener in the scene
There are no audio listeners in the scene. Please ensure there is always one audio listener in the scene
There are no audio listeners in the scene. Please ensure there is always one audio listener in the scene
There are no audio listeners in the scene. Please ensure there is always one audio listener in the scene
There are no audio listeners in the scene. Please ensure there is always one audio listener in the scene
There are no audio listeners in the scene. Please ensure there is always one audio listener in the scene
There are no audio listeners in the scene. Please ensure there is always one audio listener in the scene
There are no audio listeners in the scene. Please ensure there is always one audio listener in the scene
There are no audio listeners in the scene. Please ensure there is always one audio listener in the scene
There are no audio listeners in the scene. Please ensure there is always one audio listener in the scene
There are no audio listeners in the scene. Please ensure there is always one audio listener in the scene
There are no audio listeners in the scene. Please ensure there is always one audio listener in the scene
There are no audio listeners in the scene. Please ensure there is always one audio listener in the scene
There are no audio listeners in the scene. Please ensure there is always one audio listener in the scene
There are no audio listeners in the scene. Please ensure there is always one audio listener in the scene
There are no audio listeners in the scene. Please ensure there is always one audio listener in the scene
There are no audio listeners in the scene. Please ensure there is always one audio listener in the scene
There are no audio listeners in the scene. Please ensure there is always one audio listener in the scene
There are no audio listeners in the scene. Please ensure there is always one audio listener in the scene
There are no audio listeners in the scene. Please ensure there is always one audio listener in the scene
There are no audio listeners in the scene. Please ensure there is always one audio listener in the scene
There are no audio listeners in the scene. Please ensure there is always one audio listener in the scene
There are no audio listeners in the scene. Please ensure there is always one audio listener in the scene
There are no audio listeners in the scene. Please ensure there is always one audio listener in the scene
There are no audio listeners in the scene. Please ensure there is always one audio listener in the scene
There are no audio listeners in the scene. Please ensure there is always one audio listener in the scene
There are no audio listeners in the scene. Please ensure there is always one audio listener in the scene
There are no audio listeners in the scene. Please ensure there is always one audio listener in the scene
There are no audio listeners in the scene. Please ensure there is always one audio listener in the scene
There are no audio listeners in the scene. Please ensure there is always one audio listener in the scene
There are no audio listeners in the scene. Please ensure there is always one audio listener in the scene
There are no audio listeners in the scene. Please ensure there is always one audio listener in the scene
There are no audio listeners in the scene. Please ensure there is always one audio listener in the scene
There are no audio listeners in the scene. Please ensure there is always one audio listener in the scene
There are no audio listeners in the scene. Please ensure there is always one audio listener in the scene
There are no audio listeners in the scene. Please ensure there is always one audio listener in the scene
There are no audio listeners in the scene. Please ensure there is always one audio listener in the scene
There are no audio listeners in the scene. Please ensure there is always one audio listener in the scene
There are no audio listeners in the scene. Please ensure there is always one audio listener in the scene
There are no audio listeners in the scene. Please ensure there is always one audio listener in the scene
There are no audio listeners in the scene. Please ensure there is always one audio listener in the scene
There are no audio listeners in the scene. Please ensure there is always one audio listener in the scene
There are no audio listeners in the scene. Please ensure there is always one audio listener in the scene
There are no audio listeners in the scene. Please ensure there is always one audio listener in the scene
There are no audio listeners in the scene. Please ensure there is always one audio listener in the scene
There are no audio listeners in the scene. Please ensure there is always one audio listener in the scene
There are no audio listeners in the scene. Please ensure there is always one audio listener in the scene
There are no audio listeners in the scene. Please ensure there is always one audio listener in the scene
There are no audio listeners in the scene. Please ensure there is always one audio listener in the scene
There are no audio listeners in the scene. Please ensure there is always one audio listener in the scene
There are no audio listeners in the scene. Please ensure there is always one audio listener in the scene
There are no audio listeners in the scene. Please ensure there is always one audio listener in the scene
There are no audio listeners in the scene. Please ensure there is always one audio listener in the scene
There are no audio listeners in the scene. Please ensure there is always one audio listener in the scene
There are no audio listeners in the scene. Please ensure there is always one audio listener in the scene
There are no audio listeners in the scene. Please ensure there is always one audio listener in the scene
There are no audio listeners in the scene. Please ensure there is always one audio listener in the scene
There are no audio listeners in the scene. Please ensure there is always one audio listener in the scene
There are no audio listeners in the scene. Please ensure there is always one audio listener in the scene
There are no audio listeners in the scene. Please ensure there is always one audio listener in the scene
There are no audio listeners in the scene. Please ensure there is always one audio listener in the scene
There are no audio listeners in the scene. Please ensure there is always one audio listener in the scene
There are no audio listeners in the scene. Please ensure there is always one audio listener in the scene
There are no audio listeners in the scene. Please ensure there is always one audio listener in the scene
There are no audio listeners in the scene. Please ensure there is always one audio listener in the scene
There are no audio listeners in the scene. Please ensure there is always one audio listener in the scene
There are no audio listeners in the scene. Please ensure there is always one audio listener in the scene
There are no audio listeners in the scene. Please ensure there is always one audio listener in the scene
There are no audio listeners in the scene. Please ensure there is always one audio listener in the scene
There are no audio listeners in the scene. Please ensure there is always one audio listener in the scene
There are no audio listeners in the scene. Please ensure there is always one audio listener in the scene
There are no audio listeners in the scene. Please ensure there is always one audio listener in the scene
There are no audio listeners in the scene. Please ensure there is always one audio listener in the scene
There are no audio listeners in the scene. Please ensure there is always one audio listener in the scene
There are no audio listeners in the scene. Please ensure there is always one audio listener in the scene
There are no audio listeners in the scene. Please ensure there is always one audio listener in the scene
There are no audio listeners in the scene. Please ensure there is always one audio listener in the scene
There are no audio listeners in the scene. Please ensure there is always one audio listener in the scene
There are no audio listeners in the scene. Please ensure there is always one audio listener in the scene
There are no audio listeners in the scene. Please ensure there is always one audio listener in the scene
There are no audio listeners in the scene. Please ensure there is always one audio listener in the scene
There are no audio listeners in the scene. Please ensure there is always one audio listener in the scene
There are no audio listeners in the scene. Please ensure there is always one audio listener in the scene
There are no audio listeners in the scene. Please ensure there is always one audio listener in the scene
There are no audio listeners in the scene. Please ensure there is always one audio listener in the scene
There are no audio listeners in the scene. Please ensure there is always one audio listener in the scene
There are no audio listeners in the scene. Please ensure there is always one audio listener in the scene
There are no audio listeners in the scene. Please ensure there is always one audio listener in the scene
There are no audio listeners in the scene. Please ensure there is always one audio listener in the scene
There are no audio listeners in the scene. Please ensure there is always one audio listener in the scene
There are no audio listeners in the scene. Please ensure there is always one audio listener in the scene
There are no audio listeners in the scene. Please ensure there is always one audio listener in the scene
There are no audio listeners in the scene. Please ensure there is always one audio listener in the scene
There are no audio listeners in the scene. Please ensure there is always one audio listener in the scene
There are no audio listeners in the scene. Please ensure there is always one audio listener in the scene
There are no audio listeners in the scene. Please ensure there is always one audio listener in the scene
There are no audio listeners in the scene. Please ensure there is always one audio listener in the scene
There are no audio listeners in the scene. Please ensure there is always one audio listener in the scene
There are no audio listeners in the scene. Please ensure there is always one audio listener in the scene
There are no audio listeners in the scene. Please ensure there is always one audio listener in the scene
There are no audio listeners in the scene. Please ensure there is always one audio listener in the scene
There are no audio listeners in the scene. Please ensure there is always one audio listener in the scene
There are no audio listeners in the scene. Please ensure there is always one audio listener in the scene
There are no audio listeners in the scene. Please ensure there is always one audio listener in the scene
There are no audio listeners in the scene. Please ensure there is always one audio listener in the scene
There are no audio listeners in the scene. Please ensure there is always one audio listener in the scene
There are no audio listeners in the scene. Please ensure there is always one audio listener in the scene
There are no audio listeners in the scene. Please ensure there is always one audio listener in the scene
There are no audio listeners in the scene. Please ensure there is always one audio listener in the scene
There are no audio listeners in the scene. Please ensure there is always one audio listener in the scene
There are no audio listeners in the scene. Please ensure there is always one audio listener in the scene
There are no audio listeners in the scene. Please ensure there is always one audio listener in the scene
There are no audio listeners in the scene. Please ensure there is always one audio listener in the scene
There are no audio listeners in the scene. Please ensure there is always one audio listener in the scene
There are no audio listeners in the scene. Please ensure there is always one audio listener in the scene
There are no audio listeners in the scene. Please ensure there is always one audio listener in the scene
There are no audio listeners in the scene. Please ensure there is always one audio listener in the scene
There are no audio listeners in the scene. Please ensure there is always one audio listener in the scene
There are no audio listeners in the scene. Please ensure there is always one audio listener in the scene
There are no audio listeners in the scene. Please ensure there is always one audio listener in the scene
There are no audio listeners in the scene. Please ensure there is always one audio listener in the scene
There are no audio listeners in the scene. Please ensure there is always one audio listener in the scene
There are no audio listeners in the scene. Please ensure there is always one audio listener in the scene
There are no audio listeners in the scene. Please ensure there is always one audio listener in the scene
There are no audio listeners in the scene. Please ensure there is always one audio listener in the scene
There are no audio listeners in the scene. Please ensure there is always one audio listener in the scene
There are no audio listeners in the scene. Please ensure there is always one audio listener in the scene
There are no audio listeners in the scene. Please ensure there is always one audio listener in the scene
There are no audio listeners in the scene. Please ensure there is always one audio listener in the scene
There are no audio listeners in the scene. Please ensure there is always one audio listener in the scene
There are no audio listeners in the scene. Please ensure there is always one audio listener in the scene
There are no audio listeners in the scene. Please ensure there is always one audio listener in the scene
There are no audio listeners in the scene. Please ensure there is always one audio listener in the scene
There are no audio listeners in the scene. Please ensure there is always one audio listener in the scene
There are no audio listeners in the scene. Please ensure there is always one audio listener in the scene
There are no audio listeners in the scene. Please ensure there is always one audio listener in the scene
There are no audio listeners in the scene. Please ensure there is always one audio listener in the scene
There are no audio listeners in the scene. Please ensure there is always one audio listener in the scene
There are no audio listeners in the scene. Please ensure there is always one audio listener in the scene
There are no audio listeners in the scene. Please ensure there is always one audio listener in the scene
There are no audio listeners in the scene. Please ensure there is always one audio listener in the scene
There are no audio listeners in the scene. Please ensure there is always one audio listener in the scene
There are no audio listeners in the scene. Please ensure there is always one audio listener in the scene
There are no audio listeners in the scene. Please ensure there is always one audio listener in the scene
There are no audio listeners in the scene. Please ensure there is always one audio listener in the scene
There are no audio listeners in the scene. Please ensure there is always one audio listener in the scene
There are no audio listeners in the scene. Please ensure there is always one audio listener in the scene
There are no audio listeners in the scene. Please ensure there is always one audio listener in the scene
There are no audio listeners in the scene. Please ensure there is always one audio listener in the scene
There are no audio listeners in the scene. Please ensure there is always one audio listener in the scene
There are no audio listeners in the scene. Please ensure there is always one audio listener in the scene
There are no audio listeners in the scene. Please ensure there is always one audio listener in the scene
There are no audio listeners in the scene. Please ensure there is always one audio listener in the scene
There are no audio listeners in the scene. Please ensure there is always one audio listener in the scene
There are no audio listeners in the scene. Please ensure there is always one audio listener in the scene
There are no audio listeners in the scene. Please ensure there is always one audio listener in the scene
There are no audio listeners in the scene. Please ensure there is always one audio listener in the scene
There are no audio listeners in the scene. Please ensure there is always one audio listener in the scene
There are no audio listeners in the scene. Please ensure there is always one audio listener in the scene
There are no audio listeners in the scene. Please ensure there is always one audio listener in the scene
There are no audio listeners in the scene. Please ensure there is always one audio listener in the scene
There are no audio listeners in the scene. Please ensure there is always one audio listener in the scene
There are no audio listeners in the scene. Please ensure there is always one audio listener in the scene
There are no audio listeners in the scene. Please ensure there is always one audio listener in the scene
There are no audio listeners in the scene. Please ensure there is always one audio listener in the scene
There are no audio listeners in the scene. Please ensure there is always one audio listener in the scene
There are no audio listeners in the scene. Please ensure there is always one audio listener in the scene
There are no audio listeners in the scene. Please ensure there is always one audio listener in the scene
There are no audio listeners in the scene. Please ensure there is always one audio listener in the scene
There are no audio listeners in the scene. Please ensure there is always one audio listener in the scene
There are no audio listeners in the scene. Please ensure there is always one audio listener in the scene
There are no audio listeners in the scene. Please ensure there is always one audio listener in the scene
There are no audio listeners in the scene. Please ensure there is always one audio listener in the scene
There are no audio listeners in the scene. Please ensure there is always one audio listener in the scene
There are no audio listeners in the scene. Please ensure there is always one audio listener in the scene
There are no audio listeners in the scene. Please ensure there is always one audio listener in the scene
There are no audio listeners in the scene. Please ensure there is always one audio listener in the scene
There are no audio listeners in the scene. Please ensure there is always one audio listener in the scene
There are no audio listeners in the scene. Please ensure there is always one audio listener in the scene
There are no audio listeners in the scene. Please ensure there is always one audio listener in the scene
There are no audio listeners in the scene. Please ensure there is always one audio listener in the scene
There are no audio listeners in the scene. Please ensure there is always one audio listener in the scene
There are no audio listeners in the scene. Please ensure there is always one audio listener in the scene
There are no audio listeners in the scene. Please ensure there is always one audio listener in the scene
There are no audio listeners in the scene. Please ensure there is always one audio listener in the scene
There are no audio listeners in the scene. Please ensure there is always one audio listener in the scene
There are no audio listeners in the scene. Please ensure there is always one audio listener in the scene
There are no audio listeners in the scene. Please ensure there is always one audio listener in the scene
There are no audio listeners in the scene. Please ensure there is always one audio listener in the scene
There are no audio listeners in the scene. Please ensure there is always one audio listener in the scene
There are no audio listeners in the scene. Please ensure there is always one audio listener in the scene
There are no audio listeners in the scene. Please ensure there is always one audio listener in the scene
There are no audio listeners in the scene. Please ensure there is always one audio listener in the scene
There are no audio listeners in the scene. Please ensure there is always one audio listener in the scene
There are no audio listeners in the scene. Please ensure there is always one audio listener in the scene
There are no audio listeners in the scene. Please ensure there is always one audio listener in the scene
There are no audio listeners in the scene. Please ensure there is always one audio listener in the scene
There are no audio listeners in the scene. Please ensure there is always one audio listener in the scene
There are no audio listeners in the scene. Please ensure there is always one audio listener in the scene
There are no audio listeners in the scene. Please ensure there is always one audio listener in the scene
There are no audio listeners in the scene. Please ensure there is always one audio listener in the scene
There are no audio listeners in the scene. Please ensure there is always one audio listener in the scene
There are no audio listeners in the scene. Please ensure there is always one audio listener in the scene
There are no audio listeners in the scene. Please ensure there is always one audio listener in the scene
There are no audio listeners in the scene. Please ensure there is always one audio listener in the scene
There are no audio listeners in the scene. Please ensure there is always one audio listener in the scene
There are no audio listeners in the scene. Please ensure there is always one audio listener in the scene
There are no audio listeners in the scene. Please ensure there is always one audio listener in the scene
There are no audio listeners in the scene. Please ensure there is always one audio listener in the scene
There are no audio listeners in the scene. Please ensure there is always one audio listener in the scene
There are no audio listeners in the scene. Please ensure there is always one audio listener in the scene
There are no audio listeners in the scene. Please ensure there is always one audio listener in the scene
There are no audio listeners in the scene. Please ensure there is always one audio listener in the scene
There are no audio listeners in the scene. Please ensure there is always one audio listener in the scene
There are no audio listeners in the scene. Please ensure there is always one audio listener in the scene
There are no audio listeners in the scene. Please ensure there is always one audio listener in the scene
There are no audio listeners in the scene. Please ensure there is always one audio listener in the scene
There are no audio listeners in the scene. Please ensure there is always one audio listener in the scene
There are no audio listeners in the scene. Please ensure there is always one audio listener in the scene
There are no audio listeners in the scene. Please ensure there is always one audio listener in the scene
There are no audio listeners in the scene. Please ensure there is always one audio listener in the scene
There are no audio listeners in the scene. Please ensure there is always one audio listener in the scene
There are no audio listeners in the scene. Please ensure there is always one audio listener in the scene
There are no audio listeners in the scene. Please ensure there is always one audio listener in the scene
There are no audio listeners in the scene. Please ensure there is always one audio listener in the scene
There are no audio listeners in the scene. Please ensure there is always one audio listener in the scene
There are no audio listeners in the scene. Please ensure there is always one audio listener in the scene
There are no audio listeners in the scene. Please ensure there is always one audio listener in the scene
There are no audio listeners in the scene. Please ensure there is always one audio listener in the scene
There are no audio listeners in the scene. Please ensure there is always one audio listener in the scene
There are no audio listeners in the scene. Please ensure there is always one audio listener in the scene
There are no audio listeners in the scene. Please ensure there is always one audio listener in the scene
There are no audio listeners in the scene. Please ensure there is always one audio listener in the scene
There are no audio listeners in the scene. Please ensure there is always one audio listener in the scene
There are no audio listeners in the scene. Please ensure there is always one audio listener in the scene
There are no audio listeners in the scene. Please ensure there is always one audio listener in the scene
There are no audio listeners in the scene. Please ensure there is always one audio listener in the scene
There are no audio listeners in the scene. Please ensure there is always one audio listener in the scene
There are no audio listeners in the scene. Please ensure there is always one audio listener in the scene
There are no audio listeners in the scene. Please ensure there is always one audio listener in the scene
There are no audio listeners in the scene. Please ensure there is always one audio listener in the scene
There are no audio listeners in the scene. Please ensure there is always one audio listener in the scene
There are no audio listeners in the scene. Please ensure there is always one audio listener in the scene
There are no audio listeners in the scene. Please ensure there is always one audio listener in the scene
There are no audio listeners in the scene. Please ensure there is always one audio listener in the scene
There are no audio listeners in the scene. Please ensure there is always one audio listener in the scene
There are no audio listeners in the scene. Please ensure there is always one audio listener in the scene
There are no audio listeners in the scene. Please ensure there is always one audio listener in the scene
There are no audio listeners in the scene. Please ensure there is always one audio listener in the scene
There are no audio listeners in the scene. Please ensure there is always one audio listener in the scene
There are no audio listeners in the scene. Please ensure there is always one audio listener in the scene
There are no audio listeners in the scene. Please ensure there is always one audio listener in the scene
There are no audio listeners in the scene. Please ensure there is always one audio listener in the scene
There are no audio listeners in the scene. Please ensure there is always one audio listener in the scene
There are no audio listeners in the scene. Please ensure there is always one audio listener in the scene
There are no audio listeners in the scene. Please ensure there is always one audio listener in the scene
There are no audio listeners in the scene. Please ensure there is always one audio listener in the scene
There are no audio listeners in the scene. Please ensure there is always one audio listener in the scene
There are no audio listeners in the scene. Please ensure there is always one audio listener in the scene
There are no audio listeners in the scene. Please ensure there is always one audio listener in the scene
There are no audio listeners in the scene. Please ensure there is always one audio listener in the scene
There are no audio listeners in the scene. Please ensure there is always one audio listener in the scene
There are no audio listeners in the scene. Please ensure there is always one audio listener in the scene
There are no audio listeners in the scene. Please ensure there is always one audio listener in the scene
There are no audio listeners in the scene. Please ensure there is always one audio listener in the scene
There are no audio listeners in the scene. Please ensure there is always one audio listener in the scene
There are no audio listeners in the scene. Please ensure there is always one audio listener in the scene
There are no audio listeners in the scene. Please ensure there is always one audio listener in the scene
There are no audio listeners in the scene. Please ensure there is always one audio listener in the scene
There are no audio listeners in the scene. Please ensure there is always one audio listener in the scene
There are no audio listeners in the scene. Please ensure there is always one audio listener in the scene
There are no audio listeners in the scene. Please ensure there is always one audio listener in the scene
There are no audio listeners in the scene. Please ensure there is always one audio listener in the scene
There are no audio listeners in the scene. Please ensure there is always one audio listener in the scene
There are no audio listeners in the scene. Please ensure there is always one audio listener in the scene
There are no audio listeners in the scene. Please ensure there is always one audio listener in the scene
There are no audio listeners in the scene. Please ensure there is always one audio listener in the scene
There are no audio listeners in the scene. Please ensure there is always one audio listener in the scene
There are no audio listeners in the scene. Please ensure there is always one audio listener in the scene
There are no audio listeners in the scene. Please ensure there is always one audio listener in the scene
There are no audio listeners in the scene. Please ensure there is always one audio listener in the scene
There are no audio listeners in the scene. Please ensure there is always one audio listener in the scene
There are no audio listeners in the scene. Please ensure there is always one audio listener in the scene
There are no audio listeners in the scene. Please ensure there is always one audio listener in the scene
There are no audio listeners in the scene. Please ensure there is always one audio listener in the scene
There are no audio listeners in the scene. Please ensure there is always one audio listener in the scene
There are no audio listeners in the scene. Please ensure there is always one audio listener in the scene
There are no audio listeners in the scene. Please ensure there is always one audio listener in the scene
QA result: Passed Game.Tests.PlayMode.VarginhaPlayerPolishTests.ComboCyclesThreeStepsThenExpires
UnityEngine.Debug:ExtractStackTraceNoAlloc (byte*,int,string)
UnityEngine.StackTraceUtility:ExtractStackTrace ()
UnityEngine.DebugLogHandler:Internal_Log (UnityEngine.LogType,UnityEngine.LogOption,string,UnityEngine.Object)
UnityEngine.DebugLogHandler:LogFormat (UnityEngine.LogType,UnityEngine.Object,string,object[])
UnityEngine.Logger:Log (UnityEngine.LogType,object)
UnityEngine.Debug:Log (object)
Game.Editor.Testing.VarginhaBatchTestProgress:TestFinished (UnityEditor.TestTools.TestRunner.Api.ITestResultAdaptor) (at Assets/Scripts/Editor/Testing/VarginhaBatchTestProgress.cs:26)
UnityEditor.TestTools.TestRunner.Api.CallbacksDelegator/<>c__DisplayClass14_0:<TestFinished>b__0 (UnityEditor.TestTools.TestRunner.Api.ICallbacks) (at ./Library/PackageCache/com.unity.test-framework@7a3849e09bd0/UnityEditor.TestRunner/Api/CallbacksDelegator.cs:95)
UnityEditor.TestTools.TestRunner.Api.CallbacksDelegator:TryInvokeAllCallbacks (System.Action`1<UnityEditor.TestTools.TestRunner.Api.ICallbacks>) (at ./Library/PackageCache/com.unity.test-framework@7a3849e09bd0/UnityEditor.TestRunner/Api/CallbacksDelegator.cs:135)
UnityEditor.TestTools.TestRunner.Api.CallbacksDelegator:TestFinished (NUnit.Framework.Interfaces.ITestResult) (at ./Library/PackageCache/com.unity.test-framework@7a3849e09bd0/UnityEditor.TestRunner/Api/CallbacksDelegator.cs:95)
UnityEngine.Events.InvokableCall`1<NUnit.Framework.Interfaces.ITestResult>:Invoke (NUnit.Framework.Interfaces.ITestResult)
UnityEngine.Events.UnityEvent`1<NUnit.Framework.Interfaces.ITestResult>:Invoke (NUnit.Framework.Interfaces.ITestResult)
UnityEngine.Events.InvokableCall`1<NUnit.Framework.Interfaces.ITestResult>:Invoke (NUnit.Framework.Interfaces.ITestResult)
UnityEngine.Events.UnityEvent`1<NUnit.Framework.Interfaces.ITestResult>:Invoke (NUnit.Framework.Interfaces.ITestResult)
UnityEngine.TestTools.TestRunner.TestListenerWrapper:TestFinished (NUnit.Framework.Interfaces.ITestResult) (at ./Library/PackageCache/com.unity.test-framework@7a3849e09bd0/UnityEngine.TestRunner/TestRunner/TestListenerWrapper.cs:24)
UnityEngine.TestRunner.NUnitExtensions.Runner.UnityWorkItem:WorkItemComplete () (at ./Library/PackageCache/com.unity.test-framework@7a3849e09bd0/UnityEngine.TestRunner/NUnitExtensions/Runner/UnityWorkItem.cs:107)
UnityEngine.TestRunner.NUnitExtensions.Runner.CoroutineTestWorkItem/<PerformWork>d__7:<>m__Finally1 () (at ./Library/PackageCache/com.unity.test-framework@7a3849e09bd0/UnityEngine.TestRunner/NUnitExtensions/Runner/CoroutineTestWorkItem.cs:67)
UnityEngine.TestRunner.NUnitExtensions.Runner.CoroutineTestWorkItem/<PerformWork>d__7:MoveNext () (at ./Library/PackageCache/com.unity.test-framework@7a3849e09bd0/UnityEngine.TestRunner/NUnitExtensions/Runner/CoroutineTestWorkItem.cs:64)
UnityEngine.TestRunner.NUnitExtensions.Runner.CompositeWorkItem/<RunChildren>d__17:MoveNext () (at ./Library/PackageCache/com.unity.test-framework@7a3849e09bd0/UnityEngine.TestRunner/NUnitExtensions/Runner/CompositeWorkItem.cs:209)
UnityEngine.TestRunner.NUnitExtensions.Runner.CompositeWorkItem/<PerformWork>d__13:MoveNext () (at ./Library/PackageCache/com.unity.test-framework@7a3849e09bd0/UnityEngine.TestRunner/NUnitExtensions/Runner/CompositeWorkItem.cs:83)
UnityEngine.TestRunner.NUnitExtensions.Runner.CompositeWorkItem/<RunChildren>d__17:MoveNext () (at ./Library/PackageCache/com.unity.test-framework@7a3849e09bd0/UnityEngine.TestRunner/NUnitExtensions/Runner/CompositeWorkItem.cs:209)
UnityEngine.TestRunner.NUnitExtensions.Runner.CompositeWorkItem/<PerformWork>d__13:MoveNext () (at ./Library/PackageCache/com.unity.test-framework@7a3849e09bd0/UnityEngine.TestRunner/NUnitExtensions/Runner/CompositeWorkItem.cs:83)
UnityEngine.TestRunner.NUnitExtensions.Runner.CompositeWorkItem/<RunChildren>d__17:MoveNext () (at ./Library/PackageCache/com.unity.test-framework@7a3849e09bd0/UnityEngine.TestRunner/NUnitExtensions/Runner/CompositeWorkItem.cs:209)
UnityEngine.TestRunner.NUnitExtensions.Runner.CompositeWorkItem/<PerformWork>d__13:MoveNext () (at ./Library/PackageCache/com.unity.test-framework@7a3849e09bd0/UnityEngine.TestRunner/NUnitExtensions/Runner/CompositeWorkItem.cs:83)
UnityEngine.TestRunner.NUnitExtensions.Runner.CompositeWorkItem/<RunChildren>d__17:MoveNext () (at ./Library/PackageCache/com.unity.test-framework@7a3849e09bd0/UnityEngine.TestRunner/NUnitExtensions/Runner/CompositeWorkItem.cs:209)
UnityEngine.TestRunner.NUnitExtensions.Runner.CompositeWorkItem/<PerformWork>d__13:MoveNext () (at ./Library/PackageCache/com.unity.test-framework@7a3849e09bd0/UnityEngine.TestRunner/NUnitExtensions/Runner/CompositeWorkItem.cs:83)
UnityEngine.TestRunner.NUnitExtensions.Runner.CompositeWorkItem/<RunChildren>d__17:MoveNext () (at ./Library/PackageCache/com.unity.test-framework@7a3849e09bd0/UnityEngine.TestRunner/NUnitExtensions/Runner/CompositeWorkItem.cs:209)
UnityEngine.TestRunner.NUnitExtensions.Runner.CompositeWorkItem/<PerformWork>d__13:MoveNext () (at ./Library/PackageCache/com.unity.test-framework@7a3849e09bd0/UnityEngine.TestRunner/NUnitExtensions/Runner/CompositeWorkItem.cs:83)
UnityEngine.TestRunner.NUnitExtensions.Runner.CompositeWorkItem/<RunChildren>d__17:MoveNext () (at ./Library/PackageCache/com.unity.test-framework@7a3849e09bd0/UnityEngine.TestRunner/NUnitExtensions/Runner/CompositeWorkItem.cs:209)
UnityEngine.TestRunner.NUnitExtensions.Runner.CompositeWorkItem/<PerformWork>d__13:MoveNext () (at ./Library/PackageCache/com.unity.test-framework@7a3849e09bd0/UnityEngine.TestRunner/NUnitExtensions/Runner/CompositeWorkItem.cs:83)
UnityEngine.TestTools.TestRunner.PlaymodeTestsController/<TestRunnerCoroutine>d__25:MoveNext () (at ./Library/PackageCache/com.unity.test-framework@7a3849e09bd0/UnityEngine.TestRunner/TestRunner/PlaymodeTestsController.cs:100)
UnityEngine.SetupCoroutine:InvokeMoveNext (System.Collections.IEnumerator,intptr)

(Filename: Assets/Scripts/Editor/Testing/VarginhaBatchTestProgress.cs Line: 26)

QA test: Game.Tests.PlayMode.VarginhaPlayerPolishTests.DialogueCancelsWindupWithoutDamage
UnityEngine.Debug:ExtractStackTraceNoAlloc (byte*,int,string)
UnityEngine.StackTraceUtility:ExtractStackTrace ()
UnityEngine.DebugLogHandler:Internal_Log (UnityEngine.LogType,UnityEngine.LogOption,string,UnityEngine.Object)
UnityEngine.DebugLogHandler:LogFormat (UnityEngine.LogType,UnityEngine.Object,string,object[])
UnityEngine.Logger:Log (UnityEngine.LogType,object)
UnityEngine.Debug:Log (object)
Game.Editor.Testing.VarginhaBatchTestProgress:TestStarted (UnityEditor.TestTools.TestRunner.Api.ITestAdaptor) (at Assets/Scripts/Editor/Testing/VarginhaBatchTestProgress.cs:22)
UnityEditor.TestTools.TestRunner.Api.CallbacksDelegator/<>c__DisplayClass12_0:<TestStarted>b__0 (UnityEditor.TestTools.TestRunner.Api.ICallbacks) (at ./Library/PackageCache/com.unity.test-framework@7a3849e09bd0/UnityEditor.TestRunner/Api/CallbacksDelegator.cs:81)
UnityEditor.TestTools.TestRunner.Api.CallbacksDelegator:TryInvokeAllCallbacks (System.Action`1<UnityEditor.TestTools.TestRunner.Api.ICallbacks>) (at ./Library/PackageCache/com.unity.test-framework@7a3849e09bd0/UnityEditor.TestRunner/Api/CallbacksDelegator.cs:135)
UnityEditor.TestTools.TestRunner.Api.CallbacksDelegator:TestStarted (NUnit.Framework.Interfaces.ITest) (at ./Library/PackageCache/com.unity.test-framework@7a3849e09bd0/UnityEditor.TestRunner/Api/CallbacksDelegator.cs:81)
UnityEngine.Events.InvokableCall`1<NUnit.Framework.Interfaces.ITest>:Invoke (NUnit.Framework.Interfaces.ITest)
UnityEngine.Events.UnityEvent`1<NUnit.Framework.Interfaces.ITest>:Invoke (NUnit.Framework.Interfaces.ITest)
UnityEngine.Events.InvokableCall`1<NUnit.Framework.Interfaces.ITest>:Invoke (NUnit.Framework.Interfaces.ITest)
UnityEngine.Events.UnityEvent`1<NUnit.Framework.Interfaces.ITest>:Invoke (NUnit.Framework.Interfaces.ITest)
UnityEngine.TestTools.TestRunner.TestListenerWrapper:TestStarted (NUnit.Framework.Interfaces.ITest) (at ./Library/PackageCache/com.unity.test-framework@7a3849e09bd0/UnityEngine.TestRunner/TestRunner/TestListenerWrapper.cs:19)
UnityEngine.TestRunner.NUnitExtensions.Runner.UnityWorkItem:Execute () (at ./Library/PackageCache/com.unity.test-framework@7a3849e09bd0/UnityEngine.TestRunner/NUnitExtensions/Runner/UnityWorkItem.cs:83)
UnityEngine.TestRunner.NUnitExtensions.Runner.CompositeWorkItem/<RunChildren>d__17:MoveNext () (at ./Library/PackageCache/com.unity.test-framework@7a3849e09bd0/UnityEngine.TestRunner/NUnitExtensions/Runner/CompositeWorkItem.cs:205)
UnityEngine.TestRunner.NUnitExtensions.Runner.CompositeWorkItem/<PerformWork>d__13:MoveNext () (at ./Library/PackageCache/com.unity.test-framework@7a3849e09bd0/UnityEngine.TestRunner/NUnitExtensions/Runner/CompositeWorkItem.cs:83)
UnityEngine.TestRunner.NUnitExtensions.Runner.CompositeWorkItem/<RunChildren>d__17:MoveNext () (at ./Library/PackageCache/com.unity.test-framework@7a3849e09bd0/UnityEngine.TestRunner/NUnitExtensions/Runner/CompositeWorkItem.cs:209)
UnityEngine.TestRunner.NUnitExtensions.Runner.CompositeWorkItem/<PerformWork>d__13:MoveNext () (at ./Library/PackageCache/com.unity.test-framework@7a3849e09bd0/UnityEngine.TestRunner/NUnitExtensions/Runner/CompositeWorkItem.cs:83)
UnityEngine.TestRunner.NUnitExtensions.Runner.CompositeWorkItem/<RunChildren>d__17:MoveNext () (at ./Library/PackageCache/com.unity.test-framework@7a3849e09bd0/UnityEngine.TestRunner/NUnitExtensions/Runner/CompositeWorkItem.cs:209)
UnityEngine.TestRunner.NUnitExtensions.Runner.CompositeWorkItem/<PerformWork>d__13:MoveNext () (at ./Library/PackageCache/com.unity.test-framework@7a3849e09bd0/UnityEngine.TestRunner/NUnitExtensions/Runner/CompositeWorkItem.cs:83)
UnityEngine.TestRunner.NUnitExtensions.Runner.CompositeWorkItem/<RunChildren>d__17:MoveNext () (at ./Library/PackageCache/com.unity.test-framework@7a3849e09bd0/UnityEngine.TestRunner/NUnitExtensions/Runner/CompositeWorkItem.cs:209)
UnityEngine.TestRunner.NUnitExtensions.Runner.CompositeWorkItem/<PerformWork>d__13:MoveNext () (at ./Library/PackageCache/com.unity.test-framework@7a3849e09bd0/UnityEngine.TestRunner/NUnitExtensions/Runner/CompositeWorkItem.cs:83)
UnityEngine.TestRunner.NUnitExtensions.Runner.CompositeWorkItem/<RunChildren>d__17:MoveNext () (at ./Library/PackageCache/com.unity.test-framework@7a3849e09bd0/UnityEngine.TestRunner/NUnitExtensions/Runner/CompositeWorkItem.cs:209)
UnityEngine.TestRunner.NUnitExtensions.Runner.CompositeWorkItem/<PerformWork>d__13:MoveNext () (at ./Library/PackageCache/com.unity.test-framework@7a3849e09bd0/UnityEngine.TestRunner/NUnitExtensions/Runner/CompositeWorkItem.cs:83)
UnityEngine.TestRunner.NUnitExtensions.Runner.CompositeWorkItem/<RunChildren>d__17:MoveNext () (at ./Library/PackageCache/com.unity.test-framework@7a3849e09bd0/UnityEngine.TestRunner/NUnitExtensions/Runner/CompositeWorkItem.cs:209)
UnityEngine.TestRunner.NUnitExtensions.Runner.CompositeWorkItem/<PerformWork>d__13:MoveNext () (at ./Library/PackageCache/com.unity.test-framework@7a3849e09bd0/UnityEngine.TestRunner/NUnitExtensions/Runner/CompositeWorkItem.cs:83)
UnityEngine.TestTools.TestRunner.PlaymodeTestsController/<TestRunnerCoroutine>d__25:MoveNext () (at ./Library/PackageCache/com.unity.test-framework@7a3849e09bd0/UnityEngine.TestRunner/TestRunner/PlaymodeTestsController.cs:100)
UnityEngine.SetupCoroutine:InvokeMoveNext (System.Collections.IEnumerator,intptr)

(Filename: Assets/Scripts/Editor/Testing/VarginhaBatchTestProgress.cs Line: 22)

QA result: Passed Game.Tests.PlayMode.VarginhaPlayerPolishTests.DialogueCancelsWindupWithoutDamage
UnityEngine.Debug:ExtractStackTraceNoAlloc (byte*,int,string)
UnityEngine.StackTraceUtility:ExtractStackTrace ()
UnityEngine.DebugLogHandler:Internal_Log (UnityEngine.LogType,UnityEngine.LogOption,string,UnityEngine.Object)
UnityEngine.DebugLogHandler:LogFormat (UnityEngine.LogType,UnityEngine.Object,string,object[])
UnityEngine.Logger:Log (UnityEngine.LogType,object)
UnityEngine.Debug:Log (object)
Game.Editor.Testing.VarginhaBatchTestProgress:TestFinished (UnityEditor.TestTools.TestRunner.Api.ITestResultAdaptor) (at Assets/Scripts/Editor/Testing/VarginhaBatchTestProgress.cs:26)
UnityEditor.TestTools.TestRunner.Api.CallbacksDelegator/<>c__DisplayClass14_0:<TestFinished>b__0 (UnityEditor.TestTools.TestRunner.Api.ICallbacks) (at ./Library/PackageCache/com.unity.test-framework@7a3849e09bd0/UnityEditor.TestRunner/Api/CallbacksDelegator.cs:95)
UnityEditor.TestTools.TestRunner.Api.CallbacksDelegator:TryInvokeAllCallbacks (System.Action`1<UnityEditor.TestTools.TestRunner.Api.ICallbacks>) (at ./Library/PackageCache/com.unity.test-framework@7a3849e09bd0/UnityEditor.TestRunner/Api/CallbacksDelegator.cs:135)
UnityEditor.TestTools.TestRunner.Api.CallbacksDelegator:TestFinished (NUnit.Framework.Interfaces.ITestResult) (at ./Library/PackageCache/com.unity.test-framework@7a3849e09bd0/UnityEditor.TestRunner/Api/CallbacksDelegator.cs:95)
UnityEngine.Events.InvokableCall`1<NUnit.Framework.Interfaces.ITestResult>:Invoke (NUnit.Framework.Interfaces.ITestResult)
UnityEngine.Events.UnityEvent`1<NUnit.Framework.Interfaces.ITestResult>:Invoke (NUnit.Framework.Interfaces.ITestResult)
UnityEngine.Events.InvokableCall`1<NUnit.Framework.Interfaces.ITestResult>:Invoke (NUnit.Framework.Interfaces.ITestResult)
UnityEngine.Events.UnityEvent`1<NUnit.Framework.Interfaces.ITestResult>:Invoke (NUnit.Framework.Interfaces.ITestResult)
UnityEngine.TestTools.TestRunner.TestListenerWrapper:TestFinished (NUnit.Framework.Interfaces.ITestResult) (at ./Library/PackageCache/com.unity.test-framework@7a3849e09bd0/UnityEngine.TestRunner/TestRunner/TestListenerWrapper.cs:24)
UnityEngine.TestRunner.NUnitExtensions.Runner.UnityWorkItem:WorkItemComplete () (at ./Library/PackageCache/com.unity.test-framework@7a3849e09bd0/UnityEngine.TestRunner/NUnitExtensions/Runner/UnityWorkItem.cs:107)
UnityEngine.TestRunner.NUnitExtensions.Runner.CoroutineTestWorkItem/<PerformWork>d__7:<>m__Finally1 () (at ./Library/PackageCache/com.unity.test-framework@7a3849e09bd0/UnityEngine.TestRunner/NUnitExtensions/Runner/CoroutineTestWorkItem.cs:67)
UnityEngine.TestRunner.NUnitExtensions.Runner.CoroutineTestWorkItem/<PerformWork>d__7:MoveNext () (at ./Library/PackageCache/com.unity.test-framework@7a3849e09bd0/UnityEngine.TestRunner/NUnitExtensions/Runner/CoroutineTestWorkItem.cs:64)
UnityEngine.TestRunner.NUnitExtensions.Runner.CompositeWorkItem/<RunChildren>d__17:MoveNext () (at ./Library/PackageCache/com.unity.test-framework@7a3849e09bd0/UnityEngine.TestRunner/NUnitExtensions/Runner/CompositeWorkItem.cs:209)
UnityEngine.TestRunner.NUnitExtensions.Runner.CompositeWorkItem/<PerformWork>d__13:MoveNext () (at ./Library/PackageCache/com.unity.test-framework@7a3849e09bd0/UnityEngine.TestRunner/NUnitExtensions/Runner/CompositeWorkItem.cs:83)
UnityEngine.TestRunner.NUnitExtensions.Runner.CompositeWorkItem/<RunChildren>d__17:MoveNext () (at ./Library/PackageCache/com.unity.test-framework@7a3849e09bd0/UnityEngine.TestRunner/NUnitExtensions/Runner/CompositeWorkItem.cs:209)
UnityEngine.TestRunner.NUnitExtensions.Runner.CompositeWorkItem/<PerformWork>d__13:MoveNext () (at ./Library/PackageCache/com.unity.test-framework@7a3849e09bd0/UnityEngine.TestRunner/NUnitExtensions/Runner/CompositeWorkItem.cs:83)
UnityEngine.TestRunner.NUnitExtensions.Runner.CompositeWorkItem/<RunChildren>d__17:MoveNext () (at ./Library/PackageCache/com.unity.test-framework@7a3849e09bd0/UnityEngine.TestRunner/NUnitExtensions/Runner/CompositeWorkItem.cs:209)
UnityEngine.TestRunner.NUnitExtensions.Runner.CompositeWorkItem/<PerformWork>d__13:MoveNext () (at ./Library/PackageCache/com.unity.test-framework@7a3849e09bd0/UnityEngine.TestRunner/NUnitExtensions/Runner/CompositeWorkItem.cs:83)
UnityEngine.TestRunner.NUnitExtensions.Runner.CompositeWorkItem/<RunChildren>d__17:MoveNext () (at ./Library/PackageCache/com.unity.test-framework@7a3849e09bd0/UnityEngine.TestRunner/NUnitExtensions/Runner/CompositeWorkItem.cs:209)
UnityEngine.TestRunner.NUnitExtensions.Runner.CompositeWorkItem/<PerformWork>d__13:MoveNext () (at ./Library/PackageCache/com.unity.test-framework@7a3849e09bd0/UnityEngine.TestRunner/NUnitExtensions/Runner/CompositeWorkItem.cs:83)
UnityEngine.TestRunner.NUnitExtensions.Runner.CompositeWorkItem/<RunChildren>d__17:MoveNext () (at ./Library/PackageCache/com.unity.test-framework@7a3849e09bd0/UnityEngine.TestRunner/NUnitExtensions/Runner/CompositeWorkItem.cs:209)
UnityEngine.TestRunner.NUnitExtensions.Runner.CompositeWorkItem/<PerformWork>d__13:MoveNext () (at ./Library/PackageCache/com.unity.test-framework@7a3849e09bd0/UnityEngine.TestRunner/NUnitExtensions/Runner/CompositeWorkItem.cs:83)
UnityEngine.TestRunner.NUnitExtensions.Runner.CompositeWorkItem/<RunChildren>d__17:MoveNext () (at ./Library/PackageCache/com.unity.test-framework@7a3849e09bd0/UnityEngine.TestRunner/NUnitExtensions/Runner/CompositeWorkItem.cs:209)
UnityEngine.TestRunner.NUnitExtensions.Runner.CompositeWorkItem/<PerformWork>d__13:MoveNext () (at ./Library/PackageCache/com.unity.test-framework@7a3849e09bd0/UnityEngine.TestRunner/NUnitExtensions/Runner/CompositeWorkItem.cs:83)
UnityEngine.TestTools.TestRunner.PlaymodeTestsController/<TestRunnerCoroutine>d__25:MoveNext () (at ./Library/PackageCache/com.unity.test-framework@7a3849e09bd0/UnityEngine.TestRunner/TestRunner/PlaymodeTestsController.cs:100)
UnityEngine.SetupCoroutine:InvokeMoveNext (System.Collections.IEnumerator,intptr)

(Filename: Assets/Scripts/Editor/Testing/VarginhaBatchTestProgress.cs Line: 26)

QA test: Game.Tests.PlayMode.VarginhaPlayerPolishTests.DirectionAndMultipleCollidersProduceOnlyOneHit
UnityEngine.Debug:ExtractStackTraceNoAlloc (byte*,int,string)
UnityEngine.StackTraceUtility:ExtractStackTrace ()
UnityEngine.DebugLogHandler:Internal_Log (UnityEngine.LogType,UnityEngine.LogOption,string,UnityEngine.Object)
UnityEngine.DebugLogHandler:LogFormat (UnityEngine.LogType,UnityEngine.Object,string,object[])
UnityEngine.Logger:Log (UnityEngine.LogType,object)
UnityEngine.Debug:Log (object)
Game.Editor.Testing.VarginhaBatchTestProgress:TestStarted (UnityEditor.TestTools.TestRunner.Api.ITestAdaptor) (at Assets/Scripts/Editor/Testing/VarginhaBatchTestProgress.cs:22)
UnityEditor.TestTools.TestRunner.Api.CallbacksDelegator/<>c__DisplayClass12_0:<TestStarted>b__0 (UnityEditor.TestTools.TestRunner.Api.ICallbacks) (at ./Library/PackageCache/com.unity.test-framework@7a3849e09bd0/UnityEditor.TestRunner/Api/CallbacksDelegator.cs:81)
UnityEditor.TestTools.TestRunner.Api.CallbacksDelegator:TryInvokeAllCallbacks (System.Action`1<UnityEditor.TestTools.TestRunner.Api.ICallbacks>) (at ./Library/PackageCache/com.unity.test-framework@7a3849e09bd0/UnityEditor.TestRunner/Api/CallbacksDelegator.cs:135)
UnityEditor.TestTools.TestRunner.Api.CallbacksDelegator:TestStarted (NUnit.Framework.Interfaces.ITest) (at ./Library/PackageCache/com.unity.test-framework@7a3849e09bd0/UnityEditor.TestRunner/Api/CallbacksDelegator.cs:81)
UnityEngine.Events.InvokableCall`1<NUnit.Framework.Interfaces.ITest>:Invoke (NUnit.Framework.Interfaces.ITest)
UnityEngine.Events.UnityEvent`1<NUnit.Framework.Interfaces.ITest>:Invoke (NUnit.Framework.Interfaces.ITest)
UnityEngine.Events.InvokableCall`1<NUnit.Framework.Interfaces.ITest>:Invoke (NUnit.Framework.Interfaces.ITest)
UnityEngine.Events.UnityEvent`1<NUnit.Framework.Interfaces.ITest>:Invoke (NUnit.Framework.Interfaces.ITest)
UnityEngine.TestTools.TestRunner.TestListenerWrapper:TestStarted (NUnit.Framework.Interfaces.ITest) (at ./Library/PackageCache/com.unity.test-framework@7a3849e09bd0/UnityEngine.TestRunner/TestRunner/TestListenerWrapper.cs:19)
UnityEngine.TestRunner.NUnitExtensions.Runner.UnityWorkItem:Execute () (at ./Library/PackageCache/com.unity.test-framework@7a3849e09bd0/UnityEngine.TestRunner/NUnitExtensions/Runner/UnityWorkItem.cs:83)
UnityEngine.TestRunner.NUnitExtensions.Runner.CompositeWorkItem/<RunChildren>d__17:MoveNext () (at ./Library/PackageCache/com.unity.test-framework@7a3849e09bd0/UnityEngine.TestRunner/NUnitExtensions/Runner/CompositeWorkItem.cs:205)
UnityEngine.TestRunner.NUnitExtensions.Runner.CompositeWorkItem/<PerformWork>d__13:MoveNext () (at ./Library/PackageCache/com.unity.test-framework@7a3849e09bd0/UnityEngine.TestRunner/NUnitExtensions/Runner/CompositeWorkItem.cs:83)
UnityEngine.TestRunner.NUnitExtensions.Runner.CompositeWorkItem/<RunChildren>d__17:MoveNext () (at ./Library/PackageCache/com.unity.test-framework@7a3849e09bd0/UnityEngine.TestRunner/NUnitExtensions/Runner/CompositeWorkItem.cs:209)
UnityEngine.TestRunner.NUnitExtensions.Runner.CompositeWorkItem/<PerformWork>d__13:MoveNext () (at ./Library/PackageCache/com.unity.test-framework@7a3849e09bd0/UnityEngine.TestRunner/NUnitExtensions/Runner/CompositeWorkItem.cs:83)
UnityEngine.TestRunner.NUnitExtensions.Runner.CompositeWorkItem/<RunChildren>d__17:MoveNext () (at ./Library/PackageCache/com.unity.test-framework@7a3849e09bd0/UnityEngine.TestRunner/NUnitExtensions/Runner/CompositeWorkItem.cs:209)
UnityEngine.TestRunner.NUnitExtensions.Runner.CompositeWorkItem/<PerformWork>d__13:MoveNext () (at ./Library/PackageCache/com.unity.test-framework@7a3849e09bd0/UnityEngine.TestRunner/NUnitExtensions/Runner/CompositeWorkItem.cs:83)
UnityEngine.TestRunner.NUnitExtensions.Runner.CompositeWorkItem/<RunChildren>d__17:MoveNext () (at ./Library/PackageCache/com.unity.test-framework@7a3849e09bd0/UnityEngine.TestRunner/NUnitExtensions/Runner/CompositeWorkItem.cs:209)
UnityEngine.TestRunner.NUnitExtensions.Runner.CompositeWorkItem/<PerformWork>d__13:MoveNext () (at ./Library/PackageCache/com.unity.test-framework@7a3849e09bd0/UnityEngine.TestRunner/NUnitExtensions/Runner/CompositeWorkItem.cs:83)
UnityEngine.TestRunner.NUnitExtensions.Runner.CompositeWorkItem/<RunChildren>d__17:MoveNext () (at ./Library/PackageCache/com.unity.test-framework@7a3849e09bd0/UnityEngine.TestRunner/NUnitExtensions/Runner/CompositeWorkItem.cs:209)
UnityEngine.TestRunner.NUnitExtensions.Runner.CompositeWorkItem/<PerformWork>d__13:MoveNext () (at ./Library/PackageCache/com.unity.test-framework@7a3849e09bd0/UnityEngine.TestRunner/NUnitExtensions/Runner/CompositeWorkItem.cs:83)
UnityEngine.TestRunner.NUnitExtensions.Runner.CompositeWorkItem/<RunChildren>d__17:MoveNext () (at ./Library/PackageCache/com.unity.test-framework@7a3849e09bd0/UnityEngine.TestRunner/NUnitExtensions/Runner/CompositeWorkItem.cs:209)
UnityEngine.TestRunner.NUnitExtensions.Runner.CompositeWorkItem/<PerformWork>d__13:MoveNext () (at ./Library/PackageCache/com.unity.test-framework@7a3849e09bd0/UnityEngine.TestRunner/NUnitExtensions/Runner/CompositeWorkItem.cs:83)
UnityEngine.TestTools.TestRunner.PlaymodeTestsController/<TestRunnerCoroutine>d__25:MoveNext () (at ./Library/PackageCache/com.unity.test-framework@7a3849e09bd0/UnityEngine.TestRunner/TestRunner/PlaymodeTestsController.cs:100)
UnityEngine.SetupCoroutine:InvokeMoveNext (System.Collections.IEnumerator,intptr)

(Filename: Assets/Scripts/Editor/Testing/VarginhaBatchTestProgress.cs Line: 22)

There are no audio listeners in the scene. Please ensure there is always one audio listener in the scene
There are no audio listeners in the scene. Please ensure there is always one audio listener in the scene
There are no audio listeners in the scene. Please ensure there is always one audio listener in the scene
There are no audio listeners in the scene. Please ensure there is always one audio listener in the scene
There are no audio listeners in the scene. Please ensure there is always one audio listener in the scene
There are no audio listeners in the scene. Please ensure there is always one audio listener in the scene
There are no audio listeners in the scene. Please ensure there is always one audio listener in the scene
There are no audio listeners in the scene. Please ensure there is always one audio listener in the scene
There are no audio listeners in the scene. Please ensure there is always one audio listener in the scene
There are no audio listeners in the scene. Please ensure there is always one audio listener in the scene
There are no audio listeners in the scene. Please ensure there is always one audio listener in the scene
There are no audio listeners in the scene. Please ensure there is always one audio listener in the scene
There are no audio listeners in the scene. Please ensure there is always one audio listener in the scene
There are no audio listeners in the scene. Please ensure there is always one audio listener in the scene
There are no audio listeners in the scene. Please ensure there is always one audio listener in the scene
There are no audio listeners in the scene. Please ensure there is always one audio listener in the scene
There are no audio listeners in the scene. Please ensure there is always one audio listener in the scene
There are no audio listeners in the scene. Please ensure there is always one audio listener in the scene
There are no audio listeners in the scene. Please ensure there is always one audio listener in the scene
There are no audio listeners in the scene. Please ensure there is always one audio listener in the scene
There are no audio listeners in the scene. Please ensure there is always one audio listener in the scene
There are no audio listeners in the scene. Please ensure there is always one audio listener in the scene
There are no audio listeners in the scene. Please ensure there is always one audio listener in the scene
There are no audio listeners in the scene. Please ensure there is always one audio listener in the scene
There are no audio listeners in the scene. Please ensure there is always one audio listener in the scene
There are no audio listeners in the scene. Please ensure there is always one audio listener in the scene
There are no audio listeners in the scene. Please ensure there is always one audio listener in the scene
There are no audio listeners in the scene. Please ensure there is always one audio listener in the scene
There are no audio listeners in the scene. Please ensure there is always one audio listener in the scene
There are no audio listeners in the scene. Please ensure there is always one audio listener in the scene
There are no audio listeners in the scene. Please ensure there is always one audio listener in the scene
There are no audio listeners in the scene. Please ensure there is always one audio listener in the scene
There are no audio listeners in the scene. Please ensure there is always one audio listener in the scene
There are no audio listeners in the scene. Please ensure there is always one audio listener in the scene
There are no audio listeners in the scene. Please ensure there is always one audio listener in the scene
There are no audio listeners in the scene. Please ensure there is always one audio listener in the scene
There are no audio listeners in the scene. Please ensure there is always one audio listener in the scene
There are no audio listeners in the scene. Please ensure there is always one audio listener in the scene
There are no audio listeners in the scene. Please ensure there is always one audio listener in the scene
There are no audio listeners in the scene. Please ensure there is always one audio listener in the scene
There are no audio listeners in the scene. Please ensure there is always one audio listener in the scene
There are no audio listeners in the scene. Please ensure there is always one audio listener in the scene
There are no audio listeners in the scene. Please ensure there is always one audio listener in the scene
There are no audio listeners in the scene. Please ensure there is always one audio listener in the scene
There are no audio listeners in the scene. Please ensure there is always one audio listener in the scene
There are no audio listeners in the scene. Please ensure there is always one audio listener in the scene
There are no audio listeners in the scene. Please ensure there is always one audio listener in the scene
There are no audio listeners in the scene. Please ensure there is always one audio listener in the scene
There are no audio listeners in the scene. Please ensure there is always one audio listener in the scene
There are no audio listeners in the scene. Please ensure there is always one audio listener in the scene
There are no audio listeners in the scene. Please ensure there is always one audio listener in the scene
There are no audio listeners in the scene. Please ensure there is always one audio listener in the scene
There are no audio listeners in the scene. Please ensure there is always one audio listener in the scene
There are no audio listeners in the scene. Please ensure there is always one audio listener in the scene
There are no audio listeners in the scene. Please ensure there is always one audio listener in the scene
There are no audio listeners in the scene. Please ensure there is always one audio listener in the scene
There are no audio listeners in the scene. Please ensure there is always one audio listener in the scene
There are no audio listeners in the scene. Please ensure there is always one audio listener in the scene
There are no audio listeners in the scene. Please ensure there is always one audio listener in the scene
There are no audio listeners in the scene. Please ensure there is always one audio listener in the scene
There are no audio listeners in the scene. Please ensure there is always one audio listener in the scene
There are no audio listeners in the scene. Please ensure there is always one audio listener in the scene
There are no audio listeners in the scene. Please ensure there is always one audio listener in the scene
There are no audio listeners in the scene. Please ensure there is always one audio listener in the scene
There are no audio listeners in the scene. Please ensure there is always one audio listener in the scene
There are no audio listeners in the scene. Please ensure there is always one audio listener in the scene
There are no audio listeners in the scene. Please ensure there is always one audio listener in the scene
There are no audio listeners in the scene. Please ensure there is always one audio listener in the scene
There are no audio listeners in the scene. Please ensure there is always one audio listener in the scene
There are no audio listeners in the scene. Please ensure there is always one audio listener in the scene
There are no audio listeners in the scene. Please ensure there is always one audio listener in the scene
There are no audio listeners in the scene. Please ensure there is always one audio listener in the scene
There are no audio listeners in the scene. Please ensure there is always one audio listener in the scene
There are no audio listeners in the scene. Please ensure there is always one audio listener in the scene
There are no audio listeners in the scene. Please ensure there is always one audio listener in the scene
There are no audio listeners in the scene. Please ensure there is always one audio listener in the scene
There are no audio listeners in the scene. Please ensure there is always one audio listener in the scene
There are no audio listeners in the scene. Please ensure there is always one audio listener in the scene
There are no audio listeners in the scene. Please ensure there is always one audio listener in the scene
There are no audio listeners in the scene. Please ensure there is always one audio listener in the scene
There are no audio listeners in the scene. Please ensure there is always one audio listener in the scene
There are no audio listeners in the scene. Please ensure there is always one audio listener in the scene
There are no audio listeners in the scene. Please ensure there is always one audio listener in the scene
There are no audio listeners in the scene. Please ensure there is always one audio listener in the scene
There are no audio listeners in the scene. Please ensure there is always one audio listener in the scene
There are no audio listeners in the scene. Please ensure there is always one audio listener in the scene
There are no audio listeners in the scene. Please ensure there is always one audio listener in the scene
There are no audio listeners in the scene. Please ensure there is always one audio listener in the scene
There are no audio listeners in the scene. Please ensure there is always one audio listener in the scene
There are no audio listeners in the scene. Please ensure there is always one audio listener in the scene
There are no audio listeners in the scene. Please ensure there is always one audio listener in the scene
There are no audio listeners in the scene. Please ensure there is always one audio listener in the scene
There are no audio listeners in the scene. Please ensure there is always one audio listener in the scene
There are no audio listeners in the scene. Please ensure there is always one audio listener in the scene
There are no audio listeners in the scene. Please ensure there is always one audio listener in the scene
There are no audio listeners in the scene. Please ensure there is always one audio listener in the scene
There are no audio listeners in the scene. Please ensure there is always one audio listener in the scene
There are no audio listeners in the scene. Please ensure there is always one audio listener in the scene
There are no audio listeners in the scene. Please ensure there is always one audio listener in the scene
There are no audio listeners in the scene. Please ensure there is always one audio listener in the scene
There are no audio listeners in the scene. Please ensure there is always one audio listener in the scene
There are no audio listeners in the scene. Please ensure there is always one audio listener in the scene
There are no audio listeners in the scene. Please ensure there is always one audio listener in the scene
There are no audio listeners in the scene. Please ensure there is always one audio listener in the scene
There are no audio listeners in the scene. Please ensure there is always one audio listener in the scene
There are no audio listeners in the scene. Please ensure there is always one audio listener in the scene
There are no audio listeners in the scene. Please ensure there is always one audio listener in the scene
There are no audio listeners in the scene. Please ensure there is always one audio listener in the scene
There are no audio listeners in the scene. Please ensure there is always one audio listener in the scene
There are no audio listeners in the scene. Please ensure there is always one audio listener in the scene
There are no audio listeners in the scene. Please ensure there is always one audio listener in the scene
There are no audio listeners in the scene. Please ensure there is always one audio listener in the scene
There are no audio listeners in the scene. Please ensure there is always one audio listener in the scene
There are no audio listeners in the scene. Please ensure there is always one audio listener in the scene
There are no audio listeners in the scene. Please ensure there is always one audio listener in the scene
There are no audio listeners in the scene. Please ensure there is always one audio listener in the scene
There are no audio listeners in the scene. Please ensure there is always one audio listener in the scene
There are no audio listeners in the scene. Please ensure there is always one audio listener in the scene
There are no audio listeners in the scene. Please ensure there is always one audio listener in the scene
There are no audio listeners in the scene. Please ensure there is always one audio listener in the scene
There are no audio listeners in the scene. Please ensure there is always one audio listener in the scene
There are no audio listeners in the scene. Please ensure there is always one audio listener in the scene
There are no audio listeners in the scene. Please ensure there is always one audio listener in the scene
There are no audio listeners in the scene. Please ensure there is always one audio listener in the scene
There are no audio listeners in the scene. Please ensure there is always one audio listener in the scene
There are no audio listeners in the scene. Please ensure there is always one audio listener in the scene
There are no audio listeners in the scene. Please ensure there is always one audio listener in the scene
There are no audio listeners in the scene. Please ensure there is always one audio listener in the scene
There are no audio listeners in the scene. Please ensure there is always one audio listener in the scene
There are no audio listeners in the scene. Please ensure there is always one audio listener in the scene
There are no audio listeners in the scene. Please ensure there is always one audio listener in the scene
There are no audio listeners in the scene. Please ensure there is always one audio listener in the scene
There are no audio listeners in the scene. Please ensure there is always one audio listener in the scene
There are no audio listeners in the scene. Please ensure there is always one audio listener in the scene
There are no audio listeners in the scene. Please ensure there is always one audio listener in the scene
There are no audio listeners in the scene. Please ensure there is always one audio listener in the scene
There are no audio listeners in the scene. Please ensure there is always one audio listener in the scene
There are no audio listeners in the scene. Please ensure there is always one audio listener in the scene
There are no audio listeners in the scene. Please ensure there is always one audio listener in the scene
There are no audio listeners in the scene. Please ensure there is always one audio listener in the scene
There are no audio listeners in the scene. Please ensure there is always one audio listener in the scene
There are no audio listeners in the scene. Please ensure there is always one audio listener in the scene
There are no audio listeners in the scene. Please ensure there is always one audio listener in the scene
There are no audio listeners in the scene. Please ensure there is always one audio listener in the scene
There are no audio listeners in the scene. Please ensure there is always one audio listener in the scene
There are no audio listeners in the scene. Please ensure there is always one audio listener in the scene
There are no audio listeners in the scene. Please ensure there is always one audio listener in the scene
There are no audio listeners in the scene. Please ensure there is always one audio listener in the scene
There are no audio listeners in the scene. Please ensure there is always one audio listener in the scene
There are no audio listeners in the scene. Please ensure there is always one audio listener in the scene
There are no audio listeners in the scene. Please ensure there is always one audio listener in the scene
There are no audio listeners in the scene. Please ensure there is always one audio listener in the scene
There are no audio listeners in the scene. Please ensure there is always one audio listener in the scene
There are no audio listeners in the scene. Please ensure there is always one audio listener in the scene
There are no audio listeners in the scene. Please ensure there is always one audio listener in the scene
There are no audio listeners in the scene. Please ensure there is always one audio listener in the scene
There are no audio listeners in the scene. Please ensure there is always one audio listener in the scene
There are no audio listeners in the scene. Please ensure there is always one audio listener in the scene
There are no audio listeners in the scene. Please ensure there is always one audio listener in the scene
There are no audio listeners in the scene. Please ensure there is always one audio listener in the scene
There are no audio listeners in the scene. Please ensure there is always one audio listener in the scene
There are no audio listeners in the scene. Please ensure there is always one audio listener in the scene
There are no audio listeners in the scene. Please ensure there is always one audio listener in the scene
There are no audio listeners in the scene. Please ensure there is always one audio listener in the scene
There are no audio listeners in the scene. Please ensure there is always one audio listener in the scene
There are no audio listeners in the scene. Please ensure there is always one audio listener in the scene
There are no audio listeners in the scene. Please ensure there is always one audio listener in the scene
There are no audio listeners in the scene. Please ensure there is always one audio listener in the scene
There are no audio listeners in the scene. Please ensure there is always one audio listener in the scene
There are no audio listeners in the scene. Please ensure there is always one audio listener in the scene
There are no audio listeners in the scene. Please ensure there is always one audio listener in the scene
There are no audio listeners in the scene. Please ensure there is always one audio listener in the scene
There are no audio listeners in the scene. Please ensure there is always one audio listener in the scene
There are no audio listeners in the scene. Please ensure there is always one audio listener in the scene
There are no audio listeners in the scene. Please ensure there is always one audio listener in the scene
There are no audio listeners in the scene. Please ensure there is always one audio listener in the scene
There are no audio listeners in the scene. Please ensure there is always one audio listener in the scene
There are no audio listeners in the scene. Please ensure there is always one audio listener in the scene
There are no audio listeners in the scene. Please ensure there is always one audio listener in the scene
There are no audio listeners in the scene. Please ensure there is always one audio listener in the scene
There are no audio listeners in the scene. Please ensure there is always one audio listener in the scene
There are no audio listeners in the scene. Please ensure there is always one audio listener in the scene
There are no audio listeners in the scene. Please ensure there is always one audio listener in the scene
There are no audio listeners in the scene. Please ensure there is always one audio listener in the scene
There are no audio listeners in the scene. Please ensure there is always one audio listener in the scene
There are no audio listeners in the scene. Please ensure there is always one audio listener in the scene
There are no audio listeners in the scene. Please ensure there is always one audio listener in the scene
There are no audio listeners in the scene. Please ensure there is always one audio listener in the scene
There are no audio listeners in the scene. Please ensure there is always one audio listener in the scene
There are no audio listeners in the scene. Please ensure there is always one audio listener in the scene
There are no audio listeners in the scene. Please ensure there is always one audio listener in the scene
There are no audio listeners in the scene. Please ensure there is always one audio listener in the scene
There are no audio listeners in the scene. Please ensure there is always one audio listener in the scene
There are no audio listeners in the scene. Please ensure there is always one audio listener in the scene
There are no audio listeners in the scene. Please ensure there is always one audio listener in the scene
There are no audio listeners in the scene. Please ensure there is always one audio listener in the scene
There are no audio listeners in the scene. Please ensure there is always one audio listener in the scene
There are no audio listeners in the scene. Please ensure there is always one audio listener in the scene
There are no audio listeners in the scene. Please ensure there is always one audio listener in the scene
There are no audio listeners in the scene. Please ensure there is always one audio listener in the scene
There are no audio listeners in the scene. Please ensure there is always one audio listener in the scene
There are no audio listeners in the scene. Please ensure there is always one audio listener in the scene
There are no audio listeners in the scene. Please ensure there is always one audio listener in the scene
There are no audio listeners in the scene. Please ensure there is always one audio listener in the scene
There are no audio listeners in the scene. Please ensure there is always one audio listener in the scene
There are no audio listeners in the scene. Please ensure there is always one audio listener in the scene
There are no audio listeners in the scene. Please ensure there is always one audio listener in the scene
There are no audio listeners in the scene. Please ensure there is always one audio listener in the scene
There are no audio listeners in the scene. Please ensure there is always one audio listener in the scene
There are no audio listeners in the scene. Please ensure there is always one audio listener in the scene
There are no audio listeners in the scene. Please ensure there is always one audio listener in the scene
There are no audio listeners in the scene. Please ensure there is always one audio listener in the scene
There are no audio listeners in the scene. Please ensure there is always one audio listener in the scene
There are no audio listeners in the scene. Please ensure there is always one audio listener in the scene
There are no audio listeners in the scene. Please ensure there is always one audio listener in the scene
There are no audio listeners in the scene. Please ensure there is always one audio listener in the scene
There are no audio listeners in the scene. Please ensure there is always one audio listener in the scene
There are no audio listeners in the scene. Please ensure there is always one audio listener in the scene
There are no audio listeners in the scene. Please ensure there is always one audio listener in the scene
There are no audio listeners in the scene. Please ensure there is always one audio listener in the scene
There are no audio listeners in the scene. Please ensure there is always one audio listener in the scene
There are no audio listeners in the scene. Please ensure there is always one audio listener in the scene
There are no audio listeners in the scene. Please ensure there is always one audio listener in the scene
There are no audio listeners in the scene. Please ensure there is always one audio listener in the scene
There are no audio listeners in the scene. Please ensure there is always one audio listener in the scene
There are no audio listeners in the scene. Please ensure there is always one audio listener in the scene
There are no audio listeners in the scene. Please ensure there is always one audio listener in the scene
There are no audio listeners in the scene. Please ensure there is always one audio listener in the scene
There are no audio listeners in the scene. Please ensure there is always one audio listener in the scene
There are no audio listeners in the scene. Please ensure there is always one audio listener in the scene
There are no audio listeners in the scene. Please ensure there is always one audio listener in the scene
There are no audio listeners in the scene. Please ensure there is always one audio listener in the scene
There are no audio listeners in the scene. Please ensure there is always one audio listener in the scene
There are no audio listeners in the scene. Please ensure there is always one audio listener in the scene
There are no audio listeners in the scene. Please ensure there is always one audio listener in the scene
There are no audio listeners in the scene. Please ensure there is always one audio listener in the scene
There are no audio listeners in the scene. Please ensure there is always one audio listener in the scene
There are no audio listeners in the scene. Please ensure there is always one audio listener in the scene
There are no audio listeners in the scene. Please ensure there is always one audio listener in the scene
There are no audio listeners in the scene. Please ensure there is always one audio listener in the scene
There are no audio listeners in the scene. Please ensure there is always one audio listener in the scene
There are no audio listeners in the scene. Please ensure there is always one audio listener in the scene
There are no audio listeners in the scene. Please ensure there is always one audio listener in the scene
There are no audio listeners in the scene. Please ensure there is always one audio listener in the scene
There are no audio listeners in the scene. Please ensure there is always one audio listener in the scene
There are no audio listeners in the scene. Please ensure there is always one audio listener in the scene
There are no audio listeners in the scene. Please ensure there is always one audio listener in the scene
There are no audio listeners in the scene. Please ensure there is always one audio listener in the scene
There are no audio listeners in the scene. Please ensure there is always one audio listener in the scene
There are no audio listeners in the scene. Please ensure there is always one audio listener in the scene
There are no audio listeners in the scene. Please ensure there is always one audio listener in the scene
There are no audio listeners in the scene. Please ensure there is always one audio listener in the scene
There are no audio listeners in the scene. Please ensure there is always one audio listener in the scene
There are no audio listeners in the scene. Please ensure there is always one audio listener in the scene
There are no audio listeners in the scene. Please ensure there is always one audio listener in the scene
There are no audio listeners in the scene. Please ensure there is always one audio listener in the scene
There are no audio listeners in the scene. Please ensure there is always one audio listener in the scene
There are no audio listeners in the scene. Please ensure there is always one audio listener in the scene
There are no audio listeners in the scene. Please ensure there is always one audio listener in the scene
There are no audio listeners in the scene. Please ensure there is always one audio listener in the scene
There are no audio listeners in the scene. Please ensure there is always one audio listener in the scene
There are no audio listeners in the scene. Please ensure there is always one audio listener in the scene
There are no audio listeners in the scene. Please ensure there is always one audio listener in the scene
There are no audio listeners in the scene. Please ensure there is always one audio listener in the scene
There are no audio listeners in the scene. Please ensure there is always one audio listener in the scene
There are no audio listeners in the scene. Please ensure there is always one audio listener in the scene
There are no audio listeners in the scene. Please ensure there is always one audio listener in the scene
There are no audio listeners in the scene. Please ensure there is always one audio listener in the scene
There are no audio listeners in the scene. Please ensure there is always one audio listener in the scene
There are no audio listeners in the scene. Please ensure there is always one audio listener in the scene
There are no audio listeners in the scene. Please ensure there is always one audio listener in the scene
There are no audio listeners in the scene. Please ensure there is always one audio listener in the scene
There are no audio listeners in the scene. Please ensure there is always one audio listener in the scene
There are no audio listeners in the scene. Please ensure there is always one audio listener in the scene
There are no audio listeners in the scene. Please ensure there is always one audio listener in the scene
There are no audio listeners in the scene. Please ensure there is always one audio listener in the scene
There are no audio listeners in the scene. Please ensure there is always one audio listener in the scene
There are no audio listeners in the scene. Please ensure there is always one audio listener in the scene
There are no audio listeners in the scene. Please ensure there is always one audio listener in the scene
There are no audio listeners in the scene. Please ensure there is always one audio listener in the scene
There are no audio listeners in the scene. Please ensure there is always one audio listener in the scene
There are no audio listeners in the scene. Please ensure there is always one audio listener in the scene
There are no audio listeners in the scene. Please ensure there is always one audio listener in the scene
There are no audio listeners in the scene. Please ensure there is always one audio listener in the scene
There are no audio listeners in the scene. Please ensure there is always one audio listener in the scene
There are no audio listeners in the scene. Please ensure there is always one audio listener in the scene
There are no audio listeners in the scene. Please ensure there is always one audio listener in the scene
There are no audio listeners in the scene. Please ensure there is always one audio listener in the scene
There are no audio listeners in the scene. Please ensure there is always one audio listener in the scene
There are no audio listeners in the scene. Please ensure there is always one audio listener in the scene
There are no audio listeners in the scene. Please ensure there is always one audio listener in the scene
There are no audio listeners in the scene. Please ensure there is always one audio listener in the scene
There are no audio listeners in the scene. Please ensure there is always one audio listener in the scene
There are no audio listeners in the scene. Please ensure there is always one audio listener in the scene
There are no audio listeners in the scene. Please ensure there is always one audio listener in the scene
There are no audio listeners in the scene. Please ensure there is always one audio listener in the scene
There are no audio listeners in the scene. Please ensure there is always one audio listener in the scene
There are no audio listeners in the scene. Please ensure there is always one audio listener in the scene
There are no audio listeners in the scene. Please ensure there is always one audio listener in the scene
There are no audio listeners in the scene. Please ensure there is always one audio listener in the scene
There are no audio listeners in the scene. Please ensure there is always one audio listener in the scene
There are no audio listeners in the scene. Please ensure there is always one audio listener in the scene
There are no audio listeners in the scene. Please ensure there is always one audio listener in the scene
There are no audio listeners in the scene. Please ensure there is always one audio listener in the scene
There are no audio listeners in the scene. Please ensure there is always one audio listener in the scene
There are no audio listeners in the scene. Please ensure there is always one audio listener in the scene
There are no audio listeners in the scene. Please ensure there is always one audio listener in the scene
There are no audio listeners in the scene. Please ensure there is always one audio listener in the scene
There are no audio listeners in the scene. Please ensure there is always one audio listener in the scene
There are no audio listeners in the scene. Please ensure there is always one audio listener in the scene
There are no audio listeners in the scene. Please ensure there is always one audio listener in the scene
There are no audio listeners in the scene. Please ensure there is always one audio listener in the scene
There are no audio listeners in the scene. Please ensure there is always one audio listener in the scene
There are no audio listeners in the scene. Please ensure there is always one audio listener in the scene
There are no audio listeners in the scene. Please ensure there is always one audio listener in the scene
There are no audio listeners in the scene. Please ensure there is always one audio listener in the scene
There are no audio listeners in the scene. Please ensure there is always one audio listener in the scene
There are no audio listeners in the scene. Please ensure there is always one audio listener in the scene
There are no audio listeners in the scene. Please ensure there is always one audio listener in the scene
There are no audio listeners in the scene. Please ensure there is always one audio listener in the scene
There are no audio listeners in the scene. Please ensure there is always one audio listener in the scene
There are no audio listeners in the scene. Please ensure there is always one audio listener in the scene
There are no audio listeners in the scene. Please ensure there is always one audio listener in the scene
There are no audio listeners in the scene. Please ensure there is always one audio listener in the scene
There are no audio listeners in the scene. Please ensure there is always one audio listener in the scene
There are no audio listeners in the scene. Please ensure there is always one audio listener in the scene
There are no audio listeners in the scene. Please ensure there is always one audio listener in the scene
There are no audio listeners in the scene. Please ensure there is always one audio listener in the scene
There are no audio listeners in the scene. Please ensure there is always one audio listener in the scene
There are no audio listeners in the scene. Please ensure there is always one audio listener in the scene
There are no audio listeners in the scene. Please ensure there is always one audio listener in the scene
There are no audio listeners in the scene. Please ensure there is always one audio listener in the scene
There are no audio listeners in the scene. Please ensure there is always one audio listener in the scene
There are no audio listeners in the scene. Please ensure there is always one audio listener in the scene
There are no audio listeners in the scene. Please ensure there is always one audio listener in the scene
There are no audio listeners in the scene. Please ensure there is always one audio listener in the scene
There are no audio listeners in the scene. Please ensure there is always one audio listener in the scene
There are no audio listeners in the scene. Please ensure there is always one audio listener in the scene
There are no audio listeners in the scene. Please ensure there is always one audio listener in the scene
There are no audio listeners in the scene. Please ensure there is always one audio listener in the scene
There are no audio listeners in the scene. Please ensure there is always one audio listener in the scene
There are no audio listeners in the scene. Please ensure there is always one audio listener in the scene
There are no audio listeners in the scene. Please ensure there is always one audio listener in the scene
There are no audio listeners in the scene. Please ensure there is always one audio listener in the scene
There are no audio listeners in the scene. Please ensure there is always one audio listener in the scene
There are no audio listeners in the scene. Please ensure there is always one audio listener in the scene
There are no audio listeners in the scene. Please ensure there is always one audio listener in the scene
There are no audio listeners in the scene. Please ensure there is always one audio listener in the scene
There are no audio listeners in the scene. Please ensure there is always one audio listener in the scene
There are no audio listeners in the scene. Please ensure there is always one audio listener in the scene
There are no audio listeners in the scene. Please ensure there is always one audio listener in the scene
There are no audio listeners in the scene. Please ensure there is always one audio listener in the scene
There are no audio listeners in the scene. Please ensure there is always one audio listener in the scene
There are no audio listeners in the scene. Please ensure there is always one audio listener in the scene
There are no audio listeners in the scene. Please ensure there is always one audio listener in the scene
There are no audio listeners in the scene. Please ensure there is always one audio listener in the scene
There are no audio listeners in the scene. Please ensure there is always one audio listener in the scene
There are no audio listeners in the scene. Please ensure there is always one audio listener in the scene
There are no audio listeners in the scene. Please ensure there is always one audio listener in the scene
There are no audio listeners in the scene. Please ensure there is always one audio listener in the scene
There are no audio listeners in the scene. Please ensure there is always one audio listener in the scene
There are no audio listeners in the scene. Please ensure there is always one audio listener in the scene
There are no audio listeners in the scene. Please ensure there is always one audio listener in the scene
There are no audio listeners in the scene. Please ensure there is always one audio listener in the scene
There are no audio listeners in the scene. Please ensure there is always one audio listener in the scene
There are no audio listeners in the scene. Please ensure there is always one audio listener in the scene
There are no audio listeners in the scene. Please ensure there is always one audio listener in the scene
There are no audio listeners in the scene. Please ensure there is always one audio listener in the scene
There are no audio listeners in the scene. Please ensure there is always one audio listener in the scene
There are no audio listeners in the scene. Please ensure there is always one audio listener in the scene
There are no audio listeners in the scene. Please ensure there is always one audio listener in the scene
There are no audio listeners in the scene. Please ensure there is always one audio listener in the scene
There are no audio listeners in the scene. Please ensure there is always one audio listener in the scene
There are no audio listeners in the scene. Please ensure there is always one audio listener in the scene
There are no audio listeners in the scene. Please ensure there is always one audio listener in the scene
There are no audio listeners in the scene. Please ensure there is always one audio listener in the scene
There are no audio listeners in the scene. Please ensure there is always one audio listener in the scene
There are no audio listeners in the scene. Please ensure there is always one audio listener in the scene
There are no audio listeners in the scene. Please ensure there is always one audio listener in the scene
There are no audio listeners in the scene. Please ensure there is always one audio listener in the scene
There are no audio listeners in the scene. Please ensure there is always one audio listener in the scene
There are no audio listeners in the scene. Please ensure there is always one audio listener in the scene
There are no audio listeners in the scene. Please ensure there is always one audio listener in the scene
There are no audio listeners in the scene. Please ensure there is always one audio listener in the scene
There are no audio listeners in the scene. Please ensure there is always one audio listener in the scene
There are no audio listeners in the scene. Please ensure there is always one audio listener in the scene
There are no audio listeners in the scene. Please ensure there is always one audio listener in the scene
There are no audio listeners in the scene. Please ensure there is always one audio listener in the scene
There are no audio listeners in the scene. Please ensure there is always one audio listener in the scene
There are no audio listeners in the scene. Please ensure there is always one audio listener in the scene
There are no audio listeners in the scene. Please ensure there is always one audio listener in the scene
There are no audio listeners in the scene. Please ensure there is always one audio listener in the scene
There are no audio listeners in the scene. Please ensure there is always one audio listener in the scene
There are no audio listeners in the scene. Please ensure there is always one audio listener in the scene
There are no audio listeners in the scene. Please ensure there is always one audio listener in the scene
There are no audio listeners in the scene. Please ensure there is always one audio listener in the scene
There are no audio listeners in the scene. Please ensure there is always one audio listener in the scene
There are no audio listeners in the scene. Please ensure there is always one audio listener in the scene
There are no audio listeners in the scene. Please ensure there is always one audio listener in the scene
There are no audio listeners in the scene. Please ensure there is always one audio listener in the scene
There are no audio listeners in the scene. Please ensure there is always one audio listener in the scene
There are no audio listeners in the scene. Please ensure there is always one audio listener in the scene
There are no audio listeners in the scene. Please ensure there is always one audio listener in the scene
There are no audio listeners in the scene. Please ensure there is always one audio listener in the scene
There are no audio listeners in the scene. Please ensure there is always one audio listener in the scene
There are no audio listeners in the scene. Please ensure there is always one audio listener in the scene
There are no audio listeners in the scene. Please ensure there is always one audio listener in the scene
There are no audio listeners in the scene. Please ensure there is always one audio listener in the scene
There are no audio listeners in the scene. Please ensure there is always one audio listener in the scene
There are no audio listeners in the scene. Please ensure there is always one audio listener in the scene
There are no audio listeners in the scene. Please ensure there is always one audio listener in the scene
There are no audio listeners in the scene. Please ensure there is always one audio listener in the scene
There are no audio listeners in the scene. Please ensure there is always one audio listener in the scene
There are no audio listeners in the scene. Please ensure there is always one audio listener in the scene
There are no audio listeners in the scene. Please ensure there is always one audio listener in the scene
There are no audio listeners in the scene. Please ensure there is always one audio listener in the scene
There are no audio listeners in the scene. Please ensure there is always one audio listener in the scene
There are no audio listeners in the scene. Please ensure there is always one audio listener in the scene
There are no audio listeners in the scene. Please ensure there is always one audio listener in the scene
There are no audio listeners in the scene. Please ensure there is always one audio listener in the scene
There are no audio listeners in the scene. Please ensure there is always one audio listener in the scene
There are no audio listeners in the scene. Please ensure there is always one audio listener in the scene
There are no audio listeners in the scene. Please ensure there is always one audio listener in the scene
There are no audio listeners in the scene. Please ensure there is always one audio listener in the scene
There are no audio listeners in the scene. Please ensure there is always one audio listener in the scene
There are no audio listeners in the scene. Please ensure there is always one audio listener in the scene
There are no audio listeners in the scene. Please ensure there is always one audio listener in the scene
There are no audio listeners in the scene. Please ensure there is always one audio listener in the scene
There are no audio listeners in the scene. Please ensure there is always one audio listener in the scene
There are no audio listeners in the scene. Please ensure there is always one audio listener in the scene
There are no audio listeners in the scene. Please ensure there is always one audio listener in the scene
There are no audio listeners in the scene. Please ensure there is always one audio listener in the scene
There are no audio listeners in the scene. Please ensure there is always one audio listener in the scene
There are no audio listeners in the scene. Please ensure there is always one audio listener in the scene
There are no audio listeners in the scene. Please ensure there is always one audio listener in the scene
There are no audio listeners in the scene. Please ensure there is always one audio listener in the scene
There are no audio listeners in the scene. Please ensure there is always one audio listener in the scene
There are no audio listeners in the scene. Please ensure there is always one audio listener in the scene
There are no audio listeners in the scene. Please ensure there is always one audio listener in the scene
There are no audio listeners in the scene. Please ensure there is always one audio listener in the scene
There are no audio listeners in the scene. Please ensure there is always one audio listener in the scene
There are no audio listeners in the scene. Please ensure there is always one audio listener in the scene
There are no audio listeners in the scene. Please ensure there is always one audio listener in the scene
QA result: Passed Game.Tests.PlayMode.VarginhaPlayerPolishTests.DirectionAndMultipleCollidersProduceOnlyOneHit
UnityEngine.Debug:ExtractStackTraceNoAlloc (byte*,int,string)
UnityEngine.StackTraceUtility:ExtractStackTrace ()
UnityEngine.DebugLogHandler:Internal_Log (UnityEngine.LogType,UnityEngine.LogOption,string,UnityEngine.Object)
UnityEngine.DebugLogHandler:LogFormat (UnityEngine.LogType,UnityEngine.Object,string,object[])
UnityEngine.Logger:Log (UnityEngine.LogType,object)
UnityEngine.Debug:Log (object)
Game.Editor.Testing.VarginhaBatchTestProgress:TestFinished (UnityEditor.TestTools.TestRunner.Api.ITestResultAdaptor) (at Assets/Scripts/Editor/Testing/VarginhaBatchTestProgress.cs:26)
UnityEditor.TestTools.TestRunner.Api.CallbacksDelegator/<>c__DisplayClass14_0:<TestFinished>b__0 (UnityEditor.TestTools.TestRunner.Api.ICallbacks) (at ./Library/PackageCache/com.unity.test-framework@7a3849e09bd0/UnityEditor.TestRunner/Api/CallbacksDelegator.cs:95)
UnityEditor.TestTools.TestRunner.Api.CallbacksDelegator:TryInvokeAllCallbacks (System.Action`1<UnityEditor.TestTools.TestRunner.Api.ICallbacks>) (at ./Library/PackageCache/com.unity.test-framework@7a3849e09bd0/UnityEditor.TestRunner/Api/CallbacksDelegator.cs:135)
UnityEditor.TestTools.TestRunner.Api.CallbacksDelegator:TestFinished (NUnit.Framework.Interfaces.ITestResult) (at ./Library/PackageCache/com.unity.test-framework@7a3849e09bd0/UnityEditor.TestRunner/Api/CallbacksDelegator.cs:95)
UnityEngine.Events.InvokableCall`1<NUnit.Framework.Interfaces.ITestResult>:Invoke (NUnit.Framework.Interfaces.ITestResult)
UnityEngine.Events.UnityEvent`1<NUnit.Framework.Interfaces.ITestResult>:Invoke (NUnit.Framework.Interfaces.ITestResult)
UnityEngine.Events.InvokableCall`1<NUnit.Framework.Interfaces.ITestResult>:Invoke (NUnit.Framework.Interfaces.ITestResult)
UnityEngine.Events.UnityEvent`1<NUnit.Framework.Interfaces.ITestResult>:Invoke (NUnit.Framework.Interfaces.ITestResult)
UnityEngine.TestTools.TestRunner.TestListenerWrapper:TestFinished (NUnit.Framework.Interfaces.ITestResult) (at ./Library/PackageCache/com.unity.test-framework@7a3849e09bd0/UnityEngine.TestRunner/TestRunner/TestListenerWrapper.cs:24)
UnityEngine.TestRunner.NUnitExtensions.Runner.UnityWorkItem:WorkItemComplete () (at ./Library/PackageCache/com.unity.test-framework@7a3849e09bd0/UnityEngine.TestRunner/NUnitExtensions/Runner/UnityWorkItem.cs:107)
UnityEngine.TestRunner.NUnitExtensions.Runner.CoroutineTestWorkItem/<PerformWork>d__7:<>m__Finally1 () (at ./Library/PackageCache/com.unity.test-framework@7a3849e09bd0/UnityEngine.TestRunner/NUnitExtensions/Runner/CoroutineTestWorkItem.cs:67)
UnityEngine.TestRunner.NUnitExtensions.Runner.CoroutineTestWorkItem/<PerformWork>d__7:MoveNext () (at ./Library/PackageCache/com.unity.test-framework@7a3849e09bd0/UnityEngine.TestRunner/NUnitExtensions/Runner/CoroutineTestWorkItem.cs:64)
UnityEngine.TestRunner.NUnitExtensions.Runner.CompositeWorkItem/<RunChildren>d__17:MoveNext () (at ./Library/PackageCache/com.unity.test-framework@7a3849e09bd0/UnityEngine.TestRunner/NUnitExtensions/Runner/CompositeWorkItem.cs:209)
UnityEngine.TestRunner.NUnitExtensions.Runner.CompositeWorkItem/<PerformWork>d__13:MoveNext () (at ./Library/PackageCache/com.unity.test-framework@7a3849e09bd0/UnityEngine.TestRunner/NUnitExtensions/Runner/CompositeWorkItem.cs:83)
UnityEngine.TestRunner.NUnitExtensions.Runner.CompositeWorkItem/<RunChildren>d__17:MoveNext () (at ./Library/PackageCache/com.unity.test-framework@7a3849e09bd0/UnityEngine.TestRunner/NUnitExtensions/Runner/CompositeWorkItem.cs:209)
UnityEngine.TestRunner.NUnitExtensions.Runner.CompositeWorkItem/<PerformWork>d__13:MoveNext () (at ./Library/PackageCache/com.unity.test-framework@7a3849e09bd0/UnityEngine.TestRunner/NUnitExtensions/Runner/CompositeWorkItem.cs:83)
UnityEngine.TestRunner.NUnitExtensions.Runner.CompositeWorkItem/<RunChildren>d__17:MoveNext () (at ./Library/PackageCache/com.unity.test-framework@7a3849e09bd0/UnityEngine.TestRunner/NUnitExtensions/Runner/CompositeWorkItem.cs:209)
UnityEngine.TestRunner.NUnitExtensions.Runner.CompositeWorkItem/<PerformWork>d__13:MoveNext () (at ./Library/PackageCache/com.unity.test-framework@7a3849e09bd0/UnityEngine.TestRunner/NUnitExtensions/Runner/CompositeWorkItem.cs:83)
UnityEngine.TestRunner.NUnitExtensions.Runner.CompositeWorkItem/<RunChildren>d__17:MoveNext () (at ./Library/PackageCache/com.unity.test-framework@7a3849e09bd0/UnityEngine.TestRunner/NUnitExtensions/Runner/CompositeWorkItem.cs:209)
UnityEngine.TestRunner.NUnitExtensions.Runner.CompositeWorkItem/<PerformWork>d__13:MoveNext () (at ./Library/PackageCache/com.unity.test-framework@7a3849e09bd0/UnityEngine.TestRunner/NUnitExtensions/Runner/CompositeWorkItem.cs:83)
UnityEngine.TestRunner.NUnitExtensions.Runner.CompositeWorkItem/<RunChildren>d__17:MoveNext () (at ./Library/PackageCache/com.unity.test-framework@7a3849e09bd0/UnityEngine.TestRunner/NUnitExtensions/Runner/CompositeWorkItem.cs:209)
UnityEngine.TestRunner.NUnitExtensions.Runner.CompositeWorkItem/<PerformWork>d__13:MoveNext () (at ./Library/PackageCache/com.unity.test-framework@7a3849e09bd0/UnityEngine.TestRunner/NUnitExtensions/Runner/CompositeWorkItem.cs:83)
UnityEngine.TestRunner.NUnitExtensions.Runner.CompositeWorkItem/<RunChildren>d__17:MoveNext () (at ./Library/PackageCache/com.unity.test-framework@7a3849e09bd0/UnityEngine.TestRunner/NUnitExtensions/Runner/CompositeWorkItem.cs:209)
UnityEngine.TestRunner.NUnitExtensions.Runner.CompositeWorkItem/<PerformWork>d__13:MoveNext () (at ./Library/PackageCache/com.unity.test-framework@7a3849e09bd0/UnityEngine.TestRunner/NUnitExtensions/Runner/CompositeWorkItem.cs:83)
UnityEngine.TestTools.TestRunner.PlaymodeTestsController/<TestRunnerCoroutine>d__25:MoveNext () (at ./Library/PackageCache/com.unity.test-framework@7a3849e09bd0/UnityEngine.TestRunner/TestRunner/PlaymodeTestsController.cs:100)
UnityEngine.SetupCoroutine:InvokeMoveNext (System.Collections.IEnumerator,intptr)

(Filename: Assets/Scripts/Editor/Testing/VarginhaBatchTestProgress.cs Line: 26)

QA test: Game.Tests.PlayMode.VarginhaPlayerPolishTests.DodgeHasBoundedDurationCooldownAndBlocksAttack
UnityEngine.Debug:ExtractStackTraceNoAlloc (byte*,int,string)
UnityEngine.StackTraceUtility:ExtractStackTrace ()
UnityEngine.DebugLogHandler:Internal_Log (UnityEngine.LogType,UnityEngine.LogOption,string,UnityEngine.Object)
UnityEngine.DebugLogHandler:LogFormat (UnityEngine.LogType,UnityEngine.Object,string,object[])
UnityEngine.Logger:Log (UnityEngine.LogType,object)
UnityEngine.Debug:Log (object)
Game.Editor.Testing.VarginhaBatchTestProgress:TestStarted (UnityEditor.TestTools.TestRunner.Api.ITestAdaptor) (at Assets/Scripts/Editor/Testing/VarginhaBatchTestProgress.cs:22)
UnityEditor.TestTools.TestRunner.Api.CallbacksDelegator/<>c__DisplayClass12_0:<TestStarted>b__0 (UnityEditor.TestTools.TestRunner.Api.ICallbacks) (at ./Library/PackageCache/com.unity.test-framework@7a3849e09bd0/UnityEditor.TestRunner/Api/CallbacksDelegator.cs:81)
UnityEditor.TestTools.TestRunner.Api.CallbacksDelegator:TryInvokeAllCallbacks (System.Action`1<UnityEditor.TestTools.TestRunner.Api.ICallbacks>) (at ./Library/PackageCache/com.unity.test-framework@7a3849e09bd0/UnityEditor.TestRunner/Api/CallbacksDelegator.cs:135)
UnityEditor.TestTools.TestRunner.Api.CallbacksDelegator:TestStarted (NUnit.Framework.Interfaces.ITest) (at ./Library/PackageCache/com.unity.test-framework@7a3849e09bd0/UnityEditor.TestRunner/Api/CallbacksDelegator.cs:81)
UnityEngine.Events.InvokableCall`1<NUnit.Framework.Interfaces.ITest>:Invoke (NUnit.Framework.Interfaces.ITest)
UnityEngine.Events.UnityEvent`1<NUnit.Framework.Interfaces.ITest>:Invoke (NUnit.Framework.Interfaces.ITest)
UnityEngine.Events.InvokableCall`1<NUnit.Framework.Interfaces.ITest>:Invoke (NUnit.Framework.Interfaces.ITest)
UnityEngine.Events.UnityEvent`1<NUnit.Framework.Interfaces.ITest>:Invoke (NUnit.Framework.Interfaces.ITest)
UnityEngine.TestTools.TestRunner.TestListenerWrapper:TestStarted (NUnit.Framework.Interfaces.ITest) (at ./Library/PackageCache/com.unity.test-framework@7a3849e09bd0/UnityEngine.TestRunner/TestRunner/TestListenerWrapper.cs:19)
UnityEngine.TestRunner.NUnitExtensions.Runner.UnityWorkItem:Execute () (at ./Library/PackageCache/com.unity.test-framework@7a3849e09bd0/UnityEngine.TestRunner/NUnitExtensions/Runner/UnityWorkItem.cs:83)
UnityEngine.TestRunner.NUnitExtensions.Runner.CompositeWorkItem/<RunChildren>d__17:MoveNext () (at ./Library/PackageCache/com.unity.test-framework@7a3849e09bd0/UnityEngine.TestRunner/NUnitExtensions/Runner/CompositeWorkItem.cs:205)
UnityEngine.TestRunner.NUnitExtensions.Runner.CompositeWorkItem/<PerformWork>d__13:MoveNext () (at ./Library/PackageCache/com.unity.test-framework@7a3849e09bd0/UnityEngine.TestRunner/NUnitExtensions/Runner/CompositeWorkItem.cs:83)
UnityEngine.TestRunner.NUnitExtensions.Runner.CompositeWorkItem/<RunChildren>d__17:MoveNext () (at ./Library/PackageCache/com.unity.test-framework@7a3849e09bd0/UnityEngine.TestRunner/NUnitExtensions/Runner/CompositeWorkItem.cs:209)
UnityEngine.TestRunner.NUnitExtensions.Runner.CompositeWorkItem/<PerformWork>d__13:MoveNext () (at ./Library/PackageCache/com.unity.test-framework@7a3849e09bd0/UnityEngine.TestRunner/NUnitExtensions/Runner/CompositeWorkItem.cs:83)
UnityEngine.TestRunner.NUnitExtensions.Runner.CompositeWorkItem/<RunChildren>d__17:MoveNext () (at ./Library/PackageCache/com.unity.test-framework@7a3849e09bd0/UnityEngine.TestRunner/NUnitExtensions/Runner/CompositeWorkItem.cs:209)
UnityEngine.TestRunner.NUnitExtensions.Runner.CompositeWorkItem/<PerformWork>d__13:MoveNext () (at ./Library/PackageCache/com.unity.test-framework@7a3849e09bd0/UnityEngine.TestRunner/NUnitExtensions/Runner/CompositeWorkItem.cs:83)
UnityEngine.TestRunner.NUnitExtensions.Runner.CompositeWorkItem/<RunChildren>d__17:MoveNext () (at ./Library/PackageCache/com.unity.test-framework@7a3849e09bd0/UnityEngine.TestRunner/NUnitExtensions/Runner/CompositeWorkItem.cs:209)
UnityEngine.TestRunner.NUnitExtensions.Runner.CompositeWorkItem/<PerformWork>d__13:MoveNext () (at ./Library/PackageCache/com.unity.test-framework@7a3849e09bd0/UnityEngine.TestRunner/NUnitExtensions/Runner/CompositeWorkItem.cs:83)
UnityEngine.TestRunner.NUnitExtensions.Runner.CompositeWorkItem/<RunChildren>d__17:MoveNext () (at ./Library/PackageCache/com.unity.test-framework@7a3849e09bd0/UnityEngine.TestRunner/NUnitExtensions/Runner/CompositeWorkItem.cs:209)
UnityEngine.TestRunner.NUnitExtensions.Runner.CompositeWorkItem/<PerformWork>d__13:MoveNext () (at ./Library/PackageCache/com.unity.test-framework@7a3849e09bd0/UnityEngine.TestRunner/NUnitExtensions/Runner/CompositeWorkItem.cs:83)
UnityEngine.TestRunner.NUnitExtensions.Runner.CompositeWorkItem/<RunChildren>d__17:MoveNext () (at ./Library/PackageCache/com.unity.test-framework@7a3849e09bd0/UnityEngine.TestRunner/NUnitExtensions/Runner/CompositeWorkItem.cs:209)
UnityEngine.TestRunner.NUnitExtensions.Runner.CompositeWorkItem/<PerformWork>d__13:MoveNext () (at ./Library/PackageCache/com.unity.test-framework@7a3849e09bd0/UnityEngine.TestRunner/NUnitExtensions/Runner/CompositeWorkItem.cs:83)
UnityEngine.TestTools.TestRunner.PlaymodeTestsController/<TestRunnerCoroutine>d__25:MoveNext () (at ./Library/PackageCache/com.unity.test-framework@7a3849e09bd0/UnityEngine.TestRunner/TestRunner/PlaymodeTestsController.cs:100)
UnityEngine.SetupCoroutine:InvokeMoveNext (System.Collections.IEnumerator,intptr)

(Filename: Assets/Scripts/Editor/Testing/VarginhaBatchTestProgress.cs Line: 22)

QA result: Passed Game.Tests.PlayMode.VarginhaPlayerPolishTests.DodgeHasBoundedDurationCooldownAndBlocksAttack
UnityEngine.Debug:ExtractStackTraceNoAlloc (byte*,int,string)
UnityEngine.StackTraceUtility:ExtractStackTrace ()
UnityEngine.DebugLogHandler:Internal_Log (UnityEngine.LogType,UnityEngine.LogOption,string,UnityEngine.Object)
UnityEngine.DebugLogHandler:LogFormat (UnityEngine.LogType,UnityEngine.Object,string,object[])
UnityEngine.Logger:Log (UnityEngine.LogType,object)
UnityEngine.Debug:Log (object)
Game.Editor.Testing.VarginhaBatchTestProgress:TestFinished (UnityEditor.TestTools.TestRunner.Api.ITestResultAdaptor) (at Assets/Scripts/Editor/Testing/VarginhaBatchTestProgress.cs:26)
UnityEditor.TestTools.TestRunner.Api.CallbacksDelegator/<>c__DisplayClass14_0:<TestFinished>b__0 (UnityEditor.TestTools.TestRunner.Api.ICallbacks) (at ./Library/PackageCache/com.unity.test-framework@7a3849e09bd0/UnityEditor.TestRunner/Api/CallbacksDelegator.cs:95)
UnityEditor.TestTools.TestRunner.Api.CallbacksDelegator:TryInvokeAllCallbacks (System.Action`1<UnityEditor.TestTools.TestRunner.Api.ICallbacks>) (at ./Library/PackageCache/com.unity.test-framework@7a3849e09bd0/UnityEditor.TestRunner/Api/CallbacksDelegator.cs:135)
UnityEditor.TestTools.TestRunner.Api.CallbacksDelegator:TestFinished (NUnit.Framework.Interfaces.ITestResult) (at ./Library/PackageCache/com.unity.test-framework@7a3849e09bd0/UnityEditor.TestRunner/Api/CallbacksDelegator.cs:95)
UnityEngine.Events.InvokableCall`1<NUnit.Framework.Interfaces.ITestResult>:Invoke (NUnit.Framework.Interfaces.ITestResult)
UnityEngine.Events.UnityEvent`1<NUnit.Framework.Interfaces.ITestResult>:Invoke (NUnit.Framework.Interfaces.ITestResult)
UnityEngine.Events.InvokableCall`1<NUnit.Framework.Interfaces.ITestResult>:Invoke (NUnit.Framework.Interfaces.ITestResult)
UnityEngine.Events.UnityEvent`1<NUnit.Framework.Interfaces.ITestResult>:Invoke (NUnit.Framework.Interfaces.ITestResult)
UnityEngine.TestTools.TestRunner.TestListenerWrapper:TestFinished (NUnit.Framework.Interfaces.ITestResult) (at ./Library/PackageCache/com.unity.test-framework@7a3849e09bd0/UnityEngine.TestRunner/TestRunner/TestListenerWrapper.cs:24)
UnityEngine.TestRunner.NUnitExtensions.Runner.UnityWorkItem:WorkItemComplete () (at ./Library/PackageCache/com.unity.test-framework@7a3849e09bd0/UnityEngine.TestRunner/NUnitExtensions/Runner/UnityWorkItem.cs:107)
UnityEngine.TestRunner.NUnitExtensions.Runner.CoroutineTestWorkItem/<PerformWork>d__7:<>m__Finally1 () (at ./Library/PackageCache/com.unity.test-framework@7a3849e09bd0/UnityEngine.TestRunner/NUnitExtensions/Runner/CoroutineTestWorkItem.cs:67)
UnityEngine.TestRunner.NUnitExtensions.Runner.CoroutineTestWorkItem/<PerformWork>d__7:MoveNext () (at ./Library/PackageCache/com.unity.test-framework@7a3849e09bd0/UnityEngine.TestRunner/NUnitExtensions/Runner/CoroutineTestWorkItem.cs:64)
UnityEngine.TestRunner.NUnitExtensions.Runner.CompositeWorkItem/<RunChildren>d__17:MoveNext () (at ./Library/PackageCache/com.unity.test-framework@7a3849e09bd0/UnityEngine.TestRunner/NUnitExtensions/Runner/CompositeWorkItem.cs:209)
UnityEngine.TestRunner.NUnitExtensions.Runner.CompositeWorkItem/<PerformWork>d__13:MoveNext () (at ./Library/PackageCache/com.unity.test-framework@7a3849e09bd0/UnityEngine.TestRunner/NUnitExtensions/Runner/CompositeWorkItem.cs:83)
UnityEngine.TestRunner.NUnitExtensions.Runner.CompositeWorkItem/<RunChildren>d__17:MoveNext () (at ./Library/PackageCache/com.unity.test-framework@7a3849e09bd0/UnityEngine.TestRunner/NUnitExtensions/Runner/CompositeWorkItem.cs:209)
UnityEngine.TestRunner.NUnitExtensions.Runner.CompositeWorkItem/<PerformWork>d__13:MoveNext () (at ./Library/PackageCache/com.unity.test-framework@7a3849e09bd0/UnityEngine.TestRunner/NUnitExtensions/Runner/CompositeWorkItem.cs:83)
UnityEngine.TestRunner.NUnitExtensions.Runner.CompositeWorkItem/<RunChildren>d__17:MoveNext () (at ./Library/PackageCache/com.unity.test-framework@7a3849e09bd0/UnityEngine.TestRunner/NUnitExtensions/Runner/CompositeWorkItem.cs:209)
UnityEngine.TestRunner.NUnitExtensions.Runner.CompositeWorkItem/<PerformWork>d__13:MoveNext () (at ./Library/PackageCache/com.unity.test-framework@7a3849e09bd0/UnityEngine.TestRunner/NUnitExtensions/Runner/CompositeWorkItem.cs:83)
UnityEngine.TestRunner.NUnitExtensions.Runner.CompositeWorkItem/<RunChildren>d__17:MoveNext () (at ./Library/PackageCache/com.unity.test-framework@7a3849e09bd0/UnityEngine.TestRunner/NUnitExtensions/Runner/CompositeWorkItem.cs:209)
UnityEngine.TestRunner.NUnitExtensions.Runner.CompositeWorkItem/<PerformWork>d__13:MoveNext () (at ./Library/PackageCache/com.unity.test-framework@7a3849e09bd0/UnityEngine.TestRunner/NUnitExtensions/Runner/CompositeWorkItem.cs:83)
UnityEngine.TestRunner.NUnitExtensions.Runner.CompositeWorkItem/<RunChildren>d__17:MoveNext () (at ./Library/PackageCache/com.unity.test-framework@7a3849e09bd0/UnityEngine.TestRunner/NUnitExtensions/Runner/CompositeWorkItem.cs:209)
UnityEngine.TestRunner.NUnitExtensions.Runner.CompositeWorkItem/<PerformWork>d__13:MoveNext () (at ./Library/PackageCache/com.unity.test-framework@7a3849e09bd0/UnityEngine.TestRunner/NUnitExtensions/Runner/CompositeWorkItem.cs:83)
UnityEngine.TestRunner.NUnitExtensions.Runner.CompositeWorkItem/<RunChildren>d__17:MoveNext () (at ./Library/PackageCache/com.unity.test-framework@7a3849e09bd0/UnityEngine.TestRunner/NUnitExtensions/Runner/CompositeWorkItem.cs:209)
UnityEngine.TestRunner.NUnitExtensions.Runner.CompositeWorkItem/<PerformWork>d__13:MoveNext () (at ./Library/PackageCache/com.unity.test-framework@7a3849e09bd0/UnityEngine.TestRunner/NUnitExtensions/Runner/CompositeWorkItem.cs:83)
UnityEngine.TestTools.TestRunner.PlaymodeTestsController/<TestRunnerCoroutine>d__25:MoveNext () (at ./Library/PackageCache/com.unity.test-framework@7a3849e09bd0/UnityEngine.TestRunner/TestRunner/PlaymodeTestsController.cs:100)
UnityEngine.SetupCoroutine:InvokeMoveNext (System.Collections.IEnumerator,intptr)

(Filename: Assets/Scripts/Editor/Testing/VarginhaBatchTestProgress.cs Line: 26)

QA test: Game.Tests.PlayMode.VarginhaPlayerPolishTests.MeleeCannotDamageThroughSolidWall
UnityEngine.Debug:ExtractStackTraceNoAlloc (byte*,int,string)
UnityEngine.StackTraceUtility:ExtractStackTrace ()
UnityEngine.DebugLogHandler:Internal_Log (UnityEngine.LogType,UnityEngine.LogOption,string,UnityEngine.Object)
UnityEngine.DebugLogHandler:LogFormat (UnityEngine.LogType,UnityEngine.Object,string,object[])
UnityEngine.Logger:Log (UnityEngine.LogType,object)
UnityEngine.Debug:Log (object)
Game.Editor.Testing.VarginhaBatchTestProgress:TestStarted (UnityEditor.TestTools.TestRunner.Api.ITestAdaptor) (at Assets/Scripts/Editor/Testing/VarginhaBatchTestProgress.cs:22)
UnityEditor.TestTools.TestRunner.Api.CallbacksDelegator/<>c__DisplayClass12_0:<TestStarted>b__0 (UnityEditor.TestTools.TestRunner.Api.ICallbacks) (at ./Library/PackageCache/com.unity.test-framework@7a3849e09bd0/UnityEditor.TestRunner/Api/CallbacksDelegator.cs:81)
UnityEditor.TestTools.TestRunner.Api.CallbacksDelegator:TryInvokeAllCallbacks (System.Action`1<UnityEditor.TestTools.TestRunner.Api.ICallbacks>) (at ./Library/PackageCache/com.unity.test-framework@7a3849e09bd0/UnityEditor.TestRunner/Api/CallbacksDelegator.cs:135)
UnityEditor.TestTools.TestRunner.Api.CallbacksDelegator:TestStarted (NUnit.Framework.Interfaces.ITest) (at ./Library/PackageCache/com.unity.test-framework@7a3849e09bd0/UnityEditor.TestRunner/Api/CallbacksDelegator.cs:81)
UnityEngine.Events.InvokableCall`1<NUnit.Framework.Interfaces.ITest>:Invoke (NUnit.Framework.Interfaces.ITest)
UnityEngine.Events.UnityEvent`1<NUnit.Framework.Interfaces.ITest>:Invoke (NUnit.Framework.Interfaces.ITest)
UnityEngine.Events.InvokableCall`1<NUnit.Framework.Interfaces.ITest>:Invoke (NUnit.Framework.Interfaces.ITest)
UnityEngine.Events.UnityEvent`1<NUnit.Framework.Interfaces.ITest>:Invoke (NUnit.Framework.Interfaces.ITest)
UnityEngine.TestTools.TestRunner.TestListenerWrapper:TestStarted (NUnit.Framework.Interfaces.ITest) (at ./Library/PackageCache/com.unity.test-framework@7a3849e09bd0/UnityEngine.TestRunner/TestRunner/TestListenerWrapper.cs:19)
UnityEngine.TestRunner.NUnitExtensions.Runner.UnityWorkItem:Execute () (at ./Library/PackageCache/com.unity.test-framework@7a3849e09bd0/UnityEngine.TestRunner/NUnitExtensions/Runner/UnityWorkItem.cs:83)
UnityEngine.TestRunner.NUnitExtensions.Runner.CompositeWorkItem/<RunChildren>d__17:MoveNext () (at ./Library/PackageCache/com.unity.test-framework@7a3849e09bd0/UnityEngine.TestRunner/NUnitExtensions/Runner/CompositeWorkItem.cs:205)
UnityEngine.TestRunner.NUnitExtensions.Runner.CompositeWorkItem/<PerformWork>d__13:MoveNext () (at ./Library/PackageCache/com.unity.test-framework@7a3849e09bd0/UnityEngine.TestRunner/NUnitExtensions/Runner/CompositeWorkItem.cs:83)
UnityEngine.TestRunner.NUnitExtensions.Runner.CompositeWorkItem/<RunChildren>d__17:MoveNext () (at ./Library/PackageCache/com.unity.test-framework@7a3849e09bd0/UnityEngine.TestRunner/NUnitExtensions/Runner/CompositeWorkItem.cs:209)
UnityEngine.TestRunner.NUnitExtensions.Runner.CompositeWorkItem/<PerformWork>d__13:MoveNext () (at ./Library/PackageCache/com.unity.test-framework@7a3849e09bd0/UnityEngine.TestRunner/NUnitExtensions/Runner/CompositeWorkItem.cs:83)
UnityEngine.TestRunner.NUnitExtensions.Runner.CompositeWorkItem/<RunChildren>d__17:MoveNext () (at ./Library/PackageCache/com.unity.test-framework@7a3849e09bd0/UnityEngine.TestRunner/NUnitExtensions/Runner/CompositeWorkItem.cs:209)
UnityEngine.TestRunner.NUnitExtensions.Runner.CompositeWorkItem/<PerformWork>d__13:MoveNext () (at ./Library/PackageCache/com.unity.test-framework@7a3849e09bd0/UnityEngine.TestRunner/NUnitExtensions/Runner/CompositeWorkItem.cs:83)
UnityEngine.TestRunner.NUnitExtensions.Runner.CompositeWorkItem/<RunChildren>d__17:MoveNext () (at ./Library/PackageCache/com.unity.test-framework@7a3849e09bd0/UnityEngine.TestRunner/NUnitExtensions/Runner/CompositeWorkItem.cs:209)
UnityEngine.TestRunner.NUnitExtensions.Runner.CompositeWorkItem/<PerformWork>d__13:MoveNext () (at ./Library/PackageCache/com.unity.test-framework@7a3849e09bd0/UnityEngine.TestRunner/NUnitExtensions/Runner/CompositeWorkItem.cs:83)
UnityEngine.TestRunner.NUnitExtensions.Runner.CompositeWorkItem/<RunChildren>d__17:MoveNext () (at ./Library/PackageCache/com.unity.test-framework@7a3849e09bd0/UnityEngine.TestRunner/NUnitExtensions/Runner/CompositeWorkItem.cs:209)
UnityEngine.TestRunner.NUnitExtensions.Runner.CompositeWorkItem/<PerformWork>d__13:MoveNext () (at ./Library/PackageCache/com.unity.test-framework@7a3849e09bd0/UnityEngine.TestRunner/NUnitExtensions/Runner/CompositeWorkItem.cs:83)
UnityEngine.TestRunner.NUnitExtensions.Runner.CompositeWorkItem/<RunChildren>d__17:MoveNext () (at ./Library/PackageCache/com.unity.test-framework@7a3849e09bd0/UnityEngine.TestRunner/NUnitExtensions/Runner/CompositeWorkItem.cs:209)
UnityEngine.TestRunner.NUnitExtensions.Runner.CompositeWorkItem/<PerformWork>d__13:MoveNext () (at ./Library/PackageCache/com.unity.test-framework@7a3849e09bd0/UnityEngine.TestRunner/NUnitExtensions/Runner/CompositeWorkItem.cs:83)
UnityEngine.TestTools.TestRunner.PlaymodeTestsController/<TestRunnerCoroutine>d__25:MoveNext () (at ./Library/PackageCache/com.unity.test-framework@7a3849e09bd0/UnityEngine.TestRunner/TestRunner/PlaymodeTestsController.cs:100)
UnityEngine.SetupCoroutine:InvokeMoveNext (System.Collections.IEnumerator,intptr)

(Filename: Assets/Scripts/Editor/Testing/VarginhaBatchTestProgress.cs Line: 22)

There are no audio listeners in the scene. Please ensure there is always one audio listener in the scene
There are no audio listeners in the scene. Please ensure there is always one audio listener in the scene
There are no audio listeners in the scene. Please ensure there is always one audio listener in the scene
There are no audio listeners in the scene. Please ensure there is always one audio listener in the scene
There are no audio listeners in the scene. Please ensure there is always one audio listener in the scene
There are no audio listeners in the scene. Please ensure there is always one audio listener in the scene
There are no audio listeners in the scene. Please ensure there is always one audio listener in the scene
There are no audio listeners in the scene. Please ensure there is always one audio listener in the scene
There are no audio listeners in the scene. Please ensure there is always one audio listener in the scene
There are no audio listeners in the scene. Please ensure there is always one audio listener in the scene
There are no audio listeners in the scene. Please ensure there is always one audio listener in the scene
There are no audio listeners in the scene. Please ensure there is always one audio listener in the scene
There are no audio listeners in the scene. Please ensure there is always one audio listener in the scene
There are no audio listeners in the scene. Please ensure there is always one audio listener in the scene
There are no audio listeners in the scene. Please ensure there is always one audio listener in the scene
There are no audio listeners in the scene. Please ensure there is always one audio listener in the scene
There are no audio listeners in the scene. Please ensure there is always one audio listener in the scene
There are no audio listeners in the scene. Please ensure there is always one audio listener in the scene
There are no audio listeners in the scene. Please ensure there is always one audio listener in the scene
There are no audio listeners in the scene. Please ensure there is always one audio listener in the scene
There are no audio listeners in the scene. Please ensure there is always one audio listener in the scene
There are no audio listeners in the scene. Please ensure there is always one audio listener in the scene
There are no audio listeners in the scene. Please ensure there is always one audio listener in the scene
There are no audio listeners in the scene. Please ensure there is always one audio listener in the scene
There are no audio listeners in the scene. Please ensure there is always one audio listener in the scene
There are no audio listeners in the scene. Please ensure there is always one audio listener in the scene
There are no audio listeners in the scene. Please ensure there is always one audio listener in the scene
There are no audio listeners in the scene. Please ensure there is always one audio listener in the scene
There are no audio listeners in the scene. Please ensure there is always one audio listener in the scene
There are no audio listeners in the scene. Please ensure there is always one audio listener in the scene
There are no audio listeners in the scene. Please ensure there is always one audio listener in the scene
There are no audio listeners in the scene. Please ensure there is always one audio listener in the scene
There are no audio listeners in the scene. Please ensure there is always one audio listener in the scene
There are no audio listeners in the scene. Please ensure there is always one audio listener in the scene
There are no audio listeners in the scene. Please ensure there is always one audio listener in the scene
There are no audio listeners in the scene. Please ensure there is always one audio listener in the scene
There are no audio listeners in the scene. Please ensure there is always one audio listener in the scene
There are no audio listeners in the scene. Please ensure there is always one audio listener in the scene
There are no audio listeners in the scene. Please ensure there is always one audio listener in the scene
There are no audio listeners in the scene. Please ensure there is always one audio listener in the scene
There are no audio listeners in the scene. Please ensure there is always one audio listener in the scene
There are no audio listeners in the scene. Please ensure there is always one audio listener in the scene
There are no audio listeners in the scene. Please ensure there is always one audio listener in the scene
There are no audio listeners in the scene. Please ensure there is always one audio listener in the scene
There are no audio listeners in the scene. Please ensure there is always one audio listener in the scene
There are no audio listeners in the scene. Please ensure there is always one audio listener in the scene
There are no audio listeners in the scene. Please ensure there is always one audio listener in the scene
There are no audio listeners in the scene. Please ensure there is always one audio listener in the scene
There are no audio listeners in the scene. Please ensure there is always one audio listener in the scene
There are no audio listeners in the scene. Please ensure there is always one audio listener in the scene
There are no audio listeners in the scene. Please ensure there is always one audio listener in the scene
There are no audio listeners in the scene. Please ensure there is always one audio listener in the scene
There are no audio listeners in the scene. Please ensure there is always one audio listener in the scene
There are no audio listeners in the scene. Please ensure there is always one audio listener in the scene
There are no audio listeners in the scene. Please ensure there is always one audio listener in the scene
There are no audio listeners in the scene. Please ensure there is always one audio listener in the scene
There are no audio listeners in the scene. Please ensure there is always one audio listener in the scene
There are no audio listeners in the scene. Please ensure there is always one audio listener in the scene
There are no audio listeners in the scene. Please ensure there is always one audio listener in the scene
There are no audio listeners in the scene. Please ensure there is always one audio listener in the scene
There are no audio listeners in the scene. Please ensure there is always one audio listener in the scene
There are no audio listeners in the scene. Please ensure there is always one audio listener in the scene
There are no audio listeners in the scene. Please ensure there is always one audio listener in the scene
There are no audio listeners in the scene. Please ensure there is always one audio listener in the scene
There are no audio listeners in the scene. Please ensure there is always one audio listener in the scene
There are no audio listeners in the scene. Please ensure there is always one audio listener in the scene
There are no audio listeners in the scene. Please ensure there is always one audio listener in the scene
There are no audio listeners in the scene. Please ensure there is always one audio listener in the scene
There are no audio listeners in the scene. Please ensure there is always one audio listener in the scene
There are no audio listeners in the scene. Please ensure there is always one audio listener in the scene
There are no audio listeners in the scene. Please ensure there is always one audio listener in the scene
There are no audio listeners in the scene. Please ensure there is always one audio listener in the scene
There are no audio listeners in the scene. Please ensure there is always one audio listener in the scene
There are no audio listeners in the scene. Please ensure there is always one audio listener in the scene
There are no audio listeners in the scene. Please ensure there is always one audio listener in the scene
There are no audio listeners in the scene. Please ensure there is always one audio listener in the scene
There are no audio listeners in the scene. Please ensure there is always one audio listener in the scene
There are no audio listeners in the scene. Please ensure there is always one audio listener in the scene
There are no audio listeners in the scene. Please ensure there is always one audio listener in the scene
There are no audio listeners in the scene. Please ensure there is always one audio listener in the scene
There are no audio listeners in the scene. Please ensure there is always one audio listener in the scene
There are no audio listeners in the scene. Please ensure there is always one audio listener in the scene
There are no audio listeners in the scene. Please ensure there is always one audio listener in the scene
There are no audio listeners in the scene. Please ensure there is always one audio listener in the scene
There are no audio listeners in the scene. Please ensure there is always one audio listener in the scene
There are no audio listeners in the scene. Please ensure there is always one audio listener in the scene
There are no audio listeners in the scene. Please ensure there is always one audio listener in the scene
There are no audio listeners in the scene. Please ensure there is always one audio listener in the scene
There are no audio listeners in the scene. Please ensure there is always one audio listener in the scene
There are no audio listeners in the scene. Please ensure there is always one audio listener in the scene
There are no audio listeners in the scene. Please ensure there is always one audio listener in the scene
There are no audio listeners in the scene. Please ensure there is always one audio listener in the scene
There are no audio listeners in the scene. Please ensure there is always one audio listener in the scene
There are no audio listeners in the scene. Please ensure there is always one audio listener in the scene
There are no audio listeners in the scene. Please ensure there is always one audio listener in the scene
There are no audio listeners in the scene. Please ensure there is always one audio listener in the scene
There are no audio listeners in the scene. Please ensure there is always one audio listener in the scene
There are no audio listeners in the scene. Please ensure there is always one audio listener in the scene
There are no audio listeners in the scene. Please ensure there is always one audio listener in the scene
There are no audio listeners in the scene. Please ensure there is always one audio listener in the scene
There are no audio listeners in the scene. Please ensure there is always one audio listener in the scene
There are no audio listeners in the scene. Please ensure there is always one audio listener in the scene
There are no audio listeners in the scene. Please ensure there is always one audio listener in the scene
There are no audio listeners in the scene. Please ensure there is always one audio listener in the scene
There are no audio listeners in the scene. Please ensure there is always one audio listener in the scene
There are no audio listeners in the scene. Please ensure there is always one audio listener in the scene
There are no audio listeners in the scene. Please ensure there is always one audio listener in the scene
There are no audio listeners in the scene. Please ensure there is always one audio listener in the scene
There are no audio listeners in the scene. Please ensure there is always one audio listener in the scene
There are no audio listeners in the scene. Please ensure there is always one audio listener in the scene
There are no audio listeners in the scene. Please ensure there is always one audio listener in the scene
There are no audio listeners in the scene. Please ensure there is always one audio listener in the scene
There are no audio listeners in the scene. Please ensure there is always one audio listener in the scene
There are no audio listeners in the scene. Please ensure there is always one audio listener in the scene
There are no audio listeners in the scene. Please ensure there is always one audio listener in the scene
There are no audio listeners in the scene. Please ensure there is always one audio listener in the scene
There are no audio listeners in the scene. Please ensure there is always one audio listener in the scene
There are no audio listeners in the scene. Please ensure there is always one audio listener in the scene
There are no audio listeners in the scene. Please ensure there is always one audio listener in the scene
There are no audio listeners in the scene. Please ensure there is always one audio listener in the scene
There are no audio listeners in the scene. Please ensure there is always one audio listener in the scene
There are no audio listeners in the scene. Please ensure there is always one audio listener in the scene
There are no audio listeners in the scene. Please ensure there is always one audio listener in the scene
There are no audio listeners in the scene. Please ensure there is always one audio listener in the scene
There are no audio listeners in the scene. Please ensure there is always one audio listener in the scene
There are no audio listeners in the scene. Please ensure there is always one audio listener in the scene
There are no audio listeners in the scene. Please ensure there is always one audio listener in the scene
There are no audio listeners in the scene. Please ensure there is always one audio listener in the scene
There are no audio listeners in the scene. Please ensure there is always one audio listener in the scene
There are no audio listeners in the scene. Please ensure there is always one audio listener in the scene
There are no audio listeners in the scene. Please ensure there is always one audio listener in the scene
There are no audio listeners in the scene. Please ensure there is always one audio listener in the scene
There are no audio listeners in the scene. Please ensure there is always one audio listener in the scene
There are no audio listeners in the scene. Please ensure there is always one audio listener in the scene
There are no audio listeners in the scene. Please ensure there is always one audio listener in the scene
There are no audio listeners in the scene. Please ensure there is always one audio listener in the scene
There are no audio listeners in the scene. Please ensure there is always one audio listener in the scene
There are no audio listeners in the scene. Please ensure there is always one audio listener in the scene
There are no audio listeners in the scene. Please ensure there is always one audio listener in the scene
There are no audio listeners in the scene. Please ensure there is always one audio listener in the scene
There are no audio listeners in the scene. Please ensure there is always one audio listener in the scene
There are no audio listeners in the scene. Please ensure there is always one audio listener in the scene
There are no audio listeners in the scene. Please ensure there is always one audio listener in the scene
There are no audio listeners in the scene. Please ensure there is always one audio listener in the scene
There are no audio listeners in the scene. Please ensure there is always one audio listener in the scene
There are no audio listeners in the scene. Please ensure there is always one audio listener in the scene
There are no audio listeners in the scene. Please ensure there is always one audio listener in the scene
There are no audio listeners in the scene. Please ensure there is always one audio listener in the scene
There are no audio listeners in the scene. Please ensure there is always one audio listener in the scene
There are no audio listeners in the scene. Please ensure there is always one audio listener in the scene
There are no audio listeners in the scene. Please ensure there is always one audio listener in the scene
There are no audio listeners in the scene. Please ensure there is always one audio listener in the scene
There are no audio listeners in the scene. Please ensure there is always one audio listener in the scene
There are no audio listeners in the scene. Please ensure there is always one audio listener in the scene
There are no audio listeners in the scene. Please ensure there is always one audio listener in the scene
There are no audio listeners in the scene. Please ensure there is always one audio listener in the scene
There are no audio listeners in the scene. Please ensure there is always one audio listener in the scene
There are no audio listeners in the scene. Please ensure there is always one audio listener in the scene
There are no audio listeners in the scene. Please ensure there is always one audio listener in the scene
There are no audio listeners in the scene. Please ensure there is always one audio listener in the scene
There are no audio listeners in the scene. Please ensure there is always one audio listener in the scene
There are no audio listeners in the scene. Please ensure there is always one audio listener in the scene
There are no audio listeners in the scene. Please ensure there is always one audio listener in the scene
There are no audio listeners in the scene. Please ensure there is always one audio listener in the scene
There are no audio listeners in the scene. Please ensure there is always one audio listener in the scene
There are no audio listeners in the scene. Please ensure there is always one audio listener in the scene
There are no audio listeners in the scene. Please ensure there is always one audio listener in the scene
There are no audio listeners in the scene. Please ensure there is always one audio listener in the scene
There are no audio listeners in the scene. Please ensure there is always one audio listener in the scene
There are no audio listeners in the scene. Please ensure there is always one audio listener in the scene
There are no audio listeners in the scene. Please ensure there is always one audio listener in the scene
There are no audio listeners in the scene. Please ensure there is always one audio listener in the scene
There are no audio listeners in the scene. Please ensure there is always one audio listener in the scene
There are no audio listeners in the scene. Please ensure there is always one audio listener in the scene
There are no audio listeners in the scene. Please ensure there is always one audio listener in the scene
There are no audio listeners in the scene. Please ensure there is always one audio listener in the scene
There are no audio listeners in the scene. Please ensure there is always one audio listener in the scene
There are no audio listeners in the scene. Please ensure there is always one audio listener in the scene
There are no audio listeners in the scene. Please ensure there is always one audio listener in the scene
There are no audio listeners in the scene. Please ensure there is always one audio listener in the scene
There are no audio listeners in the scene. Please ensure there is always one audio listener in the scene
There are no audio listeners in the scene. Please ensure there is always one audio listener in the scene
There are no audio listeners in the scene. Please ensure there is always one audio listener in the scene
There are no audio listeners in the scene. Please ensure there is always one audio listener in the scene
There are no audio listeners in the scene. Please ensure there is always one audio listener in the scene
There are no audio listeners in the scene. Please ensure there is always one audio listener in the scene
There are no audio listeners in the scene. Please ensure there is always one audio listener in the scene
There are no audio listeners in the scene. Please ensure there is always one audio listener in the scene
There are no audio listeners in the scene. Please ensure there is always one audio listener in the scene
There are no audio listeners in the scene. Please ensure there is always one audio listener in the scene
There are no audio listeners in the scene. Please ensure there is always one audio listener in the scene
There are no audio listeners in the scene. Please ensure there is always one audio listener in the scene
There are no audio listeners in the scene. Please ensure there is always one audio listener in the scene
There are no audio listeners in the scene. Please ensure there is always one audio listener in the scene
There are no audio listeners in the scene. Please ensure there is always one audio listener in the scene
There are no audio listeners in the scene. Please ensure there is always one audio listener in the scene
There are no audio listeners in the scene. Please ensure there is always one audio listener in the scene
There are no audio listeners in the scene. Please ensure there is always one audio listener in the scene
There are no audio listeners in the scene. Please ensure there is always one audio listener in the scene
There are no audio listeners in the scene. Please ensure there is always one audio listener in the scene
There are no audio listeners in the scene. Please ensure there is always one audio listener in the scene
There are no audio listeners in the scene. Please ensure there is always one audio listener in the scene
There are no audio listeners in the scene. Please ensure there is always one audio listener in the scene
There are no audio listeners in the scene. Please ensure there is always one audio listener in the scene
There are no audio listeners in the scene. Please ensure there is always one audio listener in the scene
There are no audio listeners in the scene. Please ensure there is always one audio listener in the scene
There are no audio listeners in the scene. Please ensure there is always one audio listener in the scene
There are no audio listeners in the scene. Please ensure there is always one audio listener in the scene
There are no audio listeners in the scene. Please ensure there is always one audio listener in the scene
There are no audio listeners in the scene. Please ensure there is always one audio listener in the scene
There are no audio listeners in the scene. Please ensure there is always one audio listener in the scene
There are no audio listeners in the scene. Please ensure there is always one audio listener in the scene
There are no audio listeners in the scene. Please ensure there is always one audio listener in the scene
There are no audio listeners in the scene. Please ensure there is always one audio listener in the scene
There are no audio listeners in the scene. Please ensure there is always one audio listener in the scene
There are no audio listeners in the scene. Please ensure there is always one audio listener in the scene
There are no audio listeners in the scene. Please ensure there is always one audio listener in the scene
There are no audio listeners in the scene. Please ensure there is always one audio listener in the scene
There are no audio listeners in the scene. Please ensure there is always one audio listener in the scene
There are no audio listeners in the scene. Please ensure there is always one audio listener in the scene
There are no audio listeners in the scene. Please ensure there is always one audio listener in the scene
There are no audio listeners in the scene. Please ensure there is always one audio listener in the scene
There are no audio listeners in the scene. Please ensure there is always one audio listener in the scene
There are no audio listeners in the scene. Please ensure there is always one audio listener in the scene
There are no audio listeners in the scene. Please ensure there is always one audio listener in the scene
There are no audio listeners in the scene. Please ensure there is always one audio listener in the scene
There are no audio listeners in the scene. Please ensure there is always one audio listener in the scene
There are no audio listeners in the scene. Please ensure there is always one audio listener in the scene
There are no audio listeners in the scene. Please ensure there is always one audio listener in the scene
There are no audio listeners in the scene. Please ensure there is always one audio listener in the scene
There are no audio listeners in the scene. Please ensure there is always one audio listener in the scene
There are no audio listeners in the scene. Please ensure there is always one audio listener in the scene
There are no audio listeners in the scene. Please ensure there is always one audio listener in the scene
There are no audio listeners in the scene. Please ensure there is always one audio listener in the scene
There are no audio listeners in the scene. Please ensure there is always one audio listener in the scene
There are no audio listeners in the scene. Please ensure there is always one audio listener in the scene
There are no audio listeners in the scene. Please ensure there is always one audio listener in the scene
There are no audio listeners in the scene. Please ensure there is always one audio listener in the scene
There are no audio listeners in the scene. Please ensure there is always one audio listener in the scene
There are no audio listeners in the scene. Please ensure there is always one audio listener in the scene
There are no audio listeners in the scene. Please ensure there is always one audio listener in the scene
There are no audio listeners in the scene. Please ensure there is always one audio listener in the scene
There are no audio listeners in the scene. Please ensure there is always one audio listener in the scene
There are no audio listeners in the scene. Please ensure there is always one audio listener in the scene
There are no audio listeners in the scene. Please ensure there is always one audio listener in the scene
There are no audio listeners in the scene. Please ensure there is always one audio listener in the scene
There are no audio listeners in the scene. Please ensure there is always one audio listener in the scene
There are no audio listeners in the scene. Please ensure there is always one audio listener in the scene
There are no audio listeners in the scene. Please ensure there is always one audio listener in the scene
There are no audio listeners in the scene. Please ensure there is always one audio listener in the scene
There are no audio listeners in the scene. Please ensure there is always one audio listener in the scene
There are no audio listeners in the scene. Please ensure there is always one audio listener in the scene
There are no audio listeners in the scene. Please ensure there is always one audio listener in the scene
There are no audio listeners in the scene. Please ensure there is always one audio listener in the scene
There are no audio listeners in the scene. Please ensure there is always one audio listener in the scene
There are no audio listeners in the scene. Please ensure there is always one audio listener in the scene
There are no audio listeners in the scene. Please ensure there is always one audio listener in the scene
There are no audio listeners in the scene. Please ensure there is always one audio listener in the scene
There are no audio listeners in the scene. Please ensure there is always one audio listener in the scene
There are no audio listeners in the scene. Please ensure there is always one audio listener in the scene
There are no audio listeners in the scene. Please ensure there is always one audio listener in the scene
There are no audio listeners in the scene. Please ensure there is always one audio listener in the scene
There are no audio listeners in the scene. Please ensure there is always one audio listener in the scene
There are no audio listeners in the scene. Please ensure there is always one audio listener in the scene
There are no audio listeners in the scene. Please ensure there is always one audio listener in the scene
There are no audio listeners in the scene. Please ensure there is always one audio listener in the scene
There are no audio listeners in the scene. Please ensure there is always one audio listener in the scene
There are no audio listeners in the scene. Please ensure there is always one audio listener in the scene
There are no audio listeners in the scene. Please ensure there is always one audio listener in the scene
There are no audio listeners in the scene. Please ensure there is always one audio listener in the scene
There are no audio listeners in the scene. Please ensure there is always one audio listener in the scene
There are no audio listeners in the scene. Please ensure there is always one audio listener in the scene
There are no audio listeners in the scene. Please ensure there is always one audio listener in the scene
There are no audio listeners in the scene. Please ensure there is always one audio listener in the scene
There are no audio listeners in the scene. Please ensure there is always one audio listener in the scene
There are no audio listeners in the scene. Please ensure there is always one audio listener in the scene
There are no audio listeners in the scene. Please ensure there is always one audio listener in the scene
There are no audio listeners in the scene. Please ensure there is always one audio listener in the scene
There are no audio listeners in the scene. Please ensure there is always one audio listener in the scene
There are no audio listeners in the scene. Please ensure there is always one audio listener in the scene
There are no audio listeners in the scene. Please ensure there is always one audio listener in the scene
There are no audio listeners in the scene. Please ensure there is always one audio listener in the scene
There are no audio listeners in the scene. Please ensure there is always one audio listener in the scene
There are no audio listeners in the scene. Please ensure there is always one audio listener in the scene
There are no audio listeners in the scene. Please ensure there is always one audio listener in the scene
There are no audio listeners in the scene. Please ensure there is always one audio listener in the scene
There are no audio listeners in the scene. Please ensure there is always one audio listener in the scene
There are no audio listeners in the scene. Please ensure there is always one audio listener in the scene
There are no audio listeners in the scene. Please ensure there is always one audio listener in the scene
There are no audio listeners in the scene. Please ensure there is always one audio listener in the scene
There are no audio listeners in the scene. Please ensure there is always one audio listener in the scene
There are no audio listeners in the scene. Please ensure there is always one audio listener in the scene
There are no audio listeners in the scene. Please ensure there is always one audio listener in the scene
There are no audio listeners in the scene. Please ensure there is always one audio listener in the scene
There are no audio listeners in the scene. Please ensure there is always one audio listener in the scene
There are no audio listeners in the scene. Please ensure there is always one audio listener in the scene
There are no audio listeners in the scene. Please ensure there is always one audio listener in the scene
There are no audio listeners in the scene. Please ensure there is always one audio listener in the scene
There are no audio listeners in the scene. Please ensure there is always one audio listener in the scene
There are no audio listeners in the scene. Please ensure there is always one audio listener in the scene
There are no audio listeners in the scene. Please ensure there is always one audio listener in the scene
There are no audio listeners in the scene. Please ensure there is always one audio listener in the scene
There are no audio listeners in the scene. Please ensure there is always one audio listener in the scene
There are no audio listeners in the scene. Please ensure there is always one audio listener in the scene
There are no audio listeners in the scene. Please ensure there is always one audio listener in the scene
There are no audio listeners in the scene. Please ensure there is always one audio listener in the scene
There are no audio listeners in the scene. Please ensure there is always one audio listener in the scene
There are no audio listeners in the scene. Please ensure there is always one audio listener in the scene
There are no audio listeners in the scene. Please ensure there is always one audio listener in the scene
There are no audio listeners in the scene. Please ensure there is always one audio listener in the scene
There are no audio listeners in the scene. Please ensure there is always one audio listener in the scene
There are no audio listeners in the scene. Please ensure there is always one audio listener in the scene
There are no audio listeners in the scene. Please ensure there is always one audio listener in the scene
There are no audio listeners in the scene. Please ensure there is always one audio listener in the scene
There are no audio listeners in the scene. Please ensure there is always one audio listener in the scene
There are no audio listeners in the scene. Please ensure there is always one audio listener in the scene
There are no audio listeners in the scene. Please ensure there is always one audio listener in the scene
There are no audio listeners in the scene. Please ensure there is always one audio listener in the scene
There are no audio listeners in the scene. Please ensure there is always one audio listener in the scene
There are no audio listeners in the scene. Please ensure there is always one audio listener in the scene
There are no audio listeners in the scene. Please ensure there is always one audio listener in the scene
There are no audio listeners in the scene. Please ensure there is always one audio listener in the scene
There are no audio listeners in the scene. Please ensure there is always one audio listener in the scene
There are no audio listeners in the scene. Please ensure there is always one audio listener in the scene
There are no audio listeners in the scene. Please ensure there is always one audio listener in the scene
There are no audio listeners in the scene. Please ensure there is always one audio listener in the scene
There are no audio listeners in the scene. Please ensure there is always one audio listener in the scene
There are no audio listeners in the scene. Please ensure there is always one audio listener in the scene
There are no audio listeners in the scene. Please ensure there is always one audio listener in the scene
There are no audio listeners in the scene. Please ensure there is always one audio listener in the scene
There are no audio listeners in the scene. Please ensure there is always one audio listener in the scene
There are no audio listeners in the scene. Please ensure there is always one audio listener in the scene
There are no audio listeners in the scene. Please ensure there is always one audio listener in the scene
There are no audio listeners in the scene. Please ensure there is always one audio listener in the scene
There are no audio listeners in the scene. Please ensure there is always one audio listener in the scene
There are no audio listeners in the scene. Please ensure there is always one audio listener in the scene
There are no audio listeners in the scene. Please ensure there is always one audio listener in the scene
There are no audio listeners in the scene. Please ensure there is always one audio listener in the scene
There are no audio listeners in the scene. Please ensure there is always one audio listener in the scene
There are no audio listeners in the scene. Please ensure there is always one audio listener in the scene
There are no audio listeners in the scene. Please ensure there is always one audio listener in the scene
There are no audio listeners in the scene. Please ensure there is always one audio listener in the scene
There are no audio listeners in the scene. Please ensure there is always one audio listener in the scene
There are no audio listeners in the scene. Please ensure there is always one audio listener in the scene
There are no audio listeners in the scene. Please ensure there is always one audio listener in the scene
There are no audio listeners in the scene. Please ensure there is always one audio listener in the scene
There are no audio listeners in the scene. Please ensure there is always one audio listener in the scene
There are no audio listeners in the scene. Please ensure there is always one audio listener in the scene
There are no audio listeners in the scene. Please ensure there is always one audio listener in the scene
There are no audio listeners in the scene. Please ensure there is always one audio listener in the scene
QA result: Passed Game.Tests.PlayMode.VarginhaPlayerPolishTests.MeleeCannotDamageThroughSolidWall
UnityEngine.Debug:ExtractStackTraceNoAlloc (byte*,int,string)
UnityEngine.StackTraceUtility:ExtractStackTrace ()
UnityEngine.DebugLogHandler:Internal_Log (UnityEngine.LogType,UnityEngine.LogOption,string,UnityEngine.Object)
UnityEngine.DebugLogHandler:LogFormat (UnityEngine.LogType,UnityEngine.Object,string,object[])
UnityEngine.Logger:Log (UnityEngine.LogType,object)
UnityEngine.Debug:Log (object)
Game.Editor.Testing.VarginhaBatchTestProgress:TestFinished (UnityEditor.TestTools.TestRunner.Api.ITestResultAdaptor) (at Assets/Scripts/Editor/Testing/VarginhaBatchTestProgress.cs:26)
UnityEditor.TestTools.TestRunner.Api.CallbacksDelegator/<>c__DisplayClass14_0:<TestFinished>b__0 (UnityEditor.TestTools.TestRunner.Api.ICallbacks) (at ./Library/PackageCache/com.unity.test-framework@7a3849e09bd0/UnityEditor.TestRunner/Api/CallbacksDelegator.cs:95)
UnityEditor.TestTools.TestRunner.Api.CallbacksDelegator:TryInvokeAllCallbacks (System.Action`1<UnityEditor.TestTools.TestRunner.Api.ICallbacks>) (at ./Library/PackageCache/com.unity.test-framework@7a3849e09bd0/UnityEditor.TestRunner/Api/CallbacksDelegator.cs:135)
UnityEditor.TestTools.TestRunner.Api.CallbacksDelegator:TestFinished (NUnit.Framework.Interfaces.ITestResult) (at ./Library/PackageCache/com.unity.test-framework@7a3849e09bd0/UnityEditor.TestRunner/Api/CallbacksDelegator.cs:95)
UnityEngine.Events.InvokableCall`1<NUnit.Framework.Interfaces.ITestResult>:Invoke (NUnit.Framework.Interfaces.ITestResult)
UnityEngine.Events.UnityEvent`1<NUnit.Framework.Interfaces.ITestResult>:Invoke (NUnit.Framework.Interfaces.ITestResult)
UnityEngine.Events.InvokableCall`1<NUnit.Framework.Interfaces.ITestResult>:Invoke (NUnit.Framework.Interfaces.ITestResult)
UnityEngine.Events.UnityEvent`1<NUnit.Framework.Interfaces.ITestResult>:Invoke (NUnit.Framework.Interfaces.ITestResult)
UnityEngine.TestTools.TestRunner.TestListenerWrapper:TestFinished (NUnit.Framework.Interfaces.ITestResult) (at ./Library/PackageCache/com.unity.test-framework@7a3849e09bd0/UnityEngine.TestRunner/TestRunner/TestListenerWrapper.cs:24)
UnityEngine.TestRunner.NUnitExtensions.Runner.UnityWorkItem:WorkItemComplete () (at ./Library/PackageCache/com.unity.test-framework@7a3849e09bd0/UnityEngine.TestRunner/NUnitExtensions/Runner/UnityWorkItem.cs:107)
UnityEngine.TestRunner.NUnitExtensions.Runner.CoroutineTestWorkItem/<PerformWork>d__7:<>m__Finally1 () (at ./Library/PackageCache/com.unity.test-framework@7a3849e09bd0/UnityEngine.TestRunner/NUnitExtensions/Runner/CoroutineTestWorkItem.cs:67)
UnityEngine.TestRunner.NUnitExtensions.Runner.CoroutineTestWorkItem/<PerformWork>d__7:MoveNext () (at ./Library/PackageCache/com.unity.test-framework@7a3849e09bd0/UnityEngine.TestRunner/NUnitExtensions/Runner/CoroutineTestWorkItem.cs:64)
UnityEngine.TestRunner.NUnitExtensions.Runner.CompositeWorkItem/<RunChildren>d__17:MoveNext () (at ./Library/PackageCache/com.unity.test-framework@7a3849e09bd0/UnityEngine.TestRunner/NUnitExtensions/Runner/CompositeWorkItem.cs:209)
UnityEngine.TestRunner.NUnitExtensions.Runner.CompositeWorkItem/<PerformWork>d__13:MoveNext () (at ./Library/PackageCache/com.unity.test-framework@7a3849e09bd0/UnityEngine.TestRunner/NUnitExtensions/Runner/CompositeWorkItem.cs:83)
UnityEngine.TestRunner.NUnitExtensions.Runner.CompositeWorkItem/<RunChildren>d__17:MoveNext () (at ./Library/PackageCache/com.unity.test-framework@7a3849e09bd0/UnityEngine.TestRunner/NUnitExtensions/Runner/CompositeWorkItem.cs:209)
UnityEngine.TestRunner.NUnitExtensions.Runner.CompositeWorkItem/<PerformWork>d__13:MoveNext () (at ./Library/PackageCache/com.unity.test-framework@7a3849e09bd0/UnityEngine.TestRunner/NUnitExtensions/Runner/CompositeWorkItem.cs:83)
UnityEngine.TestRunner.NUnitExtensions.Runner.CompositeWorkItem/<RunChildren>d__17:MoveNext () (at ./Library/PackageCache/com.unity.test-framework@7a3849e09bd0/UnityEngine.TestRunner/NUnitExtensions/Runner/CompositeWorkItem.cs:209)
UnityEngine.TestRunner.NUnitExtensions.Runner.CompositeWorkItem/<PerformWork>d__13:MoveNext () (at ./Library/PackageCache/com.unity.test-framework@7a3849e09bd0/UnityEngine.TestRunner/NUnitExtensions/Runner/CompositeWorkItem.cs:83)
UnityEngine.TestRunner.NUnitExtensions.Runner.CompositeWorkItem/<RunChildren>d__17:MoveNext () (at ./Library/PackageCache/com.unity.test-framework@7a3849e09bd0/UnityEngine.TestRunner/NUnitExtensions/Runner/CompositeWorkItem.cs:209)
UnityEngine.TestRunner.NUnitExtensions.Runner.CompositeWorkItem/<PerformWork>d__13:MoveNext () (at ./Library/PackageCache/com.unity.test-framework@7a3849e09bd0/UnityEngine.TestRunner/NUnitExtensions/Runner/CompositeWorkItem.cs:83)
UnityEngine.TestRunner.NUnitExtensions.Runner.CompositeWorkItem/<RunChildren>d__17:MoveNext () (at ./Library/PackageCache/com.unity.test-framework@7a3849e09bd0/UnityEngine.TestRunner/NUnitExtensions/Runner/CompositeWorkItem.cs:209)
UnityEngine.TestRunner.NUnitExtensions.Runner.CompositeWorkItem/<PerformWork>d__13:MoveNext () (at ./Library/PackageCache/com.unity.test-framework@7a3849e09bd0/UnityEngine.TestRunner/NUnitExtensions/Runner/CompositeWorkItem.cs:83)
UnityEngine.TestRunner.NUnitExtensions.Runner.CompositeWorkItem/<RunChildren>d__17:MoveNext () (at ./Library/PackageCache/com.unity.test-framework@7a3849e09bd0/UnityEngine.TestRunner/NUnitExtensions/Runner/CompositeWorkItem.cs:209)
UnityEngine.TestRunner.NUnitExtensions.Runner.CompositeWorkItem/<PerformWork>d__13:MoveNext () (at ./Library/PackageCache/com.unity.test-framework@7a3849e09bd0/UnityEngine.TestRunner/NUnitExtensions/Runner/CompositeWorkItem.cs:83)
UnityEngine.TestTools.TestRunner.PlaymodeTestsController/<TestRunnerCoroutine>d__25:MoveNext () (at ./Library/PackageCache/com.unity.test-framework@7a3849e09bd0/UnityEngine.TestRunner/TestRunner/PlaymodeTestsController.cs:100)
UnityEngine.SetupCoroutine:InvokeMoveNext (System.Collections.IEnumerator,intptr)

(Filename: Assets/Scripts/Editor/Testing/VarginhaBatchTestProgress.cs Line: 26)

QA test: Game.Tests.PlayMode.VarginhaPlayerPolishTests.PauseAndDialogueBlockDodgeAndAttack
UnityEngine.Debug:ExtractStackTraceNoAlloc (byte*,int,string)
UnityEngine.StackTraceUtility:ExtractStackTrace ()
UnityEngine.DebugLogHandler:Internal_Log (UnityEngine.LogType,UnityEngine.LogOption,string,UnityEngine.Object)
UnityEngine.DebugLogHandler:LogFormat (UnityEngine.LogType,UnityEngine.Object,string,object[])
UnityEngine.Logger:Log (UnityEngine.LogType,object)
UnityEngine.Debug:Log (object)
Game.Editor.Testing.VarginhaBatchTestProgress:TestStarted (UnityEditor.TestTools.TestRunner.Api.ITestAdaptor) (at Assets/Scripts/Editor/Testing/VarginhaBatchTestProgress.cs:22)
UnityEditor.TestTools.TestRunner.Api.CallbacksDelegator/<>c__DisplayClass12_0:<TestStarted>b__0 (UnityEditor.TestTools.TestRunner.Api.ICallbacks) (at ./Library/PackageCache/com.unity.test-framework@7a3849e09bd0/UnityEditor.TestRunner/Api/CallbacksDelegator.cs:81)
UnityEditor.TestTools.TestRunner.Api.CallbacksDelegator:TryInvokeAllCallbacks (System.Action`1<UnityEditor.TestTools.TestRunner.Api.ICallbacks>) (at ./Library/PackageCache/com.unity.test-framework@7a3849e09bd0/UnityEditor.TestRunner/Api/CallbacksDelegator.cs:135)
UnityEditor.TestTools.TestRunner.Api.CallbacksDelegator:TestStarted (NUnit.Framework.Interfaces.ITest) (at ./Library/PackageCache/com.unity.test-framework@7a3849e09bd0/UnityEditor.TestRunner/Api/CallbacksDelegator.cs:81)
UnityEngine.Events.InvokableCall`1<NUnit.Framework.Interfaces.ITest>:Invoke (NUnit.Framework.Interfaces.ITest)
UnityEngine.Events.UnityEvent`1<NUnit.Framework.Interfaces.ITest>:Invoke (NUnit.Framework.Interfaces.ITest)
UnityEngine.Events.InvokableCall`1<NUnit.Framework.Interfaces.ITest>:Invoke (NUnit.Framework.Interfaces.ITest)
UnityEngine.Events.UnityEvent`1<NUnit.Framework.Interfaces.ITest>:Invoke (NUnit.Framework.Interfaces.ITest)
UnityEngine.TestTools.TestRunner.TestListenerWrapper:TestStarted (NUnit.Framework.Interfaces.ITest) (at ./Library/PackageCache/com.unity.test-framework@7a3849e09bd0/UnityEngine.TestRunner/TestRunner/TestListenerWrapper.cs:19)
UnityEngine.TestRunner.NUnitExtensions.Runner.UnityWorkItem:Execute () (at ./Library/PackageCache/com.unity.test-framework@7a3849e09bd0/UnityEngine.TestRunner/NUnitExtensions/Runner/UnityWorkItem.cs:83)
UnityEngine.TestRunner.NUnitExtensions.Runner.CompositeWorkItem/<RunChildren>d__17:MoveNext () (at ./Library/PackageCache/com.unity.test-framework@7a3849e09bd0/UnityEngine.TestRunner/NUnitExtensions/Runner/CompositeWorkItem.cs:205)
UnityEngine.TestRunner.NUnitExtensions.Runner.CompositeWorkItem/<PerformWork>d__13:MoveNext () (at ./Library/PackageCache/com.unity.test-framework@7a3849e09bd0/UnityEngine.TestRunner/NUnitExtensions/Runner/CompositeWorkItem.cs:83)
UnityEngine.TestRunner.NUnitExtensions.Runner.CompositeWorkItem/<RunChildren>d__17:MoveNext () (at ./Library/PackageCache/com.unity.test-framework@7a3849e09bd0/UnityEngine.TestRunner/NUnitExtensions/Runner/CompositeWorkItem.cs:209)
UnityEngine.TestRunner.NUnitExtensions.Runner.CompositeWorkItem/<PerformWork>d__13:MoveNext () (at ./Library/PackageCache/com.unity.test-framework@7a3849e09bd0/UnityEngine.TestRunner/NUnitExtensions/Runner/CompositeWorkItem.cs:83)
UnityEngine.TestRunner.NUnitExtensions.Runner.CompositeWorkItem/<RunChildren>d__17:MoveNext () (at ./Library/PackageCache/com.unity.test-framework@7a3849e09bd0/UnityEngine.TestRunner/NUnitExtensions/Runner/CompositeWorkItem.cs:209)
UnityEngine.TestRunner.NUnitExtensions.Runner.CompositeWorkItem/<PerformWork>d__13:MoveNext () (at ./Library/PackageCache/com.unity.test-framework@7a3849e09bd0/UnityEngine.TestRunner/NUnitExtensions/Runner/CompositeWorkItem.cs:83)
UnityEngine.TestRunner.NUnitExtensions.Runner.CompositeWorkItem/<RunChildren>d__17:MoveNext () (at ./Library/PackageCache/com.unity.test-framework@7a3849e09bd0/UnityEngine.TestRunner/NUnitExtensions/Runner/CompositeWorkItem.cs:209)
UnityEngine.TestRunner.NUnitExtensions.Runner.CompositeWorkItem/<PerformWork>d__13:MoveNext () (at ./Library/PackageCache/com.unity.test-framework@7a3849e09bd0/UnityEngine.TestRunner/NUnitExtensions/Runner/CompositeWorkItem.cs:83)
UnityEngine.TestRunner.NUnitExtensions.Runner.CompositeWorkItem/<RunChildren>d__17:MoveNext () (at ./Library/PackageCache/com.unity.test-framework@7a3849e09bd0/UnityEngine.TestRunner/NUnitExtensions/Runner/CompositeWorkItem.cs:209)
UnityEngine.TestRunner.NUnitExtensions.Runner.CompositeWorkItem/<PerformWork>d__13:MoveNext () (at ./Library/PackageCache/com.unity.test-framework@7a3849e09bd0/UnityEngine.TestRunner/NUnitExtensions/Runner/CompositeWorkItem.cs:83)
UnityEngine.TestRunner.NUnitExtensions.Runner.CompositeWorkItem/<RunChildren>d__17:MoveNext () (at ./Library/PackageCache/com.unity.test-framework@7a3849e09bd0/UnityEngine.TestRunner/NUnitExtensions/Runner/CompositeWorkItem.cs:209)
UnityEngine.TestRunner.NUnitExtensions.Runner.CompositeWorkItem/<PerformWork>d__13:MoveNext () (at ./Library/PackageCache/com.unity.test-framework@7a3849e09bd0/UnityEngine.TestRunner/NUnitExtensions/Runner/CompositeWorkItem.cs:83)
UnityEngine.TestTools.TestRunner.PlaymodeTestsController/<TestRunnerCoroutine>d__25:MoveNext () (at ./Library/PackageCache/com.unity.test-framework@7a3849e09bd0/UnityEngine.TestRunner/TestRunner/PlaymodeTestsController.cs:100)
UnityEngine.SetupCoroutine:InvokeMoveNext (System.Collections.IEnumerator,intptr)

(Filename: Assets/Scripts/Editor/Testing/VarginhaBatchTestProgress.cs Line: 22)

QA result: Passed Game.Tests.PlayMode.VarginhaPlayerPolishTests.PauseAndDialogueBlockDodgeAndAttack
UnityEngine.Debug:ExtractStackTraceNoAlloc (byte*,int,string)
UnityEngine.StackTraceUtility:ExtractStackTrace ()
UnityEngine.DebugLogHandler:Internal_Log (UnityEngine.LogType,UnityEngine.LogOption,string,UnityEngine.Object)
UnityEngine.DebugLogHandler:LogFormat (UnityEngine.LogType,UnityEngine.Object,string,object[])
UnityEngine.Logger:Log (UnityEngine.LogType,object)
UnityEngine.Debug:Log (object)
Game.Editor.Testing.VarginhaBatchTestProgress:TestFinished (UnityEditor.TestTools.TestRunner.Api.ITestResultAdaptor) (at Assets/Scripts/Editor/Testing/VarginhaBatchTestProgress.cs:26)
UnityEditor.TestTools.TestRunner.Api.CallbacksDelegator/<>c__DisplayClass14_0:<TestFinished>b__0 (UnityEditor.TestTools.TestRunner.Api.ICallbacks) (at ./Library/PackageCache/com.unity.test-framework@7a3849e09bd0/UnityEditor.TestRunner/Api/CallbacksDelegator.cs:95)
UnityEditor.TestTools.TestRunner.Api.CallbacksDelegator:TryInvokeAllCallbacks (System.Action`1<UnityEditor.TestTools.TestRunner.Api.ICallbacks>) (at ./Library/PackageCache/com.unity.test-framework@7a3849e09bd0/UnityEditor.TestRunner/Api/CallbacksDelegator.cs:135)
UnityEditor.TestTools.TestRunner.Api.CallbacksDelegator:TestFinished (NUnit.Framework.Interfaces.ITestResult) (at ./Library/PackageCache/com.unity.test-framework@7a3849e09bd0/UnityEditor.TestRunner/Api/CallbacksDelegator.cs:95)
UnityEngine.Events.InvokableCall`1<NUnit.Framework.Interfaces.ITestResult>:Invoke (NUnit.Framework.Interfaces.ITestResult)
UnityEngine.Events.UnityEvent`1<NUnit.Framework.Interfaces.ITestResult>:Invoke (NUnit.Framework.Interfaces.ITestResult)
UnityEngine.Events.InvokableCall`1<NUnit.Framework.Interfaces.ITestResult>:Invoke (NUnit.Framework.Interfaces.ITestResult)
UnityEngine.Events.UnityEvent`1<NUnit.Framework.Interfaces.ITestResult>:Invoke (NUnit.Framework.Interfaces.ITestResult)
UnityEngine.TestTools.TestRunner.TestListenerWrapper:TestFinished (NUnit.Framework.Interfaces.ITestResult) (at ./Library/PackageCache/com.unity.test-framework@7a3849e09bd0/UnityEngine.TestRunner/TestRunner/TestListenerWrapper.cs:24)
UnityEngine.TestRunner.NUnitExtensions.Runner.UnityWorkItem:WorkItemComplete () (at ./Library/PackageCache/com.unity.test-framework@7a3849e09bd0/UnityEngine.TestRunner/NUnitExtensions/Runner/UnityWorkItem.cs:107)
UnityEngine.TestRunner.NUnitExtensions.Runner.DefaultTestWorkItem/<PerformWork>d__2:<>m__Finally1 () (at ./Library/PackageCache/com.unity.test-framework@7a3849e09bd0/UnityEngine.TestRunner/NUnitExtensions/Runner/DefaultTestWorkItem.cs:98)
UnityEngine.TestRunner.NUnitExtensions.Runner.DefaultTestWorkItem/<PerformWork>d__2:MoveNext () (at ./Library/PackageCache/com.unity.test-framework@7a3849e09bd0/UnityEngine.TestRunner/NUnitExtensions/Runner/DefaultTestWorkItem.cs:95)
UnityEngine.TestRunner.NUnitExtensions.Runner.CompositeWorkItem/<RunChildren>d__17:MoveNext () (at ./Library/PackageCache/com.unity.test-framework@7a3849e09bd0/UnityEngine.TestRunner/NUnitExtensions/Runner/CompositeWorkItem.cs:209)
UnityEngine.TestRunner.NUnitExtensions.Runner.CompositeWorkItem/<PerformWork>d__13:MoveNext () (at ./Library/PackageCache/com.unity.test-framework@7a3849e09bd0/UnityEngine.TestRunner/NUnitExtensions/Runner/CompositeWorkItem.cs:83)
UnityEngine.TestRunner.NUnitExtensions.Runner.CompositeWorkItem/<RunChildren>d__17:MoveNext () (at ./Library/PackageCache/com.unity.test-framework@7a3849e09bd0/UnityEngine.TestRunner/NUnitExtensions/Runner/CompositeWorkItem.cs:209)
UnityEngine.TestRunner.NUnitExtensions.Runner.CompositeWorkItem/<PerformWork>d__13:MoveNext () (at ./Library/PackageCache/com.unity.test-framework@7a3849e09bd0/UnityEngine.TestRunner/NUnitExtensions/Runner/CompositeWorkItem.cs:83)
UnityEngine.TestRunner.NUnitExtensions.Runner.CompositeWorkItem/<RunChildren>d__17:MoveNext () (at ./Library/PackageCache/com.unity.test-framework@7a3849e09bd0/UnityEngine.TestRunner/NUnitExtensions/Runner/CompositeWorkItem.cs:209)
UnityEngine.TestRunner.NUnitExtensions.Runner.CompositeWorkItem/<PerformWork>d__13:MoveNext () (at ./Library/PackageCache/com.unity.test-framework@7a3849e09bd0/UnityEngine.TestRunner/NUnitExtensions/Runner/CompositeWorkItem.cs:83)
UnityEngine.TestRunner.NUnitExtensions.Runner.CompositeWorkItem/<RunChildren>d__17:MoveNext () (at ./Library/PackageCache/com.unity.test-framework@7a3849e09bd0/UnityEngine.TestRunner/NUnitExtensions/Runner/CompositeWorkItem.cs:209)
UnityEngine.TestRunner.NUnitExtensions.Runner.CompositeWorkItem/<PerformWork>d__13:MoveNext () (at ./Library/PackageCache/com.unity.test-framework@7a3849e09bd0/UnityEngine.TestRunner/NUnitExtensions/Runner/CompositeWorkItem.cs:83)
UnityEngine.TestRunner.NUnitExtensions.Runner.CompositeWorkItem/<RunChildren>d__17:MoveNext () (at ./Library/PackageCache/com.unity.test-framework@7a3849e09bd0/UnityEngine.TestRunner/NUnitExtensions/Runner/CompositeWorkItem.cs:209)
UnityEngine.TestRunner.NUnitExtensions.Runner.CompositeWorkItem/<PerformWork>d__13:MoveNext () (at ./Library/PackageCache/com.unity.test-framework@7a3849e09bd0/UnityEngine.TestRunner/NUnitExtensions/Runner/CompositeWorkItem.cs:83)
UnityEngine.TestRunner.NUnitExtensions.Runner.CompositeWorkItem/<RunChildren>d__17:MoveNext () (at ./Library/PackageCache/com.unity.test-framework@7a3849e09bd0/UnityEngine.TestRunner/NUnitExtensions/Runner/CompositeWorkItem.cs:209)
UnityEngine.TestRunner.NUnitExtensions.Runner.CompositeWorkItem/<PerformWork>d__13:MoveNext () (at ./Library/PackageCache/com.unity.test-framework@7a3849e09bd0/UnityEngine.TestRunner/NUnitExtensions/Runner/CompositeWorkItem.cs:83)
UnityEngine.TestTools.TestRunner.PlaymodeTestsController/<TestRunnerCoroutine>d__25:MoveNext () (at ./Library/PackageCache/com.unity.test-framework@7a3849e09bd0/UnityEngine.TestRunner/TestRunner/PlaymodeTestsController.cs:100)
UnityEngine.SetupCoroutine:InvokeMoveNext (System.Collections.IEnumerator,intptr)

(Filename: Assets/Scripts/Editor/Testing/VarginhaBatchTestProgress.cs Line: 26)

QA test: Game.Tests.PlayMode.VarginhaPlayerPolishTests.PausingDuringHitstopDoesNotResumeGame
UnityEngine.Debug:ExtractStackTraceNoAlloc (byte*,int,string)
UnityEngine.StackTraceUtility:ExtractStackTrace ()
UnityEngine.DebugLogHandler:Internal_Log (UnityEngine.LogType,UnityEngine.LogOption,string,UnityEngine.Object)
UnityEngine.DebugLogHandler:LogFormat (UnityEngine.LogType,UnityEngine.Object,string,object[])
UnityEngine.Logger:Log (UnityEngine.LogType,object)
UnityEngine.Debug:Log (object)
Game.Editor.Testing.VarginhaBatchTestProgress:TestStarted (UnityEditor.TestTools.TestRunner.Api.ITestAdaptor) (at Assets/Scripts/Editor/Testing/VarginhaBatchTestProgress.cs:22)
UnityEditor.TestTools.TestRunner.Api.CallbacksDelegator/<>c__DisplayClass12_0:<TestStarted>b__0 (UnityEditor.TestTools.TestRunner.Api.ICallbacks) (at ./Library/PackageCache/com.unity.test-framework@7a3849e09bd0/UnityEditor.TestRunner/Api/CallbacksDelegator.cs:81)
UnityEditor.TestTools.TestRunner.Api.CallbacksDelegator:TryInvokeAllCallbacks (System.Action`1<UnityEditor.TestTools.TestRunner.Api.ICallbacks>) (at ./Library/PackageCache/com.unity.test-framework@7a3849e09bd0/UnityEditor.TestRunner/Api/CallbacksDelegator.cs:135)
UnityEditor.TestTools.TestRunner.Api.CallbacksDelegator:TestStarted (NUnit.Framework.Interfaces.ITest) (at ./Library/PackageCache/com.unity.test-framework@7a3849e09bd0/UnityEditor.TestRunner/Api/CallbacksDelegator.cs:81)
UnityEngine.Events.InvokableCall`1<NUnit.Framework.Interfaces.ITest>:Invoke (NUnit.Framework.Interfaces.ITest)
UnityEngine.Events.UnityEvent`1<NUnit.Framework.Interfaces.ITest>:Invoke (NUnit.Framework.Interfaces.ITest)
UnityEngine.Events.InvokableCall`1<NUnit.Framework.Interfaces.ITest>:Invoke (NUnit.Framework.Interfaces.ITest)
UnityEngine.Events.UnityEvent`1<NUnit.Framework.Interfaces.ITest>:Invoke (NUnit.Framework.Interfaces.ITest)
UnityEngine.TestTools.TestRunner.TestListenerWrapper:TestStarted (NUnit.Framework.Interfaces.ITest) (at ./Library/PackageCache/com.unity.test-framework@7a3849e09bd0/UnityEngine.TestRunner/TestRunner/TestListenerWrapper.cs:19)
UnityEngine.TestRunner.NUnitExtensions.Runner.UnityWorkItem:Execute () (at ./Library/PackageCache/com.unity.test-framework@7a3849e09bd0/UnityEngine.TestRunner/NUnitExtensions/Runner/UnityWorkItem.cs:83)
UnityEngine.TestRunner.NUnitExtensions.Runner.CompositeWorkItem/<RunChildren>d__17:MoveNext () (at ./Library/PackageCache/com.unity.test-framework@7a3849e09bd0/UnityEngine.TestRunner/NUnitExtensions/Runner/CompositeWorkItem.cs:205)
UnityEngine.TestRunner.NUnitExtensions.Runner.CompositeWorkItem/<PerformWork>d__13:MoveNext () (at ./Library/PackageCache/com.unity.test-framework@7a3849e09bd0/UnityEngine.TestRunner/NUnitExtensions/Runner/CompositeWorkItem.cs:83)
UnityEngine.TestRunner.NUnitExtensions.Runner.CompositeWorkItem/<RunChildren>d__17:MoveNext () (at ./Library/PackageCache/com.unity.test-framework@7a3849e09bd0/UnityEngine.TestRunner/NUnitExtensions/Runner/CompositeWorkItem.cs:209)
UnityEngine.TestRunner.NUnitExtensions.Runner.CompositeWorkItem/<PerformWork>d__13:MoveNext () (at ./Library/PackageCache/com.unity.test-framework@7a3849e09bd0/UnityEngine.TestRunner/NUnitExtensions/Runner/CompositeWorkItem.cs:83)
UnityEngine.TestRunner.NUnitExtensions.Runner.CompositeWorkItem/<RunChildren>d__17:MoveNext () (at ./Library/PackageCache/com.unity.test-framework@7a3849e09bd0/UnityEngine.TestRunner/NUnitExtensions/Runner/CompositeWorkItem.cs:209)
UnityEngine.TestRunner.NUnitExtensions.Runner.CompositeWorkItem/<PerformWork>d__13:MoveNext () (at ./Library/PackageCache/com.unity.test-framework@7a3849e09bd0/UnityEngine.TestRunner/NUnitExtensions/Runner/CompositeWorkItem.cs:83)
UnityEngine.TestRunner.NUnitExtensions.Runner.CompositeWorkItem/<RunChildren>d__17:MoveNext () (at ./Library/PackageCache/com.unity.test-framework@7a3849e09bd0/UnityEngine.TestRunner/NUnitExtensions/Runner/CompositeWorkItem.cs:209)
UnityEngine.TestRunner.NUnitExtensions.Runner.CompositeWorkItem/<PerformWork>d__13:MoveNext () (at ./Library/PackageCache/com.unity.test-framework@7a3849e09bd0/UnityEngine.TestRunner/NUnitExtensions/Runner/CompositeWorkItem.cs:83)
UnityEngine.TestRunner.NUnitExtensions.Runner.CompositeWorkItem/<RunChildren>d__17:MoveNext () (at ./Library/PackageCache/com.unity.test-framework@7a3849e09bd0/UnityEngine.TestRunner/NUnitExtensions/Runner/CompositeWorkItem.cs:209)
UnityEngine.TestRunner.NUnitExtensions.Runner.CompositeWorkItem/<PerformWork>d__13:MoveNext () (at ./Library/PackageCache/com.unity.test-framework@7a3849e09bd0/UnityEngine.TestRunner/NUnitExtensions/Runner/CompositeWorkItem.cs:83)
UnityEngine.TestRunner.NUnitExtensions.Runner.CompositeWorkItem/<RunChildren>d__17:MoveNext () (at ./Library/PackageCache/com.unity.test-framework@7a3849e09bd0/UnityEngine.TestRunner/NUnitExtensions/Runner/CompositeWorkItem.cs:209)
UnityEngine.TestRunner.NUnitExtensions.Runner.CompositeWorkItem/<PerformWork>d__13:MoveNext () (at ./Library/PackageCache/com.unity.test-framework@7a3849e09bd0/UnityEngine.TestRunner/NUnitExtensions/Runner/CompositeWorkItem.cs:83)
UnityEngine.TestTools.TestRunner.PlaymodeTestsController/<TestRunnerCoroutine>d__25:MoveNext () (at ./Library/PackageCache/com.unity.test-framework@7a3849e09bd0/UnityEngine.TestRunner/TestRunner/PlaymodeTestsController.cs:100)
UnityEngine.SetupCoroutine:InvokeMoveNext (System.Collections.IEnumerator,intptr)

(Filename: Assets/Scripts/Editor/Testing/VarginhaBatchTestProgress.cs Line: 22)

There are no audio listeners in the scene. Please ensure there is always one audio listener in the scene
There are no audio listeners in the scene. Please ensure there is always one audio listener in the scene
There are no audio listeners in the scene. Please ensure there is always one audio listener in the scene
There are no audio listeners in the scene. Please ensure there is always one audio listener in the scene
There are no audio listeners in the scene. Please ensure there is always one audio listener in the scene
There are no audio listeners in the scene. Please ensure there is always one audio listener in the scene
There are no audio listeners in the scene. Please ensure there is always one audio listener in the scene
There are no audio listeners in the scene. Please ensure there is always one audio listener in the scene
There are no audio listeners in the scene. Please ensure there is always one audio listener in the scene
There are no audio listeners in the scene. Please ensure there is always one audio listener in the scene
There are no audio listeners in the scene. Please ensure there is always one audio listener in the scene
There are no audio listeners in the scene. Please ensure there is always one audio listener in the scene
There are no audio listeners in the scene. Please ensure there is always one audio listener in the scene
There are no audio listeners in the scene. Please ensure there is always one audio listener in the scene
There are no audio listeners in the scene. Please ensure there is always one audio listener in the scene
There are no audio listeners in the scene. Please ensure there is always one audio listener in the scene
There are no audio listeners in the scene. Please ensure there is always one audio listener in the scene
There are no audio listeners in the scene. Please ensure there is always one audio listener in the scene
There are no audio listeners in the scene. Please ensure there is always one audio listener in the scene
There are no audio listeners in the scene. Please ensure there is always one audio listener in the scene
There are no audio listeners in the scene. Please ensure there is always one audio listener in the scene
There are no audio listeners in the scene. Please ensure there is always one audio listener in the scene
There are no audio listeners in the scene. Please ensure there is always one audio listener in the scene
There are no audio listeners in the scene. Please ensure there is always one audio listener in the scene
There are no audio listeners in the scene. Please ensure there is always one audio listener in the scene
There are no audio listeners in the scene. Please ensure there is always one audio listener in the scene
There are no audio listeners in the scene. Please ensure there is always one audio listener in the scene
There are no audio listeners in the scene. Please ensure there is always one audio listener in the scene
There are no audio listeners in the scene. Please ensure there is always one audio listener in the scene
There are no audio listeners in the scene. Please ensure there is always one audio listener in the scene
There are no audio listeners in the scene. Please ensure there is always one audio listener in the scene
There are no audio listeners in the scene. Please ensure there is always one audio listener in the scene
There are no audio listeners in the scene. Please ensure there is always one audio listener in the scene
There are no audio listeners in the scene. Please ensure there is always one audio listener in the scene
There are no audio listeners in the scene. Please ensure there is always one audio listener in the scene
There are no audio listeners in the scene. Please ensure there is always one audio listener in the scene
There are no audio listeners in the scene. Please ensure there is always one audio listener in the scene
There are no audio listeners in the scene. Please ensure there is always one audio listener in the scene
There are no audio listeners in the scene. Please ensure there is always one audio listener in the scene
There are no audio listeners in the scene. Please ensure there is always one audio listener in the scene
There are no audio listeners in the scene. Please ensure there is always one audio listener in the scene
There are no audio listeners in the scene. Please ensure there is always one audio listener in the scene
There are no audio listeners in the scene. Please ensure there is always one audio listener in the scene
There are no audio listeners in the scene. Please ensure there is always one audio listener in the scene
There are no audio listeners in the scene. Please ensure there is always one audio listener in the scene
There are no audio listeners in the scene. Please ensure there is always one audio listener in the scene
There are no audio listeners in the scene. Please ensure there is always one audio listener in the scene
There are no audio listeners in the scene. Please ensure there is always one audio listener in the scene
There are no audio listeners in the scene. Please ensure there is always one audio listener in the scene
There are no audio listeners in the scene. Please ensure there is always one audio listener in the scene
There are no audio listeners in the scene. Please ensure there is always one audio listener in the scene
There are no audio listeners in the scene. Please ensure there is always one audio listener in the scene
There are no audio listeners in the scene. Please ensure there is always one audio listener in the scene
There are no audio listeners in the scene. Please ensure there is always one audio listener in the scene
There are no audio listeners in the scene. Please ensure there is always one audio listener in the scene
There are no audio listeners in the scene. Please ensure there is always one audio listener in the scene
There are no audio listeners in the scene. Please ensure there is always one audio listener in the scene
There are no audio listeners in the scene. Please ensure there is always one audio listener in the scene
There are no audio listeners in the scene. Please ensure there is always one audio listener in the scene
There are no audio listeners in the scene. Please ensure there is always one audio listener in the scene
There are no audio listeners in the scene. Please ensure there is always one audio listener in the scene
There are no audio listeners in the scene. Please ensure there is always one audio listener in the scene
There are no audio listeners in the scene. Please ensure there is always one audio listener in the scene
There are no audio listeners in the scene. Please ensure there is always one audio listener in the scene
There are no audio listeners in the scene. Please ensure there is always one audio listener in the scene
There are no audio listeners in the scene. Please ensure there is always one audio listener in the scene
There are no audio listeners in the scene. Please ensure there is always one audio listener in the scene
There are no audio listeners in the scene. Please ensure there is always one audio listener in the scene
There are no audio listeners in the scene. Please ensure there is always one audio listener in the scene
There are no audio listeners in the scene. Please ensure there is always one audio listener in the scene
There are no audio listeners in the scene. Please ensure there is always one audio listener in the scene
There are no audio listeners in the scene. Please ensure there is always one audio listener in the scene
There are no audio listeners in the scene. Please ensure there is always one audio listener in the scene
There are no audio listeners in the scene. Please ensure there is always one audio listener in the scene
There are no audio listeners in the scene. Please ensure there is always one audio listener in the scene
There are no audio listeners in the scene. Please ensure there is always one audio listener in the scene
There are no audio listeners in the scene. Please ensure there is always one audio listener in the scene
There are no audio listeners in the scene. Please ensure there is always one audio listener in the scene
There are no audio listeners in the scene. Please ensure there is always one audio listener in the scene
There are no audio listeners in the scene. Please ensure there is always one audio listener in the scene
There are no audio listeners in the scene. Please ensure there is always one audio listener in the scene
There are no audio listeners in the scene. Please ensure there is always one audio listener in the scene
There are no audio listeners in the scene. Please ensure there is always one audio listener in the scene
There are no audio listeners in the scene. Please ensure there is always one audio listener in the scene
There are no audio listeners in the scene. Please ensure there is always one audio listener in the scene
There are no audio listeners in the scene. Please ensure there is always one audio listener in the scene
There are no audio listeners in the scene. Please ensure there is always one audio listener in the scene
There are no audio listeners in the scene. Please ensure there is always one audio listener in the scene
There are no audio listeners in the scene. Please ensure there is always one audio listener in the scene
There are no audio listeners in the scene. Please ensure there is always one audio listener in the scene
There are no audio listeners in the scene. Please ensure there is always one audio listener in the scene
There are no audio listeners in the scene. Please ensure there is always one audio listener in the scene
There are no audio listeners in the scene. Please ensure there is always one audio listener in the scene
There are no audio listeners in the scene. Please ensure there is always one audio listener in the scene
There are no audio listeners in the scene. Please ensure there is always one audio listener in the scene
There are no audio listeners in the scene. Please ensure there is always one audio listener in the scene
There are no audio listeners in the scene. Please ensure there is always one audio listener in the scene
There are no audio listeners in the scene. Please ensure there is always one audio listener in the scene
There are no audio listeners in the scene. Please ensure there is always one audio listener in the scene
There are no audio listeners in the scene. Please ensure there is always one audio listener in the scene
There are no audio listeners in the scene. Please ensure there is always one audio listener in the scene
There are no audio listeners in the scene. Please ensure there is always one audio listener in the scene
There are no audio listeners in the scene. Please ensure there is always one audio listener in the scene
There are no audio listeners in the scene. Please ensure there is always one audio listener in the scene
There are no audio listeners in the scene. Please ensure there is always one audio listener in the scene
There are no audio listeners in the scene. Please ensure there is always one audio listener in the scene
There are no audio listeners in the scene. Please ensure there is always one audio listener in the scene
There are no audio listeners in the scene. Please ensure there is always one audio listener in the scene
There are no audio listeners in the scene. Please ensure there is always one audio listener in the scene
There are no audio listeners in the scene. Please ensure there is always one audio listener in the scene
There are no audio listeners in the scene. Please ensure there is always one audio listener in the scene
There are no audio listeners in the scene. Please ensure there is always one audio listener in the scene
There are no audio listeners in the scene. Please ensure there is always one audio listener in the scene
There are no audio listeners in the scene. Please ensure there is always one audio listener in the scene
There are no audio listeners in the scene. Please ensure there is always one audio listener in the scene
There are no audio listeners in the scene. Please ensure there is always one audio listener in the scene
There are no audio listeners in the scene. Please ensure there is always one audio listener in the scene
There are no audio listeners in the scene. Please ensure there is always one audio listener in the scene
There are no audio listeners in the scene. Please ensure there is always one audio listener in the scene
There are no audio listeners in the scene. Please ensure there is always one audio listener in the scene
There are no audio listeners in the scene. Please ensure there is always one audio listener in the scene
There are no audio listeners in the scene. Please ensure there is always one audio listener in the scene
There are no audio listeners in the scene. Please ensure there is always one audio listener in the scene
There are no audio listeners in the scene. Please ensure there is always one audio listener in the scene
There are no audio listeners in the scene. Please ensure there is always one audio listener in the scene
There are no audio listeners in the scene. Please ensure there is always one audio listener in the scene
There are no audio listeners in the scene. Please ensure there is always one audio listener in the scene
There are no audio listeners in the scene. Please ensure there is always one audio listener in the scene
There are no audio listeners in the scene. Please ensure there is always one audio listener in the scene
There are no audio listeners in the scene. Please ensure there is always one audio listener in the scene
There are no audio listeners in the scene. Please ensure there is always one audio listener in the scene
There are no audio listeners in the scene. Please ensure there is always one audio listener in the scene
There are no audio listeners in the scene. Please ensure there is always one audio listener in the scene
There are no audio listeners in the scene. Please ensure there is always one audio listener in the scene
There are no audio listeners in the scene. Please ensure there is always one audio listener in the scene
There are no audio listeners in the scene. Please ensure there is always one audio listener in the scene
There are no audio listeners in the scene. Please ensure there is always one audio listener in the scene
There are no audio listeners in the scene. Please ensure there is always one audio listener in the scene
There are no audio listeners in the scene. Please ensure there is always one audio listener in the scene
There are no audio listeners in the scene. Please ensure there is always one audio listener in the scene
There are no audio listeners in the scene. Please ensure there is always one audio listener in the scene
There are no audio listeners in the scene. Please ensure there is always one audio listener in the scene
There are no audio listeners in the scene. Please ensure there is always one audio listener in the scene
There are no audio listeners in the scene. Please ensure there is always one audio listener in the scene
There are no audio listeners in the scene. Please ensure there is always one audio listener in the scene
There are no audio listeners in the scene. Please ensure there is always one audio listener in the scene
There are no audio listeners in the scene. Please ensure there is always one audio listener in the scene
There are no audio listeners in the scene. Please ensure there is always one audio listener in the scene
There are no audio listeners in the scene. Please ensure there is always one audio listener in the scene
There are no audio listeners in the scene. Please ensure there is always one audio listener in the scene
There are no audio listeners in the scene. Please ensure there is always one audio listener in the scene
There are no audio listeners in the scene. Please ensure there is always one audio listener in the scene
There are no audio listeners in the scene. Please ensure there is always one audio listener in the scene
There are no audio listeners in the scene. Please ensure there is always one audio listener in the scene
There are no audio listeners in the scene. Please ensure there is always one audio listener in the scene
There are no audio listeners in the scene. Please ensure there is always one audio listener in the scene
There are no audio listeners in the scene. Please ensure there is always one audio listener in the scene
There are no audio listeners in the scene. Please ensure there is always one audio listener in the scene
There are no audio listeners in the scene. Please ensure there is always one audio listener in the scene
There are no audio listeners in the scene. Please ensure there is always one audio listener in the scene
There are no audio listeners in the scene. Please ensure there is always one audio listener in the scene
There are no audio listeners in the scene. Please ensure there is always one audio listener in the scene
There are no audio listeners in the scene. Please ensure there is always one audio listener in the scene
There are no audio listeners in the scene. Please ensure there is always one audio listener in the scene
There are no audio listeners in the scene. Please ensure there is always one audio listener in the scene
There are no audio listeners in the scene. Please ensure there is always one audio listener in the scene
There are no audio listeners in the scene. Please ensure there is always one audio listener in the scene
There are no audio listeners in the scene. Please ensure there is always one audio listener in the scene
There are no audio listeners in the scene. Please ensure there is always one audio listener in the scene
There are no audio listeners in the scene. Please ensure there is always one audio listener in the scene
There are no audio listeners in the scene. Please ensure there is always one audio listener in the scene
There are no audio listeners in the scene. Please ensure there is always one audio listener in the scene
There are no audio listeners in the scene. Please ensure there is always one audio listener in the scene
There are no audio listeners in the scene. Please ensure there is always one audio listener in the scene
There are no audio listeners in the scene. Please ensure there is always one audio listener in the scene
There are no audio listeners in the scene. Please ensure there is always one audio listener in the scene
There are no audio listeners in the scene. Please ensure there is always one audio listener in the scene
There are no audio listeners in the scene. Please ensure there is always one audio listener in the scene
There are no audio listeners in the scene. Please ensure there is always one audio listener in the scene
There are no audio listeners in the scene. Please ensure there is always one audio listener in the scene
There are no audio listeners in the scene. Please ensure there is always one audio listener in the scene
There are no audio listeners in the scene. Please ensure there is always one audio listener in the scene
There are no audio listeners in the scene. Please ensure there is always one audio listener in the scene
There are no audio listeners in the scene. Please ensure there is always one audio listener in the scene
There are no audio listeners in the scene. Please ensure there is always one audio listener in the scene
There are no audio listeners in the scene. Please ensure there is always one audio listener in the scene
There are no audio listeners in the scene. Please ensure there is always one audio listener in the scene
There are no audio listeners in the scene. Please ensure there is always one audio listener in the scene
There are no audio listeners in the scene. Please ensure there is always one audio listener in the scene
There are no audio listeners in the scene. Please ensure there is always one audio listener in the scene
There are no audio listeners in the scene. Please ensure there is always one audio listener in the scene
There are no audio listeners in the scene. Please ensure there is always one audio listener in the scene
There are no audio listeners in the scene. Please ensure there is always one audio listener in the scene
There are no audio listeners in the scene. Please ensure there is always one audio listener in the scene
There are no audio listeners in the scene. Please ensure there is always one audio listener in the scene
There are no audio listeners in the scene. Please ensure there is always one audio listener in the scene
There are no audio listeners in the scene. Please ensure there is always one audio listener in the scene
There are no audio listeners in the scene. Please ensure there is always one audio listener in the scene
There are no audio listeners in the scene. Please ensure there is always one audio listener in the scene
There are no audio listeners in the scene. Please ensure there is always one audio listener in the scene
There are no audio listeners in the scene. Please ensure there is always one audio listener in the scene
There are no audio listeners in the scene. Please ensure there is always one audio listener in the scene
There are no audio listeners in the scene. Please ensure there is always one audio listener in the scene
There are no audio listeners in the scene. Please ensure there is always one audio listener in the scene
There are no audio listeners in the scene. Please ensure there is always one audio listener in the scene
There are no audio listeners in the scene. Please ensure there is always one audio listener in the scene
There are no audio listeners in the scene. Please ensure there is always one audio listener in the scene
There are no audio listeners in the scene. Please ensure there is always one audio listener in the scene
There are no audio listeners in the scene. Please ensure there is always one audio listener in the scene
There are no audio listeners in the scene. Please ensure there is always one audio listener in the scene
There are no audio listeners in the scene. Please ensure there is always one audio listener in the scene
There are no audio listeners in the scene. Please ensure there is always one audio listener in the scene
There are no audio listeners in the scene. Please ensure there is always one audio listener in the scene
There are no audio listeners in the scene. Please ensure there is always one audio listener in the scene
There are no audio listeners in the scene. Please ensure there is always one audio listener in the scene
There are no audio listeners in the scene. Please ensure there is always one audio listener in the scene
There are no audio listeners in the scene. Please ensure there is always one audio listener in the scene
There are no audio listeners in the scene. Please ensure there is always one audio listener in the scene
There are no audio listeners in the scene. Please ensure there is always one audio listener in the scene
There are no audio listeners in the scene. Please ensure there is always one audio listener in the scene
There are no audio listeners in the scene. Please ensure there is always one audio listener in the scene
There are no audio listeners in the scene. Please ensure there is always one audio listener in the scene
There are no audio listeners in the scene. Please ensure there is always one audio listener in the scene
There are no audio listeners in the scene. Please ensure there is always one audio listener in the scene
There are no audio listeners in the scene. Please ensure there is always one audio listener in the scene
There are no audio listeners in the scene. Please ensure there is always one audio listener in the scene
There are no audio listeners in the scene. Please ensure there is always one audio listener in the scene
There are no audio listeners in the scene. Please ensure there is always one audio listener in the scene
There are no audio listeners in the scene. Please ensure there is always one audio listener in the scene
There are no audio listeners in the scene. Please ensure there is always one audio listener in the scene
There are no audio listeners in the scene. Please ensure there is always one audio listener in the scene
There are no audio listeners in the scene. Please ensure there is always one audio listener in the scene
There are no audio listeners in the scene. Please ensure there is always one audio listener in the scene
There are no audio listeners in the scene. Please ensure there is always one audio listener in the scene
There are no audio listeners in the scene. Please ensure there is always one audio listener in the scene
There are no audio listeners in the scene. Please ensure there is always one audio listener in the scene
There are no audio listeners in the scene. Please ensure there is always one audio listener in the scene
There are no audio listeners in the scene. Please ensure there is always one audio listener in the scene
There are no audio listeners in the scene. Please ensure there is always one audio listener in the scene
There are no audio listeners in the scene. Please ensure there is always one audio listener in the scene
There are no audio listeners in the scene. Please ensure there is always one audio listener in the scene
There are no audio listeners in the scene. Please ensure there is always one audio listener in the scene
There are no audio listeners in the scene. Please ensure there is always one audio listener in the scene
There are no audio listeners in the scene. Please ensure there is always one audio listener in the scene
There are no audio listeners in the scene. Please ensure there is always one audio listener in the scene
There are no audio listeners in the scene. Please ensure there is always one audio listener in the scene
There are no audio listeners in the scene. Please ensure there is always one audio listener in the scene
There are no audio listeners in the scene. Please ensure there is always one audio listener in the scene
There are no audio listeners in the scene. Please ensure there is always one audio listener in the scene
There are no audio listeners in the scene. Please ensure there is always one audio listener in the scene
There are no audio listeners in the scene. Please ensure there is always one audio listener in the scene
There are no audio listeners in the scene. Please ensure there is always one audio listener in the scene
There are no audio listeners in the scene. Please ensure there is always one audio listener in the scene
There are no audio listeners in the scene. Please ensure there is always one audio listener in the scene
There are no audio listeners in the scene. Please ensure there is always one audio listener in the scene
There are no audio listeners in the scene. Please ensure there is always one audio listener in the scene
There are no audio listeners in the scene. Please ensure there is always one audio listener in the scene
There are no audio listeners in the scene. Please ensure there is always one audio listener in the scene
There are no audio listeners in the scene. Please ensure there is always one audio listener in the scene
There are no audio listeners in the scene. Please ensure there is always one audio listener in the scene
There are no audio listeners in the scene. Please ensure there is always one audio listener in the scene
There are no audio listeners in the scene. Please ensure there is always one audio listener in the scene
There are no audio listeners in the scene. Please ensure there is always one audio listener in the scene
There are no audio listeners in the scene. Please ensure there is always one audio listener in the scene
There are no audio listeners in the scene. Please ensure there is always one audio listener in the scene
There are no audio listeners in the scene. Please ensure there is always one audio listener in the scene
There are no audio listeners in the scene. Please ensure there is always one audio listener in the scene
There are no audio listeners in the scene. Please ensure there is always one audio listener in the scene
There are no audio listeners in the scene. Please ensure there is always one audio listener in the scene
There are no audio listeners in the scene. Please ensure there is always one audio listener in the scene
There are no audio listeners in the scene. Please ensure there is always one audio listener in the scene
There are no audio listeners in the scene. Please ensure there is always one audio listener in the scene
There are no audio listeners in the scene. Please ensure there is always one audio listener in the scene
There are no audio listeners in the scene. Please ensure there is always one audio listener in the scene
There are no audio listeners in the scene. Please ensure there is always one audio listener in the scene
There are no audio listeners in the scene. Please ensure there is always one audio listener in the scene
There are no audio listeners in the scene. Please ensure there is always one audio listener in the scene
There are no audio listeners in the scene. Please ensure there is always one audio listener in the scene
There are no audio listeners in the scene. Please ensure there is always one audio listener in the scene
There are no audio listeners in the scene. Please ensure there is always one audio listener in the scene
There are no audio listeners in the scene. Please ensure there is always one audio listener in the scene
There are no audio listeners in the scene. Please ensure there is always one audio listener in the scene
There are no audio listeners in the scene. Please ensure there is always one audio listener in the scene
There are no audio listeners in the scene. Please ensure there is always one audio listener in the scene
There are no audio listeners in the scene. Please ensure there is always one audio listener in the scene
There are no audio listeners in the scene. Please ensure there is always one audio listener in the scene
There are no audio listeners in the scene. Please ensure there is always one audio listener in the scene
There are no audio listeners in the scene. Please ensure there is always one audio listener in the scene
There are no audio listeners in the scene. Please ensure there is always one audio listener in the scene
There are no audio listeners in the scene. Please ensure there is always one audio listener in the scene
There are no audio listeners in the scene. Please ensure there is always one audio listener in the scene
There are no audio listeners in the scene. Please ensure there is always one audio listener in the scene
There are no audio listeners in the scene. Please ensure there is always one audio listener in the scene
There are no audio listeners in the scene. Please ensure there is always one audio listener in the scene
There are no audio listeners in the scene. Please ensure there is always one audio listener in the scene
There are no audio listeners in the scene. Please ensure there is always one audio listener in the scene
There are no audio listeners in the scene. Please ensure there is always one audio listener in the scene
There are no audio listeners in the scene. Please ensure there is always one audio listener in the scene
There are no audio listeners in the scene. Please ensure there is always one audio listener in the scene
There are no audio listeners in the scene. Please ensure there is always one audio listener in the scene
There are no audio listeners in the scene. Please ensure there is always one audio listener in the scene
There are no audio listeners in the scene. Please ensure there is always one audio listener in the scene
There are no audio listeners in the scene. Please ensure there is always one audio listener in the scene
There are no audio listeners in the scene. Please ensure there is always one audio listener in the scene
There are no audio listeners in the scene. Please ensure there is always one audio listener in the scene
There are no audio listeners in the scene. Please ensure there is always one audio listener in the scene
There are no audio listeners in the scene. Please ensure there is always one audio listener in the scene
There are no audio listeners in the scene. Please ensure there is always one audio listener in the scene
There are no audio listeners in the scene. Please ensure there is always one audio listener in the scene
There are no audio listeners in the scene. Please ensure there is always one audio listener in the scene
There are no audio listeners in the scene. Please ensure there is always one audio listener in the scene
There are no audio listeners in the scene. Please ensure there is always one audio listener in the scene
There are no audio listeners in the scene. Please ensure there is always one audio listener in the scene
There are no audio listeners in the scene. Please ensure there is always one audio listener in the scene
There are no audio listeners in the scene. Please ensure there is always one audio listener in the scene
There are no audio listeners in the scene. Please ensure there is always one audio listener in the scene
There are no audio listeners in the scene. Please ensure there is always one audio listener in the scene
There are no audio listeners in the scene. Please ensure there is always one audio listener in the scene
There are no audio listeners in the scene. Please ensure there is always one audio listener in the scene
There are no audio listeners in the scene. Please ensure there is always one audio listener in the scene
There are no audio listeners in the scene. Please ensure there is always one audio listener in the scene
There are no audio listeners in the scene. Please ensure there is always one audio listener in the scene
There are no audio listeners in the scene. Please ensure there is always one audio listener in the scene
There are no audio listeners in the scene. Please ensure there is always one audio listener in the scene
There are no audio listeners in the scene. Please ensure there is always one audio listener in the scene
There are no audio listeners in the scene. Please ensure there is always one audio listener in the scene
There are no audio listeners in the scene. Please ensure there is always one audio listener in the scene
There are no audio listeners in the scene. Please ensure there is always one audio listener in the scene
There are no audio listeners in the scene. Please ensure there is always one audio listener in the scene
There are no audio listeners in the scene. Please ensure there is always one audio listener in the scene
There are no audio listeners in the scene. Please ensure there is always one audio listener in the scene
There are no audio listeners in the scene. Please ensure there is always one audio listener in the scene
There are no audio listeners in the scene. Please ensure there is always one audio listener in the scene
There are no audio listeners in the scene. Please ensure there is always one audio listener in the scene
There are no audio listeners in the scene. Please ensure there is always one audio listener in the scene
There are no audio listeners in the scene. Please ensure there is always one audio listener in the scene
There are no audio listeners in the scene. Please ensure there is always one audio listener in the scene
There are no audio listeners in the scene. Please ensure there is always one audio listener in the scene
There are no audio listeners in the scene. Please ensure there is always one audio listener in the scene
There are no audio listeners in the scene. Please ensure there is always one audio listener in the scene
There are no audio listeners in the scene. Please ensure there is always one audio listener in the scene
There are no audio listeners in the scene. Please ensure there is always one audio listener in the scene
There are no audio listeners in the scene. Please ensure there is always one audio listener in the scene
There are no audio listeners in the scene. Please ensure there is always one audio listener in the scene
There are no audio listeners in the scene. Please ensure there is always one audio listener in the scene
There are no audio listeners in the scene. Please ensure there is always one audio listener in the scene
There are no audio listeners in the scene. Please ensure there is always one audio listener in the scene
There are no audio listeners in the scene. Please ensure there is always one audio listener in the scene
There are no audio listeners in the scene. Please ensure there is always one audio listener in the scene
There are no audio listeners in the scene. Please ensure there is always one audio listener in the scene
There are no audio listeners in the scene. Please ensure there is always one audio listener in the scene
There are no audio listeners in the scene. Please ensure there is always one audio listener in the scene
There are no audio listeners in the scene. Please ensure there is always one audio listener in the scene
There are no audio listeners in the scene. Please ensure there is always one audio listener in the scene
There are no audio listeners in the scene. Please ensure there is always one audio listener in the scene
There are no audio listeners in the scene. Please ensure there is always one audio listener in the scene
There are no audio listeners in the scene. Please ensure there is always one audio listener in the scene
There are no audio listeners in the scene. Please ensure there is always one audio listener in the scene
There are no audio listeners in the scene. Please ensure there is always one audio listener in the scene
There are no audio listeners in the scene. Please ensure there is always one audio listener in the scene
There are no audio listeners in the scene. Please ensure there is always one audio listener in the scene
There are no audio listeners in the scene. Please ensure there is always one audio listener in the scene
There are no audio listeners in the scene. Please ensure there is always one audio listener in the scene
There are no audio listeners in the scene. Please ensure there is always one audio listener in the scene
There are no audio listeners in the scene. Please ensure there is always one audio listener in the scene
There are no audio listeners in the scene. Please ensure there is always one audio listener in the scene
There are no audio listeners in the scene. Please ensure there is always one audio listener in the scene
There are no audio listeners in the scene. Please ensure there is always one audio listener in the scene
There are no audio listeners in the scene. Please ensure there is always one audio listener in the scene
There are no audio listeners in the scene. Please ensure there is always one audio listener in the scene
There are no audio listeners in the scene. Please ensure there is always one audio listener in the scene
There are no audio listeners in the scene. Please ensure there is always one audio listener in the scene
There are no audio listeners in the scene. Please ensure there is always one audio listener in the scene
There are no audio listeners in the scene. Please ensure there is always one audio listener in the scene
There are no audio listeners in the scene. Please ensure there is always one audio listener in the scene
There are no audio listeners in the scene. Please ensure there is always one audio listener in the scene
There are no audio listeners in the scene. Please ensure there is always one audio listener in the scene
There are no audio listeners in the scene. Please ensure there is always one audio listener in the scene
There are no audio listeners in the scene. Please ensure there is always one audio listener in the scene
There are no audio listeners in the scene. Please ensure there is always one audio listener in the scene
There are no audio listeners in the scene. Please ensure there is always one audio listener in the scene
There are no audio listeners in the scene. Please ensure there is always one audio listener in the scene
There are no audio listeners in the scene. Please ensure there is always one audio listener in the scene
There are no audio listeners in the scene. Please ensure there is always one audio listener in the scene
There are no audio listeners in the scene. Please ensure there is always one audio listener in the scene
There are no audio listeners in the scene. Please ensure there is always one audio listener in the scene
There are no audio listeners in the scene. Please ensure there is always one audio listener in the scene
There are no audio listeners in the scene. Please ensure there is always one audio listener in the scene
There are no audio listeners in the scene. Please ensure there is always one audio listener in the scene
There are no audio listeners in the scene. Please ensure there is always one audio listener in the scene
There are no audio listeners in the scene. Please ensure there is always one audio listener in the scene
There are no audio listeners in the scene. Please ensure there is always one audio listener in the scene
There are no audio listeners in the scene. Please ensure there is always one audio listener in the scene
There are no audio listeners in the scene. Please ensure there is always one audio listener in the scene
There are no audio listeners in the scene. Please ensure there is always one audio listener in the scene
There are no audio listeners in the scene. Please ensure there is always one audio listener in the scene
There are no audio listeners in the scene. Please ensure there is always one audio listener in the scene
There are no audio listeners in the scene. Please ensure there is always one audio listener in the scene
There are no audio listeners in the scene. Please ensure there is always one audio listener in the scene
There are no audio listeners in the scene. Please ensure there is always one audio listener in the scene
There are no audio listeners in the scene. Please ensure there is always one audio listener in the scene
There are no audio listeners in the scene. Please ensure there is always one audio listener in the scene
There are no audio listeners in the scene. Please ensure there is always one audio listener in the scene
There are no audio listeners in the scene. Please ensure there is always one audio listener in the scene
There are no audio listeners in the scene. Please ensure there is always one audio listener in the scene
There are no audio listeners in the scene. Please ensure there is always one audio listener in the scene
There are no audio listeners in the scene. Please ensure there is always one audio listener in the scene
There are no audio listeners in the scene. Please ensure there is always one audio listener in the scene
There are no audio listeners in the scene. Please ensure there is always one audio listener in the scene
There are no audio listeners in the scene. Please ensure there is always one audio listener in the scene
There are no audio listeners in the scene. Please ensure there is always one audio listener in the scene
There are no audio listeners in the scene. Please ensure there is always one audio listener in the scene
There are no audio listeners in the scene. Please ensure there is always one audio listener in the scene
There are no audio listeners in the scene. Please ensure there is always one audio listener in the scene
There are no audio listeners in the scene. Please ensure there is always one audio listener in the scene
There are no audio listeners in the scene. Please ensure there is always one audio listener in the scene
There are no audio listeners in the scene. Please ensure there is always one audio listener in the scene
There are no audio listeners in the scene. Please ensure there is always one audio listener in the scene
There are no audio listeners in the scene. Please ensure there is always one audio listener in the scene
There are no audio listeners in the scene. Please ensure there is always one audio listener in the scene
There are no audio listeners in the scene. Please ensure there is always one audio listener in the scene
There are no audio listeners in the scene. Please ensure there is always one audio listener in the scene
There are no audio listeners in the scene. Please ensure there is always one audio listener in the scene
There are no audio listeners in the scene. Please ensure there is always one audio listener in the scene
There are no audio listeners in the scene. Please ensure there is always one audio listener in the scene
There are no audio listeners in the scene. Please ensure there is always one audio listener in the scene
There are no audio listeners in the scene. Please ensure there is always one audio listener in the scene
There are no audio listeners in the scene. Please ensure there is always one audio listener in the scene
There are no audio listeners in the scene. Please ensure there is always one audio listener in the scene
There are no audio listeners in the scene. Please ensure there is always one audio listener in the scene
QA result: Passed Game.Tests.PlayMode.VarginhaPlayerPolishTests.PausingDuringHitstopDoesNotResumeGame
UnityEngine.Debug:ExtractStackTraceNoAlloc (byte*,int,string)
UnityEngine.StackTraceUtility:ExtractStackTrace ()
UnityEngine.DebugLogHandler:Internal_Log (UnityEngine.LogType,UnityEngine.LogOption,string,UnityEngine.Object)
UnityEngine.DebugLogHandler:LogFormat (UnityEngine.LogType,UnityEngine.Object,string,object[])
UnityEngine.Logger:Log (UnityEngine.LogType,object)
UnityEngine.Debug:Log (object)
Game.Editor.Testing.VarginhaBatchTestProgress:TestFinished (UnityEditor.TestTools.TestRunner.Api.ITestResultAdaptor) (at Assets/Scripts/Editor/Testing/VarginhaBatchTestProgress.cs:26)
UnityEditor.TestTools.TestRunner.Api.CallbacksDelegator/<>c__DisplayClass14_0:<TestFinished>b__0 (UnityEditor.TestTools.TestRunner.Api.ICallbacks) (at ./Library/PackageCache/com.unity.test-framework@7a3849e09bd0/UnityEditor.TestRunner/Api/CallbacksDelegator.cs:95)
UnityEditor.TestTools.TestRunner.Api.CallbacksDelegator:TryInvokeAllCallbacks (System.Action`1<UnityEditor.TestTools.TestRunner.Api.ICallbacks>) (at ./Library/PackageCache/com.unity.test-framework@7a3849e09bd0/UnityEditor.TestRunner/Api/CallbacksDelegator.cs:135)
UnityEditor.TestTools.TestRunner.Api.CallbacksDelegator:TestFinished (NUnit.Framework.Interfaces.ITestResult) (at ./Library/PackageCache/com.unity.test-framework@7a3849e09bd0/UnityEditor.TestRunner/Api/CallbacksDelegator.cs:95)
UnityEngine.Events.InvokableCall`1<NUnit.Framework.Interfaces.ITestResult>:Invoke (NUnit.Framework.Interfaces.ITestResult)
UnityEngine.Events.UnityEvent`1<NUnit.Framework.Interfaces.ITestResult>:Invoke (NUnit.Framework.Interfaces.ITestResult)
UnityEngine.Events.InvokableCall`1<NUnit.Framework.Interfaces.ITestResult>:Invoke (NUnit.Framework.Interfaces.ITestResult)
UnityEngine.Events.UnityEvent`1<NUnit.Framework.Interfaces.ITestResult>:Invoke (NUnit.Framework.Interfaces.ITestResult)
UnityEngine.TestTools.TestRunner.TestListenerWrapper:TestFinished (NUnit.Framework.Interfaces.ITestResult) (at ./Library/PackageCache/com.unity.test-framework@7a3849e09bd0/UnityEngine.TestRunner/TestRunner/TestListenerWrapper.cs:24)
UnityEngine.TestRunner.NUnitExtensions.Runner.UnityWorkItem:WorkItemComplete () (at ./Library/PackageCache/com.unity.test-framework@7a3849e09bd0/UnityEngine.TestRunner/NUnitExtensions/Runner/UnityWorkItem.cs:107)
UnityEngine.TestRunner.NUnitExtensions.Runner.CoroutineTestWorkItem/<PerformWork>d__7:<>m__Finally1 () (at ./Library/PackageCache/com.unity.test-framework@7a3849e09bd0/UnityEngine.TestRunner/NUnitExtensions/Runner/CoroutineTestWorkItem.cs:67)
UnityEngine.TestRunner.NUnitExtensions.Runner.CoroutineTestWorkItem/<PerformWork>d__7:MoveNext () (at ./Library/PackageCache/com.unity.test-framework@7a3849e09bd0/UnityEngine.TestRunner/NUnitExtensions/Runner/CoroutineTestWorkItem.cs:64)
UnityEngine.TestRunner.NUnitExtensions.Runner.CompositeWorkItem/<RunChildren>d__17:MoveNext () (at ./Library/PackageCache/com.unity.test-framework@7a3849e09bd0/UnityEngine.TestRunner/NUnitExtensions/Runner/CompositeWorkItem.cs:209)
UnityEngine.TestRunner.NUnitExtensions.Runner.CompositeWorkItem/<PerformWork>d__13:MoveNext () (at ./Library/PackageCache/com.unity.test-framework@7a3849e09bd0/UnityEngine.TestRunner/NUnitExtensions/Runner/CompositeWorkItem.cs:83)
UnityEngine.TestRunner.NUnitExtensions.Runner.CompositeWorkItem/<RunChildren>d__17:MoveNext () (at ./Library/PackageCache/com.unity.test-framework@7a3849e09bd0/UnityEngine.TestRunner/NUnitExtensions/Runner/CompositeWorkItem.cs:209)
UnityEngine.TestRunner.NUnitExtensions.Runner.CompositeWorkItem/<PerformWork>d__13:MoveNext () (at ./Library/PackageCache/com.unity.test-framework@7a3849e09bd0/UnityEngine.TestRunner/NUnitExtensions/Runner/CompositeWorkItem.cs:83)
UnityEngine.TestRunner.NUnitExtensions.Runner.CompositeWorkItem/<RunChildren>d__17:MoveNext () (at ./Library/PackageCache/com.unity.test-framework@7a3849e09bd0/UnityEngine.TestRunner/NUnitExtensions/Runner/CompositeWorkItem.cs:209)
UnityEngine.TestRunner.NUnitExtensions.Runner.CompositeWorkItem/<PerformWork>d__13:MoveNext () (at ./Library/PackageCache/com.unity.test-framework@7a3849e09bd0/UnityEngine.TestRunner/NUnitExtensions/Runner/CompositeWorkItem.cs:83)
UnityEngine.TestRunner.NUnitExtensions.Runner.CompositeWorkItem/<RunChildren>d__17:MoveNext () (at ./Library/PackageCache/com.unity.test-framework@7a3849e09bd0/UnityEngine.TestRunner/NUnitExtensions/Runner/CompositeWorkItem.cs:209)
UnityEngine.TestRunner.NUnitExtensions.Runner.CompositeWorkItem/<PerformWork>d__13:MoveNext () (at ./Library/PackageCache/com.unity.test-framework@7a3849e09bd0/UnityEngine.TestRunner/NUnitExtensions/Runner/CompositeWorkItem.cs:83)
UnityEngine.TestRunner.NUnitExtensions.Runner.CompositeWorkItem/<RunChildren>d__17:MoveNext () (at ./Library/PackageCache/com.unity.test-framework@7a3849e09bd0/UnityEngine.TestRunner/NUnitExtensions/Runner/CompositeWorkItem.cs:209)
UnityEngine.TestRunner.NUnitExtensions.Runner.CompositeWorkItem/<PerformWork>d__13:MoveNext () (at ./Library/PackageCache/com.unity.test-framework@7a3849e09bd0/UnityEngine.TestRunner/NUnitExtensions/Runner/CompositeWorkItem.cs:83)
UnityEngine.TestRunner.NUnitExtensions.Runner.CompositeWorkItem/<RunChildren>d__17:MoveNext () (at ./Library/PackageCache/com.unity.test-framework@7a3849e09bd0/UnityEngine.TestRunner/NUnitExtensions/Runner/CompositeWorkItem.cs:209)
UnityEngine.TestRunner.NUnitExtensions.Runner.CompositeWorkItem/<PerformWork>d__13:MoveNext () (at ./Library/PackageCache/com.unity.test-framework@7a3849e09bd0/UnityEngine.TestRunner/NUnitExtensions/Runner/CompositeWorkItem.cs:83)
UnityEngine.TestTools.TestRunner.PlaymodeTestsController/<TestRunnerCoroutine>d__25:MoveNext () (at ./Library/PackageCache/com.unity.test-framework@7a3849e09bd0/UnityEngine.TestRunner/TestRunner/PlaymodeTestsController.cs:100)
UnityEngine.SetupCoroutine:InvokeMoveNext (System.Collections.IEnumerator,intptr)

(Filename: Assets/Scripts/Editor/Testing/VarginhaBatchTestProgress.cs Line: 26)

QA test: Game.Tests.PlayMode.VarginhaRequestedGameplayTests.ChurchHasDarknessAltarPriestAndClearFlashlightCone
UnityEngine.Debug:ExtractStackTraceNoAlloc (byte*,int,string)
UnityEngine.StackTraceUtility:ExtractStackTrace ()
UnityEngine.DebugLogHandler:Internal_Log (UnityEngine.LogType,UnityEngine.LogOption,string,UnityEngine.Object)
UnityEngine.DebugLogHandler:LogFormat (UnityEngine.LogType,UnityEngine.Object,string,object[])
UnityEngine.Logger:Log (UnityEngine.LogType,object)
UnityEngine.Debug:Log (object)
Game.Editor.Testing.VarginhaBatchTestProgress:TestStarted (UnityEditor.TestTools.TestRunner.Api.ITestAdaptor) (at Assets/Scripts/Editor/Testing/VarginhaBatchTestProgress.cs:22)
UnityEditor.TestTools.TestRunner.Api.CallbacksDelegator/<>c__DisplayClass12_0:<TestStarted>b__0 (UnityEditor.TestTools.TestRunner.Api.ICallbacks) (at ./Library/PackageCache/com.unity.test-framework@7a3849e09bd0/UnityEditor.TestRunner/Api/CallbacksDelegator.cs:81)
UnityEditor.TestTools.TestRunner.Api.CallbacksDelegator:TryInvokeAllCallbacks (System.Action`1<UnityEditor.TestTools.TestRunner.Api.ICallbacks>) (at ./Library/PackageCache/com.unity.test-framework@7a3849e09bd0/UnityEditor.TestRunner/Api/CallbacksDelegator.cs:135)
UnityEditor.TestTools.TestRunner.Api.CallbacksDelegator:TestStarted (NUnit.Framework.Interfaces.ITest) (at ./Library/PackageCache/com.unity.test-framework@7a3849e09bd0/UnityEditor.TestRunner/Api/CallbacksDelegator.cs:81)
UnityEngine.Events.InvokableCall`1<NUnit.Framework.Interfaces.ITest>:Invoke (NUnit.Framework.Interfaces.ITest)
UnityEngine.Events.UnityEvent`1<NUnit.Framework.Interfaces.ITest>:Invoke (NUnit.Framework.Interfaces.ITest)
UnityEngine.Events.InvokableCall`1<NUnit.Framework.Interfaces.ITest>:Invoke (NUnit.Framework.Interfaces.ITest)
UnityEngine.Events.UnityEvent`1<NUnit.Framework.Interfaces.ITest>:Invoke (NUnit.Framework.Interfaces.ITest)
UnityEngine.TestTools.TestRunner.TestListenerWrapper:TestStarted (NUnit.Framework.Interfaces.ITest) (at ./Library/PackageCache/com.unity.test-framework@7a3849e09bd0/UnityEngine.TestRunner/TestRunner/TestListenerWrapper.cs:19)
UnityEngine.TestRunner.NUnitExtensions.Runner.UnityWorkItem:Execute () (at ./Library/PackageCache/com.unity.test-framework@7a3849e09bd0/UnityEngine.TestRunner/NUnitExtensions/Runner/UnityWorkItem.cs:83)
UnityEngine.TestRunner.NUnitExtensions.Runner.CompositeWorkItem/<RunChildren>d__17:MoveNext () (at ./Library/PackageCache/com.unity.test-framework@7a3849e09bd0/UnityEngine.TestRunner/NUnitExtensions/Runner/CompositeWorkItem.cs:205)
UnityEngine.TestRunner.NUnitExtensions.Runner.CompositeWorkItem/<PerformWork>d__13:MoveNext () (at ./Library/PackageCache/com.unity.test-framework@7a3849e09bd0/UnityEngine.TestRunner/NUnitExtensions/Runner/CompositeWorkItem.cs:83)
UnityEngine.TestRunner.NUnitExtensions.Runner.CompositeWorkItem/<RunChildren>d__17:MoveNext () (at ./Library/PackageCache/com.unity.test-framework@7a3849e09bd0/UnityEngine.TestRunner/NUnitExtensions/Runner/CompositeWorkItem.cs:209)
UnityEngine.TestRunner.NUnitExtensions.Runner.CompositeWorkItem/<PerformWork>d__13:MoveNext () (at ./Library/PackageCache/com.unity.test-framework@7a3849e09bd0/UnityEngine.TestRunner/NUnitExtensions/Runner/CompositeWorkItem.cs:83)
UnityEngine.TestRunner.NUnitExtensions.Runner.CompositeWorkItem/<RunChildren>d__17:MoveNext () (at ./Library/PackageCache/com.unity.test-framework@7a3849e09bd0/UnityEngine.TestRunner/NUnitExtensions/Runner/CompositeWorkItem.cs:209)
UnityEngine.TestRunner.NUnitExtensions.Runner.CompositeWorkItem/<PerformWork>d__13:MoveNext () (at ./Library/PackageCache/com.unity.test-framework@7a3849e09bd0/UnityEngine.TestRunner/NUnitExtensions/Runner/CompositeWorkItem.cs:83)
UnityEngine.TestRunner.NUnitExtensions.Runner.CompositeWorkItem/<RunChildren>d__17:MoveNext () (at ./Library/PackageCache/com.unity.test-framework@7a3849e09bd0/UnityEngine.TestRunner/NUnitExtensions/Runner/CompositeWorkItem.cs:209)
UnityEngine.TestRunner.NUnitExtensions.Runner.CompositeWorkItem/<PerformWork>d__13:MoveNext () (at ./Library/PackageCache/com.unity.test-framework@7a3849e09bd0/UnityEngine.TestRunner/NUnitExtensions/Runner/CompositeWorkItem.cs:83)
UnityEngine.TestRunner.NUnitExtensions.Runner.CompositeWorkItem/<RunChildren>d__17:MoveNext () (at ./Library/PackageCache/com.unity.test-framework@7a3849e09bd0/UnityEngine.TestRunner/NUnitExtensions/Runner/CompositeWorkItem.cs:209)
UnityEngine.TestRunner.NUnitExtensions.Runner.CompositeWorkItem/<PerformWork>d__13:MoveNext () (at ./Library/PackageCache/com.unity.test-framework@7a3849e09bd0/UnityEngine.TestRunner/NUnitExtensions/Runner/CompositeWorkItem.cs:83)
UnityEngine.TestRunner.NUnitExtensions.Runner.CompositeWorkItem/<RunChildren>d__17:MoveNext () (at ./Library/PackageCache/com.unity.test-framework@7a3849e09bd0/UnityEngine.TestRunner/NUnitExtensions/Runner/CompositeWorkItem.cs:209)
UnityEngine.TestRunner.NUnitExtensions.Runner.CompositeWorkItem/<PerformWork>d__13:MoveNext () (at ./Library/PackageCache/com.unity.test-framework@7a3849e09bd0/UnityEngine.TestRunner/NUnitExtensions/Runner/CompositeWorkItem.cs:83)
UnityEngine.TestTools.TestRunner.PlaymodeTestsController/<TestRunnerCoroutine>d__25:MoveNext () (at ./Library/PackageCache/com.unity.test-framework@7a3849e09bd0/UnityEngine.TestRunner/TestRunner/PlaymodeTestsController.cs:100)
UnityEngine.SetupCoroutine:InvokeMoveNext (System.Collections.IEnumerator,intptr)

(Filename: Assets/Scripts/Editor/Testing/VarginhaBatchTestProgress.cs Line: 22)

QA result: Passed Game.Tests.PlayMode.VarginhaRequestedGameplayTests.ChurchHasDarknessAltarPriestAndClearFlashlightCone
UnityEngine.Debug:ExtractStackTraceNoAlloc (byte*,int,string)
UnityEngine.StackTraceUtility:ExtractStackTrace ()
UnityEngine.DebugLogHandler:Internal_Log (UnityEngine.LogType,UnityEngine.LogOption,string,UnityEngine.Object)
UnityEngine.DebugLogHandler:LogFormat (UnityEngine.LogType,UnityEngine.Object,string,object[])
UnityEngine.Logger:Log (UnityEngine.LogType,object)
UnityEngine.Debug:Log (object)
Game.Editor.Testing.VarginhaBatchTestProgress:TestFinished (UnityEditor.TestTools.TestRunner.Api.ITestResultAdaptor) (at Assets/Scripts/Editor/Testing/VarginhaBatchTestProgress.cs:26)
UnityEditor.TestTools.TestRunner.Api.CallbacksDelegator/<>c__DisplayClass14_0:<TestFinished>b__0 (UnityEditor.TestTools.TestRunner.Api.ICallbacks) (at ./Library/PackageCache/com.unity.test-framework@7a3849e09bd0/UnityEditor.TestRunner/Api/CallbacksDelegator.cs:95)
UnityEditor.TestTools.TestRunner.Api.CallbacksDelegator:TryInvokeAllCallbacks (System.Action`1<UnityEditor.TestTools.TestRunner.Api.ICallbacks>) (at ./Library/PackageCache/com.unity.test-framework@7a3849e09bd0/UnityEditor.TestRunner/Api/CallbacksDelegator.cs:135)
UnityEditor.TestTools.TestRunner.Api.CallbacksDelegator:TestFinished (NUnit.Framework.Interfaces.ITestResult) (at ./Library/PackageCache/com.unity.test-framework@7a3849e09bd0/UnityEditor.TestRunner/Api/CallbacksDelegator.cs:95)
UnityEngine.Events.InvokableCall`1<NUnit.Framework.Interfaces.ITestResult>:Invoke (NUnit.Framework.Interfaces.ITestResult)
UnityEngine.Events.UnityEvent`1<NUnit.Framework.Interfaces.ITestResult>:Invoke (NUnit.Framework.Interfaces.ITestResult)
UnityEngine.Events.InvokableCall`1<NUnit.Framework.Interfaces.ITestResult>:Invoke (NUnit.Framework.Interfaces.ITestResult)
UnityEngine.Events.UnityEvent`1<NUnit.Framework.Interfaces.ITestResult>:Invoke (NUnit.Framework.Interfaces.ITestResult)
UnityEngine.TestTools.TestRunner.TestListenerWrapper:TestFinished (NUnit.Framework.Interfaces.ITestResult) (at ./Library/PackageCache/com.unity.test-framework@7a3849e09bd0/UnityEngine.TestRunner/TestRunner/TestListenerWrapper.cs:24)
UnityEngine.TestRunner.NUnitExtensions.Runner.UnityWorkItem:WorkItemComplete () (at ./Library/PackageCache/com.unity.test-framework@7a3849e09bd0/UnityEngine.TestRunner/NUnitExtensions/Runner/UnityWorkItem.cs:107)
UnityEngine.TestRunner.NUnitExtensions.Runner.CoroutineTestWorkItem/<PerformWork>d__7:<>m__Finally1 () (at ./Library/PackageCache/com.unity.test-framework@7a3849e09bd0/UnityEngine.TestRunner/NUnitExtensions/Runner/CoroutineTestWorkItem.cs:67)
UnityEngine.TestRunner.NUnitExtensions.Runner.CoroutineTestWorkItem/<PerformWork>d__7:MoveNext () (at ./Library/PackageCache/com.unity.test-framework@7a3849e09bd0/UnityEngine.TestRunner/NUnitExtensions/Runner/CoroutineTestWorkItem.cs:64)
UnityEngine.TestRunner.NUnitExtensions.Runner.CompositeWorkItem/<RunChildren>d__17:MoveNext () (at ./Library/PackageCache/com.unity.test-framework@7a3849e09bd0/UnityEngine.TestRunner/NUnitExtensions/Runner/CompositeWorkItem.cs:209)
UnityEngine.TestRunner.NUnitExtensions.Runner.CompositeWorkItem/<PerformWork>d__13:MoveNext () (at ./Library/PackageCache/com.unity.test-framework@7a3849e09bd0/UnityEngine.TestRunner/NUnitExtensions/Runner/CompositeWorkItem.cs:83)
UnityEngine.TestRunner.NUnitExtensions.Runner.CompositeWorkItem/<RunChildren>d__17:MoveNext () (at ./Library/PackageCache/com.unity.test-framework@7a3849e09bd0/UnityEngine.TestRunner/NUnitExtensions/Runner/CompositeWorkItem.cs:209)
UnityEngine.TestRunner.NUnitExtensions.Runner.CompositeWorkItem/<PerformWork>d__13:MoveNext () (at ./Library/PackageCache/com.unity.test-framework@7a3849e09bd0/UnityEngine.TestRunner/NUnitExtensions/Runner/CompositeWorkItem.cs:83)
UnityEngine.TestRunner.NUnitExtensions.Runner.CompositeWorkItem/<RunChildren>d__17:MoveNext () (at ./Library/PackageCache/com.unity.test-framework@7a3849e09bd0/UnityEngine.TestRunner/NUnitExtensions/Runner/CompositeWorkItem.cs:209)
UnityEngine.TestRunner.NUnitExtensions.Runner.CompositeWorkItem/<PerformWork>d__13:MoveNext () (at ./Library/PackageCache/com.unity.test-framework@7a3849e09bd0/UnityEngine.TestRunner/NUnitExtensions/Runner/CompositeWorkItem.cs:83)
UnityEngine.TestRunner.NUnitExtensions.Runner.CompositeWorkItem/<RunChildren>d__17:MoveNext () (at ./Library/PackageCache/com.unity.test-framework@7a3849e09bd0/UnityEngine.TestRunner/NUnitExtensions/Runner/CompositeWorkItem.cs:209)
UnityEngine.TestRunner.NUnitExtensions.Runner.CompositeWorkItem/<PerformWork>d__13:MoveNext () (at ./Library/PackageCache/com.unity.test-framework@7a3849e09bd0/UnityEngine.TestRunner/NUnitExtensions/Runner/CompositeWorkItem.cs:83)
UnityEngine.TestRunner.NUnitExtensions.Runner.CompositeWorkItem/<RunChildren>d__17:MoveNext () (at ./Library/PackageCache/com.unity.test-framework@7a3849e09bd0/UnityEngine.TestRunner/NUnitExtensions/Runner/CompositeWorkItem.cs:209)
UnityEngine.TestRunner.NUnitExtensions.Runner.CompositeWorkItem/<PerformWork>d__13:MoveNext () (at ./Library/PackageCache/com.unity.test-framework@7a3849e09bd0/UnityEngine.TestRunner/NUnitExtensions/Runner/CompositeWorkItem.cs:83)
UnityEngine.TestRunner.NUnitExtensions.Runner.CompositeWorkItem/<RunChildren>d__17:MoveNext () (at ./Library/PackageCache/com.unity.test-framework@7a3849e09bd0/UnityEngine.TestRunner/NUnitExtensions/Runner/CompositeWorkItem.cs:209)
UnityEngine.TestRunner.NUnitExtensions.Runner.CompositeWorkItem/<PerformWork>d__13:MoveNext () (at ./Library/PackageCache/com.unity.test-framework@7a3849e09bd0/UnityEngine.TestRunner/NUnitExtensions/Runner/CompositeWorkItem.cs:83)
UnityEngine.TestTools.TestRunner.PlaymodeTestsController/<TestRunnerCoroutine>d__25:MoveNext () (at ./Library/PackageCache/com.unity.test-framework@7a3849e09bd0/UnityEngine.TestRunner/TestRunner/PlaymodeTestsController.cs:100)
UnityEngine.SetupCoroutine:InvokeMoveNext (System.Collections.IEnumerator,intptr)

(Filename: Assets/Scripts/Editor/Testing/VarginhaBatchTestProgress.cs Line: 26)

QA test: Game.Tests.PlayMode.VarginhaRequestedGameplayTests.FuscaBoardsImmediatelyWithoutDoorAndKeepsRequirements
UnityEngine.Debug:ExtractStackTraceNoAlloc (byte*,int,string)
UnityEngine.StackTraceUtility:ExtractStackTrace ()
UnityEngine.DebugLogHandler:Internal_Log (UnityEngine.LogType,UnityEngine.LogOption,string,UnityEngine.Object)
UnityEngine.DebugLogHandler:LogFormat (UnityEngine.LogType,UnityEngine.Object,string,object[])
UnityEngine.Logger:Log (UnityEngine.LogType,object)
UnityEngine.Debug:Log (object)
Game.Editor.Testing.VarginhaBatchTestProgress:TestStarted (UnityEditor.TestTools.TestRunner.Api.ITestAdaptor) (at Assets/Scripts/Editor/Testing/VarginhaBatchTestProgress.cs:22)
UnityEditor.TestTools.TestRunner.Api.CallbacksDelegator/<>c__DisplayClass12_0:<TestStarted>b__0 (UnityEditor.TestTools.TestRunner.Api.ICallbacks) (at ./Library/PackageCache/com.unity.test-framework@7a3849e09bd0/UnityEditor.TestRunner/Api/CallbacksDelegator.cs:81)
UnityEditor.TestTools.TestRunner.Api.CallbacksDelegator:TryInvokeAllCallbacks (System.Action`1<UnityEditor.TestTools.TestRunner.Api.ICallbacks>) (at ./Library/PackageCache/com.unity.test-framework@7a3849e09bd0/UnityEditor.TestRunner/Api/CallbacksDelegator.cs:135)
UnityEditor.TestTools.TestRunner.Api.CallbacksDelegator:TestStarted (NUnit.Framework.Interfaces.ITest) (at ./Library/PackageCache/com.unity.test-framework@7a3849e09bd0/UnityEditor.TestRunner/Api/CallbacksDelegator.cs:81)
UnityEngine.Events.InvokableCall`1<NUnit.Framework.Interfaces.ITest>:Invoke (NUnit.Framework.Interfaces.ITest)
UnityEngine.Events.UnityEvent`1<NUnit.Framework.Interfaces.ITest>:Invoke (NUnit.Framework.Interfaces.ITest)
UnityEngine.Events.InvokableCall`1<NUnit.Framework.Interfaces.ITest>:Invoke (NUnit.Framework.Interfaces.ITest)
UnityEngine.Events.UnityEvent`1<NUnit.Framework.Interfaces.ITest>:Invoke (NUnit.Framework.Interfaces.ITest)
UnityEngine.TestTools.TestRunner.TestListenerWrapper:TestStarted (NUnit.Framework.Interfaces.ITest) (at ./Library/PackageCache/com.unity.test-framework@7a3849e09bd0/UnityEngine.TestRunner/TestRunner/TestListenerWrapper.cs:19)
UnityEngine.TestRunner.NUnitExtensions.Runner.UnityWorkItem:Execute () (at ./Library/PackageCache/com.unity.test-framework@7a3849e09bd0/UnityEngine.TestRunner/NUnitExtensions/Runner/UnityWorkItem.cs:83)
UnityEngine.TestRunner.NUnitExtensions.Runner.CompositeWorkItem/<RunChildren>d__17:MoveNext () (at ./Library/PackageCache/com.unity.test-framework@7a3849e09bd0/UnityEngine.TestRunner/NUnitExtensions/Runner/CompositeWorkItem.cs:205)
UnityEngine.TestRunner.NUnitExtensions.Runner.CompositeWorkItem/<PerformWork>d__13:MoveNext () (at ./Library/PackageCache/com.unity.test-framework@7a3849e09bd0/UnityEngine.TestRunner/NUnitExtensions/Runner/CompositeWorkItem.cs:83)
UnityEngine.TestRunner.NUnitExtensions.Runner.CompositeWorkItem/<RunChildren>d__17:MoveNext () (at ./Library/PackageCache/com.unity.test-framework@7a3849e09bd0/UnityEngine.TestRunner/NUnitExtensions/Runner/CompositeWorkItem.cs:209)
UnityEngine.TestRunner.NUnitExtensions.Runner.CompositeWorkItem/<PerformWork>d__13:MoveNext () (at ./Library/PackageCache/com.unity.test-framework@7a3849e09bd0/UnityEngine.TestRunner/NUnitExtensions/Runner/CompositeWorkItem.cs:83)
UnityEngine.TestRunner.NUnitExtensions.Runner.CompositeWorkItem/<RunChildren>d__17:MoveNext () (at ./Library/PackageCache/com.unity.test-framework@7a3849e09bd0/UnityEngine.TestRunner/NUnitExtensions/Runner/CompositeWorkItem.cs:209)
UnityEngine.TestRunner.NUnitExtensions.Runner.CompositeWorkItem/<PerformWork>d__13:MoveNext () (at ./Library/PackageCache/com.unity.test-framework@7a3849e09bd0/UnityEngine.TestRunner/NUnitExtensions/Runner/CompositeWorkItem.cs:83)
UnityEngine.TestRunner.NUnitExtensions.Runner.CompositeWorkItem/<RunChildren>d__17:MoveNext () (at ./Library/PackageCache/com.unity.test-framework@7a3849e09bd0/UnityEngine.TestRunner/NUnitExtensions/Runner/CompositeWorkItem.cs:209)
UnityEngine.TestRunner.NUnitExtensions.Runner.CompositeWorkItem/<PerformWork>d__13:MoveNext () (at ./Library/PackageCache/com.unity.test-framework@7a3849e09bd0/UnityEngine.TestRunner/NUnitExtensions/Runner/CompositeWorkItem.cs:83)
UnityEngine.TestRunner.NUnitExtensions.Runner.CompositeWorkItem/<RunChildren>d__17:MoveNext () (at ./Library/PackageCache/com.unity.test-framework@7a3849e09bd0/UnityEngine.TestRunner/NUnitExtensions/Runner/CompositeWorkItem.cs:209)
UnityEngine.TestRunner.NUnitExtensions.Runner.CompositeWorkItem/<PerformWork>d__13:MoveNext () (at ./Library/PackageCache/com.unity.test-framework@7a3849e09bd0/UnityEngine.TestRunner/NUnitExtensions/Runner/CompositeWorkItem.cs:83)
UnityEngine.TestRunner.NUnitExtensions.Runner.CompositeWorkItem/<RunChildren>d__17:MoveNext () (at ./Library/PackageCache/com.unity.test-framework@7a3849e09bd0/UnityEngine.TestRunner/NUnitExtensions/Runner/CompositeWorkItem.cs:209)
UnityEngine.TestRunner.NUnitExtensions.Runner.CompositeWorkItem/<PerformWork>d__13:MoveNext () (at ./Library/PackageCache/com.unity.test-framework@7a3849e09bd0/UnityEngine.TestRunner/NUnitExtensions/Runner/CompositeWorkItem.cs:83)
UnityEngine.TestTools.TestRunner.PlaymodeTestsController/<TestRunnerCoroutine>d__25:MoveNext () (at ./Library/PackageCache/com.unity.test-framework@7a3849e09bd0/UnityEngine.TestRunner/TestRunner/PlaymodeTestsController.cs:100)
UnityEngine.SetupCoroutine:InvokeMoveNext (System.Collections.IEnumerator,intptr)

(Filename: Assets/Scripts/Editor/Testing/VarginhaBatchTestProgress.cs Line: 22)

[Fusca] Edelzio deu a partida e acelerou pela noite de Varginha.
UnityEngine.Debug:ExtractStackTraceNoAlloc (byte*,int,string)
UnityEngine.StackTraceUtility:ExtractStackTrace ()
UnityEngine.DebugLogHandler:Internal_Log (UnityEngine.LogType,UnityEngine.LogOption,string,UnityEngine.Object)
UnityEngine.DebugLogHandler:LogFormat (UnityEngine.LogType,UnityEngine.Object,string,object[])
UnityEngine.Logger:Log (UnityEngine.LogType,object)
UnityEngine.Debug:Log (object)
Game.Varginha.FuscaLevelExit:TryEscape (Game.Varginha.EdelzioTopDownController) (at Assets/Scripts/Game/Varginha/FuscaLevelExit.cs:36)
Game.Tests.PlayMode.VarginhaRequestedGameplayTests/<FuscaBoardsImmediatelyWithoutDoorAndKeepsRequirements>d__6:MoveNext () (at Assets/Tests/PlayMode/VarginhaRequestedGameplayTests.cs:93)
UnityEngine.TestTools.TestEnumerator/<Execute>d__8:MoveNext () (at ./Library/PackageCache/com.unity.test-framework@7a3849e09bd0/UnityEngine.TestRunner/NUnitExtensions/Attributes/TestEnumerator.cs:52)
UnityEngine.TestTools.EnumerableTestMethodCommand/<ExecuteEnumerableAndRecordExceptions>d__4:MoveNext () (at ./Library/PackageCache/com.unity.test-framework@7a3849e09bd0/UnityEngine.TestRunner/NUnitExtensions/Commands/EnumerableTestMethodCommand.cs:85)
UnityEngine.TestTools.EnumerableTestMethodCommand:AdvanceEnumerator (System.Collections.IEnumerator) (at ./Library/PackageCache/com.unity.test-framework@7a3849e09bd0/UnityEngine.TestRunner/NUnitExtensions/Commands/EnumerableTestMethodCommand.cs:64)
UnityEngine.TestTools.EnumerableTestMethodCommand/<ExecuteEnumerable>d__2:MoveNext () (at ./Library/PackageCache/com.unity.test-framework@7a3849e09bd0/UnityEngine.TestRunner/NUnitExtensions/Commands/EnumerableTestMethodCommand.cs:47)
UnityEngine.TestRunner.NUnitExtensions.Runner.UnityLogCheckDelegatingCommand/<ExecuteEnumerable>d__4:MoveNext () (at ./Library/PackageCache/com.unity.test-framework@7a3849e09bd0/UnityEngine.TestRunner/NUnitExtensions/Runner/UnityLogCheckDelegatingCommand.cs:66)
UnityEngine.TestTools.BeforeAfterTestCommandBase`1/<ExecuteEnumerable>d__16<NUnit.Framework.ITestAction>:MoveNext () (at ./Library/PackageCache/com.unity.test-framework@7a3849e09bd0/UnityEngine.TestRunner/NUnitExtensions/Commands/BeforeAfterTestCommandBase.cs:213)
UnityEngine.TestTools.BeforeAfterTestCommandBase`1/<ExecuteEnumerable>d__16<System.Reflection.MethodInfo>:MoveNext () (at ./Library/PackageCache/com.unity.test-framework@7a3849e09bd0/UnityEngine.TestRunner/NUnitExtensions/Commands/BeforeAfterTestCommandBase.cs:213)
UnityEngine.TestTools.BeforeAfterTestCommandBase`1/<ExecuteEnumerable>d__16<System.Reflection.MethodInfo>:MoveNext () (at ./Library/PackageCache/com.unity.test-framework@7a3849e09bd0/UnityEngine.TestRunner/NUnitExtensions/Commands/BeforeAfterTestCommandBase.cs:213)
UnityEngine.TestTools.BeforeAfterTestCommandBase`1/<ExecuteEnumerable>d__16<UnityEngine.TestTools.IOuterUnityTestAction>:MoveNext () (at ./Library/PackageCache/com.unity.test-framework@7a3849e09bd0/UnityEngine.TestRunner/NUnitExtensions/Commands/BeforeAfterTestCommandBase.cs:213)
UnityEngine.TestTools.RetryCommand/<ExecuteEnumerable>d__2:MoveNext () (at ./Library/PackageCache/com.unity.test-framework@7a3849e09bd0/UnityEngine.TestRunner/NUnitExtensions/Commands/RetryCommand.cs:37)
UnityEngine.TestTools.RepeatCommand/<ExecuteEnumerable>d__2:MoveNext () (at ./Library/PackageCache/com.unity.test-framework@7a3849e09bd0/UnityEngine.TestRunner/NUnitExtensions/Commands/RepeatCommand.cs:36)
UnityEngine.TestTools.IgnoreTestCommand/<ExecuteEnumerable>d__3:MoveNext () (at ./Library/PackageCache/com.unity.test-framework@7a3849e09bd0/UnityEngine.TestRunner/NUnitExtensions/Commands/IgnoreTestCommand.cs:42)
UnityEngine.TestTools.StrictCheckCommand/<ExecuteEnumerable>d__2:MoveNext () (at ./Library/PackageCache/com.unity.test-framework@7a3849e09bd0/UnityEngine.TestRunner/NUnitExtensions/Commands/StrictCheckCommand.cs:29)
UnityEngine.TestTools.Utils.CoroutineRunner/<WrapEnumeratorForChecks>d__8:MoveNext () (at ./Library/PackageCache/com.unity.test-framework@7a3849e09bd0/UnityEngine.TestRunner/Utils/CoroutineRunner.cs:58)
UnityEngine.SetupCoroutine:InvokeMoveNext (System.Collections.IEnumerator,intptr)

(Filename: Assets/Scripts/Game/Varginha/FuscaLevelExit.cs Line: 36)

QA result: Passed Game.Tests.PlayMode.VarginhaRequestedGameplayTests.FuscaBoardsImmediatelyWithoutDoorAndKeepsRequirements
UnityEngine.Debug:ExtractStackTraceNoAlloc (byte*,int,string)
UnityEngine.StackTraceUtility:ExtractStackTrace ()
UnityEngine.DebugLogHandler:Internal_Log (UnityEngine.LogType,UnityEngine.LogOption,string,UnityEngine.Object)
UnityEngine.DebugLogHandler:LogFormat (UnityEngine.LogType,UnityEngine.Object,string,object[])
UnityEngine.Logger:Log (UnityEngine.LogType,object)
UnityEngine.Debug:Log (object)
Game.Editor.Testing.VarginhaBatchTestProgress:TestFinished (UnityEditor.TestTools.TestRunner.Api.ITestResultAdaptor) (at Assets/Scripts/Editor/Testing/VarginhaBatchTestProgress.cs:26)
UnityEditor.TestTools.TestRunner.Api.CallbacksDelegator/<>c__DisplayClass14_0:<TestFinished>b__0 (UnityEditor.TestTools.TestRunner.Api.ICallbacks) (at ./Library/PackageCache/com.unity.test-framework@7a3849e09bd0/UnityEditor.TestRunner/Api/CallbacksDelegator.cs:95)
UnityEditor.TestTools.TestRunner.Api.CallbacksDelegator:TryInvokeAllCallbacks (System.Action`1<UnityEditor.TestTools.TestRunner.Api.ICallbacks>) (at ./Library/PackageCache/com.unity.test-framework@7a3849e09bd0/UnityEditor.TestRunner/Api/CallbacksDelegator.cs:135)
UnityEditor.TestTools.TestRunner.Api.CallbacksDelegator:TestFinished (NUnit.Framework.Interfaces.ITestResult) (at ./Library/PackageCache/com.unity.test-framework@7a3849e09bd0/UnityEditor.TestRunner/Api/CallbacksDelegator.cs:95)
UnityEngine.Events.InvokableCall`1<NUnit.Framework.Interfaces.ITestResult>:Invoke (NUnit.Framework.Interfaces.ITestResult)
UnityEngine.Events.UnityEvent`1<NUnit.Framework.Interfaces.ITestResult>:Invoke (NUnit.Framework.Interfaces.ITestResult)
UnityEngine.Events.InvokableCall`1<NUnit.Framework.Interfaces.ITestResult>:Invoke (NUnit.Framework.Interfaces.ITestResult)
UnityEngine.Events.UnityEvent`1<NUnit.Framework.Interfaces.ITestResult>:Invoke (NUnit.Framework.Interfaces.ITestResult)
UnityEngine.TestTools.TestRunner.TestListenerWrapper:TestFinished (NUnit.Framework.Interfaces.ITestResult) (at ./Library/PackageCache/com.unity.test-framework@7a3849e09bd0/UnityEngine.TestRunner/TestRunner/TestListenerWrapper.cs:24)
UnityEngine.TestRunner.NUnitExtensions.Runner.UnityWorkItem:WorkItemComplete () (at ./Library/PackageCache/com.unity.test-framework@7a3849e09bd0/UnityEngine.TestRunner/NUnitExtensions/Runner/UnityWorkItem.cs:107)
UnityEngine.TestRunner.NUnitExtensions.Runner.CoroutineTestWorkItem/<PerformWork>d__7:<>m__Finally1 () (at ./Library/PackageCache/com.unity.test-framework@7a3849e09bd0/UnityEngine.TestRunner/NUnitExtensions/Runner/CoroutineTestWorkItem.cs:67)
UnityEngine.TestRunner.NUnitExtensions.Runner.CoroutineTestWorkItem/<PerformWork>d__7:MoveNext () (at ./Library/PackageCache/com.unity.test-framework@7a3849e09bd0/UnityEngine.TestRunner/NUnitExtensions/Runner/CoroutineTestWorkItem.cs:64)
UnityEngine.TestRunner.NUnitExtensions.Runner.CompositeWorkItem/<RunChildren>d__17:MoveNext () (at ./Library/PackageCache/com.unity.test-framework@7a3849e09bd0/UnityEngine.TestRunner/NUnitExtensions/Runner/CompositeWorkItem.cs:209)
UnityEngine.TestRunner.NUnitExtensions.Runner.CompositeWorkItem/<PerformWork>d__13:MoveNext () (at ./Library/PackageCache/com.unity.test-framework@7a3849e09bd0/UnityEngine.TestRunner/NUnitExtensions/Runner/CompositeWorkItem.cs:83)
UnityEngine.TestRunner.NUnitExtensions.Runner.CompositeWorkItem/<RunChildren>d__17:MoveNext () (at ./Library/PackageCache/com.unity.test-framework@7a3849e09bd0/UnityEngine.TestRunner/NUnitExtensions/Runner/CompositeWorkItem.cs:209)
UnityEngine.TestRunner.NUnitExtensions.Runner.CompositeWorkItem/<PerformWork>d__13:MoveNext () (at ./Library/PackageCache/com.unity.test-framework@7a3849e09bd0/UnityEngine.TestRunner/NUnitExtensions/Runner/CompositeWorkItem.cs:83)
UnityEngine.TestRunner.NUnitExtensions.Runner.CompositeWorkItem/<RunChildren>d__17:MoveNext () (at ./Library/PackageCache/com.unity.test-framework@7a3849e09bd0/UnityEngine.TestRunner/NUnitExtensions/Runner/CompositeWorkItem.cs:209)
UnityEngine.TestRunner.NUnitExtensions.Runner.CompositeWorkItem/<PerformWork>d__13:MoveNext () (at ./Library/PackageCache/com.unity.test-framework@7a3849e09bd0/UnityEngine.TestRunner/NUnitExtensions/Runner/CompositeWorkItem.cs:83)
UnityEngine.TestRunner.NUnitExtensions.Runner.CompositeWorkItem/<RunChildren>d__17:MoveNext () (at ./Library/PackageCache/com.unity.test-framework@7a3849e09bd0/UnityEngine.TestRunner/NUnitExtensions/Runner/CompositeWorkItem.cs:209)
UnityEngine.TestRunner.NUnitExtensions.Runner.CompositeWorkItem/<PerformWork>d__13:MoveNext () (at ./Library/PackageCache/com.unity.test-framework@7a3849e09bd0/UnityEngine.TestRunner/NUnitExtensions/Runner/CompositeWorkItem.cs:83)
UnityEngine.TestRunner.NUnitExtensions.Runner.CompositeWorkItem/<RunChildren>d__17:MoveNext () (at ./Library/PackageCache/com.unity.test-framework@7a3849e09bd0/UnityEngine.TestRunner/NUnitExtensions/Runner/CompositeWorkItem.cs:209)
UnityEngine.TestRunner.NUnitExtensions.Runner.CompositeWorkItem/<PerformWork>d__13:MoveNext () (at ./Library/PackageCache/com.unity.test-framework@7a3849e09bd0/UnityEngine.TestRunner/NUnitExtensions/Runner/CompositeWorkItem.cs:83)
UnityEngine.TestRunner.NUnitExtensions.Runner.CompositeWorkItem/<RunChildren>d__17:MoveNext () (at ./Library/PackageCache/com.unity.test-framework@7a3849e09bd0/UnityEngine.TestRunner/NUnitExtensions/Runner/CompositeWorkItem.cs:209)
UnityEngine.TestRunner.NUnitExtensions.Runner.CompositeWorkItem/<PerformWork>d__13:MoveNext () (at ./Library/PackageCache/com.unity.test-framework@7a3849e09bd0/UnityEngine.TestRunner/NUnitExtensions/Runner/CompositeWorkItem.cs:83)
UnityEngine.TestTools.TestRunner.PlaymodeTestsController/<TestRunnerCoroutine>d__25:MoveNext () (at ./Library/PackageCache/com.unity.test-framework@7a3849e09bd0/UnityEngine.TestRunner/TestRunner/PlaymodeTestsController.cs:100)
UnityEngine.SetupCoroutine:InvokeMoveNext (System.Collections.IEnumerator,intptr)

(Filename: Assets/Scripts/Editor/Testing/VarginhaBatchTestProgress.cs Line: 26)

QA test: Game.Tests.PlayMode.VarginhaRequestedGameplayTests.HouseFurnitureResizesOnceAndSurgesIncludeRecovery
UnityEngine.Debug:ExtractStackTraceNoAlloc (byte*,int,string)
UnityEngine.StackTraceUtility:ExtractStackTrace ()
UnityEngine.DebugLogHandler:Internal_Log (UnityEngine.LogType,UnityEngine.LogOption,string,UnityEngine.Object)
UnityEngine.DebugLogHandler:LogFormat (UnityEngine.LogType,UnityEngine.Object,string,object[])
UnityEngine.Logger:Log (UnityEngine.LogType,object)
UnityEngine.Debug:Log (object)
Game.Editor.Testing.VarginhaBatchTestProgress:TestStarted (UnityEditor.TestTools.TestRunner.Api.ITestAdaptor) (at Assets/Scripts/Editor/Testing/VarginhaBatchTestProgress.cs:22)
UnityEditor.TestTools.TestRunner.Api.CallbacksDelegator/<>c__DisplayClass12_0:<TestStarted>b__0 (UnityEditor.TestTools.TestRunner.Api.ICallbacks) (at ./Library/PackageCache/com.unity.test-framework@7a3849e09bd0/UnityEditor.TestRunner/Api/CallbacksDelegator.cs:81)
UnityEditor.TestTools.TestRunner.Api.CallbacksDelegator:TryInvokeAllCallbacks (System.Action`1<UnityEditor.TestTools.TestRunner.Api.ICallbacks>) (at ./Library/PackageCache/com.unity.test-framework@7a3849e09bd0/UnityEditor.TestRunner/Api/CallbacksDelegator.cs:135)
UnityEditor.TestTools.TestRunner.Api.CallbacksDelegator:TestStarted (NUnit.Framework.Interfaces.ITest) (at ./Library/PackageCache/com.unity.test-framework@7a3849e09bd0/UnityEditor.TestRunner/Api/CallbacksDelegator.cs:81)
UnityEngine.Events.InvokableCall`1<NUnit.Framework.Interfaces.ITest>:Invoke (NUnit.Framework.Interfaces.ITest)
UnityEngine.Events.UnityEvent`1<NUnit.Framework.Interfaces.ITest>:Invoke (NUnit.Framework.Interfaces.ITest)
UnityEngine.Events.InvokableCall`1<NUnit.Framework.Interfaces.ITest>:Invoke (NUnit.Framework.Interfaces.ITest)
UnityEngine.Events.UnityEvent`1<NUnit.Framework.Interfaces.ITest>:Invoke (NUnit.Framework.Interfaces.ITest)
UnityEngine.TestTools.TestRunner.TestListenerWrapper:TestStarted (NUnit.Framework.Interfaces.ITest) (at ./Library/PackageCache/com.unity.test-framework@7a3849e09bd0/UnityEngine.TestRunner/TestRunner/TestListenerWrapper.cs:19)
UnityEngine.TestRunner.NUnitExtensions.Runner.UnityWorkItem:Execute () (at ./Library/PackageCache/com.unity.test-framework@7a3849e09bd0/UnityEngine.TestRunner/NUnitExtensions/Runner/UnityWorkItem.cs:83)
UnityEngine.TestRunner.NUnitExtensions.Runner.CompositeWorkItem/<RunChildren>d__17:MoveNext () (at ./Library/PackageCache/com.unity.test-framework@7a3849e09bd0/UnityEngine.TestRunner/NUnitExtensions/Runner/CompositeWorkItem.cs:205)
UnityEngine.TestRunner.NUnitExtensions.Runner.CompositeWorkItem/<PerformWork>d__13:MoveNext () (at ./Library/PackageCache/com.unity.test-framework@7a3849e09bd0/UnityEngine.TestRunner/NUnitExtensions/Runner/CompositeWorkItem.cs:83)
UnityEngine.TestRunner.NUnitExtensions.Runner.CompositeWorkItem/<RunChildren>d__17:MoveNext () (at ./Library/PackageCache/com.unity.test-framework@7a3849e09bd0/UnityEngine.TestRunner/NUnitExtensions/Runner/CompositeWorkItem.cs:209)
UnityEngine.TestRunner.NUnitExtensions.Runner.CompositeWorkItem/<PerformWork>d__13:MoveNext () (at ./Library/PackageCache/com.unity.test-framework@7a3849e09bd0/UnityEngine.TestRunner/NUnitExtensions/Runner/CompositeWorkItem.cs:83)
UnityEngine.TestRunner.NUnitExtensions.Runner.CompositeWorkItem/<RunChildren>d__17:MoveNext () (at ./Library/PackageCache/com.unity.test-framework@7a3849e09bd0/UnityEngine.TestRunner/NUnitExtensions/Runner/CompositeWorkItem.cs:209)
UnityEngine.TestRunner.NUnitExtensions.Runner.CompositeWorkItem/<PerformWork>d__13:MoveNext () (at ./Library/PackageCache/com.unity.test-framework@7a3849e09bd0/UnityEngine.TestRunner/NUnitExtensions/Runner/CompositeWorkItem.cs:83)
UnityEngine.TestRunner.NUnitExtensions.Runner.CompositeWorkItem/<RunChildren>d__17:MoveNext () (at ./Library/PackageCache/com.unity.test-framework@7a3849e09bd0/UnityEngine.TestRunner/NUnitExtensions/Runner/CompositeWorkItem.cs:209)
UnityEngine.TestRunner.NUnitExtensions.Runner.CompositeWorkItem/<PerformWork>d__13:MoveNext () (at ./Library/PackageCache/com.unity.test-framework@7a3849e09bd0/UnityEngine.TestRunner/NUnitExtensions/Runner/CompositeWorkItem.cs:83)
UnityEngine.TestRunner.NUnitExtensions.Runner.CompositeWorkItem/<RunChildren>d__17:MoveNext () (at ./Library/PackageCache/com.unity.test-framework@7a3849e09bd0/UnityEngine.TestRunner/NUnitExtensions/Runner/CompositeWorkItem.cs:209)
UnityEngine.TestRunner.NUnitExtensions.Runner.CompositeWorkItem/<PerformWork>d__13:MoveNext () (at ./Library/PackageCache/com.unity.test-framework@7a3849e09bd0/UnityEngine.TestRunner/NUnitExtensions/Runner/CompositeWorkItem.cs:83)
UnityEngine.TestRunner.NUnitExtensions.Runner.CompositeWorkItem/<RunChildren>d__17:MoveNext () (at ./Library/PackageCache/com.unity.test-framework@7a3849e09bd0/UnityEngine.TestRunner/NUnitExtensions/Runner/CompositeWorkItem.cs:209)
UnityEngine.TestRunner.NUnitExtensions.Runner.CompositeWorkItem/<PerformWork>d__13:MoveNext () (at ./Library/PackageCache/com.unity.test-framework@7a3849e09bd0/UnityEngine.TestRunner/NUnitExtensions/Runner/CompositeWorkItem.cs:83)
UnityEngine.TestTools.TestRunner.PlaymodeTestsController/<TestRunnerCoroutine>d__25:MoveNext () (at ./Library/PackageCache/com.unity.test-framework@7a3849e09bd0/UnityEngine.TestRunner/TestRunner/PlaymodeTestsController.cs:100)
UnityEngine.SetupCoroutine:InvokeMoveNext (System.Collections.IEnumerator,intptr)

(Filename: Assets/Scripts/Editor/Testing/VarginhaBatchTestProgress.cs Line: 22)

QA result: Passed Game.Tests.PlayMode.VarginhaRequestedGameplayTests.HouseFurnitureResizesOnceAndSurgesIncludeRecovery
UnityEngine.Debug:ExtractStackTraceNoAlloc (byte*,int,string)
UnityEngine.StackTraceUtility:ExtractStackTrace ()
UnityEngine.DebugLogHandler:Internal_Log (UnityEngine.LogType,UnityEngine.LogOption,string,UnityEngine.Object)
UnityEngine.DebugLogHandler:LogFormat (UnityEngine.LogType,UnityEngine.Object,string,object[])
UnityEngine.Logger:Log (UnityEngine.LogType,object)
UnityEngine.Debug:Log (object)
Game.Editor.Testing.VarginhaBatchTestProgress:TestFinished (UnityEditor.TestTools.TestRunner.Api.ITestResultAdaptor) (at Assets/Scripts/Editor/Testing/VarginhaBatchTestProgress.cs:26)
UnityEditor.TestTools.TestRunner.Api.CallbacksDelegator/<>c__DisplayClass14_0:<TestFinished>b__0 (UnityEditor.TestTools.TestRunner.Api.ICallbacks) (at ./Library/PackageCache/com.unity.test-framework@7a3849e09bd0/UnityEditor.TestRunner/Api/CallbacksDelegator.cs:95)
UnityEditor.TestTools.TestRunner.Api.CallbacksDelegator:TryInvokeAllCallbacks (System.Action`1<UnityEditor.TestTools.TestRunner.Api.ICallbacks>) (at ./Library/PackageCache/com.unity.test-framework@7a3849e09bd0/UnityEditor.TestRunner/Api/CallbacksDelegator.cs:135)
UnityEditor.TestTools.TestRunner.Api.CallbacksDelegator:TestFinished (NUnit.Framework.Interfaces.ITestResult) (at ./Library/PackageCache/com.unity.test-framework@7a3849e09bd0/UnityEditor.TestRunner/Api/CallbacksDelegator.cs:95)
UnityEngine.Events.InvokableCall`1<NUnit.Framework.Interfaces.ITestResult>:Invoke (NUnit.Framework.Interfaces.ITestResult)
UnityEngine.Events.UnityEvent`1<NUnit.Framework.Interfaces.ITestResult>:Invoke (NUnit.Framework.Interfaces.ITestResult)
UnityEngine.Events.InvokableCall`1<NUnit.Framework.Interfaces.ITestResult>:Invoke (NUnit.Framework.Interfaces.ITestResult)
UnityEngine.Events.UnityEvent`1<NUnit.Framework.Interfaces.ITestResult>:Invoke (NUnit.Framework.Interfaces.ITestResult)
UnityEngine.TestTools.TestRunner.TestListenerWrapper:TestFinished (NUnit.Framework.Interfaces.ITestResult) (at ./Library/PackageCache/com.unity.test-framework@7a3849e09bd0/UnityEngine.TestRunner/TestRunner/TestListenerWrapper.cs:24)
UnityEngine.TestRunner.NUnitExtensions.Runner.UnityWorkItem:WorkItemComplete () (at ./Library/PackageCache/com.unity.test-framework@7a3849e09bd0/UnityEngine.TestRunner/NUnitExtensions/Runner/UnityWorkItem.cs:107)
UnityEngine.TestRunner.NUnitExtensions.Runner.DefaultTestWorkItem/<PerformWork>d__2:<>m__Finally1 () (at ./Library/PackageCache/com.unity.test-framework@7a3849e09bd0/UnityEngine.TestRunner/NUnitExtensions/Runner/DefaultTestWorkItem.cs:98)
UnityEngine.TestRunner.NUnitExtensions.Runner.DefaultTestWorkItem/<PerformWork>d__2:MoveNext () (at ./Library/PackageCache/com.unity.test-framework@7a3849e09bd0/UnityEngine.TestRunner/NUnitExtensions/Runner/DefaultTestWorkItem.cs:95)
UnityEngine.TestRunner.NUnitExtensions.Runner.CompositeWorkItem/<RunChildren>d__17:MoveNext () (at ./Library/PackageCache/com.unity.test-framework@7a3849e09bd0/UnityEngine.TestRunner/NUnitExtensions/Runner/CompositeWorkItem.cs:209)
UnityEngine.TestRunner.NUnitExtensions.Runner.CompositeWorkItem/<PerformWork>d__13:MoveNext () (at ./Library/PackageCache/com.unity.test-framework@7a3849e09bd0/UnityEngine.TestRunner/NUnitExtensions/Runner/CompositeWorkItem.cs:83)
UnityEngine.TestRunner.NUnitExtensions.Runner.CompositeWorkItem/<RunChildren>d__17:MoveNext () (at ./Library/PackageCache/com.unity.test-framework@7a3849e09bd0/UnityEngine.TestRunner/NUnitExtensions/Runner/CompositeWorkItem.cs:209)
UnityEngine.TestRunner.NUnitExtensions.Runner.CompositeWorkItem/<PerformWork>d__13:MoveNext () (at ./Library/PackageCache/com.unity.test-framework@7a3849e09bd0/UnityEngine.TestRunner/NUnitExtensions/Runner/CompositeWorkItem.cs:83)
UnityEngine.TestRunner.NUnitExtensions.Runner.CompositeWorkItem/<RunChildren>d__17:MoveNext () (at ./Library/PackageCache/com.unity.test-framework@7a3849e09bd0/UnityEngine.TestRunner/NUnitExtensions/Runner/CompositeWorkItem.cs:209)
UnityEngine.TestRunner.NUnitExtensions.Runner.CompositeWorkItem/<PerformWork>d__13:MoveNext () (at ./Library/PackageCache/com.unity.test-framework@7a3849e09bd0/UnityEngine.TestRunner/NUnitExtensions/Runner/CompositeWorkItem.cs:83)
UnityEngine.TestRunner.NUnitExtensions.Runner.CompositeWorkItem/<RunChildren>d__17:MoveNext () (at ./Library/PackageCache/com.unity.test-framework@7a3849e09bd0/UnityEngine.TestRunner/NUnitExtensions/Runner/CompositeWorkItem.cs:209)
UnityEngine.TestRunner.NUnitExtensions.Runner.CompositeWorkItem/<PerformWork>d__13:MoveNext () (at ./Library/PackageCache/com.unity.test-framework@7a3849e09bd0/UnityEngine.TestRunner/NUnitExtensions/Runner/CompositeWorkItem.cs:83)
UnityEngine.TestRunner.NUnitExtensions.Runner.CompositeWorkItem/<RunChildren>d__17:MoveNext () (at ./Library/PackageCache/com.unity.test-framework@7a3849e09bd0/UnityEngine.TestRunner/NUnitExtensions/Runner/CompositeWorkItem.cs:209)
UnityEngine.TestRunner.NUnitExtensions.Runner.CompositeWorkItem/<PerformWork>d__13:MoveNext () (at ./Library/PackageCache/com.unity.test-framework@7a3849e09bd0/UnityEngine.TestRunner/NUnitExtensions/Runner/CompositeWorkItem.cs:83)
UnityEngine.TestRunner.NUnitExtensions.Runner.CompositeWorkItem/<RunChildren>d__17:MoveNext () (at ./Library/PackageCache/com.unity.test-framework@7a3849e09bd0/UnityEngine.TestRunner/NUnitExtensions/Runner/CompositeWorkItem.cs:209)
UnityEngine.TestRunner.NUnitExtensions.Runner.CompositeWorkItem/<PerformWork>d__13:MoveNext () (at ./Library/PackageCache/com.unity.test-framework@7a3849e09bd0/UnityEngine.TestRunner/NUnitExtensions/Runner/CompositeWorkItem.cs:83)
UnityEngine.TestTools.TestRunner.PlaymodeTestsController/<TestRunnerCoroutine>d__25:MoveNext () (at ./Library/PackageCache/com.unity.test-framework@7a3849e09bd0/UnityEngine.TestRunner/TestRunner/PlaymodeTestsController.cs:100)
UnityEngine.SetupCoroutine:InvokeMoveNext (System.Collections.IEnumerator,intptr)

(Filename: Assets/Scripts/Editor/Testing/VarginhaBatchTestProgress.cs Line: 26)

QA test: Game.Tests.PlayMode.VarginhaRequestedGameplayTests.PewStopsWalkingAndSeatRestoresCollisionWhenInterrupted
UnityEngine.Debug:ExtractStackTraceNoAlloc (byte*,int,string)
UnityEngine.StackTraceUtility:ExtractStackTrace ()
UnityEngine.DebugLogHandler:Internal_Log (UnityEngine.LogType,UnityEngine.LogOption,string,UnityEngine.Object)
UnityEngine.DebugLogHandler:LogFormat (UnityEngine.LogType,UnityEngine.Object,string,object[])
UnityEngine.Logger:Log (UnityEngine.LogType,object)
UnityEngine.Debug:Log (object)
Game.Editor.Testing.VarginhaBatchTestProgress:TestStarted (UnityEditor.TestTools.TestRunner.Api.ITestAdaptor) (at Assets/Scripts/Editor/Testing/VarginhaBatchTestProgress.cs:22)
UnityEditor.TestTools.TestRunner.Api.CallbacksDelegator/<>c__DisplayClass12_0:<TestStarted>b__0 (UnityEditor.TestTools.TestRunner.Api.ICallbacks) (at ./Library/PackageCache/com.unity.test-framework@7a3849e09bd0/UnityEditor.TestRunner/Api/CallbacksDelegator.cs:81)
UnityEditor.TestTools.TestRunner.Api.CallbacksDelegator:TryInvokeAllCallbacks (System.Action`1<UnityEditor.TestTools.TestRunner.Api.ICallbacks>) (at ./Library/PackageCache/com.unity.test-framework@7a3849e09bd0/UnityEditor.TestRunner/Api/CallbacksDelegator.cs:135)
UnityEditor.TestTools.TestRunner.Api.CallbacksDelegator:TestStarted (NUnit.Framework.Interfaces.ITest) (at ./Library/PackageCache/com.unity.test-framework@7a3849e09bd0/UnityEditor.TestRunner/Api/CallbacksDelegator.cs:81)
UnityEngine.Events.InvokableCall`1<NUnit.Framework.Interfaces.ITest>:Invoke (NUnit.Framework.Interfaces.ITest)
UnityEngine.Events.UnityEvent`1<NUnit.Framework.Interfaces.ITest>:Invoke (NUnit.Framework.Interfaces.ITest)
UnityEngine.Events.InvokableCall`1<NUnit.Framework.Interfaces.ITest>:Invoke (NUnit.Framework.Interfaces.ITest)
UnityEngine.Events.UnityEvent`1<NUnit.Framework.Interfaces.ITest>:Invoke (NUnit.Framework.Interfaces.ITest)
UnityEngine.TestTools.TestRunner.TestListenerWrapper:TestStarted (NUnit.Framework.Interfaces.ITest) (at ./Library/PackageCache/com.unity.test-framework@7a3849e09bd0/UnityEngine.TestRunner/TestRunner/TestListenerWrapper.cs:19)
UnityEngine.TestRunner.NUnitExtensions.Runner.UnityWorkItem:Execute () (at ./Library/PackageCache/com.unity.test-framework@7a3849e09bd0/UnityEngine.TestRunner/NUnitExtensions/Runner/UnityWorkItem.cs:83)
UnityEngine.TestRunner.NUnitExtensions.Runner.CompositeWorkItem/<RunChildren>d__17:MoveNext () (at ./Library/PackageCache/com.unity.test-framework@7a3849e09bd0/UnityEngine.TestRunner/NUnitExtensions/Runner/CompositeWorkItem.cs:205)
UnityEngine.TestRunner.NUnitExtensions.Runner.CompositeWorkItem/<PerformWork>d__13:MoveNext () (at ./Library/PackageCache/com.unity.test-framework@7a3849e09bd0/UnityEngine.TestRunner/NUnitExtensions/Runner/CompositeWorkItem.cs:83)
UnityEngine.TestRunner.NUnitExtensions.Runner.CompositeWorkItem/<RunChildren>d__17:MoveNext () (at ./Library/PackageCache/com.unity.test-framework@7a3849e09bd0/UnityEngine.TestRunner/NUnitExtensions/Runner/CompositeWorkItem.cs:209)
UnityEngine.TestRunner.NUnitExtensions.Runner.CompositeWorkItem/<PerformWork>d__13:MoveNext () (at ./Library/PackageCache/com.unity.test-framework@7a3849e09bd0/UnityEngine.TestRunner/NUnitExtensions/Runner/CompositeWorkItem.cs:83)
UnityEngine.TestRunner.NUnitExtensions.Runner.CompositeWorkItem/<RunChildren>d__17:MoveNext () (at ./Library/PackageCache/com.unity.test-framework@7a3849e09bd0/UnityEngine.TestRunner/NUnitExtensions/Runner/CompositeWorkItem.cs:209)
UnityEngine.TestRunner.NUnitExtensions.Runner.CompositeWorkItem/<PerformWork>d__13:MoveNext () (at ./Library/PackageCache/com.unity.test-framework@7a3849e09bd0/UnityEngine.TestRunner/NUnitExtensions/Runner/CompositeWorkItem.cs:83)
UnityEngine.TestRunner.NUnitExtensions.Runner.CompositeWorkItem/<RunChildren>d__17:MoveNext () (at ./Library/PackageCache/com.unity.test-framework@7a3849e09bd0/UnityEngine.TestRunner/NUnitExtensions/Runner/CompositeWorkItem.cs:209)
UnityEngine.TestRunner.NUnitExtensions.Runner.CompositeWorkItem/<PerformWork>d__13:MoveNext () (at ./Library/PackageCache/com.unity.test-framework@7a3849e09bd0/UnityEngine.TestRunner/NUnitExtensions/Runner/CompositeWorkItem.cs:83)
UnityEngine.TestRunner.NUnitExtensions.Runner.CompositeWorkItem/<RunChildren>d__17:MoveNext () (at ./Library/PackageCache/com.unity.test-framework@7a3849e09bd0/UnityEngine.TestRunner/NUnitExtensions/Runner/CompositeWorkItem.cs:209)
UnityEngine.TestRunner.NUnitExtensions.Runner.CompositeWorkItem/<PerformWork>d__13:MoveNext () (at ./Library/PackageCache/com.unity.test-framework@7a3849e09bd0/UnityEngine.TestRunner/NUnitExtensions/Runner/CompositeWorkItem.cs:83)
UnityEngine.TestRunner.NUnitExtensions.Runner.CompositeWorkItem/<RunChildren>d__17:MoveNext () (at ./Library/PackageCache/com.unity.test-framework@7a3849e09bd0/UnityEngine.TestRunner/NUnitExtensions/Runner/CompositeWorkItem.cs:209)
UnityEngine.TestRunner.NUnitExtensions.Runner.CompositeWorkItem/<PerformWork>d__13:MoveNext () (at ./Library/PackageCache/com.unity.test-framework@7a3849e09bd0/UnityEngine.TestRunner/NUnitExtensions/Runner/CompositeWorkItem.cs:83)
UnityEngine.TestTools.TestRunner.PlaymodeTestsController/<TestRunnerCoroutine>d__25:MoveNext () (at ./Library/PackageCache/com.unity.test-framework@7a3849e09bd0/UnityEngine.TestRunner/TestRunner/PlaymodeTestsController.cs:100)
UnityEngine.SetupCoroutine:InvokeMoveNext (System.Collections.IEnumerator,intptr)

(Filename: Assets/Scripts/Editor/Testing/VarginhaBatchTestProgress.cs Line: 22)

QA result: Passed Game.Tests.PlayMode.VarginhaRequestedGameplayTests.PewStopsWalkingAndSeatRestoresCollisionWhenInterrupted
UnityEngine.Debug:ExtractStackTraceNoAlloc (byte*,int,string)
UnityEngine.StackTraceUtility:ExtractStackTrace ()
UnityEngine.DebugLogHandler:Internal_Log (UnityEngine.LogType,UnityEngine.LogOption,string,UnityEngine.Object)
UnityEngine.DebugLogHandler:LogFormat (UnityEngine.LogType,UnityEngine.Object,string,object[])
UnityEngine.Logger:Log (UnityEngine.LogType,object)
UnityEngine.Debug:Log (object)
Game.Editor.Testing.VarginhaBatchTestProgress:TestFinished (UnityEditor.TestTools.TestRunner.Api.ITestResultAdaptor) (at Assets/Scripts/Editor/Testing/VarginhaBatchTestProgress.cs:26)
UnityEditor.TestTools.TestRunner.Api.CallbacksDelegator/<>c__DisplayClass14_0:<TestFinished>b__0 (UnityEditor.TestTools.TestRunner.Api.ICallbacks) (at ./Library/PackageCache/com.unity.test-framework@7a3849e09bd0/UnityEditor.TestRunner/Api/CallbacksDelegator.cs:95)
UnityEditor.TestTools.TestRunner.Api.CallbacksDelegator:TryInvokeAllCallbacks (System.Action`1<UnityEditor.TestTools.TestRunner.Api.ICallbacks>) (at ./Library/PackageCache/com.unity.test-framework@7a3849e09bd0/UnityEditor.TestRunner/Api/CallbacksDelegator.cs:135)
UnityEditor.TestTools.TestRunner.Api.CallbacksDelegator:TestFinished (NUnit.Framework.Interfaces.ITestResult) (at ./Library/PackageCache/com.unity.test-framework@7a3849e09bd0/UnityEditor.TestRunner/Api/CallbacksDelegator.cs:95)
UnityEngine.Events.InvokableCall`1<NUnit.Framework.Interfaces.ITestResult>:Invoke (NUnit.Framework.Interfaces.ITestResult)
UnityEngine.Events.UnityEvent`1<NUnit.Framework.Interfaces.ITestResult>:Invoke (NUnit.Framework.Interfaces.ITestResult)
UnityEngine.Events.InvokableCall`1<NUnit.Framework.Interfaces.ITestResult>:Invoke (NUnit.Framework.Interfaces.ITestResult)
UnityEngine.Events.UnityEvent`1<NUnit.Framework.Interfaces.ITestResult>:Invoke (NUnit.Framework.Interfaces.ITestResult)
UnityEngine.TestTools.TestRunner.TestListenerWrapper:TestFinished (NUnit.Framework.Interfaces.ITestResult) (at ./Library/PackageCache/com.unity.test-framework@7a3849e09bd0/UnityEngine.TestRunner/TestRunner/TestListenerWrapper.cs:24)
UnityEngine.TestRunner.NUnitExtensions.Runner.UnityWorkItem:WorkItemComplete () (at ./Library/PackageCache/com.unity.test-framework@7a3849e09bd0/UnityEngine.TestRunner/NUnitExtensions/Runner/UnityWorkItem.cs:107)
UnityEngine.TestRunner.NUnitExtensions.Runner.CoroutineTestWorkItem/<PerformWork>d__7:<>m__Finally1 () (at ./Library/PackageCache/com.unity.test-framework@7a3849e09bd0/UnityEngine.TestRunner/NUnitExtensions/Runner/CoroutineTestWorkItem.cs:67)
UnityEngine.TestRunner.NUnitExtensions.Runner.CoroutineTestWorkItem/<PerformWork>d__7:MoveNext () (at ./Library/PackageCache/com.unity.test-framework@7a3849e09bd0/UnityEngine.TestRunner/NUnitExtensions/Runner/CoroutineTestWorkItem.cs:64)
UnityEngine.TestRunner.NUnitExtensions.Runner.CompositeWorkItem/<RunChildren>d__17:MoveNext () (at ./Library/PackageCache/com.unity.test-framework@7a3849e09bd0/UnityEngine.TestRunner/NUnitExtensions/Runner/CompositeWorkItem.cs:209)
UnityEngine.TestRunner.NUnitExtensions.Runner.CompositeWorkItem/<PerformWork>d__13:MoveNext () (at ./Library/PackageCache/com.unity.test-framework@7a3849e09bd0/UnityEngine.TestRunner/NUnitExtensions/Runner/CompositeWorkItem.cs:83)
UnityEngine.TestRunner.NUnitExtensions.Runner.CompositeWorkItem/<RunChildren>d__17:MoveNext () (at ./Library/PackageCache/com.unity.test-framework@7a3849e09bd0/UnityEngine.TestRunner/NUnitExtensions/Runner/CompositeWorkItem.cs:209)
UnityEngine.TestRunner.NUnitExtensions.Runner.CompositeWorkItem/<PerformWork>d__13:MoveNext () (at ./Library/PackageCache/com.unity.test-framework@7a3849e09bd0/UnityEngine.TestRunner/NUnitExtensions/Runner/CompositeWorkItem.cs:83)
UnityEngine.TestRunner.NUnitExtensions.Runner.CompositeWorkItem/<RunChildren>d__17:MoveNext () (at ./Library/PackageCache/com.unity.test-framework@7a3849e09bd0/UnityEngine.TestRunner/NUnitExtensions/Runner/CompositeWorkItem.cs:209)
UnityEngine.TestRunner.NUnitExtensions.Runner.CompositeWorkItem/<PerformWork>d__13:MoveNext () (at ./Library/PackageCache/com.unity.test-framework@7a3849e09bd0/UnityEngine.TestRunner/NUnitExtensions/Runner/CompositeWorkItem.cs:83)
UnityEngine.TestRunner.NUnitExtensions.Runner.CompositeWorkItem/<RunChildren>d__17:MoveNext () (at ./Library/PackageCache/com.unity.test-framework@7a3849e09bd0/UnityEngine.TestRunner/NUnitExtensions/Runner/CompositeWorkItem.cs:209)
UnityEngine.TestRunner.NUnitExtensions.Runner.CompositeWorkItem/<PerformWork>d__13:MoveNext () (at ./Library/PackageCache/com.unity.test-framework@7a3849e09bd0/UnityEngine.TestRunner/NUnitExtensions/Runner/CompositeWorkItem.cs:83)
UnityEngine.TestRunner.NUnitExtensions.Runner.CompositeWorkItem/<RunChildren>d__17:MoveNext () (at ./Library/PackageCache/com.unity.test-framework@7a3849e09bd0/UnityEngine.TestRunner/NUnitExtensions/Runner/CompositeWorkItem.cs:209)
UnityEngine.TestRunner.NUnitExtensions.Runner.CompositeWorkItem/<PerformWork>d__13:MoveNext () (at ./Library/PackageCache/com.unity.test-framework@7a3849e09bd0/UnityEngine.TestRunner/NUnitExtensions/Runner/CompositeWorkItem.cs:83)
UnityEngine.TestRunner.NUnitExtensions.Runner.CompositeWorkItem/<RunChildren>d__17:MoveNext () (at ./Library/PackageCache/com.unity.test-framework@7a3849e09bd0/UnityEngine.TestRunner/NUnitExtensions/Runner/CompositeWorkItem.cs:209)
UnityEngine.TestRunner.NUnitExtensions.Runner.CompositeWorkItem/<PerformWork>d__13:MoveNext () (at ./Library/PackageCache/com.unity.test-framework@7a3849e09bd0/UnityEngine.TestRunner/NUnitExtensions/Runner/CompositeWorkItem.cs:83)
UnityEngine.TestTools.TestRunner.PlaymodeTestsController/<TestRunnerCoroutine>d__25:MoveNext () (at ./Library/PackageCache/com.unity.test-framework@7a3849e09bd0/UnityEngine.TestRunner/TestRunner/PlaymodeTestsController.cs:100)
UnityEngine.SetupCoroutine:InvokeMoveNext (System.Collections.IEnumerator,intptr)

(Filename: Assets/Scripts/Editor/Testing/VarginhaBatchTestProgress.cs Line: 26)

QA test: Game.Tests.PlayMode.VarginhaSchoolRescueTests.ConfirmedEncounterRescuesStudentsWhenDefeatedEnemiesWereRemoved
UnityEngine.Debug:ExtractStackTraceNoAlloc (byte*,int,string)
UnityEngine.StackTraceUtility:ExtractStackTrace ()
UnityEngine.DebugLogHandler:Internal_Log (UnityEngine.LogType,UnityEngine.LogOption,string,UnityEngine.Object)
UnityEngine.DebugLogHandler:LogFormat (UnityEngine.LogType,UnityEngine.Object,string,object[])
UnityEngine.Logger:Log (UnityEngine.LogType,object)
UnityEngine.Debug:Log (object)
Game.Editor.Testing.VarginhaBatchTestProgress:TestStarted (UnityEditor.TestTools.TestRunner.Api.ITestAdaptor) (at Assets/Scripts/Editor/Testing/VarginhaBatchTestProgress.cs:22)
UnityEditor.TestTools.TestRunner.Api.CallbacksDelegator/<>c__DisplayClass12_0:<TestStarted>b__0 (UnityEditor.TestTools.TestRunner.Api.ICallbacks) (at ./Library/PackageCache/com.unity.test-framework@7a3849e09bd0/UnityEditor.TestRunner/Api/CallbacksDelegator.cs:81)
UnityEditor.TestTools.TestRunner.Api.CallbacksDelegator:TryInvokeAllCallbacks (System.Action`1<UnityEditor.TestTools.TestRunner.Api.ICallbacks>) (at ./Library/PackageCache/com.unity.test-framework@7a3849e09bd0/UnityEditor.TestRunner/Api/CallbacksDelegator.cs:135)
UnityEditor.TestTools.TestRunner.Api.CallbacksDelegator:TestStarted (NUnit.Framework.Interfaces.ITest) (at ./Library/PackageCache/com.unity.test-framework@7a3849e09bd0/UnityEditor.TestRunner/Api/CallbacksDelegator.cs:81)
UnityEngine.Events.InvokableCall`1<NUnit.Framework.Interfaces.ITest>:Invoke (NUnit.Framework.Interfaces.ITest)
UnityEngine.Events.UnityEvent`1<NUnit.Framework.Interfaces.ITest>:Invoke (NUnit.Framework.Interfaces.ITest)
UnityEngine.Events.InvokableCall`1<NUnit.Framework.Interfaces.ITest>:Invoke (NUnit.Framework.Interfaces.ITest)
UnityEngine.Events.UnityEvent`1<NUnit.Framework.Interfaces.ITest>:Invoke (NUnit.Framework.Interfaces.ITest)
UnityEngine.TestTools.TestRunner.TestListenerWrapper:TestStarted (NUnit.Framework.Interfaces.ITest) (at ./Library/PackageCache/com.unity.test-framework@7a3849e09bd0/UnityEngine.TestRunner/TestRunner/TestListenerWrapper.cs:19)
UnityEngine.TestRunner.NUnitExtensions.Runner.UnityWorkItem:Execute () (at ./Library/PackageCache/com.unity.test-framework@7a3849e09bd0/UnityEngine.TestRunner/NUnitExtensions/Runner/UnityWorkItem.cs:83)
UnityEngine.TestRunner.NUnitExtensions.Runner.CompositeWorkItem/<RunChildren>d__17:MoveNext () (at ./Library/PackageCache/com.unity.test-framework@7a3849e09bd0/UnityEngine.TestRunner/NUnitExtensions/Runner/CompositeWorkItem.cs:205)
UnityEngine.TestRunner.NUnitExtensions.Runner.CompositeWorkItem/<PerformWork>d__13:MoveNext () (at ./Library/PackageCache/com.unity.test-framework@7a3849e09bd0/UnityEngine.TestRunner/NUnitExtensions/Runner/CompositeWorkItem.cs:83)
UnityEngine.TestRunner.NUnitExtensions.Runner.CompositeWorkItem/<RunChildren>d__17:MoveNext () (at ./Library/PackageCache/com.unity.test-framework@7a3849e09bd0/UnityEngine.TestRunner/NUnitExtensions/Runner/CompositeWorkItem.cs:209)
UnityEngine.TestRunner.NUnitExtensions.Runner.CompositeWorkItem/<PerformWork>d__13:MoveNext () (at ./Library/PackageCache/com.unity.test-framework@7a3849e09bd0/UnityEngine.TestRunner/NUnitExtensions/Runner/CompositeWorkItem.cs:83)
UnityEngine.TestRunner.NUnitExtensions.Runner.CompositeWorkItem/<RunChildren>d__17:MoveNext () (at ./Library/PackageCache/com.unity.test-framework@7a3849e09bd0/UnityEngine.TestRunner/NUnitExtensions/Runner/CompositeWorkItem.cs:209)
UnityEngine.TestRunner.NUnitExtensions.Runner.CompositeWorkItem/<PerformWork>d__13:MoveNext () (at ./Library/PackageCache/com.unity.test-framework@7a3849e09bd0/UnityEngine.TestRunner/NUnitExtensions/Runner/CompositeWorkItem.cs:83)
UnityEngine.TestRunner.NUnitExtensions.Runner.CompositeWorkItem/<RunChildren>d__17:MoveNext () (at ./Library/PackageCache/com.unity.test-framework@7a3849e09bd0/UnityEngine.TestRunner/NUnitExtensions/Runner/CompositeWorkItem.cs:209)
UnityEngine.TestRunner.NUnitExtensions.Runner.CompositeWorkItem/<PerformWork>d__13:MoveNext () (at ./Library/PackageCache/com.unity.test-framework@7a3849e09bd0/UnityEngine.TestRunner/NUnitExtensions/Runner/CompositeWorkItem.cs:83)
UnityEngine.TestRunner.NUnitExtensions.Runner.CompositeWorkItem/<RunChildren>d__17:MoveNext () (at ./Library/PackageCache/com.unity.test-framework@7a3849e09bd0/UnityEngine.TestRunner/NUnitExtensions/Runner/CompositeWorkItem.cs:209)
UnityEngine.TestRunner.NUnitExtensions.Runner.CompositeWorkItem/<PerformWork>d__13:MoveNext () (at ./Library/PackageCache/com.unity.test-framework@7a3849e09bd0/UnityEngine.TestRunner/NUnitExtensions/Runner/CompositeWorkItem.cs:83)
UnityEngine.TestRunner.NUnitExtensions.Runner.CompositeWorkItem/<RunChildren>d__17:MoveNext () (at ./Library/PackageCache/com.unity.test-framework@7a3849e09bd0/UnityEngine.TestRunner/NUnitExtensions/Runner/CompositeWorkItem.cs:209)
UnityEngine.TestRunner.NUnitExtensions.Runner.CompositeWorkItem/<PerformWork>d__13:MoveNext () (at ./Library/PackageCache/com.unity.test-framework@7a3849e09bd0/UnityEngine.TestRunner/NUnitExtensions/Runner/CompositeWorkItem.cs:83)
UnityEngine.TestTools.TestRunner.PlaymodeTestsController/<TestRunnerCoroutine>d__25:MoveNext () (at ./Library/PackageCache/com.unity.test-framework@7a3849e09bd0/UnityEngine.TestRunner/TestRunner/PlaymodeTestsController.cs:100)
UnityEngine.SetupCoroutine:InvokeMoveNext (System.Collections.IEnumerator,intptr)

(Filename: Assets/Scripts/Editor/Testing/VarginhaBatchTestProgress.cs Line: 22)

QA result: Passed Game.Tests.PlayMode.VarginhaSchoolRescueTests.ConfirmedEncounterRescuesStudentsWhenDefeatedEnemiesWereRemoved
UnityEngine.Debug:ExtractStackTraceNoAlloc (byte*,int,string)
UnityEngine.StackTraceUtility:ExtractStackTrace ()
UnityEngine.DebugLogHandler:Internal_Log (UnityEngine.LogType,UnityEngine.LogOption,string,UnityEngine.Object)
UnityEngine.DebugLogHandler:LogFormat (UnityEngine.LogType,UnityEngine.Object,string,object[])
UnityEngine.Logger:Log (UnityEngine.LogType,object)
UnityEngine.Debug:Log (object)
Game.Editor.Testing.VarginhaBatchTestProgress:TestFinished (UnityEditor.TestTools.TestRunner.Api.ITestResultAdaptor) (at Assets/Scripts/Editor/Testing/VarginhaBatchTestProgress.cs:26)
UnityEditor.TestTools.TestRunner.Api.CallbacksDelegator/<>c__DisplayClass14_0:<TestFinished>b__0 (UnityEditor.TestTools.TestRunner.Api.ICallbacks) (at ./Library/PackageCache/com.unity.test-framework@7a3849e09bd0/UnityEditor.TestRunner/Api/CallbacksDelegator.cs:95)
UnityEditor.TestTools.TestRunner.Api.CallbacksDelegator:TryInvokeAllCallbacks (System.Action`1<UnityEditor.TestTools.TestRunner.Api.ICallbacks>) (at ./Library/PackageCache/com.unity.test-framework@7a3849e09bd0/UnityEditor.TestRunner/Api/CallbacksDelegator.cs:135)
UnityEditor.TestTools.TestRunner.Api.CallbacksDelegator:TestFinished (NUnit.Framework.Interfaces.ITestResult) (at ./Library/PackageCache/com.unity.test-framework@7a3849e09bd0/UnityEditor.TestRunner/Api/CallbacksDelegator.cs:95)
UnityEngine.Events.InvokableCall`1<NUnit.Framework.Interfaces.ITestResult>:Invoke (NUnit.Framework.Interfaces.ITestResult)
UnityEngine.Events.UnityEvent`1<NUnit.Framework.Interfaces.ITestResult>:Invoke (NUnit.Framework.Interfaces.ITestResult)
UnityEngine.Events.InvokableCall`1<NUnit.Framework.Interfaces.ITestResult>:Invoke (NUnit.Framework.Interfaces.ITestResult)
UnityEngine.Events.UnityEvent`1<NUnit.Framework.Interfaces.ITestResult>:Invoke (NUnit.Framework.Interfaces.ITestResult)
UnityEngine.TestTools.TestRunner.TestListenerWrapper:TestFinished (NUnit.Framework.Interfaces.ITestResult) (at ./Library/PackageCache/com.unity.test-framework@7a3849e09bd0/UnityEngine.TestRunner/TestRunner/TestListenerWrapper.cs:24)
UnityEngine.TestRunner.NUnitExtensions.Runner.UnityWorkItem:WorkItemComplete () (at ./Library/PackageCache/com.unity.test-framework@7a3849e09bd0/UnityEngine.TestRunner/NUnitExtensions/Runner/UnityWorkItem.cs:107)
UnityEngine.TestRunner.NUnitExtensions.Runner.DefaultTestWorkItem/<PerformWork>d__2:<>m__Finally1 () (at ./Library/PackageCache/com.unity.test-framework@7a3849e09bd0/UnityEngine.TestRunner/NUnitExtensions/Runner/DefaultTestWorkItem.cs:98)
UnityEngine.TestRunner.NUnitExtensions.Runner.DefaultTestWorkItem/<PerformWork>d__2:MoveNext () (at ./Library/PackageCache/com.unity.test-framework@7a3849e09bd0/UnityEngine.TestRunner/NUnitExtensions/Runner/DefaultTestWorkItem.cs:95)
UnityEngine.TestRunner.NUnitExtensions.Runner.CompositeWorkItem/<RunChildren>d__17:MoveNext () (at ./Library/PackageCache/com.unity.test-framework@7a3849e09bd0/UnityEngine.TestRunner/NUnitExtensions/Runner/CompositeWorkItem.cs:209)
UnityEngine.TestRunner.NUnitExtensions.Runner.CompositeWorkItem/<PerformWork>d__13:MoveNext () (at ./Library/PackageCache/com.unity.test-framework@7a3849e09bd0/UnityEngine.TestRunner/NUnitExtensions/Runner/CompositeWorkItem.cs:83)
UnityEngine.TestRunner.NUnitExtensions.Runner.CompositeWorkItem/<RunChildren>d__17:MoveNext () (at ./Library/PackageCache/com.unity.test-framework@7a3849e09bd0/UnityEngine.TestRunner/NUnitExtensions/Runner/CompositeWorkItem.cs:209)
UnityEngine.TestRunner.NUnitExtensions.Runner.CompositeWorkItem/<PerformWork>d__13:MoveNext () (at ./Library/PackageCache/com.unity.test-framework@7a3849e09bd0/UnityEngine.TestRunner/NUnitExtensions/Runner/CompositeWorkItem.cs:83)
UnityEngine.TestRunner.NUnitExtensions.Runner.CompositeWorkItem/<RunChildren>d__17:MoveNext () (at ./Library/PackageCache/com.unity.test-framework@7a3849e09bd0/UnityEngine.TestRunner/NUnitExtensions/Runner/CompositeWorkItem.cs:209)
UnityEngine.TestRunner.NUnitExtensions.Runner.CompositeWorkItem/<PerformWork>d__13:MoveNext () (at ./Library/PackageCache/com.unity.test-framework@7a3849e09bd0/UnityEngine.TestRunner/NUnitExtensions/Runner/CompositeWorkItem.cs:83)
UnityEngine.TestRunner.NUnitExtensions.Runner.CompositeWorkItem/<RunChildren>d__17:MoveNext () (at ./Library/PackageCache/com.unity.test-framework@7a3849e09bd0/UnityEngine.TestRunner/NUnitExtensions/Runner/CompositeWorkItem.cs:209)
UnityEngine.TestRunner.NUnitExtensions.Runner.CompositeWorkItem/<PerformWork>d__13:MoveNext () (at ./Library/PackageCache/com.unity.test-framework@7a3849e09bd0/UnityEngine.TestRunner/NUnitExtensions/Runner/CompositeWorkItem.cs:83)
UnityEngine.TestRunner.NUnitExtensions.Runner.CompositeWorkItem/<RunChildren>d__17:MoveNext () (at ./Library/PackageCache/com.unity.test-framework@7a3849e09bd0/UnityEngine.TestRunner/NUnitExtensions/Runner/CompositeWorkItem.cs:209)
UnityEngine.TestRunner.NUnitExtensions.Runner.CompositeWorkItem/<PerformWork>d__13:MoveNext () (at ./Library/PackageCache/com.unity.test-framework@7a3849e09bd0/UnityEngine.TestRunner/NUnitExtensions/Runner/CompositeWorkItem.cs:83)
UnityEngine.TestRunner.NUnitExtensions.Runner.CompositeWorkItem/<RunChildren>d__17:MoveNext () (at ./Library/PackageCache/com.unity.test-framework@7a3849e09bd0/UnityEngine.TestRunner/NUnitExtensions/Runner/CompositeWorkItem.cs:209)
UnityEngine.TestRunner.NUnitExtensions.Runner.CompositeWorkItem/<PerformWork>d__13:MoveNext () (at ./Library/PackageCache/com.unity.test-framework@7a3849e09bd0/UnityEngine.TestRunner/NUnitExtensions/Runner/CompositeWorkItem.cs:83)
UnityEngine.TestTools.TestRunner.PlaymodeTestsController/<TestRunnerCoroutine>d__25:MoveNext () (at ./Library/PackageCache/com.unity.test-framework@7a3849e09bd0/UnityEngine.TestRunner/TestRunner/PlaymodeTestsController.cs:100)
UnityEngine.SetupCoroutine:InvokeMoveNext (System.Collections.IEnumerator,intptr)

(Filename: Assets/Scripts/Editor/Testing/VarginhaBatchTestProgress.cs Line: 26)

QA test: Game.Tests.PlayMode.VarginhaSchoolRescueTests.NineReleasedStudentsWalkOutTheDoorAndReachExternalFusca
UnityEngine.Debug:ExtractStackTraceNoAlloc (byte*,int,string)
UnityEngine.StackTraceUtility:ExtractStackTrace ()
UnityEngine.DebugLogHandler:Internal_Log (UnityEngine.LogType,UnityEngine.LogOption,string,UnityEngine.Object)
UnityEngine.DebugLogHandler:LogFormat (UnityEngine.LogType,UnityEngine.Object,string,object[])
UnityEngine.Logger:Log (UnityEngine.LogType,object)
UnityEngine.Debug:Log (object)
Game.Editor.Testing.VarginhaBatchTestProgress:TestStarted (UnityEditor.TestTools.TestRunner.Api.ITestAdaptor) (at Assets/Scripts/Editor/Testing/VarginhaBatchTestProgress.cs:22)
UnityEditor.TestTools.TestRunner.Api.CallbacksDelegator/<>c__DisplayClass12_0:<TestStarted>b__0 (UnityEditor.TestTools.TestRunner.Api.ICallbacks) (at ./Library/PackageCache/com.unity.test-framework@7a3849e09bd0/UnityEditor.TestRunner/Api/CallbacksDelegator.cs:81)
UnityEditor.TestTools.TestRunner.Api.CallbacksDelegator:TryInvokeAllCallbacks (System.Action`1<UnityEditor.TestTools.TestRunner.Api.ICallbacks>) (at ./Library/PackageCache/com.unity.test-framework@7a3849e09bd0/UnityEditor.TestRunner/Api/CallbacksDelegator.cs:135)
UnityEditor.TestTools.TestRunner.Api.CallbacksDelegator:TestStarted (NUnit.Framework.Interfaces.ITest) (at ./Library/PackageCache/com.unity.test-framework@7a3849e09bd0/UnityEditor.TestRunner/Api/CallbacksDelegator.cs:81)
UnityEngine.Events.InvokableCall`1<NUnit.Framework.Interfaces.ITest>:Invoke (NUnit.Framework.Interfaces.ITest)
UnityEngine.Events.UnityEvent`1<NUnit.Framework.Interfaces.ITest>:Invoke (NUnit.Framework.Interfaces.ITest)
UnityEngine.Events.InvokableCall`1<NUnit.Framework.Interfaces.ITest>:Invoke (NUnit.Framework.Interfaces.ITest)
UnityEngine.Events.UnityEvent`1<NUnit.Framework.Interfaces.ITest>:Invoke (NUnit.Framework.Interfaces.ITest)
UnityEngine.TestTools.TestRunner.TestListenerWrapper:TestStarted (NUnit.Framework.Interfaces.ITest) (at ./Library/PackageCache/com.unity.test-framework@7a3849e09bd0/UnityEngine.TestRunner/TestRunner/TestListenerWrapper.cs:19)
UnityEngine.TestRunner.NUnitExtensions.Runner.UnityWorkItem:Execute () (at ./Library/PackageCache/com.unity.test-framework@7a3849e09bd0/UnityEngine.TestRunner/NUnitExtensions/Runner/UnityWorkItem.cs:83)
UnityEngine.TestRunner.NUnitExtensions.Runner.CompositeWorkItem/<RunChildren>d__17:MoveNext () (at ./Library/PackageCache/com.unity.test-framework@7a3849e09bd0/UnityEngine.TestRunner/NUnitExtensions/Runner/CompositeWorkItem.cs:205)
UnityEngine.TestRunner.NUnitExtensions.Runner.CompositeWorkItem/<PerformWork>d__13:MoveNext () (at ./Library/PackageCache/com.unity.test-framework@7a3849e09bd0/UnityEngine.TestRunner/NUnitExtensions/Runner/CompositeWorkItem.cs:83)
UnityEngine.TestRunner.NUnitExtensions.Runner.CompositeWorkItem/<RunChildren>d__17:MoveNext () (at ./Library/PackageCache/com.unity.test-framework@7a3849e09bd0/UnityEngine.TestRunner/NUnitExtensions/Runner/CompositeWorkItem.cs:209)
UnityEngine.TestRunner.NUnitExtensions.Runner.CompositeWorkItem/<PerformWork>d__13:MoveNext () (at ./Library/PackageCache/com.unity.test-framework@7a3849e09bd0/UnityEngine.TestRunner/NUnitExtensions/Runner/CompositeWorkItem.cs:83)
UnityEngine.TestRunner.NUnitExtensions.Runner.CompositeWorkItem/<RunChildren>d__17:MoveNext () (at ./Library/PackageCache/com.unity.test-framework@7a3849e09bd0/UnityEngine.TestRunner/NUnitExtensions/Runner/CompositeWorkItem.cs:209)
UnityEngine.TestRunner.NUnitExtensions.Runner.CompositeWorkItem/<PerformWork>d__13:MoveNext () (at ./Library/PackageCache/com.unity.test-framework@7a3849e09bd0/UnityEngine.TestRunner/NUnitExtensions/Runner/CompositeWorkItem.cs:83)
UnityEngine.TestRunner.NUnitExtensions.Runner.CompositeWorkItem/<RunChildren>d__17:MoveNext () (at ./Library/PackageCache/com.unity.test-framework@7a3849e09bd0/UnityEngine.TestRunner/NUnitExtensions/Runner/CompositeWorkItem.cs:209)
UnityEngine.TestRunner.NUnitExtensions.Runner.CompositeWorkItem/<PerformWork>d__13:MoveNext () (at ./Library/PackageCache/com.unity.test-framework@7a3849e09bd0/UnityEngine.TestRunner/NUnitExtensions/Runner/CompositeWorkItem.cs:83)
UnityEngine.TestRunner.NUnitExtensions.Runner.CompositeWorkItem/<RunChildren>d__17:MoveNext () (at ./Library/PackageCache/com.unity.test-framework@7a3849e09bd0/UnityEngine.TestRunner/NUnitExtensions/Runner/CompositeWorkItem.cs:209)
UnityEngine.TestRunner.NUnitExtensions.Runner.CompositeWorkItem/<PerformWork>d__13:MoveNext () (at ./Library/PackageCache/com.unity.test-framework@7a3849e09bd0/UnityEngine.TestRunner/NUnitExtensions/Runner/CompositeWorkItem.cs:83)
UnityEngine.TestRunner.NUnitExtensions.Runner.CompositeWorkItem/<RunChildren>d__17:MoveNext () (at ./Library/PackageCache/com.unity.test-framework@7a3849e09bd0/UnityEngine.TestRunner/NUnitExtensions/Runner/CompositeWorkItem.cs:209)
UnityEngine.TestRunner.NUnitExtensions.Runner.CompositeWorkItem/<PerformWork>d__13:MoveNext () (at ./Library/PackageCache/com.unity.test-framework@7a3849e09bd0/UnityEngine.TestRunner/NUnitExtensions/Runner/CompositeWorkItem.cs:83)
UnityEngine.TestTools.TestRunner.PlaymodeTestsController/<TestRunnerCoroutine>d__25:MoveNext () (at ./Library/PackageCache/com.unity.test-framework@7a3849e09bd0/UnityEngine.TestRunner/TestRunner/PlaymodeTestsController.cs:100)
UnityEngine.SetupCoroutine:InvokeMoveNext (System.Collections.IEnumerator,intptr)

(Filename: Assets/Scripts/Editor/Testing/VarginhaBatchTestProgress.cs Line: 22)

QA result: Passed Game.Tests.PlayMode.VarginhaSchoolRescueTests.NineReleasedStudentsWalkOutTheDoorAndReachExternalFusca
UnityEngine.Debug:ExtractStackTraceNoAlloc (byte*,int,string)
UnityEngine.StackTraceUtility:ExtractStackTrace ()
UnityEngine.DebugLogHandler:Internal_Log (UnityEngine.LogType,UnityEngine.LogOption,string,UnityEngine.Object)
UnityEngine.DebugLogHandler:LogFormat (UnityEngine.LogType,UnityEngine.Object,string,object[])
UnityEngine.Logger:Log (UnityEngine.LogType,object)
UnityEngine.Debug:Log (object)
Game.Editor.Testing.VarginhaBatchTestProgress:TestFinished (UnityEditor.TestTools.TestRunner.Api.ITestResultAdaptor) (at Assets/Scripts/Editor/Testing/VarginhaBatchTestProgress.cs:26)
UnityEditor.TestTools.TestRunner.Api.CallbacksDelegator/<>c__DisplayClass14_0:<TestFinished>b__0 (UnityEditor.TestTools.TestRunner.Api.ICallbacks) (at ./Library/PackageCache/com.unity.test-framework@7a3849e09bd0/UnityEditor.TestRunner/Api/CallbacksDelegator.cs:95)
UnityEditor.TestTools.TestRunner.Api.CallbacksDelegator:TryInvokeAllCallbacks (System.Action`1<UnityEditor.TestTools.TestRunner.Api.ICallbacks>) (at ./Library/PackageCache/com.unity.test-framework@7a3849e09bd0/UnityEditor.TestRunner/Api/CallbacksDelegator.cs:135)
UnityEditor.TestTools.TestRunner.Api.CallbacksDelegator:TestFinished (NUnit.Framework.Interfaces.ITestResult) (at ./Library/PackageCache/com.unity.test-framework@7a3849e09bd0/UnityEditor.TestRunner/Api/CallbacksDelegator.cs:95)
UnityEngine.Events.InvokableCall`1<NUnit.Framework.Interfaces.ITestResult>:Invoke (NUnit.Framework.Interfaces.ITestResult)
UnityEngine.Events.UnityEvent`1<NUnit.Framework.Interfaces.ITestResult>:Invoke (NUnit.Framework.Interfaces.ITestResult)
UnityEngine.Events.InvokableCall`1<NUnit.Framework.Interfaces.ITestResult>:Invoke (NUnit.Framework.Interfaces.ITestResult)
UnityEngine.Events.UnityEvent`1<NUnit.Framework.Interfaces.ITestResult>:Invoke (NUnit.Framework.Interfaces.ITestResult)
UnityEngine.TestTools.TestRunner.TestListenerWrapper:TestFinished (NUnit.Framework.Interfaces.ITestResult) (at ./Library/PackageCache/com.unity.test-framework@7a3849e09bd0/UnityEngine.TestRunner/TestRunner/TestListenerWrapper.cs:24)
UnityEngine.TestRunner.NUnitExtensions.Runner.UnityWorkItem:WorkItemComplete () (at ./Library/PackageCache/com.unity.test-framework@7a3849e09bd0/UnityEngine.TestRunner/NUnitExtensions/Runner/UnityWorkItem.cs:107)
UnityEngine.TestRunner.NUnitExtensions.Runner.CoroutineTestWorkItem/<PerformWork>d__7:<>m__Finally1 () (at ./Library/PackageCache/com.unity.test-framework@7a3849e09bd0/UnityEngine.TestRunner/NUnitExtensions/Runner/CoroutineTestWorkItem.cs:67)
UnityEngine.TestRunner.NUnitExtensions.Runner.CoroutineTestWorkItem/<PerformWork>d__7:MoveNext () (at ./Library/PackageCache/com.unity.test-framework@7a3849e09bd0/UnityEngine.TestRunner/NUnitExtensions/Runner/CoroutineTestWorkItem.cs:64)
UnityEngine.TestRunner.NUnitExtensions.Runner.CompositeWorkItem/<RunChildren>d__17:MoveNext () (at ./Library/PackageCache/com.unity.test-framework@7a3849e09bd0/UnityEngine.TestRunner/NUnitExtensions/Runner/CompositeWorkItem.cs:209)
UnityEngine.TestRunner.NUnitExtensions.Runner.CompositeWorkItem/<PerformWork>d__13:MoveNext () (at ./Library/PackageCache/com.unity.test-framework@7a3849e09bd0/UnityEngine.TestRunner/NUnitExtensions/Runner/CompositeWorkItem.cs:83)
UnityEngine.TestRunner.NUnitExtensions.Runner.CompositeWorkItem/<RunChildren>d__17:MoveNext () (at ./Library/PackageCache/com.unity.test-framework@7a3849e09bd0/UnityEngine.TestRunner/NUnitExtensions/Runner/CompositeWorkItem.cs:209)
UnityEngine.TestRunner.NUnitExtensions.Runner.CompositeWorkItem/<PerformWork>d__13:MoveNext () (at ./Library/PackageCache/com.unity.test-framework@7a3849e09bd0/UnityEngine.TestRunner/NUnitExtensions/Runner/CompositeWorkItem.cs:83)
UnityEngine.TestRunner.NUnitExtensions.Runner.CompositeWorkItem/<RunChildren>d__17:MoveNext () (at ./Library/PackageCache/com.unity.test-framework@7a3849e09bd0/UnityEngine.TestRunner/NUnitExtensions/Runner/CompositeWorkItem.cs:209)
UnityEngine.TestRunner.NUnitExtensions.Runner.CompositeWorkItem/<PerformWork>d__13:MoveNext () (at ./Library/PackageCache/com.unity.test-framework@7a3849e09bd0/UnityEngine.TestRunner/NUnitExtensions/Runner/CompositeWorkItem.cs:83)
UnityEngine.TestRunner.NUnitExtensions.Runner.CompositeWorkItem/<RunChildren>d__17:MoveNext () (at ./Library/PackageCache/com.unity.test-framework@7a3849e09bd0/UnityEngine.TestRunner/NUnitExtensions/Runner/CompositeWorkItem.cs:209)
UnityEngine.TestRunner.NUnitExtensions.Runner.CompositeWorkItem/<PerformWork>d__13:MoveNext () (at ./Library/PackageCache/com.unity.test-framework@7a3849e09bd0/UnityEngine.TestRunner/NUnitExtensions/Runner/CompositeWorkItem.cs:83)
UnityEngine.TestRunner.NUnitExtensions.Runner.CompositeWorkItem/<RunChildren>d__17:MoveNext () (at ./Library/PackageCache/com.unity.test-framework@7a3849e09bd0/UnityEngine.TestRunner/NUnitExtensions/Runner/CompositeWorkItem.cs:209)
UnityEngine.TestRunner.NUnitExtensions.Runner.CompositeWorkItem/<PerformWork>d__13:MoveNext () (at ./Library/PackageCache/com.unity.test-framework@7a3849e09bd0/UnityEngine.TestRunner/NUnitExtensions/Runner/CompositeWorkItem.cs:83)
UnityEngine.TestRunner.NUnitExtensions.Runner.CompositeWorkItem/<RunChildren>d__17:MoveNext () (at ./Library/PackageCache/com.unity.test-framework@7a3849e09bd0/UnityEngine.TestRunner/NUnitExtensions/Runner/CompositeWorkItem.cs:209)
UnityEngine.TestRunner.NUnitExtensions.Runner.CompositeWorkItem/<PerformWork>d__13:MoveNext () (at ./Library/PackageCache/com.unity.test-framework@7a3849e09bd0/UnityEngine.TestRunner/NUnitExtensions/Runner/CompositeWorkItem.cs:83)
UnityEngine.TestTools.TestRunner.PlaymodeTestsController/<TestRunnerCoroutine>d__25:MoveNext () (at ./Library/PackageCache/com.unity.test-framework@7a3849e09bd0/UnityEngine.TestRunner/TestRunner/PlaymodeTestsController.cs:100)
UnityEngine.SetupCoroutine:InvokeMoveNext (System.Collections.IEnumerator,intptr)

(Filename: Assets/Scripts/Editor/Testing/VarginhaBatchTestProgress.cs Line: 26)

Saving results to: C:/Users/Usuario/AppData/LocalLow/DefaultCompany/Template 2D Kit\TestResults.xml
QA run finished: Failed(Child)
UnityEngine.Debug:ExtractStackTraceNoAlloc (byte*,int,string)
UnityEngine.StackTraceUtility:ExtractStackTrace ()
UnityEngine.DebugLogHandler:Internal_Log (UnityEngine.LogType,UnityEngine.LogOption,string,UnityEngine.Object)
UnityEngine.DebugLogHandler:LogFormat (UnityEngine.LogType,UnityEngine.Object,string,object[])
UnityEngine.Logger:Log (UnityEngine.LogType,object)
UnityEngine.Debug:Log (object)
Game.Editor.Testing.VarginhaBatchTestProgress:RunFinished (UnityEditor.TestTools.TestRunner.Api.ITestResultAdaptor) (at Assets/Scripts/Editor/Testing/VarginhaBatchTestProgress.cs:19)
UnityEditor.TestTools.TestRunner.Api.CallbacksDelegator/<>c__DisplayClass9_0:<RunFinished>b__0 (UnityEditor.TestTools.TestRunner.Api.ICallbacks) (at ./Library/PackageCache/com.unity.test-framework@7a3849e09bd0/UnityEditor.TestRunner/Api/CallbacksDelegator.cs:55)
UnityEditor.TestTools.TestRunner.Api.CallbacksDelegator:TryInvokeAllCallbacks (System.Action`1<UnityEditor.TestTools.TestRunner.Api.ICallbacks>) (at ./Library/PackageCache/com.unity.test-framework@7a3849e09bd0/UnityEditor.TestRunner/Api/CallbacksDelegator.cs:135)
UnityEditor.TestTools.TestRunner.Api.CallbacksDelegator:RunFinished (NUnit.Framework.Interfaces.ITestResult) (at ./Library/PackageCache/com.unity.test-framework@7a3849e09bd0/UnityEditor.TestRunner/Api/CallbacksDelegator.cs:55)
UnityEngine.Events.InvokableCall`1<NUnit.Framework.Interfaces.ITestResult>:Invoke (NUnit.Framework.Interfaces.ITestResult)
UnityEngine.Events.UnityEvent`1<NUnit.Framework.Interfaces.ITestResult>:Invoke (NUnit.Framework.Interfaces.ITestResult)
UnityEngine.Events.InvokableCall`1<NUnit.Framework.Interfaces.ITestResult>:Invoke (NUnit.Framework.Interfaces.ITestResult)
UnityEngine.Events.UnityEvent`1<NUnit.Framework.Interfaces.ITestResult>:Invoke (NUnit.Framework.Interfaces.ITestResult)
UnityEngine.TestTools.TestRunner.PlaymodeTestsController/<TestRunnerCoroutine>d__25:MoveNext () (at ./Library/PackageCache/com.unity.test-framework@7a3849e09bd0/UnityEngine.TestRunner/TestRunner/PlaymodeTestsController.cs:116)
UnityEngine.SetupCoroutine:InvokeMoveNext (System.Collections.IEnumerator,intptr)

(Filename: Assets/Scripts/Editor/Testing/VarginhaBatchTestProgress.cs Line: 19)

Saving results to: C:\Users\Usuario\misterio_de_varginha-jogofeiratecnica-2026-prot-tipo_principal-2026-09-22-10-19-30\scratch\gameplay-resume.xml
Unloading 51 Unused Serialized files (Serialized files now loaded: 0)
Loaded scene 'Temp/__Backupscenes/0.backup'
	Deserialize:            0.492 ms
	Integration:            33.801 ms
	Integration of assets:  0.002 ms
	Thread Wait Time:       0.043 ms
	Total Operation Time:   34.337 ms
Unloading 181 unused Assets / (194.8 KB). Loaded Objects now: 9158.
Memory consumption went from 0.54 GB to 0.54 GB.
Total: 26.289700 ms (FindLiveObjects: 1.062800 ms CreateObjectMapping: 0.363700 ms MarkObjects: 23.562400 ms  DeleteObjects: 0.960600 ms)

Executing IPostBuildCleanup for: Unity.PerformanceTesting.Editor.TestRunBuilder.
UnityEngine.Debug:ExtractStackTraceNoAlloc (byte*,int,string)
UnityEngine.StackTraceUtility:ExtractStackTrace ()
UnityEngine.DebugLogHandler:Internal_Log (UnityEngine.LogType,UnityEngine.LogOption,string,UnityEngine.Object)
UnityEngine.DebugLogHandler:LogFormat (UnityEngine.LogType,UnityEngine.Object,string,object[])
UnityEngine.Logger:Log (UnityEngine.LogType,object)
UnityEngine.Debug:Log (object)
UnityEditor.TestTools.TestRunner.TestRun.Tasks.BuildActionTaskBase`1/<ExecuteMethods>d__8<UnityEngine.TestTools.IPostBuildCleanup>:MoveNext () (at ./Library/PackageCache/com.unity.test-framework@7a3849e09bd0/UnityEditor.TestRunner/TestRun/Tasks/BuildActionTaskBase.cs:48)
UnityEditor.TestTools.TestRunner.TestRun.Tasks.BuildActionTaskBase`1/<Execute>d__7<UnityEngine.TestTools.IPostBuildCleanup>:MoveNext () (at ./Library/PackageCache/com.unity.test-framework@7a3849e09bd0/UnityEditor.TestRunner/TestRun/Tasks/BuildActionTaskBase.cs:34)
UnityEditor.TestTools.TestRunner.TestRun.TestJobRunner:ExecuteStep () (at ./Library/PackageCache/com.unity.test-framework@7a3849e09bd0/UnityEditor.TestRunner/TestRun/TestJobRunner.cs:194)
UnityEditor.TestTools.TestRunner.TestRun.TestJobRunner:ExecuteCallback () (at ./Library/PackageCache/com.unity.test-framework@7a3849e09bd0/UnityEditor.TestRunner/TestRun/TestJobRunner.cs:129)
UnityEditor.EditorApplication:Internal_CallUpdateFunctions ()

(Filename: ./Library/PackageCache/com.unity.test-framework@7a3849e09bd0/UnityEditor.TestRunner/TestRun/Tasks/BuildActionTaskBase.cs Line: 48)

Unloading 0 Unused Serialized files (Serialized files now loaded: 0)
Unloading 0 unused Assets / (Unknown). Loaded Objects now: 9160.
Memory consumption went from 0.52 GB to 0.52 GB.
Total: 25.606000 ms (FindLiveObjects: 1.071800 ms CreateObjectMapping: 0.293900 ms MarkObjects: 23.879500 ms  DeleteObjects: 0.026500 ms)

Refreshing native plugins compatible for Editor in 2.67 ms, found 5 plugins.
Asset Pipeline Refresh (id=26e90f88919202e428c4f7b6f57a4d7e): Total: 0.071 seconds - Initiated by StopAssetImportingV2(NoUpdateAssetOptions)
DisplayProgressbar: Undo
Test run completed. Exiting with code 2 (Failed). One or more tests failed.
UnityEngine.Debug:ExtractStackTraceNoAlloc (byte*,int,string)
UnityEngine.StackTraceUtility:ExtractStackTrace ()
UnityEngine.DebugLogHandler:Internal_Log (UnityEngine.LogType,UnityEngine.LogOption,string,UnityEngine.Object)
UnityEngine.DebugLogHandler:LogFormat (UnityEngine.LogType,UnityEngine.Object,string,object[])
UnityEngine.Logger:Log (UnityEngine.LogType,object)
UnityEngine.Debug:Log (object)
UnityEditor.TestTools.TestRunner.CommandLineTest.Executer:ExitApplication (UnityEditor.TestTools.TestRunner.CommandLineTest.Executer/ReturnCodes,string) (at ./Library/PackageCache/com.unity.test-framework@7a3849e09bd0/UnityEditor.TestRunner/CommandLineTest/Executer.cs:81)
UnityEditor.TestTools.TestRunner.CommandLineTest.Executer:ExitIfRunIsCompleted () (at ./Library/PackageCache/com.unity.test-framework@7a3849e09bd0/UnityEditor.TestRunner/CommandLineTest/Executer.cs:74)
UnityEditor.EditorApplication:Internal_CallUpdateFunctions ()

(Filename: ./Library/PackageCache/com.unity.test-framework@7a3849e09bd0/UnityEditor.TestRunner/CommandLineTest/Executer.cs Line: 81)

MonoPathRemapper: Attempts to remap: 46867; Successful remaps: 26386
Serialized file version minimum: 22, current 23
Pipeline Server stopped
[Physics::Module] Cleanup current backend.
[Physics::Module] Id: 0xf2b8ea05
Input System module state changed to: ShutdownInProgress.
Input Polling Thread exited.
Input System module state changed to: Shutdown.
[Licensing::IpcConnector] LicenseClient-Usuario-notifications channel disconnected successfully.
[Licensing::IpcConnector] LicenseClient-Usuario channel disconnected successfully.
Shut down.
Lingering sessions upon destruction of worker manager
Unity Data Store service was successfully shut down
UDS shutting down local client system
Shut down UDS service system complete
AcceleratorClientConnectionCallback - disconnected - :0
Cleanup mono
CodeReloadManager destroyed
abort_threads: Failed aborting id: 0000000000003270, mono_thread_manage will ignore it

abort_threads: Failed aborting id: 00000000000053E4, mono_thread_manage will ignore it

abort_threads: Failed aborting id: 0000000000003270, mono_thread_manage will ignore it

abort_threads: Failed aborting id: 00000000000053E4, mono_thread_manage will ignore it

Leak Detected : Persistent allocates 1 individual allocations. To find out more please enable 'Preferences > Jobs > Leak Detection Level > Enabled With Stack Trace' and reproduce the leak again.
debugger-agent: Unable to listen on 3428
Checking for leaked weakptr:
  Found no leaked weakptrs.
[Package Manager] Server process was shutdown
##utp:{"type":"MemoryLeaks","version":2,"phase":"Immediate","time":1790699244653,"processId":408,"allocatedMemory":16133092,"memoryLabels":[{"Default":201621},{"Permanent":15516},{"NewDelete":70503},{"Thread":4003064},{"Manager":33253},{"VertexData":296},{"Geometry":816},{"Texture":24},{"Shader":857068},{"Material":24},{"GfxDevice":56288},{"Animation":952},{"FreeType":8},{"FontEngine":736},{"Physics":1970},{"Physics2D":16},{"Serialization":16768},{"Input":42840},{"JobScheduler":256},{"TextLib":336},{"Mono":48},{"MonoCode":64},{"ScriptingNativeRuntime":1439832},{"BaseObject":246992},{"Resource":1208},{"Renderer":2376},{"Transform":4685},{"File":13323},{"WebCam":616},{"Culling":32},{"Terrain":11442},{"Wind":24},{"STL":40},{"String":823586},{"StaticString":3808},{"Utility":2674262},{"Curl":2498},{"PoolAlloc":2264},{"AI":80},{"TypeTree":14869},{"ScriptManager":18960},{"CodeReload":448},{"RuntimeInitializeOnLoadManager":64},{"Sprites":102},{"SpriteAtlas":120},{"GI":7816},{"Director":8296},{"CloudService":432},{"WebRequest":552},{"VR":49650},{"SceneManager":608},{"Video":112},{"LazyScriptCache":32},{"Camera":729},{"Secure":2377},{"SerializationCache":9256},{"APIUpdating":10320},{"Subsystems":336},{"VirtualTexturing":57888},{"StaticSafetyDebugInfo":278528},{"Analytics":464},{"Hierarchy":1188},{"UIElements":40},{"CoreStats":14456},{"Identifiers":7152},{"Gui":128},{"EditorUtility":117392},{"VersionControl":8},{"Undo":931},{"AssetDatabase":4944495},{"AssetImporter":40},{"EditorGi":328},{"UnityConnect":40513},{"Upm":1912},{"UpmDiagnostics":8},{"AssetCompliance":96},{"DrivenProperties":72},{"LocalIPC":213},{"ProfilerEditor":9746},{"CoreBusinessMetrics":3208},{"Windowing":456},{"Licensing":1264},{"AssetReference":32},{"IPCStream":32}]}
