VBCSCompilerPreWarmer: pre-warm launched (dotnet PID 20608)
VBCSCompiler prewarm took 7.66 ms
[Licensing::Module] Trying to connect to existing licensing client channel...
Built from '6000.6/respin/6000.6.0f1-fa21a270ab12' branch; Version is '6000.6.0f1 (f7f8ed4d1e24) revision 16251117'; Using compiler version '194234433'; Build Type 'Release'
[Licensing::IpcConnector] Channel LicenseClient-Usuario doesn't exist
OS: 'Windows 11  (10.0.26100) Professional' Language: 'pt' Physical Memory: 16249 MB
BatchMode: 1, IsHumanControllingUs: 0, StartBugReporterOnCrash: 0, Is64bit: 1
System  architecture: x64
Process architecture: x64
Date: 2026-09-29T16:20:30Z
[Licensing::Module] Successfully launched the LicensingClient (PId: 13260)

COMMAND LINE ARGUMENTS:
C:\Program Files\Unity\Hub\Editor\6000.6.0f1\Editor\Unity.exe
-batchmode
-runTests
-projectPath
C:\Users\Usuario\misterio_de_varginha-jogofeiratecnica-2026-prot-tipo_principal-2026-09-22-10-19-30
-testResults
C:\Users\Usuario\misterio_de_varginha-jogofeiratecnica-2026-prot-tipo_principal-2026-09-22-10-19-30\scratch\gameplay-regression.xml
-testPlatform
PlayMode
-testFilter
Game.Tests.PlayMode.VarginhaRequestedGameplayTests;Game.Tests.PlayMode.FuscaDepartureTests;Game.Tests.PlayMode.VarginhaSchoolRescueTests;Game.Tests.PlayMode.VarginhaPlayerPolishTests
-logFile
scratch/gameplay-regression.log
-hubSessionId
f71cb6df-b9f9-4d0b-88d3-4c9ce9107649
-accessToken
PF-M-acLVOHXeUo1y9tKFlWxnbHSR3p6fsvy838hWtw004f
Successfully changed project path to: C:\Users\Usuario\misterio_de_varginha-jogofeiratecnica-2026-prot-tipo_principal-2026-09-22-10-19-30
C:/Users/Usuario/misterio_de_varginha-jogofeiratecnica-2026-prot-tipo_principal-2026-09-22-10-19-30
[UnityMemory] Configuration Parameters - Can be set up in boot.config
    "memorysetup-temp-allocator-size-gi-baking-worker=262144"
    "memorysetup-temp-allocator-size-gi-baking-worker=262144"
    "memorysetup-temp-allocator-size-gi-baking-worker=262144"
    "memorysetup-temp-allocator-size-gi-baking-worker=262144"
    "memorysetup-temp-allocator-size-gi-baking-worker=262144"
    "memorysetup-temp-allocator-size-nav-mesh-worker=65536"
    "memorysetup-temp-allocator-size-audio-worker=65536"
    "memorysetup-temp-allocator-size-cloud-worker=32768"
    "memorysetup-temp-allocator-size-gfx=262144"
    "memorysetup-remapper-allocator-initial-capacity=32768"
    "memorysetup-temp-allocator-size-preload-manager=33554432"
    "memorysetup-allocator-temp-initial-block-size-main=262144"
    "memorysetup-allocator-temp-initial-block-size-worker=262144"
    "memorysetup-temp-allocator-size-job-worker=262144"
    "memorysetup-temp-allocator-size-background-worker=32768"
    "memorysetup-bucket-allocator-granularity=16"
    "memorysetup-bucket-allocator-bucket-count=8"
    "memorysetup-bucket-allocator-block-size=33554432"
    "memorysetup-bucket-allocator-block-count=8"
    "memorysetup-main-allocator-block-size=16777216"
    "memorysetup-thread-allocator-block-size=16777216"
    "memorysetup-main-allocator-mimalloc-enabled=1"
    "memorysetup-gfx-main-allocator-block-size=16777216"
    "memorysetup-gfx-thread-allocator-block-size=16777216"
    "memorysetup-cache-allocator-block-size=4194304"
    "memorysetup-typetree-allocator-block-size=2097152"
    "memorysetup-profiler-bucket-allocator-granularity=16"
    "memorysetup-profiler-bucket-allocator-bucket-count=8"
    "memorysetup-profiler-bucket-allocator-block-size=33554432"
    "memorysetup-profiler-bucket-allocator-block-count=8"
    "memorysetup-profiler-allocator-block-size=16777216"
    "memorysetup-profiler-editor-allocator-block-size=1048576"
    "memorysetup-temp-allocator-size-main=16777216"
    "memorysetup-job-temp-allocator-block-size=2097152"
    "memorysetup-job-temp-allocator-block-size-background=1048576"
    "memorysetup-job-temp-allocator-reduction-small-platforms=262144"
Logging is directed to a specific file, skipping project log.
Player connection [19768]  Target information:

Player connection [19768]  * "[IP] 192.168.1.77 [Port] 55504 [Flags] 2 [Guid] 2782941641 [EditorId] 2782941641 [Version] 1048832 [Id] WindowsEditor(7,pcFabio) [Debug] 1 [PackageName] WindowsEditor [ProjectName] Editor" 

Player connection [19768]  * "[IP] 169.254.99.59 [Port] 55504 [Flags] 2 [Guid] 2782941641 [EditorId] 2782941641 [Version] 1048832 [Id] WindowsEditor(7,pcFabio) [Debug] 1 [PackageName] WindowsEditor [ProjectName] Editor" 

Player connection [19768]  * "[IP] 26.12.41.207 [Port] 55504 [Flags] 2 [Guid] 2782941641 [EditorId] 2782941641 [Version] 1048832 [Id] WindowsEditor(7,pcFabio) [Debug] 1 [PackageName] WindowsEditor [ProjectName] Editor" 

Player connection [19768]  * "[IP] 172.28.48.1 [Port] 55504 [Flags] 2 [Guid] 2782941641 [EditorId] 2782941641 [Version] 1048832 [Id] WindowsEditor(7,pcFabio) [Debug] 1 [PackageName] WindowsEditor [ProjectName] Editor" 

Player connection [19768] Host joined multi-casting on [225.0.0.222:54997]...
Player connection [19768] Host joined alternative multi-casting on [225.0.0.222:34997]...
Input System module state changed to: Initialized.
[Physics::Module] Initialized fallback backend.
[Physics::Module] Id: 0xdecafbad
Starting IPC server.
Waiting for clients to connect on \\.\pipe\Unity-LicenseClient-Usuario, press Ctrl-C to exit.
[Licensing::IpcConnector] Successfully connected to: "LicenseClient-Usuario" at "2026-09-29T16:20:30.90568Z"
[Licensing::Client] Code 10 while verifying Licensing Client signature (process Id: 13260, path: "C:/Program Files/Unity/Hub/Editor/6000.6.0f1/Editor/Data/Resources/Licensing/Client/Unity.Licensing.Client.exe")
[Licensing::Module] LicensingClient has failed validation; ignoring
[Package Manager] Connected to IPC stream "Upm-8484" after 0.4 seconds.
[Licensing::Module] Licensing is not yet initialized.
[Licensing::Client] Handshaking with LicensingClient:
  Version:                 1.18.3+d7ffd15
  Session Id:              4faef7599ddb4993b50b3ce959f481cc
  Correlation Id:          e061d21a977a4a1bbb27872bacf1f886
  External correlation Id: 5655496299090652277
  Machine Id:              UGXahkfwolpUz5l/Qdm5qPTN3yU=
[Licensing::Module] Successfully connected to LicensingClient on channel: "LicenseClient-Usuario" (connect: 0.37s, validation: 0.09s, handshake: 0.06s)
[Licensing::IpcConnector] Successfully connected to: "LicenseClient-Usuario-notifications" at "2026-09-29T16:20:31.0615028Z"
[Licensing::Module] Connected to LicensingClient (PId: 13260, launch time: 0.01, total connection time: 0.53s)
[Licensing::Client] Successfully updated the access token
[Licensing::Module] Successfully updated the access token PF-M-acLVO...
[Licensing::Client] Successfully resolved entitlement details
[Licensing::Module] License group:
  Id: 4674237084585-UnityPersXXXX
  Product: Unity Personal
  Type: Assigned
  Expiration: Unlimited
[Licensing::Client] Successfully updated license, isAsync: True, time: 0.01
[Licensing::Module] Licensing Background thread has ended after 0.59s
[Licensing::Module] Licensing is initialized (took 0.06s).
[Licensing::Client] Successfully resolved entitlement details
Library Redirect Path: Library/
Initialising UDS system complete:
  - System type: Client
  - Resource namespace: 985d6469881e8b39d230c8044d29f171
  - Shared memory size: 1073741824
  - Command buffer id: 1052576
  - Command buffer size: 8192
  - Hashmap size: 4194304
  - Service connected: false
Launching Unity Data Store - C:/Program Files/Unity/Hub/Editor/6000.6.0f1/Editor/Data/Tools/Unity.DataStore.exe 
Unity Data Store artifact dir = Library/DataStore, working dir = C:/Users/Usuario/misterio_de_varginha-jogofeiratecnica-2026-prot-tipo_principal-2026-09-22-10-19-30[Physics::Module] Selected backend.
[Physics::Module] Name: PhysX
[Physics::Module] Id: 0xf2b8ea05
[Physics::Module] SDK Version: 4.1.2
[Physics::Module] Integration Version: 1.0.0
[Physics::Module] Threading Mode: Multi-Threaded
Unity Data Store running and initialised
Initialize engine version: 6000.6.0f1 (f7f8ed4d1e24)
[EntityIdStore] init: VM path (explicit commit), pageSize=4096, blockCount=1048576, entitiesPerBlock=256, slots reserved=4294967296 bytes
[Subsystems] Discovering subsystems at path C:/Program Files/Unity/Hub/Editor/6000.6.0f1/Editor/Data/Resources/UnitySubsystems
[Subsystems] Discovering subsystems at path C:/Users/Usuario/misterio_de_varginha-jogofeiratecnica-2026-prot-tipo_principal-2026-09-22-10-19-30/Assets
GfxDevice: creating device client; kGfxThreadingModeNonThreaded
d3d12: failed to create D3D12 device (0x887a0004).
GfxDevice: creating device client; kGfxThreadingModeNonThreaded
Direct3D:
    Version:  Direct3D 11.0 [level 10.1]
    Renderer: NVIDIA GeForce G210  (ID=0xa60)
    Vendor:   NVIDIA
    VRAM:     972 MB
    Driver:   9.18.13.4174
C:\build\output\unity\unity\External\baselib\baselib\Source\WinApi\Baselib_DynamicLibrary_WinApi.inl.h(100):Baselib_DynamicLibrary_GetFunction: The requested function was not found (0x06000001) - Não foi possível encontrar o procedimento especificado.  (WinError:0000007f)
C:\build\output\unity\unity\External\baselib\baselib\Source\WinApi\Baselib_DynamicLibrary_WinApi.inl.h(100):Baselib_DynamicLibrary_GetFunction: The requested function was not found (0x06000001) - Não foi possível encontrar o procedimento especificado.  (WinError:0000007f)
C:\build\output\unity\unity\External\baselib\baselib\Source\WinApi\Baselib_DynamicLibrary_WinApi.inl.h(100):Baselib_DynamicLibrary_GetFunction: The requested function was not found (0x06000001) - Não foi possível encontrar o procedimento especificado.  (WinError:0000007f)
C:\build\output\unity\unity\External\baselib\baselib\Source\WinApi\Baselib_DynamicLibrary_WinApi.inl.h(100):Baselib_DynamicLibrary_GetFunction: The requested function was not found (0x06000001) - Não foi possível encontrar o procedimento especificado.  (WinError:0000007f)
C:\build\output\unity\unity\External\baselib\baselib\Source\WinApi\Baselib_DynamicLibrary_WinApi.inl.h(100):Baselib_DynamicLibrary_GetFunction: The requested function was not found (0x06000001) - Não foi possível encontrar o procedimento especificado.  (WinError:0000007f)
C:\build\output\unity\unity\External\baselib\baselib\Source\WinApi\Baselib_DynamicLibrary_WinApi.inl.h(100):Baselib_DynamicLibrary_GetFunction: The requested function was not found (0x06000001) - Não foi possível encontrar o procedimento especificado.  (WinError:0000007f)
C:\build\output\unity\unity\External\baselib\baselib\Source\WinApi\Baselib_DynamicLibrary_WinApi.inl.h(100):Baselib_DynamicLibrary_GetFunction: The requested function was not found (0x06000001) - Não foi possível encontrar o procedimento especificado.  (WinError:0000007f)
Initialize mono
Mono path[0] = 'C:/Program Files/Unity/Hub/Editor/6000.6.0f1/Editor/Data/Managed'
Mono path[1] = 'C:/Program Files/Unity/Hub/Editor/6000.6.0f1/Editor/Data/BCLExtensions/runtime/netstandard2.1'
Mono path[2] = 'C:/Program Files/Unity/Hub/Editor/6000.6.0f1/Editor/Data/MonoBleedingEdge/lib/mono/unityjit-win32'
Mono config path = 'C:/Program Files/Unity/Hub/Editor/6000.6.0f1/Editor/Data/MonoBleedingEdge/etc'
Using monoOptions --debugger-agent=transport=dt_socket,embedding=1,server=y,suspend=n,address=127.0.0.1:56484
CodeReloadManager initialized
ImportWorker Server TCP listen port: 0
AcceleratorClientConnectionCallback - disconnected - :0
Begin MonoManager ReloadAssembly
Registering precompiled unity dll's ...
Register platform support module: C:/Program Files/Unity/Hub/Editor/6000.6.0f1/Editor/Data/PlaybackEngines/WindowsStandaloneSupport/UnityEditor.WindowsStandalone.Extensions.dll
Registered in 0.002393 seconds.
Native extension for WindowsStandalone target not found
Package Manager log level set to [2]
ScheduleIndexationOnStartup MainProcess:False IndexOnStartup:True
Scripting: successfully reloaded assembly
- Finished resetting the current domain, in  0.938 seconds
Domain Reload Profiling: 1656ms
	BeginReloadAssembly (157ms)
	RebuildCommonClasses (7ms)
	RebuildNativeTypeToScriptingClass (23ms)
	initialDomainReloadingComplete (93ms)
	LoadAllAssembliesAndSetupDomain (435ms)
		LoadAssemblies (152ms)
		TypeCache.Refresh (302ms)
			TypeCache.ScanAssembly (281ms)
		AnalyzeDomain (1ms)
	FinalizeReload (940ms)
		SetupLoadedEditorAssemblies (0ms)
			InitializePlatformSupportModulesInManaged (3ms)
			BeforeProcessingInitializeOnLoad (156ms)
			ProcessInitializeOnLoadAttributes (174ms)
			ProcessInitializeOnLoadMethodAttributes (320ms)
[Licensing::Client] Successfully resolved entitlement details
Application.AssetDatabase Initial Refresh Start
[Package Manager] Restoring resolved packages state from cache
[Licensing::Client] Successfully resolved entitlement details
[Package Manager] Registered 73 packages:
  Packages from [https://packages.unity.com]:
    com.unity.2d.animation@16.0.0 (location: C:\Users\Usuario\misterio_de_varginha-jogofeiratecnica-2026-prot-tipo_principal-2026-09-22-10-19-30\Library\PackageCache\com.unity.2d.animation@147f6a6d9e7f)
    com.unity.2d.aseprite@6.0.0 (location: C:\Users\Usuario\misterio_de_varginha-jogofeiratecnica-2026-prot-tipo_principal-2026-09-22-10-19-30\Library\PackageCache\com.unity.2d.aseprite@ab909e3e9b5f)
    com.unity.2d.psdimporter@15.0.0 (location: C:\Users\Usuario\misterio_de_varginha-jogofeiratecnica-2026-prot-tipo_principal-2026-09-22-10-19-30\Library\PackageCache\com.unity.2d.psdimporter@3ef8178676f6)
    com.unity.2d.spriteshape@16.0.0 (location: C:\Users\Usuario\misterio_de_varginha-jogofeiratecnica-2026-prot-tipo_principal-2026-09-22-10-19-30\Library\PackageCache\com.unity.2d.spriteshape@42798c9d35d3)
    com.unity.2d.tilemap.extras@9.0.0 (location: C:\Users\Usuario\misterio_de_varginha-jogofeiratecnica-2026-prot-tipo_principal-2026-09-22-10-19-30\Library\PackageCache\com.unity.2d.tilemap.extras@598e8b65eaae)
    com.unity.2d.tooling@4.0.0 (location: C:\Users\Usuario\misterio_de_varginha-jogofeiratecnica-2026-prot-tipo_principal-2026-09-22-10-19-30\Library\PackageCache\com.unity.2d.tooling@92c2769ac09c)
    com.unity.collab-proxy@2.13.6 (location: C:\Users\Usuario\misterio_de_varginha-jogofeiratecnica-2026-prot-tipo_principal-2026-09-22-10-19-30\Library\PackageCache\com.unity.collab-proxy@4628d2ba6ea4)
    com.unity.ide.rider@3.0.38 (location: C:\Users\Usuario\misterio_de_varginha-jogofeiratecnica-2026-prot-tipo_principal-2026-09-22-10-19-30\Library\PackageCache\com.unity.ide.rider@1f60b3138684)
    com.unity.ide.visualstudio@2.0.26 (location: C:\Users\Usuario\misterio_de_varginha-jogofeiratecnica-2026-prot-tipo_principal-2026-09-22-10-19-30\Library\PackageCache\com.unity.ide.visualstudio@a99d56dec63f)
    com.unity.inputsystem@1.20.0 (location: C:\Users\Usuario\misterio_de_varginha-jogofeiratecnica-2026-prot-tipo_principal-2026-09-22-10-19-30\Library\PackageCache\com.unity.inputsystem@7a4e1a2a8194)
    com.unity.learn.iet-framework@6.0.7 (location: C:\Users\Usuario\misterio_de_varginha-jogofeiratecnica-2026-prot-tipo_principal-2026-09-22-10-19-30\Library\PackageCache\com.unity.learn.iet-framework@96330db47073)
    com.unity.visualscripting@1.9.12 (location: C:\Users\Usuario\misterio_de_varginha-jogofeiratecnica-2026-prot-tipo_principal-2026-09-22-10-19-30\Library\PackageCache\com.unity.visualscripting@4edfcc09512f)
    com.unity.pipeline@0.7.0-exp.1 (location: C:\Users\Usuario\misterio_de_varginha-jogofeiratecnica-2026-prot-tipo_principal-2026-09-22-10-19-30\Library\PackageCache\com.unity.pipeline@ab05e9cd7f74)
    com.unity.nuget.mono-cecil@1.11.6 (location: C:\Users\Usuario\misterio_de_varginha-jogofeiratecnica-2026-prot-tipo_principal-2026-09-22-10-19-30\Library\PackageCache\com.unity.nuget.mono-cecil@ecb9724e46ff)
    com.unity.nuget.newtonsoft-json@3.2.2 (location: C:\Users\Usuario\misterio_de_varginha-jogofeiratecnica-2026-prot-tipo_principal-2026-09-22-10-19-30\Library\PackageCache\com.unity.nuget.newtonsoft-json@4dfd81071c64)
    com.unity.settings-manager@2.1.1 (location: C:\Users\Usuario\misterio_de_varginha-jogofeiratecnica-2026-prot-tipo_principal-2026-09-22-10-19-30\Library\PackageCache\com.unity.settings-manager@0b8638c5ce86)
    com.unity.2d.common@15.0.0 (location: C:\Users\Usuario\misterio_de_varginha-jogofeiratecnica-2026-prot-tipo_principal-2026-09-22-10-19-30\Library\PackageCache\com.unity.2d.common@b779c433ed47)
    com.unity.searcher@4.9.5 (location: C:\Users\Usuario\misterio_de_varginha-jogofeiratecnica-2026-prot-tipo_principal-2026-09-22-10-19-30\Library\PackageCache\com.unity.searcher@a463122f2c00)
    com.unity.profiling.core@1.0.3 (location: C:\Users\Usuario\misterio_de_varginha-jogofeiratecnica-2026-prot-tipo_principal-2026-09-22-10-19-30\Library\PackageCache\com.unity.profiling.core@8a49f7027d06)
  Built-in packages:
    com.unity.2d.sprite@1.0.0 (location: C:\Users\Usuario\misterio_de_varginha-jogofeiratecnica-2026-prot-tipo_principal-2026-09-22-10-19-30\Library\PackageCache\com.unity.2d.sprite@947350d67f82)
    com.unity.2d.tilemap@1.0.0 (location: C:\Users\Usuario\misterio_de_varginha-jogofeiratecnica-2026-prot-tipo_principal-2026-09-22-10-19-30\Library\PackageCache\com.unity.2d.tilemap@639ca1d99254)
    com.unity.render-pipelines.universal@17.6.0 (location: C:\Users\Usuario\misterio_de_varginha-jogofeiratecnica-2026-prot-tipo_principal-2026-09-22-10-19-30\Library\PackageCache\com.unity.render-pipelines.universal@8457e85b8184)
    com.unity.test-framework@1.8.0 (location: C:\Users\Usuario\misterio_de_varginha-jogofeiratecnica-2026-prot-tipo_principal-2026-09-22-10-19-30\Library\PackageCache\com.unity.test-framework@7a3849e09bd0)
    com.unity.timeline@6.6.0 (location: C:\Users\Usuario\misterio_de_varginha-jogofeiratecnica-2026-prot-tipo_principal-2026-09-22-10-19-30\Library\PackageCache\com.unity.timeline@281d5f7e7d7d)
    com.unity.ugui@2.6.0 (location: C:\Users\Usuario\misterio_de_varginha-jogofeiratecnica-2026-prot-tipo_principal-2026-09-22-10-19-30\Library\PackageCache\com.unity.ugui@23caec89ae27)
    com.unity.modules.accessibility@1.0.0 (location: C:\Users\Usuario\misterio_de_varginha-jogofeiratecnica-2026-prot-tipo_principal-2026-09-22-10-19-30\Library\PackageCache\com.unity.modules.accessibility)
    com.unity.modules.adaptiveperformance@1.0.0 (location: C:\Users\Usuario\misterio_de_varginha-jogofeiratecnica-2026-prot-tipo_principal-2026-09-22-10-19-30\Library\PackageCache\com.unity.modules.adaptiveperformance)
    com.unity.modules.ai@1.0.0 (location: C:\Users\Usuario\misterio_de_varginha-jogofeiratecnica-2026-prot-tipo_principal-2026-09-22-10-19-30\Library\PackageCache\com.unity.modules.ai)
    com.unity.modules.androidjni@1.0.0 (location: C:\Users\Usuario\misterio_de_varginha-jogofeiratecnica-2026-prot-tipo_principal-2026-09-22-10-19-30\Library\PackageCache\com.unity.modules.androidjni)
    com.unity.modules.animation@1.0.0 (location: C:\Users\Usuario\misterio_de_varginha-jogofeiratecnica-2026-prot-tipo_principal-2026-09-22-10-19-30\Library\PackageCache\com.unity.modules.animation)
    com.unity.modules.assetbundle@1.0.0 (location: C:\Users\Usuario\misterio_de_varginha-jogofeiratecnica-2026-prot-tipo_principal-2026-09-22-10-19-30\Library\PackageCache\com.unity.modules.assetbundle)
    com.unity.modules.audio@1.0.0 (location: C:\Users\Usuario\misterio_de_varginha-jogofeiratecnica-2026-prot-tipo_principal-2026-09-22-10-19-30\Library\PackageCache\com.unity.modules.audio)
    com.unity.modules.cloth@1.0.0 (location: C:\Users\Usuario\misterio_de_varginha-jogofeiratecnica-2026-prot-tipo_principal-2026-09-22-10-19-30\Library\PackageCache\com.unity.modules.cloth)
    com.unity.modules.director@1.0.0 (location: C:\Users\Usuario\misterio_de_varginha-jogofeiratecnica-2026-prot-tipo_principal-2026-09-22-10-19-30\Library\PackageCache\com.unity.modules.director)
    com.unity.modules.imageconversion@1.0.0 (location: C:\Users\Usuario\misterio_de_varginha-jogofeiratecnica-2026-prot-tipo_principal-2026-09-22-10-19-30\Library\PackageCache\com.unity.modules.imageconversion)
    com.unity.modules.imgui@1.0.0 (location: C:\Users\Usuario\misterio_de_varginha-jogofeiratecnica-2026-prot-tipo_principal-2026-09-22-10-19-30\Library\PackageCache\com.unity.modules.imgui)
    com.unity.modules.jsonserialize@1.0.0 (location: C:\Users\Usuario\misterio_de_varginha-jogofeiratecnica-2026-prot-tipo_principal-2026-09-22-10-19-30\Library\PackageCache\com.unity.modules.jsonserialize)
    com.unity.modules.particlesystem@1.0.0 (location: C:\Users\Usuario\misterio_de_varginha-jogofeiratecnica-2026-prot-tipo_principal-2026-09-22-10-19-30\Library\PackageCache\com.unity.modules.particlesystem)
    com.unity.modules.physics@1.0.0 (location: C:\Users\Usuario\misterio_de_varginha-jogofeiratecnica-2026-prot-tipo_principal-2026-09-22-10-19-30\Library\PackageCache\com.unity.modules.physics)
    com.unity.modules.physics2d@1.0.0 (location: C:\Users\Usuario\misterio_de_varginha-jogofeiratecnica-2026-prot-tipo_principal-2026-09-22-10-19-30\Library\PackageCache\com.unity.modules.physics2d)
    com.unity.modules.physicscore2d@1.0.0 (location: C:\Users\Usuario\misterio_de_varginha-jogofeiratecnica-2026-prot-tipo_principal-2026-09-22-10-19-30\Library\PackageCache\com.unity.modules.physicscore2d)
    com.unity.modules.screencapture@1.0.0 (location: C:\Users\Usuario\misterio_de_varginha-jogofeiratecnica-2026-prot-tipo_principal-2026-09-22-10-19-30\Library\PackageCache\com.unity.modules.screencapture)
    com.unity.modules.terrain@1.0.0 (location: C:\Users\Usuario\misterio_de_varginha-jogofeiratecnica-2026-prot-tipo_principal-2026-09-22-10-19-30\Library\PackageCache\com.unity.modules.terrain)
    com.unity.modules.terrainphysics@1.0.0 (location: C:\Users\Usuario\misterio_de_varginha-jogofeiratecnica-2026-prot-tipo_principal-2026-09-22-10-19-30\Library\PackageCache\com.unity.modules.terrainphysics)
    com.unity.modules.tetgen@1.0.0 (location: C:\Users\Usuario\misterio_de_varginha-jogofeiratecnica-2026-prot-tipo_principal-2026-09-22-10-19-30\Library\PackageCache\com.unity.modules.tetgen)
    com.unity.modules.tilemap@1.0.0 (location: C:\Users\Usuario\misterio_de_varginha-jogofeiratecnica-2026-prot-tipo_principal-2026-09-22-10-19-30\Library\PackageCache\com.unity.modules.tilemap)
    com.unity.modules.timelinefoundation@1.0.0 (location: C:\Users\Usuario\misterio_de_varginha-jogofeiratecnica-2026-prot-tipo_principal-2026-09-22-10-19-30\Library\PackageCache\com.unity.modules.timelinefoundation)
    com.unity.modules.ui@1.0.0 (location: C:\Users\Usuario\misterio_de_varginha-jogofeiratecnica-2026-prot-tipo_principal-2026-09-22-10-19-30\Library\PackageCache\com.unity.modules.ui)
    com.unity.modules.uielements@1.0.0 (location: C:\Users\Usuario\misterio_de_varginha-jogofeiratecnica-2026-prot-tipo_principal-2026-09-22-10-19-30\Library\PackageCache\com.unity.modules.uielements)
    com.unity.modules.umbra@1.0.0 (location: C:\Users\Usuario\misterio_de_varginha-jogofeiratecnica-2026-prot-tipo_principal-2026-09-22-10-19-30\Library\PackageCache\com.unity.modules.umbra)
    com.unity.modules.unityanalytics@1.0.0 (location: C:\Users\Usuario\misterio_de_varginha-jogofeiratecnica-2026-prot-tipo_principal-2026-09-22-10-19-30\Library\PackageCache\com.unity.modules.unityanalytics)
    com.unity.modules.unitywebrequest@1.0.0 (location: C:\Users\Usuario\misterio_de_varginha-jogofeiratecnica-2026-prot-tipo_principal-2026-09-22-10-19-30\Library\PackageCache\com.unity.modules.unitywebrequest)
    com.unity.modules.unitywebrequestassetbundle@1.0.0 (location: C:\Users\Usuario\misterio_de_varginha-jogofeiratecnica-2026-prot-tipo_principal-2026-09-22-10-19-30\Library\PackageCache\com.unity.modules.unitywebrequestassetbundle)
    com.unity.modules.unitywebrequestaudio@1.0.0 (location: C:\Users\Usuario\misterio_de_varginha-jogofeiratecnica-2026-prot-tipo_principal-2026-09-22-10-19-30\Library\PackageCache\com.unity.modules.unitywebrequestaudio)
    com.unity.modules.unitywebrequesttexture@1.0.0 (location: C:\Users\Usuario\misterio_de_varginha-jogofeiratecnica-2026-prot-tipo_principal-2026-09-22-10-19-30\Library\PackageCache\com.unity.modules.unitywebrequesttexture)
    com.unity.modules.unitywebrequestwww@1.0.0 (location: C:\Users\Usuario\misterio_de_varginha-jogofeiratecnica-2026-prot-tipo_principal-2026-09-22-10-19-30\Library\PackageCache\com.unity.modules.unitywebrequestwww)
    com.unity.modules.vectorgraphics@1.0.0 (location: C:\Users\Usuario\misterio_de_varginha-jogofeiratecnica-2026-prot-tipo_principal-2026-09-22-10-19-30\Library\PackageCache\com.unity.modules.vectorgraphics)
    com.unity.modules.vehicles@1.0.0 (location: C:\Users\Usuario\misterio_de_varginha-jogofeiratecnica-2026-prot-tipo_principal-2026-09-22-10-19-30\Library\PackageCache\com.unity.modules.vehicles)
    com.unity.modules.video@1.0.0 (location: C:\Users\Usuario\misterio_de_varginha-jogofeiratecnica-2026-prot-tipo_principal-2026-09-22-10-19-30\Library\PackageCache\com.unity.modules.video)
    com.unity.modules.wind@1.0.0 (location: C:\Users\Usuario\misterio_de_varginha-jogofeiratecnica-2026-prot-tipo_principal-2026-09-22-10-19-30\Library\PackageCache\com.unity.modules.wind)
    com.unity.modules.xr@1.0.0 (location: C:\Users\Usuario\misterio_de_varginha-jogofeiratecnica-2026-prot-tipo_principal-2026-09-22-10-19-30\Library\PackageCache\com.unity.modules.xr)
    com.unity.modules.subsystems@1.0.0 (location: C:\Users\Usuario\misterio_de_varginha-jogofeiratecnica-2026-prot-tipo_principal-2026-09-22-10-19-30\Library\PackageCache\com.unity.modules.subsystems)
    com.unity.modules.hierarchycore@1.0.0 (location: C:\Users\Usuario\misterio_de_varginha-jogofeiratecnica-2026-prot-tipo_principal-2026-09-22-10-19-30\Library\PackageCache\com.unity.modules.hierarchycore)
    com.unity.ext.nunit@2.1.0 (location: C:\Users\Usuario\misterio_de_varginha-jogofeiratecnica-2026-prot-tipo_principal-2026-09-22-10-19-30\Library\PackageCache\com.unity.ext.nunit@0198eae3b53e)
    com.unity.render-pipelines.core@17.6.0 (location: C:\Users\Usuario\misterio_de_varginha-jogofeiratecnica-2026-prot-tipo_principal-2026-09-22-10-19-30\Library\PackageCache\com.unity.render-pipelines.core@2d66c71e606e)
    com.unity.shadergraph@17.6.0 (location: C:\Users\Usuario\misterio_de_varginha-jogofeiratecnica-2026-prot-tipo_principal-2026-09-22-10-19-30\Library\PackageCache\com.unity.shadergraph@ef6135652377)
    com.unity.render-pipelines.universal-config@17.6.0 (location: C:\Users\Usuario\misterio_de_varginha-jogofeiratecnica-2026-prot-tipo_principal-2026-09-22-10-19-30\Library\PackageCache\com.unity.render-pipelines.universal-config@561422b74439)
    com.unity.editorcoroutines@6.6.0 (location: C:\Users\Usuario\misterio_de_varginha-jogofeiratecnica-2026-prot-tipo_principal-2026-09-22-10-19-30\Library\PackageCache\com.unity.editorcoroutines@8cd72baa102a)
    com.unity.mathematics@1.4.0 (location: C:\Users\Usuario\misterio_de_varginha-jogofeiratecnica-2026-prot-tipo_principal-2026-09-22-10-19-30\Library\PackageCache\com.unity.mathematics@8306a64d0cd6)
    com.unity.collections@6.6.0 (location: C:\Users\Usuario\misterio_de_varginha-jogofeiratecnica-2026-prot-tipo_principal-2026-09-22-10-19-30\Library\PackageCache\com.unity.collections@10fff0607388)
    com.unity.graph-authoring@1.0.0 (location: C:\Users\Usuario\misterio_de_varginha-jogofeiratecnica-2026-prot-tipo_principal-2026-09-22-10-19-30\Library\PackageCache\com.unity.graph-authoring@cfd2588851ee)
    com.unity.burst@2.0.0 (location: C:\Users\Usuario\misterio_de_varginha-jogofeiratecnica-2026-prot-tipo_principal-2026-09-22-10-19-30\Library\PackageCache\com.unity.burst@626e66ab421b)
    com.unity.test-framework.performance@6.6.0 (location: C:\Users\Usuario\misterio_de_varginha-jogofeiratecnica-2026-prot-tipo_principal-2026-09-22-10-19-30\Library\PackageCache\com.unity.test-framework.performance@0a60b857a52e)
[Subsystems] No new subsystems found in resolved package list.
[Package Manager] Done registering packages in 0.03 seconds
[ScriptCompilation] Requested script compilation because: AssetDatabase observed changes in script compilation related files
Starting: C:\Program Files\Unity\Hub\Editor\6000.6.0f1\Editor\Data\Tools\BuildPipeline\bee_backend.exe --ipc --defer-dag-verification --dagfile="Library/Bee/1900b0aE.dag" --continue-on-failure --profile="Library/Bee/backend1.traceevents" ScriptAssemblies
WorkingDir: C:/Users/Usuario/misterio_de_varginha-jogofeiratecnica-2026-prot-tipo_principal-2026-09-22-10-19-30
warn: Unity.ILPP.Runner.PostProcessingAssemblyLoadContext[0]
      Assembly system.runtime.interopservices.windowsruntime has duplicate hint path. Ignoring "C:\Program Files\Unity\Hub\Editor\6000.6.0f1\Editor\Data\NetStandard\Extensions\2.0.0\System.Runtime.InteropServices.WindowsRuntime.dll" in favor of "C:\Program Files\Unity\Hub\Editor\6000.6.0f1\Editor\Data\UnityReferenceAssemblies\unity-4.8-api\Facades\System.Runtime.InteropServices.WindowsRuntime.dll"
warn: Unity.ILPP.Runner.PostProcessingAssemblyLoadContext[0]
      Assembly system.componentmodel.composition has duplicate hint path. Ignoring "C:\Program Files\Unity\Hub\Editor\6000.6.0f1\Editor\Data\NetStandard\compat\2.1.0\shims\netfx\System.ComponentModel.Composition.dll" in favor of "C:\Program Files\Unity\Hub\Editor\6000.6.0f1\Editor\Data\UnityReferenceAssemblies\unity-4.8-api\System.ComponentModel.Composition.dll"
DisplayProgressbar: Compiling Scripts
ExitCode: 4 Duration: 2s862ms
Rebuilding DAG because FileSignature timestamp changed: Library/Bee/1900b0aE-inputdata.json
[1025/1342  0s] ILPP-Configuration Library/ilpp-configuration.nevergeneratedoutput
[1026/1342  2s] Csc Library/Bee/artifacts/1900b0aE.dag/Game.dll (+2 others)
*** Tundra requires additional run (2.78 seconds), 2 items updated, 1024 evaluated
Starting: C:\Program Files\Unity\Hub\Editor\6000.6.0f1\Editor\Data\DotNetSdk\dotnet.exe "C:\Program Files\Unity\Hub\Editor\6000.6.0f1\Editor\Data\Tools\BuildPipeline\ScriptCompilationBuildProgram.exe" "Library/Bee/1900b0aE.dag.json" "Library/Bee/1900b0aE-inputdata.json" "Library\Bee\buildprogram0.traceevents"
WorkingDir: C:/Users/Usuario/misterio_de_varginha-jogofeiratecnica-2026-prot-tipo_principal-2026-09-22-10-19-30
ExitCode: 0 Duration: 2s49ms
Starting: C:\Program Files\Unity\Hub\Editor\6000.6.0f1\Editor\Data\Tools\BuildPipeline\bee_backend.exe --ipc --defer-dag-verification --dagfile="Library/Bee/1900b0aE.dag" --continue-on-failure --dagfilejson="Library\Bee\1900b0aE.dag.json" --profile="Library/Bee/backend2.traceevents" ScriptAssemblies
WorkingDir: C:/Users/Usuario/misterio_de_varginha-jogofeiratecnica-2026-prot-tipo_principal-2026-09-22-10-19-30
ExitCode: 0 Duration: 2s233ms
Finished compiling graph: 1346 nodes, 28223 flattened edges (23703 ToBuild, 216 ToUse), maximum node priority 1467
[ 712/1342  0s] WriteText Library/Bee/artifacts/1900b0aE.dag/GamePlayModeTests.rsp
[1026/1342  0s] ILPP-Configuration Library/ilpp-configuration.nevergeneratedoutput
[1327/1342  0s] ILPostProcess Library/Bee/artifacts/1900b0aE.dag/post-processed/Game.dll (+pdb)
Processing assembly Library/Bee/artifacts/1900b0aE.dag/Game.dll, with 149 defines and 313 references

processors: Unity.Jobs.CodeGen.JobsILPostProcessor, Unity.Pipeline.CodeGen.CodeReloadInPlaceILPostProcessor, zzzUnity.Burst.CodeGen.BurstILPostProcessor

1 processor(s) skipped this assembly

running Unity.Jobs.CodeGen.JobsILPostProcessor

running Unity.Pipeline.CodeGen.CodeReloadInPlaceILPostProcessor
[1328/1342  0s] CopyFiles Library/ScriptAssemblies/Game.pdb
[1329/1342  0s] Csc Library/Bee/artifacts/1900b0aE.dag/GameEditModeTests.dll (+2 others)
[1330/1342  0s] CopyFiles Library/ScriptAssemblies/Game.dll
[1331/1342  0s] Csc Library/Bee/artifacts/1900b0aE.dag/Assembly-CSharp-Editor.dll (+2 others)
[1332/1342  0s] Csc Library/Bee/artifacts/1900b0aE.dag/GamePlayModeTests.dll (+2 others)
[1333/1342  0s] ILPostProcess Library/Bee/artifacts/1900b0aE.dag/post-processed/GameEditModeTests.dll (+pdb)
Processing assembly Library/Bee/artifacts/1900b0aE.dag/GameEditModeTests.dll, with 147 defines and 300 references

processors: Unity.Jobs.CodeGen.JobsILPostProcessor, Unity.Pipeline.CodeGen.CodeReloadInPlaceILPostProcessor, zzzUnity.Burst.CodeGen.BurstILPostProcessor

1 processor(s) skipped this assembly

running Unity.Jobs.CodeGen.JobsILPostProcessor

running Unity.Pipeline.CodeGen.CodeReloadInPlaceILPostProcessor
[1334/1342  0s] CopyFiles Library/ScriptAssemblies/GameEditModeTests.pdb
[1335/1342  0s] CopyFiles Library/ScriptAssemblies/GameEditModeTests.dll
[1336/1342  0s] ILPostProcess Library/Bee/artifacts/1900b0aE.dag/post-processed/GamePlayModeTests.dll (+pdb)
Processing assembly Library/Bee/artifacts/1900b0aE.dag/GamePlayModeTests.dll, with 149 defines and 294 references

processors: Unity.Jobs.CodeGen.JobsILPostProcessor, Unity.Pipeline.CodeGen.CodeReloadInPlaceILPostProcessor, zzzUnity.Burst.CodeGen.BurstILPostProcessor

1 processor(s) skipped this assembly

running Unity.Jobs.CodeGen.JobsILPostProcessor

running Unity.Pipeline.CodeGen.CodeReloadInPlaceILPostProcessor
[1337/1342  0s] CopyFiles Library/ScriptAssemblies/GamePlayModeTests.pdb
[1338/1342  0s] CopyFiles Library/ScriptAssemblies/GamePlayModeTests.dll
[1339/1342  0s] ILPostProcess Library/Bee/artifacts/1900b0aE.dag/post-processed/Assembly-CSharp-Editor.dll (+pdb)
Processing assembly Library/Bee/artifacts/1900b0aE.dag/Assembly-CSharp-Editor.dll, with 147 defines and 408 references

processors: Unity.Jobs.CodeGen.JobsILPostProcessor, Unity.Pipeline.CodeGen.CodeReloadInPlaceILPostProcessor, zzzUnity.Burst.CodeGen.BurstILPostProcessor

1 processor(s) skipped this assembly

running Unity.Jobs.CodeGen.JobsILPostProcessor

running Unity.Pipeline.CodeGen.CodeReloadInPlaceILPostProcessor
[1340/1342  0s] CopyFiles Library/ScriptAssemblies/Assembly-CSharp-Editor.pdb
[1341/1342  0s] CopyFiles Library/ScriptAssemblies/Assembly-CSharp-Editor.dll
*** Tundra build success (2.21 seconds), 17 items updated, 1342 evaluated
Total cache size 267217116
Total cache size after purge 267217116, took 00:00:00.5594595
AssetDatabase: script compilation time: 8.333293s
Begin MonoManager ReloadAssembly
Symbol file LoadedFromMemory is not a mono symbol file
'Packages/com.unity.render-pipelines.core/Editor/Deprecated.cs' contains partial class of Unity.Object, exactly 1 of the partial classes needs to be in a file with the same filename. This is to know the one that can be referenced from ie. GameObjects
'Packages/com.unity.render-pipelines.core/Editor/Deprecated.cs' contains partial class of Unity.Object, exactly 1 of the partial classes needs to be in a file with the same filename. This is to know the one that can be referenced from ie. GameObjects
Refreshing native plugins compatible for Editor in 4.76 ms, found 5 plugins.
Native extension for WindowsStandalone target not found
Start HTTP server: port:7800
ScheduleIndexationOnStartup MainProcess:True IndexOnStartup:True
Scripting: successfully reloaded assembly
- Finished resetting the current domain, in  1.949 seconds
Domain Reload Profiling: 3940ms
	BeginReloadAssembly (357ms)
		DisableScriptedObjects (34ms)
		CreateAndSetChildDomain (67ms)
	RebuildCommonClasses (13ms)
	RebuildNativeTypeToScriptingClass (23ms)
	initialDomainReloadingComplete (142ms)
	LoadAllAssembliesAndSetupDomain (1454ms)
		LoadAssemblies (605ms)
		TypeCache.Refresh (523ms)
			TypeCache.ScanAssembly (481ms)
		AnalyzeDomain (200ms)
			BuildScriptInfoCaches (183ms)
			ResolveRequiredComponents (14ms)
	FinalizeReload (1950ms)
		SetupLoadedEditorAssemblies (0ms)
			LogAssemblyErrors (4ms)
			BeforeProcessingInitializeOnLoad (183ms)
			ProcessInitializeOnLoadAttributes (1134ms)
			ProcessInitializeOnLoadMethodAttributes (193ms)
			AfterProcessingInitializeOnLoad (13ms)
			EditorAssembliesLoaded (5ms)
		AwakeInstancesAfterBackupRestoration (50ms)
Starting new worker id: 0 with log in C:/Users/Usuario/misterio_de_varginha-jogofeiratecnica-2026-prot-tipo_principal-2026-09-22-10-19-30/Logs/AssetImportWorkerHW0.log
Refreshing native plugins compatible for Editor in 3.88 ms, found 5 plugins.
Refreshing native plugins compatible for Editor in 2.88 ms, found 5 plugins.

Asset Pipeline Refresh (id=74aceffe51e6a58438c5871d34bc95bd): Total: 14.557 seconds - Initiated by InitialRefreshV2(ForceSynchronousImport)
	(Values over 0.05ms)
	Summary:
		Imports: total=0 (actual=0, local cache=0, cache server=0)
		Asset DB Process Time: managed=0 ms, native=2792 ms
		Asset DB Callback time: managed=912 ms, native=305 ms
		Scripting: domain reloads=1, domain reload time=2102 ms, compile time=8336 ms, other=107 ms
		Project Asset Count: scripts=1783, non-scripts=3410
		Asset File Changes: new=1, changed=5, moved=0, deleted=0
		Scan Filter Count: 0
	InvokePackagesCallback: 41.078ms
	ApplyChangesToAssetFolders: 0.995ms
	Scan: 176.962ms
	Collect global state as custom dependencies: 21.772ms
	OnSourceAssetsModified: 0.913ms
	CategorizeScriptCompilationAssets: 84.978ms
	ProcessAssetsWithTransientArtifactChanges: 148.097ms
	CategorizeAssets: 101.478ms
	CompileScripts: 8336.136ms
	ImportOutOfDateAssets: 1985.982ms (1968.541ms without children)
		UnloadImportedAssets: 0.163ms
		EnsureUptoDateAssetsAreRegisteredWithGuidPM: 1.473ms
		ImportSchedulerStart: 15.800ms
	PostProcessAllAssets: 1172.855ms
		VCAutoAddAssetPostprocess 257.614ms
		XRBuildSystem.XRAssetImported 3.543ms
		VersionControlSettings.HiddenFilePostprocess 0.091ms
		PostProcessCallbackCreateDeferredMaterials 0.082ms
		MonoPostProcessAllAssets: 910.261ms
			SyncVS.PostprocessSyncProject 437.481ms
			UniversalRenderPipelineGlobalSettingsPostprocessor.OnPostprocessAllAssets 274.004ms
			AssetPostprocessor.OnPostprocessAllAssets 101.989ms
			StyleCatalogPostProcessor.OnPostprocessAllAssets 28.086ms
			BuilderAssetPostprocessor.OnPostprocessAllAssets 8.838ms
			WindowAssetPostprocessingWatcher.OnPostprocessAllAssets 6.257ms
			SpriteSlicePostprocessor.OnPostprocessAllAssets 3.973ms
			SpeedTree9Postprocessor.OnPostprocessAllAssets 3.677ms
			AssetChangedListener.OnPostprocessAllAssets 2.931ms
			ShaderGraphAssetPostProcessor.OnPostprocessAllAssets 2.864ms
			RetainedModeAssetPostprocessor.OnPostprocessAllAssets 2.330ms
			MaterialPostprocessor.OnPostprocessAllAssets 1.470ms
			EditModeScopePostprocessor.OnPostprocessAllAssets 1.176ms
			ArtifactBrowserPostProcessor.OnPostprocessAllAssets 0.873ms
			InputActionAssetPostprocessor.OnPostprocessAllAssets 0.814ms
			SpriteEditorTexturePostprocessor.OnPostprocessAllAssets 0.809ms
			ShaderReflectionAssetPostProcessor.OnPostprocessAllAssets 0.731ms
			SpriteShapeAssetPostProcessor.OnPostprocessAllAssets 0.694ms
			InputActionJsonNameModifierAssetProcessor.OnPostprocessAllAssets 0.606ms
			TextAssetPostProcessor.OnPostprocessAllAssets 0.573ms
			AssetProcessor.OnPostprocessAllAssets 0.528ms
			AudioMixerPostprocessor.OnPostprocessAllAssets 0.466ms
			PostProcessor.OnPostprocessAllAssets 0.436ms
			ReferencedClipsPostProcessor.OnPostprocessAllAssets 0.432ms
			TerrainToolbarOverlayPostProcessor.OnPostprocessAllAssets 0.395ms
			ThemePostprocessor.OnPostprocessAllAssets 0.392ms
			ProjectSettingsPostprocessor.OnPostprocessAllAssets 0.367ms
			AssetEvents.OnPostprocessAllAssets 0.361ms
			SpriteLibraryAssetPostprocessor.OnPostprocessAllAssets 0.329ms
			TMPro_TexturePostProcessor.OnPostprocessAllAssets 0.315ms
			VarginhaStudentAtlasImporter.OnPostprocessAllAssets 0.314ms
			SpeedTreePostProcessor.OnPostprocessAllAssets 0.291ms
			UVCSAssetPostprocessor.OnPostprocessAllAssets 0.263ms
			PSDImportPostProcessor.OnPostprocessAllAssets 0.256ms
			AssetDatabaseCallbacks.OnPostprocessAllAssets 0.234ms
			ConfigAssetsTracker.OnPostprocessAllAssets 0.222ms
			SamplePostprocessor.OnPostprocessAllAssets 0.191ms
			PSDImporterAssetPostProcessor.OnPostprocessAllAssets 0.179ms
			RenderPipelineGlobalSettingsPostprocessor.OnPostprocessAllAssets 0.175ms
			ScenarioDriftAssetsTracker.OnPostprocessAllAssets 0.171ms
			AssetReloadNotifier.OnPostprocessAllAssets 0.140ms
			AudioContainerPostProcessor.OnPostprocessAllAssets 0.111ms
	PostAssetChangesProfiler: 6.326ms
	UnloadStreamsBegin: 4.019ms
	PersistCurrentRevisions: 0.343ms
	GenerateScriptTypeHashes: 2.923ms
	GenerateScriptTypeSerializationHashes: 5.393ms
	Untracked: 2441.141ms

Application.AssetDatabase Initial Refresh End
Shader Hidden/ChartRasterizerHardware is not supported: GPU does not support conservative rasterization
Launched and connected shader compiler UnityShaderCompiler.exe after 0.02 seconds
Shader Hidden/ChartRasterizerHardware is not supported: GPU does not support conservative rasterization
Scanning for USB devices : 2.887ms
Initializing Unity extensions:
[MODES] ModeService[none].Initialize
[MODES] ModeService[none].LoadModes
[MODES] Loading mode Default (0) for mode-current-id-Template 2D Kit
Unloading 164 Unused Serialized files (Serialized files now loaded: 0)
Unloading 7990 unused Assets / (7.9 MB). Loaded Objects now: 8970.
Memory consumption went from 465.6 MB to 457.7 MB.
Total: 16.615900 ms (FindLiveObjects: 1.215300 ms CreateObjectMapping: 1.005000 ms MarkObjects: 9.068700 ms  DeleteObjects: 4.975400 ms)

GpuFence::Create(): Failed to create ID3D11Fence, error 0x80070057
[Project] Loading completed in 18.479 seconds
	Project init time: 				18.139 seconds
		Template init time: 		0.000 seconds
		Package Manager init time: 		0.418 seconds
		Asset Database init time: 		0.373 seconds
		Global illumination init time: 	0.003 seconds
		Assemblies load time: 			1.726 seconds
		Unity extensions init time: 	0.028 seconds
		Asset Database refresh time: 	14.558 seconds
	Scene opening time: 			0.211 seconds
##utp:{"type":"ProjectInfo","version":2,"phase":"Immediate","time":1790698848987,"processId":8484,"projectLoad":18.4785021,"projectInit":18.138884,"templateInit":0.0,"packageManagerInit":0.4177575,"assetDatabaseInit":0.3726072,"globalIlluminationInit":0.0032772,"assembliesLoad":1.7264559,"unityExtensionsInit":0.0284845,"assetDatabaseRefresh":14.5575167,"sceneOpening":0.2111325}
##utp:{"type":"EditorInfo","version":2,"phase":"Immediate","time":1790698848987,"processId":8484,"editorVersion":"6000.6.0f1 (f7f8ed4d1e24)","branch":"6000.6/respin/6000.6.0f1-fa21a270ab12","buildType":"Release","platform":"Windows"}
[Licensing::Client] Successfully resolved entitlement details
[Licensing::Client] Successfully resolved entitlement details
Running tests for ExecutionSettings with details:
targetPlatform = 
playerHeartbeatTimeout = 600
filters[0] = 
   Filter with settings:
   testMode = PlayMode
   targetPlatform = 
   testNames = null
   groupNames = Game.Tests.PlayMode.VarginhaRequestedGameplayTests, Game.Tests.PlayMode.FuscaDepartureTests, Game.Tests.PlayMode.VarginhaSchoolRescueTests, Game.Tests.PlayMode.VarginhaPlayerPolishTests
   categoryNames = null
   assemblyNames = null
ignoreTests = {}
featureFlags = null

UnityEngine.Debug:ExtractStackTraceNoAlloc (byte*,int,string)
UnityEngine.StackTraceUtility:ExtractStackTrace ()
UnityEngine.DebugLogHandler:Internal_Log (UnityEngine.LogType,UnityEngine.LogOption,string,UnityEngine.Object)
UnityEngine.DebugLogHandler:LogFormat (UnityEngine.LogType,UnityEngine.Object,string,object[])
UnityEngine.Logger:Log (UnityEngine.LogType,object)
UnityEngine.Debug:Log (object)
UnityEditor.TestTools.TestRunner.CommandLineTest.Executer:InitializeAndExecuteRun (string[]) (at ./Library/PackageCache/com.unity.test-framework@7a3849e09bd0/UnityEditor.TestRunner/CommandLineTest/Executer.cs:53)
UnityEditor.TestTools.TestRunner.CommandLineTest.TestStarter:InitializeAndExecuteRun () (at ./Library/PackageCache/com.unity.test-framework@7a3849e09bd0/UnityEditor.TestRunner/CommandLineTest/TestStarter.cs:64)
UnityEditor.EditorApplication:Internal_CallUpdateFunctions ()

(Filename: ./Library/PackageCache/com.unity.test-framework@7a3849e09bd0/UnityEditor.TestRunner/CommandLineTest/Executer.cs Line: 53)

Worker ready: AssetImportWorkerHW0 0
Start Indexing on Editor startup
[Indexing] Starting Initial Indexing for Assets
[Licensing::Client] Successfully resolved entitlement details
Reloading assemblies due to reload request.
Reloading assemblies after forced synchronous recompile.
Begin MonoManager ReloadAssembly
Symbol file LoadedFromMemory is not a mono symbol file
'Packages/com.unity.render-pipelines.core/Editor/Deprecated.cs' contains partial class of Unity.Object, exactly 1 of the partial classes needs to be in a file with the same filename. This is to know the one that can be referenced from ie. GameObjects
'Packages/com.unity.render-pipelines.core/Editor/Deprecated.cs' contains partial class of Unity.Object, exactly 1 of the partial classes needs to be in a file with the same filename. This is to know the one that can be referenced from ie. GameObjects
Refreshing native plugins compatible for Editor in 2.70 ms, found 5 plugins.
Native extension for WindowsStandalone target not found
[MODES] ModeService[none].Initialize
[MODES] ModeService[none].LoadModes
Start HTTP server: port:7800
ScheduleIndexationOnStartup MainProcess:True IndexOnStartup:True
Refreshing native plugins compatible for Editor in 3.36 ms, found 5 plugins.
Scripting: successfully reloaded assembly
- Finished resetting the current domain, in  2.046 seconds
Domain Reload Profiling: 3811ms
	BeginReloadAssembly (1284ms)
		DisableScriptedObjects (39ms)
		CreateAndSetChildDomain (231ms)
	RebuildCommonClasses (14ms)
	RebuildNativeTypeToScriptingClass (28ms)
	initialDomainReloadingComplete (131ms)
	LoadAllAssembliesAndSetupDomain (307ms)
		LoadAssemblies (208ms)
		TypeCache.Refresh (10ms)
		AnalyzeDomain (17ms)
			ResolveRequiredComponents (13ms)
	FinalizeReload (2048ms)
		SetupLoadedEditorAssemblies (0ms)
			BeforeProcessingInitializeOnLoad (293ms)
			ProcessInitializeOnLoadAttributes (636ms)
			ProcessInitializeOnLoadMethodAttributes (301ms)
			AfterProcessingInitializeOnLoad (9ms)
		AwakeInstancesAfterBackupRestoration (229ms)
No restricted APIs configured; Validation skipped.
Checking 24 assemblies for restricted APIs found 0 usage(s) in 4 ms
Refreshing native plugins compatible for Editor in 2.83 ms, found 5 plugins.

Asset Pipeline Refresh (id=36dd67e4fcf3aa8489d381c23f0422fd): Total: 5.883 seconds - Initiated by StopAssetImportingV2(ForceSynchronousImport | ForceDomainReload)
	(Values over 0.05ms)
	Summary:
		Imports: total=0 (actual=0, local cache=0, cache server=0)
		Asset DB Process Time: managed=0 ms, native=2499 ms
		Asset DB Callback time: managed=1073 ms, native=447 ms
		Scripting: domain reloads=1, domain reload time=1860 ms, compile time=2 ms, other=0 ms
		Project Asset Count: scripts=1783, non-scripts=3410
		Asset File Changes: new=0, changed=0, moved=0, deleted=0
		Scan Filter Count: 0
	InvokePackagesCallback: 2.592ms
	ApplyChangesToAssetFolders: 0.387ms
	Collect global state as custom dependencies: 12.386ms
	ProcessAssetsWithTransientArtifactChanges: 280.586ms
	CategorizeAssets: 62.455ms
	CompileScripts: 2.252ms
	ImportOutOfDateAssets: 2060.479ms (2058.342ms without children)
		CollectScriptTypesHashes: 3.048ms
		ReloadNativeAssets: 0.809ms
		UnloadImportedAssets: 0.211ms
		EnsureUptoDateAssetsAreRegisteredWithGuidPM: 0.772ms
		ImportSchedulerStart: 0.323ms
	PostProcessAllAssets: 1514.124ms
		AssemblyValidation.PostprocessAllAssets 40.595ms
		PostProcessCallbackCreateDeferredMaterials 21.992ms
		SpriteAtlasDatabase.OnAssetPostprocessCallback 19.443ms
		ShaderAssetModifiedCallback 12.396ms
		ComputeShaderImportPostprocess 10.997ms
		RaytracingShaderImportPostprocess 10.625ms
		SpeedTreeImporter.PostprocessAllAssets 9.305ms
		LocalizationDatabase.AssetDatabasePostprocessCallback 4.251ms
		BlockShaderImporter.PostprocessAllAssets 4.037ms
		XRBuildSystem.XRAssetImported 0.888ms
		MonoPostProcessAllAssets: 1071.856ms
			SyncVS.PostprocessSyncProject 341.764ms
			ShaderGraphAssetPostProcessor.OnPostprocessAllAssets 260.676ms
			PostProcessor.OnPostprocessAllAssets 67.215ms
			AssetPostprocessor.OnPostprocessAllAssets 49.298ms
			MaterialPostprocessor.OnPostprocessAllAssets 47.460ms
			InputActionJsonNameModifierAssetProcessor.OnPostprocessAllAssets 47.212ms
			InputActionAssetPostprocessor.OnPostprocessAllAssets 47.087ms
			TextAssetPostProcessor.OnPostprocessAllAssets 29.365ms
			SpriteSlicePostprocessor.OnPostprocessAllAssets 25.821ms
			StyleCatalogPostProcessor.OnPostprocessAllAssets 21.992ms
			UniversalRenderPipelineGlobalSettingsPostprocessor.OnPostprocessAllAssets 19.001ms
			AssetChangedListener.OnPostprocessAllAssets 18.590ms
			BuilderAssetPostprocessor.OnPostprocessAllAssets 7.282ms
			SpeedTree9Postprocessor.OnPostprocessAllAssets 6.924ms
			RetainedModeAssetPostprocessor.OnPostprocessAllAssets 2.527ms
			WindowAssetPostprocessingWatcher.OnPostprocessAllAssets 1.649ms
			TMPro_TexturePostProcessor.OnPostprocessAllAssets 1.510ms
			ProjectSettingsPostprocessor.OnPostprocessAllAssets 1.300ms
			EditModeScopePostprocessor.OnPostprocessAllAssets 0.994ms
			VarginhaStudentAtlasImporter.OnPostprocessAllAssets 0.720ms
			SpeedTreePostProcessor.OnPostprocessAllAssets 0.654ms
			SpriteEditorTexturePostprocessor.OnPostprocessAllAssets 0.653ms
			ShaderReflectionAssetPostProcessor.OnPostprocessAllAssets 0.618ms
			ThemePostprocessor.OnPostprocessAllAssets 0.600ms
			ArtifactBrowserPostProcessor.OnPostprocessAllAssets 0.541ms
			SpriteShapeAssetPostProcessor.OnPostprocessAllAssets 0.425ms
			AudioMixerPostprocessor.OnPostprocessAllAssets 0.383ms
			ReferencedClipsPostProcessor.OnPostprocessAllAssets 0.329ms
			UVCSAssetPostprocessor.OnPostprocessAllAssets 0.297ms
			AssetEvents.OnPostprocessAllAssets 0.297ms
			SpriteLibraryAssetPostprocessor.OnPostprocessAllAssets 0.256ms
			TerrainToolbarOverlayPostProcessor.OnPostprocessAllAssets 0.241ms
			AssetDatabaseCallbacks.OnPostprocessAllAssets 0.180ms
			SamplePostprocessor.OnPostprocessAllAssets 0.177ms
			ConfigAssetsTracker.OnPostprocessAllAssets 0.175ms
			PSDImportPostProcessor.OnPostprocessAllAssets 0.163ms
			ScenarioDriftAssetsTracker.OnPostprocessAllAssets 0.148ms
			RenderPipelineGlobalSettingsPostprocessor.OnPostprocessAllAssets 0.146ms
			PSDImporterAssetPostProcessor.OnPostprocessAllAssets 0.124ms
			AssetReloadNotifier.OnPostprocessAllAssets 0.121ms
			AudioContainerPostProcessor.OnPostprocessAllAssets 0.092ms
			AssetProcessor.OnPostprocessAllAssets 0.069ms
	PostAssetChangesProfiler: 5.684ms
	GatherAllCurrentPrimaryImportResultRevisions: 0.499ms
	UnloadStreamsBegin: 7.465ms
	PersistCurrentRevisions: 0.152ms
	GenerateScriptTypeHashes: 4.099ms
	GenerateScriptTypeSerializationHashes: 6.952ms
	Untracked: 1899.577ms

[UnityConnectServicesConfig] config is NOT valid, switching to default
Created GICache directory at C:/Users/Usuario/AppData/LocalLow/Unity/Caches/GiCache. Took: 0.029s, timestamps: [18.481 - 18.510]
[Licensing::Client] Successfully resolved entitlement details
[Licensing::Client] Successfully resolved entitlement details
[Licensing::Client] Successfully resolved entitlement details
Unloading 0 Unused Serialized files (Serialized files now loaded: 0)
Unloading 7090 unused Assets / (2.6 MB). Loaded Objects now: 9126.
Memory consumption went from 463.1 MB to 460.5 MB.
Total: 14.634100 ms (FindLiveObjects: 1.707500 ms CreateObjectMapping: 0.897800 ms MarkObjects: 9.861000 ms  DeleteObjects: 1.800200 ms)

Importing 'GUID: 112bb8dec5dbf3740be11ff5c3d6a05c - Path: Assets/InitTestScene6e2d5e60-8038-40fa-bc7f-24acb77cb0c6.unity' with importer (DefaultImporter)
Imported 'GUID: 112bb8dec5dbf3740be11ff5c3d6a05c' -> (Import Result ID: '42faf4e4e9ab8441f3c2189d0d4ccf97') in 0.006 seconds [static dependencies only]. Details - ImportResultOutputID=a2fc2cca9c806f416e0c62887dcd48f0 DependenciesID=5eb3f570d0d28aa92df32972e3184af6 StaticDependenciesID=cd6895ceb4ec9ed3168fb6596caf08f9 
Refreshing native plugins compatible for Editor in 2.55 ms, found 5 plugins.
Asset Pipeline Refresh (id=37967048e552c0a46aa75a479789dc36): Total: 0.062 seconds - Initiated by StopAssetImportingV2(NoUpdateAssetOptions)
Executing IPrebuildSetup for: Unity.PerformanceTesting.Editor.TestRunBuilder.
UnityEngine.Debug:ExtractStackTraceNoAlloc (byte*,int,string)
UnityEngine.StackTraceUtility:ExtractStackTrace ()
UnityEngine.DebugLogHandler:Internal_Log (UnityEngine.LogType,UnityEngine.LogOption,string,UnityEngine.Object)
UnityEngine.DebugLogHandler:LogFormat (UnityEngine.LogType,UnityEngine.Object,string,object[])
UnityEngine.Logger:Log (UnityEngine.LogType,object)
UnityEngine.Debug:Log (object)
UnityEditor.TestTools.TestRunner.TestRun.Tasks.BuildActionTaskBase`1/<ExecuteMethods>d__8<UnityEngine.TestTools.IPrebuildSetup>:MoveNext () (at ./Library/PackageCache/com.unity.test-framework@7a3849e09bd0/UnityEditor.TestRunner/TestRun/Tasks/BuildActionTaskBase.cs:48)
UnityEditor.TestTools.TestRunner.TestRun.Tasks.BuildActionTaskBase`1/<Execute>d__7<UnityEngine.TestTools.IPrebuildSetup>:MoveNext () (at ./Library/PackageCache/com.unity.test-framework@7a3849e09bd0/UnityEditor.TestRunner/TestRun/Tasks/BuildActionTaskBase.cs:34)
UnityEditor.TestTools.TestRunner.TestRun.TestJobRunner:ExecuteStep () (at ./Library/PackageCache/com.unity.test-framework@7a3849e09bd0/UnityEditor.TestRunner/TestRun/TestJobRunner.cs:194)
UnityEditor.TestTools.TestRunner.TestRun.TestJobRunner:ExecuteCallback () (at ./Library/PackageCache/com.unity.test-framework@7a3849e09bd0/UnityEditor.TestRunner/TestRun/TestJobRunner.cs:129)
UnityEditor.EditorApplication:Internal_CallUpdateFunctions ()

(Filename: ./Library/PackageCache/com.unity.test-framework@7a3849e09bd0/UnityEditor.TestRunner/TestRun/Tasks/BuildActionTaskBase.cs Line: 48)

SpriteAtlasPacking completed in 0.004812 sec
Entering Playmode with Reload Domain disabled.
If you experience any issues, please disable "Enter Play Mode Options" in Editor Settings
Loaded scene 'Temp/__Backupscenes/0.backup'
	Deserialize:            5.515 ms
	Integration:            3359.050 ms
	Integration of assets:  0.002 ms
	Thread Wait Time:       0.010 ms
	Total Operation Time:   3364.576 ms
QA run started: 154
UnityEngine.Debug:ExtractStackTraceNoAlloc (byte*,int,string)
UnityEngine.StackTraceUtility:ExtractStackTrace ()
UnityEngine.DebugLogHandler:Internal_Log (UnityEngine.LogType,UnityEngine.LogOption,string,UnityEngine.Object)
UnityEngine.DebugLogHandler:LogFormat (UnityEngine.LogType,UnityEngine.Object,string,object[])
UnityEngine.Logger:Log (UnityEngine.LogType,object)
UnityEngine.Debug:Log (object)
Game.Editor.Testing.VarginhaBatchTestProgress:RunStarted (UnityEditor.TestTools.TestRunner.Api.ITestAdaptor) (at Assets/Scripts/Editor/Testing/VarginhaBatchTestProgress.cs:18)
UnityEditor.TestTools.TestRunner.Api.CallbacksDelegator/<>c__DisplayClass7_0:<RunStarted>b__0 (UnityEditor.TestTools.TestRunner.Api.ICallbacks) (at ./Library/PackageCache/com.unity.test-framework@7a3849e09bd0/UnityEditor.TestRunner/Api/CallbacksDelegator.cs:42)
UnityEditor.TestTools.TestRunner.Api.CallbacksDelegator:TryInvokeAllCallbacks (System.Action`1<UnityEditor.TestTools.TestRunner.Api.ICallbacks>) (at ./Library/PackageCache/com.unity.test-framework@7a3849e09bd0/UnityEditor.TestRunner/Api/CallbacksDelegator.cs:135)
UnityEditor.TestTools.TestRunner.Api.CallbacksDelegator:RunStarted (NUnit.Framework.Interfaces.ITest) (at ./Library/PackageCache/com.unity.test-framework@7a3849e09bd0/UnityEditor.TestRunner/Api/CallbacksDelegator.cs:42)
UnityEngine.Events.InvokableCall`1<NUnit.Framework.Interfaces.ITest>:Invoke (NUnit.Framework.Interfaces.ITest)
UnityEngine.Events.UnityEvent`1<NUnit.Framework.Interfaces.ITest>:Invoke (NUnit.Framework.Interfaces.ITest)
UnityEngine.Events.InvokableCall`1<NUnit.Framework.Interfaces.ITest>:Invoke (NUnit.Framework.Interfaces.ITest)
UnityEngine.Events.UnityEvent`1<NUnit.Framework.Interfaces.ITest>:Invoke (NUnit.Framework.Interfaces.ITest)
UnityEngine.TestTools.TestRunner.PlaymodeTestsController/<Run>d__26:MoveNext () (at ./Library/PackageCache/com.unity.test-framework@7a3849e09bd0/UnityEngine.TestRunner/TestRunner/PlaymodeTestsController.cs:146)
UnityEngine.SetupCoroutine:InvokeMoveNext (System.Collections.IEnumerator,intptr)
UnityEngine.MonoBehaviour:StartCoroutineManaged2 (System.Collections.IEnumerator)
UnityEngine.MonoBehaviour:StartCoroutine (System.Collections.IEnumerator)
UnityEngine.TestTools.TestRunner.PlaymodeTestsController/<Start>d__22:MoveNext () (at ./Library/PackageCache/com.unity.test-framework@7a3849e09bd0/UnityEngine.TestRunner/TestRunner/PlaymodeTestsController.cs:81)
UnityEngine.SetupCoroutine:InvokeMoveNext (System.Collections.IEnumerator,intptr)

(Filename: Assets/Scripts/Editor/Testing/VarginhaBatchTestProgress.cs Line: 18)

QA test: Game.Tests.PlayMode.FuscaDepartureTests.DepartureKeepsLaneAndEndsAtExactDistance
UnityEngine.Debug:ExtractStackTraceNoAlloc (byte*,int,string)
UnityEngine.StackTraceUtility:ExtractStackTrace ()
UnityEngine.DebugLogHandler:Internal_Log (UnityEngine.LogType,UnityEngine.LogOption,string,UnityEngine.Object)
UnityEngine.DebugLogHandler:LogFormat (UnityEngine.LogType,UnityEngine.Object,string,object[])
UnityEngine.Logger:Log (UnityEngine.LogType,object)
UnityEngine.Debug:Log (object)
Game.Editor.Testing.VarginhaBatchTestProgress:TestStarted (UnityEditor.TestTools.TestRunner.Api.ITestAdaptor) (at Assets/Scripts/Editor/Testing/VarginhaBatchTestProgress.cs:22)
UnityEditor.TestTools.TestRunner.Api.CallbacksDelegator/<>c__DisplayClass12_0:<TestStarted>b__0 (UnityEditor.TestTools.TestRunner.Api.ICallbacks) (at ./Library/PackageCache/com.unity.test-framework@7a3849e09bd0/UnityEditor.TestRunner/Api/CallbacksDelegator.cs:81)
UnityEditor.TestTools.TestRunner.Api.CallbacksDelegator:TryInvokeAllCallbacks (System.Action`1<UnityEditor.TestTools.TestRunner.Api.ICallbacks>) (at ./Library/PackageCache/com.unity.test-framework@7a3849e09bd0/UnityEditor.TestRunner/Api/CallbacksDelegator.cs:135)
UnityEditor.TestTools.TestRunner.Api.CallbacksDelegator:TestStarted (NUnit.Framework.Interfaces.ITest) (at ./Library/PackageCache/com.unity.test-framework@7a3849e09bd0/UnityEditor.TestRunner/Api/CallbacksDelegator.cs:81)
UnityEngine.Events.InvokableCall`1<NUnit.Framework.Interfaces.ITest>:Invoke (NUnit.Framework.Interfaces.ITest)
UnityEngine.Events.UnityEvent`1<NUnit.Framework.Interfaces.ITest>:Invoke (NUnit.Framework.Interfaces.ITest)
UnityEngine.Events.InvokableCall`1<NUnit.Framework.Interfaces.ITest>:Invoke (NUnit.Framework.Interfaces.ITest)
UnityEngine.Events.UnityEvent`1<NUnit.Framework.Interfaces.ITest>:Invoke (NUnit.Framework.Interfaces.ITest)
UnityEngine.TestTools.TestRunner.TestListenerWrapper:TestStarted (NUnit.Framework.Interfaces.ITest) (at ./Library/PackageCache/com.unity.test-framework@7a3849e09bd0/UnityEngine.TestRunner/TestRunner/TestListenerWrapper.cs:19)
UnityEngine.TestRunner.NUnitExtensions.Runner.UnityWorkItem:Execute () (at ./Library/PackageCache/com.unity.test-framework@7a3849e09bd0/UnityEngine.TestRunner/NUnitExtensions/Runner/UnityWorkItem.cs:83)
UnityEngine.TestRunner.NUnitExtensions.Runner.CompositeWorkItem/<RunChildren>d__17:MoveNext () (at ./Library/PackageCache/com.unity.test-framework@7a3849e09bd0/UnityEngine.TestRunner/NUnitExtensions/Runner/CompositeWorkItem.cs:205)
UnityEngine.TestRunner.NUnitExtensions.Runner.CompositeWorkItem/<PerformWork>d__13:MoveNext () (at ./Library/PackageCache/com.unity.test-framework@7a3849e09bd0/UnityEngine.TestRunner/NUnitExtensions/Runner/CompositeWorkItem.cs:83)
UnityEngine.TestRunner.NUnitExtensions.Runner.CompositeWorkItem/<RunChildren>d__17:MoveNext () (at ./Library/PackageCache/com.unity.test-framework@7a3849e09bd0/UnityEngine.TestRunner/NUnitExtensions/Runner/CompositeWorkItem.cs:209)
UnityEngine.TestRunner.NUnitExtensions.Runner.CompositeWorkItem/<PerformWork>d__13:MoveNext () (at ./Library/PackageCache/com.unity.test-framework@7a3849e09bd0/UnityEngine.TestRunner/NUnitExtensions/Runner/CompositeWorkItem.cs:83)
UnityEngine.TestRunner.NUnitExtensions.Runner.CompositeWorkItem/<RunChildren>d__17:MoveNext () (at ./Library/PackageCache/com.unity.test-framework@7a3849e09bd0/UnityEngine.TestRunner/NUnitExtensions/Runner/CompositeWorkItem.cs:209)
UnityEngine.TestRunner.NUnitExtensions.Runner.CompositeWorkItem/<PerformWork>d__13:MoveNext () (at ./Library/PackageCache/com.unity.test-framework@7a3849e09bd0/UnityEngine.TestRunner/NUnitExtensions/Runner/CompositeWorkItem.cs:83)
UnityEngine.TestRunner.NUnitExtensions.Runner.CompositeWorkItem/<RunChildren>d__17:MoveNext () (at ./Library/PackageCache/com.unity.test-framework@7a3849e09bd0/UnityEngine.TestRunner/NUnitExtensions/Runner/CompositeWorkItem.cs:209)
UnityEngine.TestRunner.NUnitExtensions.Runner.CompositeWorkItem/<PerformWork>d__13:MoveNext () (at ./Library/PackageCache/com.unity.test-framework@7a3849e09bd0/UnityEngine.TestRunner/NUnitExtensions/Runner/CompositeWorkItem.cs:83)
UnityEngine.TestRunner.NUnitExtensions.Runner.CompositeWorkItem/<RunChildren>d__17:MoveNext () (at ./Library/PackageCache/com.unity.test-framework@7a3849e09bd0/UnityEngine.TestRunner/NUnitExtensions/Runner/CompositeWorkItem.cs:209)
UnityEngine.TestRunner.NUnitExtensions.Runner.CompositeWorkItem/<PerformWork>d__13:MoveNext () (at ./Library/PackageCache/com.unity.test-framework@7a3849e09bd0/UnityEngine.TestRunner/NUnitExtensions/Runner/CompositeWorkItem.cs:83)
UnityEngine.TestRunner.NUnitExtensions.Runner.CompositeWorkItem/<RunChildren>d__17:MoveNext () (at ./Library/PackageCache/com.unity.test-framework@7a3849e09bd0/UnityEngine.TestRunner/NUnitExtensions/Runner/CompositeWorkItem.cs:209)
UnityEngine.TestRunner.NUnitExtensions.Runner.CompositeWorkItem/<PerformWork>d__13:MoveNext () (at ./Library/PackageCache/com.unity.test-framework@7a3849e09bd0/UnityEngine.TestRunner/NUnitExtensions/Runner/CompositeWorkItem.cs:83)
UnityEngine.TestTools.TestRunner.PlaymodeTestsController/<TestRunnerCoroutine>d__25:MoveNext () (at ./Library/PackageCache/com.unity.test-framework@7a3849e09bd0/UnityEngine.TestRunner/TestRunner/PlaymodeTestsController.cs:100)
UnityEngine.SetupCoroutine:InvokeMoveNext (System.Collections.IEnumerator,intptr)

(Filename: Assets/Scripts/Editor/Testing/VarginhaBatchTestProgress.cs Line: 22)

QA result: Passed Game.Tests.PlayMode.FuscaDepartureTests.DepartureKeepsLaneAndEndsAtExactDistance
UnityEngine.Debug:ExtractStackTraceNoAlloc (byte*,int,string)
UnityEngine.StackTraceUtility:ExtractStackTrace ()
UnityEngine.DebugLogHandler:Internal_Log (UnityEngine.LogType,UnityEngine.LogOption,string,UnityEngine.Object)
UnityEngine.DebugLogHandler:LogFormat (UnityEngine.LogType,UnityEngine.Object,string,object[])
UnityEngine.Logger:Log (UnityEngine.LogType,object)
UnityEngine.Debug:Log (object)
Game.Editor.Testing.VarginhaBatchTestProgress:TestFinished (UnityEditor.TestTools.TestRunner.Api.ITestResultAdaptor) (at Assets/Scripts/Editor/Testing/VarginhaBatchTestProgress.cs:26)
UnityEditor.TestTools.TestRunner.Api.CallbacksDelegator/<>c__DisplayClass14_0:<TestFinished>b__0 (UnityEditor.TestTools.TestRunner.Api.ICallbacks) (at ./Library/PackageCache/com.unity.test-framework@7a3849e09bd0/UnityEditor.TestRunner/Api/CallbacksDelegator.cs:95)
UnityEditor.TestTools.TestRunner.Api.CallbacksDelegator:TryInvokeAllCallbacks (System.Action`1<UnityEditor.TestTools.TestRunner.Api.ICallbacks>) (at ./Library/PackageCache/com.unity.test-framework@7a3849e09bd0/UnityEditor.TestRunner/Api/CallbacksDelegator.cs:135)
UnityEditor.TestTools.TestRunner.Api.CallbacksDelegator:TestFinished (NUnit.Framework.Interfaces.ITestResult) (at ./Library/PackageCache/com.unity.test-framework@7a3849e09bd0/UnityEditor.TestRunner/Api/CallbacksDelegator.cs:95)
UnityEngine.Events.InvokableCall`1<NUnit.Framework.Interfaces.ITestResult>:Invoke (NUnit.Framework.Interfaces.ITestResult)
UnityEngine.Events.UnityEvent`1<NUnit.Framework.Interfaces.ITestResult>:Invoke (NUnit.Framework.Interfaces.ITestResult)
UnityEngine.Events.InvokableCall`1<NUnit.Framework.Interfaces.ITestResult>:Invoke (NUnit.Framework.Interfaces.ITestResult)
UnityEngine.Events.UnityEvent`1<NUnit.Framework.Interfaces.ITestResult>:Invoke (NUnit.Framework.Interfaces.ITestResult)
UnityEngine.TestTools.TestRunner.TestListenerWrapper:TestFinished (NUnit.Framework.Interfaces.ITestResult) (at ./Library/PackageCache/com.unity.test-framework@7a3849e09bd0/UnityEngine.TestRunner/TestRunner/TestListenerWrapper.cs:24)
UnityEngine.TestRunner.NUnitExtensions.Runner.UnityWorkItem:WorkItemComplete () (at ./Library/PackageCache/com.unity.test-framework@7a3849e09bd0/UnityEngine.TestRunner/NUnitExtensions/Runner/UnityWorkItem.cs:107)
UnityEngine.TestRunner.NUnitExtensions.Runner.CoroutineTestWorkItem/<PerformWork>d__7:<>m__Finally1 () (at ./Library/PackageCache/com.unity.test-framework@7a3849e09bd0/UnityEngine.TestRunner/NUnitExtensions/Runner/CoroutineTestWorkItem.cs:67)
UnityEngine.TestRunner.NUnitExtensions.Runner.CoroutineTestWorkItem/<PerformWork>d__7:MoveNext () (at ./Library/PackageCache/com.unity.test-framework@7a3849e09bd0/UnityEngine.TestRunner/NUnitExtensions/Runner/CoroutineTestWorkItem.cs:64)
UnityEngine.TestRunner.NUnitExtensions.Runner.CompositeWorkItem/<RunChildren>d__17:MoveNext () (at ./Library/PackageCache/com.unity.test-framework@7a3849e09bd0/UnityEngine.TestRunner/NUnitExtensions/Runner/CompositeWorkItem.cs:209)
UnityEngine.TestRunner.NUnitExtensions.Runner.CompositeWorkItem/<PerformWork>d__13:MoveNext () (at ./Library/PackageCache/com.unity.test-framework@7a3849e09bd0/UnityEngine.TestRunner/NUnitExtensions/Runner/CompositeWorkItem.cs:83)
UnityEngine.TestRunner.NUnitExtensions.Runner.CompositeWorkItem/<RunChildren>d__17:MoveNext () (at ./Library/PackageCache/com.unity.test-framework@7a3849e09bd0/UnityEngine.TestRunner/NUnitExtensions/Runner/CompositeWorkItem.cs:209)
UnityEngine.TestRunner.NUnitExtensions.Runner.CompositeWorkItem/<PerformWork>d__13:MoveNext () (at ./Library/PackageCache/com.unity.test-framework@7a3849e09bd0/UnityEngine.TestRunner/NUnitExtensions/Runner/CompositeWorkItem.cs:83)
UnityEngine.TestRunner.NUnitExtensions.Runner.CompositeWorkItem/<RunChildren>d__17:MoveNext () (at ./Library/PackageCache/com.unity.test-framework@7a3849e09bd0/UnityEngine.TestRunner/NUnitExtensions/Runner/CompositeWorkItem.cs:209)
UnityEngine.TestRunner.NUnitExtensions.Runner.CompositeWorkItem/<PerformWork>d__13:MoveNext () (at ./Library/PackageCache/com.unity.test-framework@7a3849e09bd0/UnityEngine.TestRunner/NUnitExtensions/Runner/CompositeWorkItem.cs:83)
UnityEngine.TestRunner.NUnitExtensions.Runner.CompositeWorkItem/<RunChildren>d__17:MoveNext () (at ./Library/PackageCache/com.unity.test-framework@7a3849e09bd0/UnityEngine.TestRunner/NUnitExtensions/Runner/CompositeWorkItem.cs:209)
UnityEngine.TestRunner.NUnitExtensions.Runner.CompositeWorkItem/<PerformWork>d__13:MoveNext () (at ./Library/PackageCache/com.unity.test-framework@7a3849e09bd0/UnityEngine.TestRunner/NUnitExtensions/Runner/CompositeWorkItem.cs:83)
UnityEngine.TestRunner.NUnitExtensions.Runner.CompositeWorkItem/<RunChildren>d__17:MoveNext () (at ./Library/PackageCache/com.unity.test-framework@7a3849e09bd0/UnityEngine.TestRunner/NUnitExtensions/Runner/CompositeWorkItem.cs:209)
UnityEngine.TestRunner.NUnitExtensions.Runner.CompositeWorkItem/<PerformWork>d__13:MoveNext () (at ./Library/PackageCache/com.unity.test-framework@7a3849e09bd0/UnityEngine.TestRunner/NUnitExtensions/Runner/CompositeWorkItem.cs:83)
UnityEngine.TestRunner.NUnitExtensions.Runner.CompositeWorkItem/<RunChildren>d__17:MoveNext () (at ./Library/PackageCache/com.unity.test-framework@7a3849e09bd0/UnityEngine.TestRunner/NUnitExtensions/Runner/CompositeWorkItem.cs:209)
UnityEngine.TestRunner.NUnitExtensions.Runner.CompositeWorkItem/<PerformWork>d__13:MoveNext () (at ./Library/PackageCache/com.unity.test-framework@7a3849e09bd0/UnityEngine.TestRunner/NUnitExtensions/Runner/CompositeWorkItem.cs:83)
UnityEngine.TestTools.TestRunner.PlaymodeTestsController/<TestRunnerCoroutine>d__25:MoveNext () (at ./Library/PackageCache/com.unity.test-framework@7a3849e09bd0/UnityEngine.TestRunner/TestRunner/PlaymodeTestsController.cs:100)
UnityEngine.SetupCoroutine:InvokeMoveNext (System.Collections.IEnumerator,intptr)

(Filename: Assets/Scripts/Editor/Testing/VarginhaBatchTestProgress.cs Line: 26)

QA test: Game.Tests.PlayMode.VarginhaPlayerPolishTests.ComboCyclesThreeStepsThenExpires
UnityEngine.Debug:ExtractStackTraceNoAlloc (byte*,int,string)
UnityEngine.StackTraceUtility:ExtractStackTrace ()
UnityEngine.DebugLogHandler:Internal_Log (UnityEngine.LogType,UnityEngine.LogOption,string,UnityEngine.Object)
UnityEngine.DebugLogHandler:LogFormat (UnityEngine.LogType,UnityEngine.Object,string,object[])
UnityEngine.Logger:Log (UnityEngine.LogType,object)
UnityEngine.Debug:Log (object)
Game.Editor.Testing.VarginhaBatchTestProgress:TestStarted (UnityEditor.TestTools.TestRunner.Api.ITestAdaptor) (at Assets/Scripts/Editor/Testing/VarginhaBatchTestProgress.cs:22)
UnityEditor.TestTools.TestRunner.Api.CallbacksDelegator/<>c__DisplayClass12_0:<TestStarted>b__0 (UnityEditor.TestTools.TestRunner.Api.ICallbacks) (at ./Library/PackageCache/com.unity.test-framework@7a3849e09bd0/UnityEditor.TestRunner/Api/CallbacksDelegator.cs:81)
UnityEditor.TestTools.TestRunner.Api.CallbacksDelegator:TryInvokeAllCallbacks (System.Action`1<UnityEditor.TestTools.TestRunner.Api.ICallbacks>) (at ./Library/PackageCache/com.unity.test-framework@7a3849e09bd0/UnityEditor.TestRunner/Api/CallbacksDelegator.cs:135)
UnityEditor.TestTools.TestRunner.Api.CallbacksDelegator:TestStarted (NUnit.Framework.Interfaces.ITest) (at ./Library/PackageCache/com.unity.test-framework@7a3849e09bd0/UnityEditor.TestRunner/Api/CallbacksDelegator.cs:81)
UnityEngine.Events.InvokableCall`1<NUnit.Framework.Interfaces.ITest>:Invoke (NUnit.Framework.Interfaces.ITest)
UnityEngine.Events.UnityEvent`1<NUnit.Framework.Interfaces.ITest>:Invoke (NUnit.Framework.Interfaces.ITest)
UnityEngine.Events.InvokableCall`1<NUnit.Framework.Interfaces.ITest>:Invoke (NUnit.Framework.Interfaces.ITest)
UnityEngine.Events.UnityEvent`1<NUnit.Framework.Interfaces.ITest>:Invoke (NUnit.Framework.Interfaces.ITest)
UnityEngine.TestTools.TestRunner.TestListenerWrapper:TestStarted (NUnit.Framework.Interfaces.ITest) (at ./Library/PackageCache/com.unity.test-framework@7a3849e09bd0/UnityEngine.TestRunner/TestRunner/TestListenerWrapper.cs:19)
UnityEngine.TestRunner.NUnitExtensions.Runner.UnityWorkItem:Execute () (at ./Library/PackageCache/com.unity.test-framework@7a3849e09bd0/UnityEngine.TestRunner/NUnitExtensions/Runner/UnityWorkItem.cs:83)
UnityEngine.TestRunner.NUnitExtensions.Runner.CompositeWorkItem/<RunChildren>d__17:MoveNext () (at ./Library/PackageCache/com.unity.test-framework@7a3849e09bd0/UnityEngine.TestRunner/NUnitExtensions/Runner/CompositeWorkItem.cs:205)
UnityEngine.TestRunner.NUnitExtensions.Runner.CompositeWorkItem/<PerformWork>d__13:MoveNext () (at ./Library/PackageCache/com.unity.test-framework@7a3849e09bd0/UnityEngine.TestRunner/NUnitExtensions/Runner/CompositeWorkItem.cs:83)
UnityEngine.TestRunner.NUnitExtensions.Runner.CompositeWorkItem/<RunChildren>d__17:MoveNext () (at ./Library/PackageCache/com.unity.test-framework@7a3849e09bd0/UnityEngine.TestRunner/NUnitExtensions/Runner/CompositeWorkItem.cs:209)
UnityEngine.TestRunner.NUnitExtensions.Runner.CompositeWorkItem/<PerformWork>d__13:MoveNext () (at ./Library/PackageCache/com.unity.test-framework@7a3849e09bd0/UnityEngine.TestRunner/NUnitExtensions/Runner/CompositeWorkItem.cs:83)
UnityEngine.TestRunner.NUnitExtensions.Runner.CompositeWorkItem/<RunChildren>d__17:MoveNext () (at ./Library/PackageCache/com.unity.test-framework@7a3849e09bd0/UnityEngine.TestRunner/NUnitExtensions/Runner/CompositeWorkItem.cs:209)
UnityEngine.TestRunner.NUnitExtensions.Runner.CompositeWorkItem/<PerformWork>d__13:MoveNext () (at ./Library/PackageCache/com.unity.test-framework@7a3849e09bd0/UnityEngine.TestRunner/NUnitExtensions/Runner/CompositeWorkItem.cs:83)
UnityEngine.TestRunner.NUnitExtensions.Runner.CompositeWorkItem/<RunChildren>d__17:MoveNext () (at ./Library/PackageCache/com.unity.test-framework@7a3849e09bd0/UnityEngine.TestRunner/NUnitExtensions/Runner/CompositeWorkItem.cs:209)
UnityEngine.TestRunner.NUnitExtensions.Runner.CompositeWorkItem/<PerformWork>d__13:MoveNext () (at ./Library/PackageCache/com.unity.test-framework@7a3849e09bd0/UnityEngine.TestRunner/NUnitExtensions/Runner/CompositeWorkItem.cs:83)
UnityEngine.TestRunner.NUnitExtensions.Runner.CompositeWorkItem/<RunChildren>d__17:MoveNext () (at ./Library/PackageCache/com.unity.test-framework@7a3849e09bd0/UnityEngine.TestRunner/NUnitExtensions/Runner/CompositeWorkItem.cs:209)
UnityEngine.TestRunner.NUnitExtensions.Runner.CompositeWorkItem/<PerformWork>d__13:MoveNext () (at ./Library/PackageCache/com.unity.test-framework@7a3849e09bd0/UnityEngine.TestRunner/NUnitExtensions/Runner/CompositeWorkItem.cs:83)
UnityEngine.TestRunner.NUnitExtensions.Runner.CompositeWorkItem/<RunChildren>d__17:MoveNext () (at ./Library/PackageCache/com.unity.test-framework@7a3849e09bd0/UnityEngine.TestRunner/NUnitExtensions/Runner/CompositeWorkItem.cs:209)
UnityEngine.TestRunner.NUnitExtensions.Runner.CompositeWorkItem/<PerformWork>d__13:MoveNext () (at ./Library/PackageCache/com.unity.test-framework@7a3849e09bd0/UnityEngine.TestRunner/NUnitExtensions/Runner/CompositeWorkItem.cs:83)
UnityEngine.TestTools.TestRunner.PlaymodeTestsController/<TestRunnerCoroutine>d__25:MoveNext () (at ./Library/PackageCache/com.unity.test-framework@7a3849e09bd0/UnityEngine.TestRunner/TestRunner/PlaymodeTestsController.cs:100)
UnityEngine.SetupCoroutine:InvokeMoveNext (System.Collections.IEnumerator,intptr)

(Filename: Assets/Scripts/Editor/Testing/VarginhaBatchTestProgress.cs Line: 22)

There are no audio listeners in the scene. Please ensure there is always one audio listener in the scene
There are no audio listeners in the scene. Please ensure there is always one audio listener in the scene
There are no audio listeners in the scene. Please ensure there is always one audio listener in the scene
There are no audio listeners in the scene. Please ensure there is always one audio listener in the scene
There are no audio listeners in the scene. Please ensure there is always one audio listener in the scene
There are no audio listeners in the scene. Please ensure there is always one audio listener in the scene
There are no audio listeners in the scene. Please ensure there is always one audio listener in the scene
There are no audio listeners in the scene. Please ensure there is always one audio listener in the scene
There are no audio listeners in the scene. Please ensure there is always one audio listener in the scene
There are no audio listeners in the scene. Please ensure there is always one audio listener in the scene
There are no audio listeners in the scene. Please ensure there is always one audio listener in the scene
There are no audio listeners in the scene. Please ensure there is always one audio listener in the scene
There are no audio listeners in the scene. Please ensure there is always one audio listener in the scene
There are no audio listeners in the scene. Please ensure there is always one audio listener in the scene
There are no audio listeners in the scene. Please ensure there is always one audio listener in the scene
There are no audio listeners in the scene. Please ensure there is always one audio listener in the scene
There are no audio listeners in the scene. Please ensure there is always one audio listener in the scene
There are no audio listeners in the scene. Please ensure there is always one audio listener in the scene
There are no audio listeners in the scene. Please ensure there is always one audio listener in the scene
There are no audio listeners in the scene. Please ensure there is always one audio listener in the scene
There are no audio listeners in the scene. Please ensure there is always one audio listener in the scene
There are no audio listeners in the scene. Please ensure there is always one audio listener in the scene
There are no audio listeners in the scene. Please ensure there is always one audio listener in the scene
There are no audio listeners in the scene. Please ensure there is always one audio listener in the scene
There are no audio listeners in the scene. Please ensure there is always one audio listener in the scene
There are no audio listeners in the scene. Please ensure there is always one audio listener in the scene
There are no audio listeners in the scene. Please ensure there is always one audio listener in the scene
There are no audio listeners in the scene. Please ensure there is always one audio listener in the scene
There are no audio listeners in the scene. Please ensure there is always one audio listener in the scene
There are no audio listeners in the scene. Please ensure there is always one audio listener in the scene
There are no audio listeners in the scene. Please ensure there is always one audio listener in the scene
There are no audio listeners in the scene. Please ensure there is always one audio listener in the scene
There are no audio listeners in the scene. Please ensure there is always one audio listener in the scene
There are no audio listeners in the scene. Please ensure there is always one audio listener in the scene
There are no audio listeners in the scene. Please ensure there is always one audio listener in the scene
There are no audio listeners in the scene. Please ensure there is always one audio listener in the scene
There are no audio listeners in the scene. Please ensure there is always one audio listener in the scene
There are no audio listeners in the scene. Please ensure there is always one audio listener in the scene
There are no audio listeners in the scene. Please ensure there is always one audio listener in the scene
There are no audio listeners in the scene. Please ensure there is always one audio listener in the scene
There are no audio listeners in the scene. Please ensure there is always one audio listener in the scene
There are no audio listeners in the scene. Please ensure there is always one audio listener in the scene
There are no audio listeners in the scene. Please ensure there is always one audio listener in the scene
There are no audio listeners in the scene. Please ensure there is always one audio listener in the scene
There are no audio listeners in the scene. Please ensure there is always one audio listener in the scene
There are no audio listeners in the scene. Please ensure there is always one audio listener in the scene
There are no audio listeners in the scene. Please ensure there is always one audio listener in the scene
There are no audio listeners in the scene. Please ensure there is always one audio listener in the scene
There are no audio listeners in the scene. Please ensure there is always one audio listener in the scene
There are no audio listeners in the scene. Please ensure there is always one audio listener in the scene
There are no audio listeners in the scene. Please ensure there is always one audio listener in the scene
There are no audio listeners in the scene. Please ensure there is always one audio listener in the scene
There are no audio listeners in the scene. Please ensure there is always one audio listener in the scene
There are no audio listeners in the scene. Please ensure there is always one audio listener in the scene
There are no audio listeners in the scene. Please ensure there is always one audio listener in the scene
There are no audio listeners in the scene. Please ensure there is always one audio listener in the scene
There are no audio listeners in the scene. Please ensure there is always one audio listener in the scene
There are no audio listeners in the scene. Please ensure there is always one audio listener in the scene
There are no audio listeners in the scene. Please ensure there is always one audio listener in the scene
There are no audio listeners in the scene. Please ensure there is always one audio listener in the scene
There are no audio listeners in the scene. Please ensure there is always one audio listener in the scene
There are no audio listeners in the scene. Please ensure there is always one audio listener in the scene
There are no audio listeners in the scene. Please ensure there is always one audio listener in the scene
There are no audio listeners in the scene. Please ensure there is always one audio listener in the scene
There are no audio listeners in the scene. Please ensure there is always one audio listener in the scene
There are no audio listeners in the scene. Please ensure there is always one audio listener in the scene
There are no audio listeners in the scene. Please ensure there is always one audio listener in the scene
There are no audio listeners in the scene. Please ensure there is always one audio listener in the scene
There are no audio listeners in the scene. Please ensure there is always one audio listener in the scene
There are no audio listeners in the scene. Please ensure there is always one audio listener in the scene
There are no audio listeners in the scene. Please ensure there is always one audio listener in the scene
There are no audio listeners in the scene. Please ensure there is always one audio listener in the scene
There are no audio listeners in the scene. Please ensure there is always one audio listener in the scene
There are no audio listeners in the scene. Please ensure there is always one audio listener in the scene
There are no audio listeners in the scene. Please ensure there is always one audio listener in the scene
There are no audio listeners in the scene. Please ensure there is always one audio listener in the scene
There are no audio listeners in the scene. Please ensure there is always one audio listener in the scene
There are no audio listeners in the scene. Please ensure there is always one audio listener in the scene
There are no audio listeners in the scene. Please ensure there is always one audio listener in the scene
There are no audio listeners in the scene. Please ensure there is always one audio listener in the scene
There are no audio listeners in the scene. Please ensure there is always one audio listener in the scene
There are no audio listeners in the scene. Please ensure there is always one audio listener in the scene
There are no audio listeners in the scene. Please ensure there is always one audio listener in the scene
There are no audio listeners in the scene. Please ensure there is always one audio listener in the scene
There are no audio listeners in the scene. Please ensure there is always one audio listener in the scene
There are no audio listeners in the scene. Please ensure there is always one audio listener in the scene
There are no audio listeners in the scene. Please ensure there is always one audio listener in the scene
There are no audio listeners in the scene. Please ensure there is always one audio listener in the scene
There are no audio listeners in the scene. Please ensure there is always one audio listener in the scene
There are no audio listeners in the scene. Please ensure there is always one audio listener in the scene
There are no audio listeners in the scene. Please ensure there is always one audio listener in the scene
There are no audio listeners in the scene. Please ensure there is always one audio listener in the scene
There are no audio listeners in the scene. Please ensure there is always one audio listener in the scene
There are no audio listeners in the scene. Please ensure there is always one audio listener in the scene
There are no audio listeners in the scene. Please ensure there is always one audio listener in the scene
There are no audio listeners in the scene. Please ensure there is always one audio listener in the scene
There are no audio listeners in the scene. Please ensure there is always one audio listener in the scene
There are no audio listeners in the scene. Please ensure there is always one audio listener in the scene
There are no audio listeners in the scene. Please ensure there is always one audio listener in the scene
There are no audio listeners in the scene. Please ensure there is always one audio listener in the scene
There are no audio listeners in the scene. Please ensure there is always one audio listener in the scene
There are no audio listeners in the scene. Please ensure there is always one audio listener in the scene
There are no audio listeners in the scene. Please ensure there is always one audio listener in the scene
There are no audio listeners in the scene. Please ensure there is always one audio listener in the scene
There are no audio listeners in the scene. Please ensure there is always one audio listener in the scene
There are no audio listeners in the scene. Please ensure there is always one audio listener in the scene
There are no audio listeners in the scene. Please ensure there is always one audio listener in the scene
There are no audio listeners in the scene. Please ensure there is always one audio listener in the scene
There are no audio listeners in the scene. Please ensure there is always one audio listener in the scene
There are no audio listeners in the scene. Please ensure there is always one audio listener in the scene
There are no audio listeners in the scene. Please ensure there is always one audio listener in the scene
There are no audio listeners in the scene. Please ensure there is always one audio listener in the scene
There are no audio listeners in the scene. Please ensure there is always one audio listener in the scene
There are no audio listeners in the scene. Please ensure there is always one audio listener in the scene
There are no audio listeners in the scene. Please ensure there is always one audio listener in the scene
There are no audio listeners in the scene. Please ensure there is always one audio listener in the scene
There are no audio listeners in the scene. Please ensure there is always one audio listener in the scene
There are no audio listeners in the scene. Please ensure there is always one audio listener in the scene
There are no audio listeners in the scene. Please ensure there is always one audio listener in the scene
There are no audio listeners in the scene. Please ensure there is always one audio listener in the scene
There are no audio listeners in the scene. Please ensure there is always one audio listener in the scene
There are no audio listeners in the scene. Please ensure there is always one audio listener in the scene
There are no audio listeners in the scene. Please ensure there is always one audio listener in the scene
There are no audio listeners in the scene. Please ensure there is always one audio listener in the scene
There are no audio listeners in the scene. Please ensure there is always one audio listener in the scene
There are no audio listeners in the scene. Please ensure there is always one audio listener in the scene
There are no audio listeners in the scene. Please ensure there is always one audio listener in the scene
There are no audio listeners in the scene. Please ensure there is always one audio listener in the scene
There are no audio listeners in the scene. Please ensure there is always one audio listener in the scene
There are no audio listeners in the scene. Please ensure there is always one audio listener in the scene
There are no audio listeners in the scene. Please ensure there is always one audio listener in the scene
There are no audio listeners in the scene. Please ensure there is always one audio listener in the scene
There are no audio listeners in the scene. Please ensure there is always one audio listener in the scene
There are no audio listeners in the scene. Please ensure there is always one audio listener in the scene
There are no audio listeners in the scene. Please ensure there is always one audio listener in the scene
There are no audio listeners in the scene. Please ensure there is always one audio listener in the scene
There are no audio listeners in the scene. Please ensure there is always one audio listener in the scene
There are no audio listeners in the scene. Please ensure there is always one audio listener in the scene
There are no audio listeners in the scene. Please ensure there is always one audio listener in the scene
There are no audio listeners in the scene. Please ensure there is always one audio listener in the scene
There are no audio listeners in the scene. Please ensure there is always one audio listener in the scene
There are no audio listeners in the scene. Please ensure there is always one audio listener in the scene
There are no audio listeners in the scene. Please ensure there is always one audio listener in the scene
There are no audio listeners in the scene. Please ensure there is always one audio listener in the scene
There are no audio listeners in the scene. Please ensure there is always one audio listener in the scene
There are no audio listeners in the scene. Please ensure there is always one audio listener in the scene
There are no audio listeners in the scene. Please ensure there is always one audio listener in the scene
There are no audio listeners in the scene. Please ensure there is always one audio listener in the scene
There are no audio listeners in the scene. Please ensure there is always one audio listener in the scene
There are no audio listeners in the scene. Please ensure there is always one audio listener in the scene
There are no audio listeners in the scene. Please ensure there is always one audio listener in the scene
There are no audio listeners in the scene. Please ensure there is always one audio listener in the scene
There are no audio listeners in the scene. Please ensure there is always one audio listener in the scene
There are no audio listeners in the scene. Please ensure there is always one audio listener in the scene
There are no audio listeners in the scene. Please ensure there is always one audio listener in the scene
There are no audio listeners in the scene. Please ensure there is always one audio listener in the scene
There are no audio listeners in the scene. Please ensure there is always one audio listener in the scene
There are no audio listeners in the scene. Please ensure there is always one audio listener in the scene
There are no audio listeners in the scene. Please ensure there is always one audio listener in the scene
There are no audio listeners in the scene. Please ensure there is always one audio listener in the scene
There are no audio listeners in the scene. Please ensure there is always one audio listener in the scene
There are no audio listeners in the scene. Please ensure there is always one audio listener in the scene
There are no audio listeners in the scene. Please ensure there is always one audio listener in the scene
There are no audio listeners in the scene. Please ensure there is always one audio listener in the scene
There are no audio listeners in the scene. Please ensure there is always one audio listener in the scene
There are no audio listeners in the scene. Please ensure there is always one audio listener in the scene
There are no audio listeners in the scene. Please ensure there is always one audio listener in the scene
There are no audio listeners in the scene. Please ensure there is always one audio listener in the scene
There are no audio listeners in the scene. Please ensure there is always one audio listener in the scene
There are no audio listeners in the scene. Please ensure there is always one audio listener in the scene
There are no audio listeners in the scene. Please ensure there is always one audio listener in the scene
There are no audio listeners in the scene. Please ensure there is always one audio listener in the scene
There are no audio listeners in the scene. Please ensure there is always one audio listener in the scene
There are no audio listeners in the scene. Please ensure there is always one audio listener in the scene
There are no audio listeners in the scene. Please ensure there is always one audio listener in the scene
There are no audio listeners in the scene. Please ensure there is always one audio listener in the scene
There are no audio listeners in the scene. Please ensure there is always one audio listener in the scene
There are no audio listeners in the scene. Please ensure there is always one audio listener in the scene
There are no audio listeners in the scene. Please ensure there is always one audio listener in the scene
There are no audio listeners in the scene. Please ensure there is always one audio listener in the scene
There are no audio listeners in the scene. Please ensure there is always one audio listener in the scene
There are no audio listeners in the scene. Please ensure there is always one audio listener in the scene
There are no audio listeners in the scene. Please ensure there is always one audio listener in the scene
There are no audio listeners in the scene. Please ensure there is always one audio listener in the scene
There are no audio listeners in the scene. Please ensure there is always one audio listener in the scene
There are no audio listeners in the scene. Please ensure there is always one audio listener in the scene
There are no audio listeners in the scene. Please ensure there is always one audio listener in the scene
There are no audio listeners in the scene. Please ensure there is always one audio listener in the scene
There are no audio listeners in the scene. Please ensure there is always one audio listener in the scene
There are no audio listeners in the scene. Please ensure there is always one audio listener in the scene
There are no audio listeners in the scene. Please ensure there is always one audio listener in the scene
There are no audio listeners in the scene. Please ensure there is always one audio listener in the scene
There are no audio listeners in the scene. Please ensure there is always one audio listener in the scene
There are no audio listeners in the scene. Please ensure there is always one audio listener in the scene
There are no audio listeners in the scene. Please ensure there is always one audio listener in the scene
There are no audio listeners in the scene. Please ensure there is always one audio listener in the scene
There are no audio listeners in the scene. Please ensure there is always one audio listener in the scene
There are no audio listeners in the scene. Please ensure there is always one audio listener in the scene
There are no audio listeners in the scene. Please ensure there is always one audio listener in the scene
There are no audio listeners in the scene. Please ensure there is always one audio listener in the scene
There are no audio listeners in the scene. Please ensure there is always one audio listener in the scene
There are no audio listeners in the scene. Please ensure there is always one audio listener in the scene
There are no audio listeners in the scene. Please ensure there is always one audio listener in the scene
There are no audio listeners in the scene. Please ensure there is always one audio listener in the scene
There are no audio listeners in the scene. Please ensure there is always one audio listener in the scene
There are no audio listeners in the scene. Please ensure there is always one audio listener in the scene
There are no audio listeners in the scene. Please ensure there is always one audio listener in the scene
There are no audio listeners in the scene. Please ensure there is always one audio listener in the scene
There are no audio listeners in the scene. Please ensure there is always one audio listener in the scene
There are no audio listeners in the scene. Please ensure there is always one audio listener in the scene
There are no audio listeners in the scene. Please ensure there is always one audio listener in the scene
There are no audio listeners in the scene. Please ensure there is always one audio listener in the scene
There are no audio listeners in the scene. Please ensure there is always one audio listener in the scene
There are no audio listeners in the scene. Please ensure there is always one audio listener in the scene
There are no audio listeners in the scene. Please ensure there is always one audio listener in the scene
There are no audio listeners in the scene. Please ensure there is always one audio listener in the scene
There are no audio listeners in the scene. Please ensure there is always one audio listener in the scene
There are no audio listeners in the scene. Please ensure there is always one audio listener in the scene
There are no audio listeners in the scene. Please ensure there is always one audio listener in the scene
There are no audio listeners in the scene. Please ensure there is always one audio listener in the scene
There are no audio listeners in the scene. Please ensure there is always one audio listener in the scene
There are no audio listeners in the scene. Please ensure there is always one audio listener in the scene
There are no audio listeners in the scene. Please ensure there is always one audio listener in the scene
There are no audio listeners in the scene. Please ensure there is always one audio listener in the scene
There are no audio listeners in the scene. Please ensure there is always one audio listener in the scene
There are no audio listeners in the scene. Please ensure there is always one audio listener in the scene
There are no audio listeners in the scene. Please ensure there is always one audio listener in the scene
There are no audio listeners in the scene. Please ensure there is always one audio listener in the scene
There are no audio listeners in the scene. Please ensure there is always one audio listener in the scene
There are no audio listeners in the scene. Please ensure there is always one audio listener in the scene
There are no audio listeners in the scene. Please ensure there is always one audio listener in the scene
There are no audio listeners in the scene. Please ensure there is always one audio listener in the scene
There are no audio listeners in the scene. Please ensure there is always one audio listener in the scene
There are no audio listeners in the scene. Please ensure there is always one audio listener in the scene
There are no audio listeners in the scene. Please ensure there is always one audio listener in the scene
There are no audio listeners in the scene. Please ensure there is always one audio listener in the scene
There are no audio listeners in the scene. Please ensure there is always one audio listener in the scene
There are no audio listeners in the scene. Please ensure there is always one audio listener in the scene
There are no audio listeners in the scene. Please ensure there is always one audio listener in the scene
There are no audio listeners in the scene. Please ensure there is always one audio listener in the scene
There are no audio listeners in the scene. Please ensure there is always one audio listener in the scene
There are no audio listeners in the scene. Please ensure there is always one audio listener in the scene
There are no audio listeners in the scene. Please ensure there is always one audio listener in the scene
There are no audio listeners in the scene. Please ensure there is always one audio listener in the scene
There are no audio listeners in the scene. Please ensure there is always one audio listener in the scene
There are no audio listeners in the scene. Please ensure there is always one audio listener in the scene
There are no audio listeners in the scene. Please ensure there is always one audio listener in the scene
There are no audio listeners in the scene. Please ensure there is always one audio listener in the scene
There are no audio listeners in the scene. Please ensure there is always one audio listener in the scene
There are no audio listeners in the scene. Please ensure there is always one audio listener in the scene
There are no audio listeners in the scene. Please ensure there is always one audio listener in the scene
There are no audio listeners in the scene. Please ensure there is always one audio listener in the scene
There are no audio listeners in the scene. Please ensure there is always one audio listener in the scene
There are no audio listeners in the scene. Please ensure there is always one audio listener in the scene
There are no audio listeners in the scene. Please ensure there is always one audio listener in the scene
There are no audio listeners in the scene. Please ensure there is always one audio listener in the scene
There are no audio listeners in the scene. Please ensure there is always one audio listener in the scene
There are no audio listeners in the scene. Please ensure there is always one audio listener in the scene
There are no audio listeners in the scene. Please ensure there is always one audio listener in the scene
There are no audio listeners in the scene. Please ensure there is always one audio listener in the scene
There are no audio listeners in the scene. Please ensure there is always one audio listener in the scene
There are no audio listeners in the scene. Please ensure there is always one audio listener in the scene
There are no audio listeners in the scene. Please ensure there is always one audio listener in the scene
There are no audio listeners in the scene. Please ensure there is always one audio listener in the scene
There are no audio listeners in the scene. Please ensure there is always one audio listener in the scene
There are no audio listeners in the scene. Please ensure there is always one audio listener in the scene
There are no audio listeners in the scene. Please ensure there is always one audio listener in the scene
There are no audio listeners in the scene. Please ensure there is always one audio listener in the scene
There are no audio listeners in the scene. Please ensure there is always one audio listener in the scene
There are no audio listeners in the scene. Please ensure there is always one audio listener in the scene
There are no audio listeners in the scene. Please ensure there is always one audio listener in the scene
There are no audio listeners in the scene. Please ensure there is always one audio listener in the scene
There are no audio listeners in the scene. Please ensure there is always one audio listener in the scene
There are no audio listeners in the scene. Please ensure there is always one audio listener in the scene
There are no audio listeners in the scene. Please ensure there is always one audio listener in the scene
There are no audio listeners in the scene. Please ensure there is always one audio listener in the scene
There are no audio listeners in the scene. Please ensure there is always one audio listener in the scene
There are no audio listeners in the scene. Please ensure there is always one audio listener in the scene
There are no audio listeners in the scene. Please ensure there is always one audio listener in the scene
There are no audio listeners in the scene. Please ensure there is always one audio listener in the scene
There are no audio listeners in the scene. Please ensure there is always one audio listener in the scene
There are no audio listeners in the scene. Please ensure there is always one audio listener in the scene
There are no audio listeners in the scene. Please ensure there is always one audio listener in the scene
There are no audio listeners in the scene. Please ensure there is always one audio listener in the scene
There are no audio listeners in the scene. Please ensure there is always one audio listener in the scene
There are no audio listeners in the scene. Please ensure there is always one audio listener in the scene
There are no audio listeners in the scene. Please ensure there is always one audio listener in the scene
There are no audio listeners in the scene. Please ensure there is always one audio listener in the scene
There are no audio listeners in the scene. Please ensure there is always one audio listener in the scene
There are no audio listeners in the scene. Please ensure there is always one audio listener in the scene
There are no audio listeners in the scene. Please ensure there is always one audio listener in the scene
There are no audio listeners in the scene. Please ensure there is always one audio listener in the scene
There are no audio listeners in the scene. Please ensure there is always one audio listener in the scene
There are no audio listeners in the scene. Please ensure there is always one audio listener in the scene
There are no audio listeners in the scene. Please ensure there is always one audio listener in the scene
There are no audio listeners in the scene. Please ensure there is always one audio listener in the scene
There are no audio listeners in the scene. Please ensure there is always one audio listener in the scene
There are no audio listeners in the scene. Please ensure there is always one audio listener in the scene
There are no audio listeners in the scene. Please ensure there is always one audio listener in the scene
There are no audio listeners in the scene. Please ensure there is always one audio listener in the scene
There are no audio listeners in the scene. Please ensure there is always one audio listener in the scene
There are no audio listeners in the scene. Please ensure there is always one audio listener in the scene
There are no audio listeners in the scene. Please ensure there is always one audio listener in the scene
There are no audio listeners in the scene. Please ensure there is always one audio listener in the scene
There are no audio listeners in the scene. Please ensure there is always one audio listener in the scene
There are no audio listeners in the scene. Please ensure there is always one audio listener in the scene
There are no audio listeners in the scene. Please ensure there is always one audio listener in the scene
There are no audio listeners in the scene. Please ensure there is always one audio listener in the scene
There are no audio listeners in the scene. Please ensure there is always one audio listener in the scene
There are no audio listeners in the scene. Please ensure there is always one audio listener in the scene
There are no audio listeners in the scene. Please ensure there is always one audio listener in the scene
There are no audio listeners in the scene. Please ensure there is always one audio listener in the scene
There are no audio listeners in the scene. Please ensure there is always one audio listener in the scene
There are no audio listeners in the scene. Please ensure there is always one audio listener in the scene
There are no audio listeners in the scene. Please ensure there is always one audio listener in the scene
There are no audio listeners in the scene. Please ensure there is always one audio listener in the scene
There are no audio listeners in the scene. Please ensure there is always one audio listener in the scene
There are no audio listeners in the scene. Please ensure there is always one audio listener in the scene
There are no audio listeners in the scene. Please ensure there is always one audio listener in the scene
There are no audio listeners in the scene. Please ensure there is always one audio listener in the scene
There are no audio listeners in the scene. Please ensure there is always one audio listener in the scene
There are no audio listeners in the scene. Please ensure there is always one audio listener in the scene
There are no audio listeners in the scene. Please ensure there is always one audio listener in the scene
There are no audio listeners in the scene. Please ensure there is always one audio listener in the scene
There are no audio listeners in the scene. Please ensure there is always one audio listener in the scene
There are no audio listeners in the scene. Please ensure there is always one audio listener in the scene
There are no audio listeners in the scene. Please ensure there is always one audio listener in the scene
There are no audio listeners in the scene. Please ensure there is always one audio listener in the scene
There are no audio listeners in the scene. Please ensure there is always one audio listener in the scene
There are no audio listeners in the scene. Please ensure there is always one audio listener in the scene
There are no audio listeners in the scene. Please ensure there is always one audio listener in the scene
There are no audio listeners in the scene. Please ensure there is always one audio listener in the scene
There are no audio listeners in the scene. Please ensure there is always one audio listener in the scene
There are no audio listeners in the scene. Please ensure there is always one audio listener in the scene
There are no audio listeners in the scene. Please ensure there is always one audio listener in the scene
There are no audio listeners in the scene. Please ensure there is always one audio listener in the scene
There are no audio listeners in the scene. Please ensure there is always one audio listener in the scene
There are no audio listeners in the scene. Please ensure there is always one audio listener in the scene
There are no audio listeners in the scene. Please ensure there is always one audio listener in the scene
There are no audio listeners in the scene. Please ensure there is always one audio listener in the scene
There are no audio listeners in the scene. Please ensure there is always one audio listener in the scene
There are no audio listeners in the scene. Please ensure there is always one audio listener in the scene
There are no audio listeners in the scene. Please ensure there is always one audio listener in the scene
There are no audio listeners in the scene. Please ensure there is always one audio listener in the scene
There are no audio listeners in the scene. Please ensure there is always one audio listener in the scene
There are no audio listeners in the scene. Please ensure there is always one audio listener in the scene
There are no audio listeners in the scene. Please ensure there is always one audio listener in the scene
There are no audio listeners in the scene. Please ensure there is always one audio listener in the scene
There are no audio listeners in the scene. Please ensure there is always one audio listener in the scene
There are no audio listeners in the scene. Please ensure there is always one audio listener in the scene
There are no audio listeners in the scene. Please ensure there is always one audio listener in the scene
There are no audio listeners in the scene. Please ensure there is always one audio listener in the scene
There are no audio listeners in the scene. Please ensure there is always one audio listener in the scene
There are no audio listeners in the scene. Please ensure there is always one audio listener in the scene
There are no audio listeners in the scene. Please ensure there is always one audio listener in the scene
There are no audio listeners in the scene. Please ensure there is always one audio listener in the scene
There are no audio listeners in the scene. Please ensure there is always one audio listener in the scene
There are no audio listeners in the scene. Please ensure there is always one audio listener in the scene
There are no audio listeners in the scene. Please ensure there is always one audio listener in the scene
There are no audio listeners in the scene. Please ensure there is always one audio listener in the scene
There are no audio listeners in the scene. Please ensure there is always one audio listener in the scene
There are no audio listeners in the scene. Please ensure there is always one audio listener in the scene
There are no audio listeners in the scene. Please ensure there is always one audio listener in the scene
There are no audio listeners in the scene. Please ensure there is always one audio listener in the scene
There are no audio listeners in the scene. Please ensure there is always one audio listener in the scene
There are no audio listeners in the scene. Please ensure there is always one audio listener in the scene
There are no audio listeners in the scene. Please ensure there is always one audio listener in the scene
There are no audio listeners in the scene. Please ensure there is always one audio listener in the scene
There are no audio listeners in the scene. Please ensure there is always one audio listener in the scene
There are no audio listeners in the scene. Please ensure there is always one audio listener in the scene
There are no audio listeners in the scene. Please ensure there is always one audio listener in the scene
There are no audio listeners in the scene. Please ensure there is always one audio listener in the scene
There are no audio listeners in the scene. Please ensure there is always one audio listener in the scene
There are no audio listeners in the scene. Please ensure there is always one audio listener in the scene
There are no audio listeners in the scene. Please ensure there is always one audio listener in the scene
There are no audio listeners in the scene. Please ensure there is always one audio listener in the scene
There are no audio listeners in the scene. Please ensure there is always one audio listener in the scene
There are no audio listeners in the scene. Please ensure there is always one audio listener in the scene
There are no audio listeners in the scene. Please ensure there is always one audio listener in the scene
There are no audio listeners in the scene. Please ensure there is always one audio listener in the scene
There are no audio listeners in the scene. Please ensure there is always one audio listener in the scene
There are no audio listeners in the scene. Please ensure there is always one audio listener in the scene
There are no audio listeners in the scene. Please ensure there is always one audio listener in the scene
There are no audio listeners in the scene. Please ensure there is always one audio listener in the scene
There are no audio listeners in the scene. Please ensure there is always one audio listener in the scene
There are no audio listeners in the scene. Please ensure there is always one audio listener in the scene
There are no audio listeners in the scene. Please ensure there is always one audio listener in the scene
There are no audio listeners in the scene. Please ensure there is always one audio listener in the scene
There are no audio listeners in the scene. Please ensure there is always one audio listener in the scene
There are no audio listeners in the scene. Please ensure there is always one audio listener in the scene
There are no audio listeners in the scene. Please ensure there is always one audio listener in the scene
There are no audio listeners in the scene. Please ensure there is always one audio listener in the scene
There are no audio listeners in the scene. Please ensure there is always one audio listener in the scene
There are no audio listeners in the scene. Please ensure there is always one audio listener in the scene
There are no audio listeners in the scene. Please ensure there is always one audio listener in the scene
There are no audio listeners in the scene. Please ensure there is always one audio listener in the scene
There are no audio listeners in the scene. Please ensure there is always one audio listener in the scene
There are no audio listeners in the scene. Please ensure there is always one audio listener in the scene
There are no audio listeners in the scene. Please ensure there is always one audio listener in the scene
There are no audio listeners in the scene. Please ensure there is always one audio listener in the scene
There are no audio listeners in the scene. Please ensure there is always one audio listener in the scene
There are no audio listeners in the scene. Please ensure there is always one audio listener in the scene
There are no audio listeners in the scene. Please ensure there is always one audio listener in the scene
There are no audio listeners in the scene. Please ensure there is always one audio listener in the scene
There are no audio listeners in the scene. Please ensure there is always one audio listener in the scene
There are no audio listeners in the scene. Please ensure there is always one audio listener in the scene
There are no audio listeners in the scene. Please ensure there is always one audio listener in the scene
There are no audio listeners in the scene. Please ensure there is always one audio listener in the scene
There are no audio listeners in the scene. Please ensure there is always one audio listener in the scene
There are no audio listeners in the scene. Please ensure there is always one audio listener in the scene
There are no audio listeners in the scene. Please ensure there is always one audio listener in the scene
There are no audio listeners in the scene. Please ensure there is always one audio listener in the scene
There are no audio listeners in the scene. Please ensure there is always one audio listener in the scene
There are no audio listeners in the scene. Please ensure there is always one audio listener in the scene
There are no audio listeners in the scene. Please ensure there is always one audio listener in the scene
There are no audio listeners in the scene. Please ensure there is always one audio listener in the scene
There are no audio listeners in the scene. Please ensure there is always one audio listener in the scene
There are no audio listeners in the scene. Please ensure there is always one audio listener in the scene
There are no audio listeners in the scene. Please ensure there is always one audio listener in the scene
There are no audio listeners in the scene. Please ensure there is always one audio listener in the scene
There are no audio listeners in the scene. Please ensure there is always one audio listener in the scene
There are no audio listeners in the scene. Please ensure there is always one audio listener in the scene
There are no audio listeners in the scene. Please ensure there is always one audio listener in the scene
There are no audio listeners in the scene. Please ensure there is always one audio listener in the scene
There are no audio listeners in the scene. Please ensure there is always one audio listener in the scene
There are no audio listeners in the scene. Please ensure there is always one audio listener in the scene
There are no audio listeners in the scene. Please ensure there is always one audio listener in the scene
There are no audio listeners in the scene. Please ensure there is always one audio listener in the scene
There are no audio listeners in the scene. Please ensure there is always one audio listener in the scene
There are no audio listeners in the scene. Please ensure there is always one audio listener in the scene
There are no audio listeners in the scene. Please ensure there is always one audio listener in the scene
There are no audio listeners in the scene. Please ensure there is always one audio listener in the scene
There are no audio listeners in the scene. Please ensure there is always one audio listener in the scene
There are no audio listeners in the scene. Please ensure there is always one audio listener in the scene
There are no audio listeners in the scene. Please ensure there is always one audio listener in the scene
There are no audio listeners in the scene. Please ensure there is always one audio listener in the scene
There are no audio listeners in the scene. Please ensure there is always one audio listener in the scene
There are no audio listeners in the scene. Please ensure there is always one audio listener in the scene
There are no audio listeners in the scene. Please ensure there is always one audio listener in the scene
There are no audio listeners in the scene. Please ensure there is always one audio listener in the scene
There are no audio listeners in the scene. Please ensure there is always one audio listener in the scene
There are no audio listeners in the scene. Please ensure there is always one audio listener in the scene
There are no audio listeners in the scene. Please ensure there is always one audio listener in the scene
There are no audio listeners in the scene. Please ensure there is always one audio listener in the scene
There are no audio listeners in the scene. Please ensure there is always one audio listener in the scene
There are no audio listeners in the scene. Please ensure there is always one audio listener in the scene
There are no audio listeners in the scene. Please ensure there is always one audio listener in the scene
There are no audio listeners in the scene. Please ensure there is always one audio listener in the scene
There are no audio listeners in the scene. Please ensure there is always one audio listener in the scene
There are no audio listeners in the scene. Please ensure there is always one audio listener in the scene
There are no audio listeners in the scene. Please ensure there is always one audio listener in the scene
There are no audio listeners in the scene. Please ensure there is always one audio listener in the scene
There are no audio listeners in the scene. Please ensure there is always one audio listener in the scene
There are no audio listeners in the scene. Please ensure there is always one audio listener in the scene
There are no audio listeners in the scene. Please ensure there is always one audio listener in the scene
There are no audio listeners in the scene. Please ensure there is always one audio listener in the scene
There are no audio listeners in the scene. Please ensure there is always one audio listener in the scene
There are no audio listeners in the scene. Please ensure there is always one audio listener in the scene
There are no audio listeners in the scene. Please ensure there is always one audio listener in the scene
There are no audio listeners in the scene. Please ensure there is always one audio listener in the scene
There are no audio listeners in the scene. Please ensure there is always one audio listener in the scene
There are no audio listeners in the scene. Please ensure there is always one audio listener in the scene
There are no audio listeners in the scene. Please ensure there is always one audio listener in the scene
There are no audio listeners in the scene. Please ensure there is always one audio listener in the scene
There are no audio listeners in the scene. Please ensure there is always one audio listener in the scene
There are no audio listeners in the scene. Please ensure there is always one audio listener in the scene
There are no audio listeners in the scene. Please ensure there is always one audio listener in the scene
There are no audio listeners in the scene. Please ensure there is always one audio listener in the scene
There are no audio listeners in the scene. Please ensure there is always one audio listener in the scene
There are no audio listeners in the scene. Please ensure there is always one audio listener in the scene
There are no audio listeners in the scene. Please ensure there is always one audio listener in the scene
There are no audio listeners in the scene. Please ensure there is always one audio listener in the scene
There are no audio listeners in the scene. Please ensure there is always one audio listener in the scene
There are no audio listeners in the scene. Please ensure there is always one audio listener in the scene
There are no audio listeners in the scene. Please ensure there is always one audio listener in the scene
There are no audio listeners in the scene. Please ensure there is always one audio listener in the scene
There are no audio listeners in the scene. Please ensure there is always one audio listener in the scene
There are no audio listeners in the scene. Please ensure there is always one audio listener in the scene
There are no audio listeners in the scene. Please ensure there is always one audio listener in the scene
There are no audio listeners in the scene. Please ensure there is always one audio listener in the scene
There are no audio listeners in the scene. Please ensure there is always one audio listener in the scene
There are no audio listeners in the scene. Please ensure there is always one audio listener in the scene
There are no audio listeners in the scene. Please ensure there is always one audio listener in the scene
There are no audio listeners in the scene. Please ensure there is always one audio listener in the scene
There are no audio listeners in the scene. Please ensure there is always one audio listener in the scene
There are no audio listeners in the scene. Please ensure there is always one audio listener in the scene
There are no audio listeners in the scene. Please ensure there is always one audio listener in the scene
There are no audio listeners in the scene. Please ensure there is always one audio listener in the scene
There are no audio listeners in the scene. Please ensure there is always one audio listener in the scene
There are no audio listeners in the scene. Please ensure there is always one audio listener in the scene
There are no audio listeners in the scene. Please ensure there is always one audio listener in the scene
There are no audio listeners in the scene. Please ensure there is always one audio listener in the scene
There are no audio listeners in the scene. Please ensure there is always one audio listener in the scene
There are no audio listeners in the scene. Please ensure there is always one audio listener in the scene
There are no audio listeners in the scene. Please ensure there is always one audio listener in the scene
There are no audio listeners in the scene. Please ensure there is always one audio listener in the scene
There are no audio listeners in the scene. Please ensure there is always one audio listener in the scene
There are no audio listeners in the scene. Please ensure there is always one audio listener in the scene
There are no audio listeners in the scene. Please ensure there is always one audio listener in the scene
There are no audio listeners in the scene. Please ensure there is always one audio listener in the scene
There are no audio listeners in the scene. Please ensure there is always one audio listener in the scene
There are no audio listeners in the scene. Please ensure there is always one audio listener in the scene
There are no audio listeners in the scene. Please ensure there is always one audio listener in the scene
There are no audio listeners in the scene. Please ensure there is always one audio listener in the scene
There are no audio listeners in the scene. Please ensure there is always one audio listener in the scene
There are no audio listeners in the scene. Please ensure there is always one audio listener in the scene
There are no audio listeners in the scene. Please ensure there is always one audio listener in the scene
There are no audio listeners in the scene. Please ensure there is always one audio listener in the scene
There are no audio listeners in the scene. Please ensure there is always one audio listener in the scene
There are no audio listeners in the scene. Please ensure there is always one audio listener in the scene
There are no audio listeners in the scene. Please ensure there is always one audio listener in the scene
There are no audio listeners in the scene. Please ensure there is always one audio listener in the scene
There are no audio listeners in the scene. Please ensure there is always one audio listener in the scene
There are no audio listeners in the scene. Please ensure there is always one audio listener in the scene
There are no audio listeners in the scene. Please ensure there is always one audio listener in the scene
There are no audio listeners in the scene. Please ensure there is always one audio listener in the scene
There are no audio listeners in the scene. Please ensure there is always one audio listener in the scene
There are no audio listeners in the scene. Please ensure there is always one audio listener in the scene
There are no audio listeners in the scene. Please ensure there is always one audio listener in the scene
There are no audio listeners in the scene. Please ensure there is always one audio listener in the scene
There are no audio listeners in the scene. Please ensure there is always one audio listener in the scene
There are no audio listeners in the scene. Please ensure there is always one audio listener in the scene
There are no audio listeners in the scene. Please ensure there is always one audio listener in the scene
There are no audio listeners in the scene. Please ensure there is always one audio listener in the scene
There are no audio listeners in the scene. Please ensure there is always one audio listener in the scene
There are no audio listeners in the scene. Please ensure there is always one audio listener in the scene
There are no audio listeners in the scene. Please ensure there is always one audio listener in the scene
There are no audio listeners in the scene. Please ensure there is always one audio listener in the scene
There are no audio listeners in the scene. Please ensure there is always one audio listener in the scene
There are no audio listeners in the scene. Please ensure there is always one audio listener in the scene
There are no audio listeners in the scene. Please ensure there is always one audio listener in the scene
There are no audio listeners in the scene. Please ensure there is always one audio listener in the scene
There are no audio listeners in the scene. Please ensure there is always one audio listener in the scene
There are no audio listeners in the scene. Please ensure there is always one audio listener in the scene
There are no audio listeners in the scene. Please ensure there is always one audio listener in the scene
There are no audio listeners in the scene. Please ensure there is always one audio listener in the scene
There are no audio listeners in the scene. Please ensure there is always one audio listener in the scene
There are no audio listeners in the scene. Please ensure there is always one audio listener in the scene
There are no audio listeners in the scene. Please ensure there is always one audio listener in the scene
There are no audio listeners in the scene. Please ensure there is always one audio listener in the scene
There are no audio listeners in the scene. Please ensure there is always one audio listener in the scene
There are no audio listeners in the scene. Please ensure there is always one audio listener in the scene
There are no audio listeners in the scene. Please ensure there is always one audio listener in the scene
There are no audio listeners in the scene. Please ensure there is always one audio listener in the scene
There are no audio listeners in the scene. Please ensure there is always one audio listener in the scene
There are no audio listeners in the scene. Please ensure there is always one audio listener in the scene
There are no audio listeners in the scene. Please ensure there is always one audio listener in the scene
There are no audio listeners in the scene. Please ensure there is always one audio listener in the scene
There are no audio listeners in the scene. Please ensure there is always one audio listener in the scene
There are no audio listeners in the scene. Please ensure there is always one audio listener in the scene
There are no audio listeners in the scene. Please ensure there is always one audio listener in the scene
There are no audio listeners in the scene. Please ensure there is always one audio listener in the scene
There are no audio listeners in the scene. Please ensure there is always one audio listener in the scene
There are no audio listeners in the scene. Please ensure there is always one audio listener in the scene
There are no audio listeners in the scene. Please ensure there is always one audio listener in the scene
There are no audio listeners in the scene. Please ensure there is always one audio listener in the scene
There are no audio listeners in the scene. Please ensure there is always one audio listener in the scene
There are no audio listeners in the scene. Please ensure there is always one audio listener in the scene
There are no audio listeners in the scene. Please ensure there is always one audio listener in the scene
There are no audio listeners in the scene. Please ensure there is always one audio listener in the scene
There are no audio listeners in the scene. Please ensure there is always one audio listener in the scene
There are no audio listeners in the scene. Please ensure there is always one audio listener in the scene
There are no audio listeners in the scene. Please ensure there is always one audio listener in the scene
There are no audio listeners in the scene. Please ensure there is always one audio listener in the scene
There are no audio listeners in the scene. Please ensure there is always one audio listener in the scene
There are no audio listeners in the scene. Please ensure there is always one audio listener in the scene
There are no audio listeners in the scene. Please ensure there is always one audio listener in the scene
There are no audio listeners in the scene. Please ensure there is always one audio listener in the scene
There are no audio listeners in the scene. Please ensure there is always one audio listener in the scene
There are no audio listeners in the scene. Please ensure there is always one audio listener in the scene
There are no audio listeners in the scene. Please ensure there is always one audio listener in the scene
There are no audio listeners in the scene. Please ensure there is always one audio listener in the scene
There are no audio listeners in the scene. Please ensure there is always one audio listener in the scene
There are no audio listeners in the scene. Please ensure there is always one audio listener in the scene
There are no audio listeners in the scene. Please ensure there is always one audio listener in the scene
There are no audio listeners in the scene. Please ensure there is always one audio listener in the scene
There are no audio listeners in the scene. Please ensure there is always one audio listener in the scene
There are no audio listeners in the scene. Please ensure there is always one audio listener in the scene
There are no audio listeners in the scene. Please ensure there is always one audio listener in the scene
There are no audio listeners in the scene. Please ensure there is always one audio listener in the scene
There are no audio listeners in the scene. Please ensure there is always one audio listener in the scene
There are no audio listeners in the scene. Please ensure there is always one audio listener in the scene
There are no audio listeners in the scene. Please ensure there is always one audio listener in the scene
There are no audio listeners in the scene. Please ensure there is always one audio listener in the scene
There are no audio listeners in the scene. Please ensure there is always one audio listener in the scene
There are no audio listeners in the scene. Please ensure there is always one audio listener in the scene
There are no audio listeners in the scene. Please ensure there is always one audio listener in the scene
There are no audio listeners in the scene. Please ensure there is always one audio listener in the scene
There are no audio listeners in the scene. Please ensure there is always one audio listener in the scene
There are no audio listeners in the scene. Please ensure there is always one audio listener in the scene
There are no audio listeners in the scene. Please ensure there is always one audio listener in the scene
There are no audio listeners in the scene. Please ensure there is always one audio listener in the scene
There are no audio listeners in the scene. Please ensure there is always one audio listener in the scene
There are no audio listeners in the scene. Please ensure there is always one audio listener in the scene
There are no audio listeners in the scene. Please ensure there is always one audio listener in the scene
There are no audio listeners in the scene. Please ensure there is always one audio listener in the scene
There are no audio listeners in the scene. Please ensure there is always one audio listener in the scene
There are no audio listeners in the scene. Please ensure there is always one audio listener in the scene
There are no audio listeners in the scene. Please ensure there is always one audio listener in the scene
There are no audio listeners in the scene. Please ensure there is always one audio listener in the scene
There are no audio listeners in the scene. Please ensure there is always one audio listener in the scene
There are no audio listeners in the scene. Please ensure there is always one audio listener in the scene
There are no audio listeners in the scene. Please ensure there is always one audio listener in the scene
There are no audio listeners in the scene. Please ensure there is always one audio listener in the scene
There are no audio listeners in the scene. Please ensure there is always one audio listener in the scene
There are no audio listeners in the scene. Please ensure there is always one audio listener in the scene
There are no audio listeners in the scene. Please ensure there is always one audio listener in the scene
There are no audio listeners in the scene. Please ensure there is always one audio listener in the scene
There are no audio listeners in the scene. Please ensure there is always one audio listener in the scene
There are no audio listeners in the scene. Please ensure there is always one audio listener in the scene
There are no audio listeners in the scene. Please ensure there is always one audio listener in the scene
There are no audio listeners in the scene. Please ensure there is always one audio listener in the scene
There are no audio listeners in the scene. Please ensure there is always one audio listener in the scene
There are no audio listeners in the scene. Please ensure there is always one audio listener in the scene
There are no audio listeners in the scene. Please ensure there is always one audio listener in the scene
There are no audio listeners in the scene. Please ensure there is always one audio listener in the scene
There are no audio listeners in the scene. Please ensure there is always one audio listener in the scene
There are no audio listeners in the scene. Please ensure there is always one audio listener in the scene
There are no audio listeners in the scene. Please ensure there is always one audio listener in the scene
There are no audio listeners in the scene. Please ensure there is always one audio listener in the scene
There are no audio listeners in the scene. Please ensure there is always one audio listener in the scene
There are no audio listeners in the scene. Please ensure there is always one audio listener in the scene
There are no audio listeners in the scene. Please ensure there is always one audio listener in the scene
There are no audio listeners in the scene. Please ensure there is always one audio listener in the scene
There are no audio listeners in the scene. Please ensure there is always one audio listener in the scene
There are no audio listeners in the scene. Please ensure there is always one audio listener in the scene
There are no audio listeners in the scene. Please ensure there is always one audio listener in the scene
There are no audio listeners in the scene. Please ensure there is always one audio listener in the scene
There are no audio listeners in the scene. Please ensure there is always one audio listener in the scene
There are no audio listeners in the scene. Please ensure there is always one audio listener in the scene
There are no audio listeners in the scene. Please ensure there is always one audio listener in the scene
There are no audio listeners in the scene. Please ensure there is always one audio listener in the scene
There are no audio listeners in the scene. Please ensure there is always one audio listener in the scene
There are no audio listeners in the scene. Please ensure there is always one audio listener in the scene
There are no audio listeners in the scene. Please ensure there is always one audio listener in the scene
There are no audio listeners in the scene. Please ensure there is always one audio listener in the scene
There are no audio listeners in the scene. Please ensure there is always one audio listener in the scene
There are no audio listeners in the scene. Please ensure there is always one audio listener in the scene
There are no audio listeners in the scene. Please ensure there is always one audio listener in the scene
There are no audio listeners in the scene. Please ensure there is always one audio listener in the scene
There are no audio listeners in the scene. Please ensure there is always one audio listener in the scene
There are no audio listeners in the scene. Please ensure there is always one audio listener in the scene
There are no audio listeners in the scene. Please ensure there is always one audio listener in the scene
There are no audio listeners in the scene. Please ensure there is always one audio listener in the scene
There are no audio listeners in the scene. Please ensure there is always one audio listener in the scene
There are no audio listeners in the scene. Please ensure there is always one audio listener in the scene
There are no audio listeners in the scene. Please ensure there is always one audio listener in the scene
There are no audio listeners in the scene. Please ensure there is always one audio listener in the scene
There are no audio listeners in the scene. Please ensure there is always one audio listener in the scene
There are no audio listeners in the scene. Please ensure there is always one audio listener in the scene
There are no audio listeners in the scene. Please ensure there is always one audio listener in the scene
There are no audio listeners in the scene. Please ensure there is always one audio listener in the scene
There are no audio listeners in the scene. Please ensure there is always one audio listener in the scene
There are no audio listeners in the scene. Please ensure there is always one audio listener in the scene
There are no audio listeners in the scene. Please ensure there is always one audio listener in the scene
There are no audio listeners in the scene. Please ensure there is always one audio listener in the scene
There are no audio listeners in the scene. Please ensure there is always one audio listener in the scene
There are no audio listeners in the scene. Please ensure there is always one audio listener in the scene
There are no audio listeners in the scene. Please ensure there is always one audio listener in the scene
There are no audio listeners in the scene. Please ensure there is always one audio listener in the scene
There are no audio listeners in the scene. Please ensure there is always one audio listener in the scene
There are no audio listeners in the scene. Please ensure there is always one audio listener in the scene
There are no audio listeners in the scene. Please ensure there is always one audio listener in the scene
There are no audio listeners in the scene. Please ensure there is always one audio listener in the scene
There are no audio listeners in the scene. Please ensure there is always one audio listener in the scene
There are no audio listeners in the scene. Please ensure there is always one audio listener in the scene
There are no audio listeners in the scene. Please ensure there is always one audio listener in the scene
There are no audio listeners in the scene. Please ensure there is always one audio listener in the scene
There are no audio listeners in the scene. Please ensure there is always one audio listener in the scene
There are no audio listeners in the scene. Please ensure there is always one audio listener in the scene
There are no audio listeners in the scene. Please ensure there is always one audio listener in the scene
There are no audio listeners in the scene. Please ensure there is always one audio listener in the scene
There are no audio listeners in the scene. Please ensure there is always one audio listener in the scene
There are no audio listeners in the scene. Please ensure there is always one audio listener in the scene
There are no audio listeners in the scene. Please ensure there is always one audio listener in the scene
There are no audio listeners in the scene. Please ensure there is always one audio listener in the scene
There are no audio listeners in the scene. Please ensure there is always one audio listener in the scene
There are no audio listeners in the scene. Please ensure there is always one audio listener in the scene
There are no audio listeners in the scene. Please ensure there is always one audio listener in the scene
There are no audio listeners in the scene. Please ensure there is always one audio listener in the scene
There are no audio listeners in the scene. Please ensure there is always one audio listener in the scene
There are no audio listeners in the scene. Please ensure there is always one audio listener in the scene
There are no audio listeners in the scene. Please ensure there is always one audio listener in the scene
There are no audio listeners in the scene. Please ensure there is always one audio listener in the scene
There are no audio listeners in the scene. Please ensure there is always one audio listener in the scene
There are no audio listeners in the scene. Please ensure there is always one audio listener in the scene
There are no audio listeners in the scene. Please ensure there is always one audio listener in the scene
There are no audio listeners in the scene. Please ensure there is always one audio listener in the scene
There are no audio listeners in the scene. Please ensure there is always one audio listener in the scene
There are no audio listeners in the scene. Please ensure there is always one audio listener in the scene
There are no audio listeners in the scene. Please ensure there is always one audio listener in the scene
There are no audio listeners in the scene. Please ensure there is always one audio listener in the scene
There are no audio listeners in the scene. Please ensure there is always one audio listener in the scene
There are no audio listeners in the scene. Please ensure there is always one audio listener in the scene
There are no audio listeners in the scene. Please ensure there is always one audio listener in the scene
There are no audio listeners in the scene. Please ensure there is always one audio listener in the scene
There are no audio listeners in the scene. Please ensure there is always one audio listener in the scene
There are no audio listeners in the scene. Please ensure there is always one audio listener in the scene
There are no audio listeners in the scene. Please ensure there is always one audio listener in the scene
There are no audio listeners in the scene. Please ensure there is always one audio listener in the scene
There are no audio listeners in the scene. Please ensure there is always one audio listener in the scene
There are no audio listeners in the scene. Please ensure there is always one audio listener in the scene
There are no audio listeners in the scene. Please ensure there is always one audio listener in the scene
There are no audio listeners in the scene. Please ensure there is always one audio listener in the scene
There are no audio listeners in the scene. Please ensure there is always one audio listener in the scene
There are no audio listeners in the scene. Please ensure there is always one audio listener in the scene
There are no audio listeners in the scene. Please ensure there is always one audio listener in the scene
There are no audio listeners in the scene. Please ensure there is always one audio listener in the scene
There are no audio listeners in the scene. Please ensure there is always one audio listener in the scene
There are no audio listeners in the scene. Please ensure there is always one audio listener in the scene
There are no audio listeners in the scene. Please ensure there is always one audio listener in the scene
There are no audio listeners in the scene. Please ensure there is always one audio listener in the scene
There are no audio listeners in the scene. Please ensure there is always one audio listener in the scene
There are no audio listeners in the scene. Please ensure there is always one audio listener in the scene
There are no audio listeners in the scene. Please ensure there is always one audio listener in the scene
There are no audio listeners in the scene. Please ensure there is always one audio listener in the scene
There are no audio listeners in the scene. Please ensure there is always one audio listener in the scene
There are no audio listeners in the scene. Please ensure there is always one audio listener in the scene
There are no audio listeners in the scene. Please ensure there is always one audio listener in the scene
There are no audio listeners in the scene. Please ensure there is always one audio listener in the scene
There are no audio listeners in the scene. Please ensure there is always one audio listener in the scene
There are no audio listeners in the scene. Please ensure there is always one audio listener in the scene
There are no audio listeners in the scene. Please ensure there is always one audio listener in the scene
There are no audio listeners in the scene. Please ensure there is always one audio listener in the scene
There are no audio listeners in the scene. Please ensure there is always one audio listener in the scene
There are no audio listeners in the scene. Please ensure there is always one audio listener in the scene
There are no audio listeners in the scene. Please ensure there is always one audio listener in the scene
There are no audio listeners in the scene. Please ensure there is always one audio listener in the scene
There are no audio listeners in the scene. Please ensure there is always one audio listener in the scene
There are no audio listeners in the scene. Please ensure there is always one audio listener in the scene
There are no audio listeners in the scene. Please ensure there is always one audio listener in the scene
There are no audio listeners in the scene. Please ensure there is always one audio listener in the scene
There are no audio listeners in the scene. Please ensure there is always one audio listener in the scene
There are no audio listeners in the scene. Please ensure there is always one audio listener in the scene
There are no audio listeners in the scene. Please ensure there is always one audio listener in the scene
There are no audio listeners in the scene. Please ensure there is always one audio listener in the scene
There are no audio listeners in the scene. Please ensure there is always one audio listener in the scene
There are no audio listeners in the scene. Please ensure there is always one audio listener in the scene
There are no audio listeners in the scene. Please ensure there is always one audio listener in the scene
There are no audio listeners in the scene. Please ensure there is always one audio listener in the scene
There are no audio listeners in the scene. Please ensure there is always one audio listener in the scene
There are no audio listeners in the scene. Please ensure there is always one audio listener in the scene
There are no audio listeners in the scene. Please ensure there is always one audio listener in the scene
There are no audio listeners in the scene. Please ensure there is always one audio listener in the scene
There are no audio listeners in the scene. Please ensure there is always one audio listener in the scene
There are no audio listeners in the scene. Please ensure there is always one audio listener in the scene
There are no audio listeners in the scene. Please ensure there is always one audio listener in the scene
There are no audio listeners in the scene. Please ensure there is always one audio listener in the scene
There are no audio listeners in the scene. Please ensure there is always one audio listener in the scene
There are no audio listeners in the scene. Please ensure there is always one audio listener in the scene
There are no audio listeners in the scene. Please ensure there is always one audio listener in the scene
There are no audio listeners in the scene. Please ensure there is always one audio listener in the scene
There are no audio listeners in the scene. Please ensure there is always one audio listener in the scene
There are no audio listeners in the scene. Please ensure there is always one audio listener in the scene
There are no audio listeners in the scene. Please ensure there is always one audio listener in the scene
There are no audio listeners in the scene. Please ensure there is always one audio listener in the scene
There are no audio listeners in the scene. Please ensure there is always one audio listener in the scene
There are no audio listeners in the scene. Please ensure there is always one audio listener in the scene
There are no audio listeners in the scene. Please ensure there is always one audio listener in the scene
There are no audio listeners in the scene. Please ensure there is always one audio listener in the scene
There are no audio listeners in the scene. Please ensure there is always one audio listener in the scene
There are no audio listeners in the scene. Please ensure there is always one audio listener in the scene
There are no audio listeners in the scene. Please ensure there is always one audio listener in the scene
There are no audio listeners in the scene. Please ensure there is always one audio listener in the scene
There are no audio listeners in the scene. Please ensure there is always one audio listener in the scene
There are no audio listeners in the scene. Please ensure there is always one audio listener in the scene
There are no audio listeners in the scene. Please ensure there is always one audio listener in the scene
There are no audio listeners in the scene. Please ensure there is always one audio listener in the scene
There are no audio listeners in the scene. Please ensure there is always one audio listener in the scene
There are no audio listeners in the scene. Please ensure there is always one audio listener in the scene
There are no audio listeners in the scene. Please ensure there is always one audio listener in the scene
There are no audio listeners in the scene. Please ensure there is always one audio listener in the scene
There are no audio listeners in the scene. Please ensure there is always one audio listener in the scene
There are no audio listeners in the scene. Please ensure there is always one audio listener in the scene
There are no audio listeners in the scene. Please ensure there is always one audio listener in the scene
There are no audio listeners in the scene. Please ensure there is always one audio listener in the scene
There are no audio listeners in the scene. Please ensure there is always one audio listener in the scene
There are no audio listeners in the scene. Please ensure there is always one audio listener in the scene
There are no audio listeners in the scene. Please ensure there is always one audio listener in the scene
There are no audio listeners in the scene. Please ensure there is always one audio listener in the scene
There are no audio listeners in the scene. Please ensure there is always one audio listener in the scene
There are no audio listeners in the scene. Please ensure there is always one audio listener in the scene
There are no audio listeners in the scene. Please ensure there is always one audio listener in the scene
There are no audio listeners in the scene. Please ensure there is always one audio listener in the scene
There are no audio listeners in the scene. Please ensure there is always one audio listener in the scene
There are no audio listeners in the scene. Please ensure there is always one audio listener in the scene
There are no audio listeners in the scene. Please ensure there is always one audio listener in the scene
There are no audio listeners in the scene. Please ensure there is always one audio listener in the scene
There are no audio listeners in the scene. Please ensure there is always one audio listener in the scene
There are no audio listeners in the scene. Please ensure there is always one audio listener in the scene
There are no audio listeners in the scene. Please ensure there is always one audio listener in the scene
There are no audio listeners in the scene. Please ensure there is always one audio listener in the scene
There are no audio listeners in the scene. Please ensure there is always one audio listener in the scene
There are no audio listeners in the scene. Please ensure there is always one audio listener in the scene
There are no audio listeners in the scene. Please ensure there is always one audio listener in the scene
There are no audio listeners in the scene. Please ensure there is always one audio listener in the scene
There are no audio listeners in the scene. Please ensure there is always one audio listener in the scene
There are no audio listeners in the scene. Please ensure there is always one audio listener in the scene
There are no audio listeners in the scene. Please ensure there is always one audio listener in the scene
There are no audio listeners in the scene. Please ensure there is always one audio listener in the scene
There are no audio listeners in the scene. Please ensure there is always one audio listener in the scene
There are no audio listeners in the scene. Please ensure there is always one audio listener in the scene
There are no audio listeners in the scene. Please ensure there is always one audio listener in the scene
There are no audio listeners in the scene. Please ensure there is always one audio listener in the scene
There are no audio listeners in the scene. Please ensure there is always one audio listener in the scene
There are no audio listeners in the scene. Please ensure there is always one audio listener in the scene
There are no audio listeners in the scene. Please ensure there is always one audio listener in the scene
There are no audio listeners in the scene. Please ensure there is always one audio listener in the scene
There are no audio listeners in the scene. Please ensure there is always one audio listener in the scene
There are no audio listeners in the scene. Please ensure there is always one audio listener in the scene
There are no audio listeners in the scene. Please ensure there is always one audio listener in the scene
There are no audio listeners in the scene. Please ensure there is always one audio listener in the scene
There are no audio listeners in the scene. Please ensure there is always one audio listener in the scene
There are no audio listeners in the scene. Please ensure there is always one audio listener in the scene
There are no audio listeners in the scene. Please ensure there is always one audio listener in the scene
There are no audio listeners in the scene. Please ensure there is always one audio listener in the scene
There are no audio listeners in the scene. Please ensure there is always one audio listener in the scene
There are no audio listeners in the scene. Please ensure there is always one audio listener in the scene
There are no audio listeners in the scene. Please ensure there is always one audio listener in the scene
There are no audio listeners in the scene. Please ensure there is always one audio listener in the scene
There are no audio listeners in the scene. Please ensure there is always one audio listener in the scene
There are no audio listeners in the scene. Please ensure there is always one audio listener in the scene
There are no audio listeners in the scene. Please ensure there is always one audio listener in the scene
There are no audio listeners in the scene. Please ensure there is always one audio listener in the scene
There are no audio listeners in the scene. Please ensure there is always one audio listener in the scene
There are no audio listeners in the scene. Please ensure there is always one audio listener in the scene
There are no audio listeners in the scene. Please ensure there is always one audio listener in the scene
There are no audio listeners in the scene. Please ensure there is always one audio listener in the scene
There are no audio listeners in the scene. Please ensure there is always one audio listener in the scene
There are no audio listeners in the scene. Please ensure there is always one audio listener in the scene
There are no audio listeners in the scene. Please ensure there is always one audio listener in the scene
There are no audio listeners in the scene. Please ensure there is always one audio listener in the scene
There are no audio listeners in the scene. Please ensure there is always one audio listener in the scene
There are no audio listeners in the scene. Please ensure there is always one audio listener in the scene
There are no audio listeners in the scene. Please ensure there is always one audio listener in the scene
There are no audio listeners in the scene. Please ensure there is always one audio listener in the scene
There are no audio listeners in the scene. Please ensure there is always one audio listener in the scene
There are no audio listeners in the scene. Please ensure there is always one audio listener in the scene
There are no audio listeners in the scene. Please ensure there is always one audio listener in the scene
There are no audio listeners in the scene. Please ensure there is always one audio listener in the scene
There are no audio listeners in the scene. Please ensure there is always one audio listener in the scene
There are no audio listeners in the scene. Please ensure there is always one audio listener in the scene
There are no audio listeners in the scene. Please ensure there is always one audio listener in the scene
There are no audio listeners in the scene. Please ensure there is always one audio listener in the scene
There are no audio listeners in the scene. Please ensure there is always one audio listener in the scene
There are no audio listeners in the scene. Please ensure there is always one audio listener in the scene
There are no audio listeners in the scene. Please ensure there is always one audio listener in the scene
There are no audio listeners in the scene. Please ensure there is always one audio listener in the scene
There are no audio listeners in the scene. Please ensure there is always one audio listener in the scene
There are no audio listeners in the scene. Please ensure there is always one audio listener in the scene
There are no audio listeners in the scene. Please ensure there is always one audio listener in the scene
There are no audio listeners in the scene. Please ensure there is always one audio listener in the scene
There are no audio listeners in the scene. Please ensure there is always one audio listener in the scene
There are no audio listeners in the scene. Please ensure there is always one audio listener in the scene
There are no audio listeners in the scene. Please ensure there is always one audio listener in the scene
There are no audio listeners in the scene. Please ensure there is always one audio listener in the scene
There are no audio listeners in the scene. Please ensure there is always one audio listener in the scene
There are no audio listeners in the scene. Please ensure there is always one audio listener in the scene
There are no audio listeners in the scene. Please ensure there is always one audio listener in the scene
There are no audio listeners in the scene. Please ensure there is always one audio listener in the scene
There are no audio listeners in the scene. Please ensure there is always one audio listener in the scene
QA result: Passed Game.Tests.PlayMode.VarginhaPlayerPolishTests.ComboCyclesThreeStepsThenExpires
UnityEngine.Debug:ExtractStackTraceNoAlloc (byte*,int,string)
UnityEngine.StackTraceUtility:ExtractStackTrace ()
UnityEngine.DebugLogHandler:Internal_Log (UnityEngine.LogType,UnityEngine.LogOption,string,UnityEngine.Object)
UnityEngine.DebugLogHandler:LogFormat (UnityEngine.LogType,UnityEngine.Object,string,object[])
UnityEngine.Logger:Log (UnityEngine.LogType,object)
UnityEngine.Debug:Log (object)
Game.Editor.Testing.VarginhaBatchTestProgress:TestFinished (UnityEditor.TestTools.TestRunner.Api.ITestResultAdaptor) (at Assets/Scripts/Editor/Testing/VarginhaBatchTestProgress.cs:26)
UnityEditor.TestTools.TestRunner.Api.CallbacksDelegator/<>c__DisplayClass14_0:<TestFinished>b__0 (UnityEditor.TestTools.TestRunner.Api.ICallbacks) (at ./Library/PackageCache/com.unity.test-framework@7a3849e09bd0/UnityEditor.TestRunner/Api/CallbacksDelegator.cs:95)
UnityEditor.TestTools.TestRunner.Api.CallbacksDelegator:TryInvokeAllCallbacks (System.Action`1<UnityEditor.TestTools.TestRunner.Api.ICallbacks>) (at ./Library/PackageCache/com.unity.test-framework@7a3849e09bd0/UnityEditor.TestRunner/Api/CallbacksDelegator.cs:135)
UnityEditor.TestTools.TestRunner.Api.CallbacksDelegator:TestFinished (NUnit.Framework.Interfaces.ITestResult) (at ./Library/PackageCache/com.unity.test-framework@7a3849e09bd0/UnityEditor.TestRunner/Api/CallbacksDelegator.cs:95)
UnityEngine.Events.InvokableCall`1<NUnit.Framework.Interfaces.ITestResult>:Invoke (NUnit.Framework.Interfaces.ITestResult)
UnityEngine.Events.UnityEvent`1<NUnit.Framework.Interfaces.ITestResult>:Invoke (NUnit.Framework.Interfaces.ITestResult)
UnityEngine.Events.InvokableCall`1<NUnit.Framework.Interfaces.ITestResult>:Invoke (NUnit.Framework.Interfaces.ITestResult)
UnityEngine.Events.UnityEvent`1<NUnit.Framework.Interfaces.ITestResult>:Invoke (NUnit.Framework.Interfaces.ITestResult)
UnityEngine.TestTools.TestRunner.TestListenerWrapper:TestFinished (NUnit.Framework.Interfaces.ITestResult) (at ./Library/PackageCache/com.unity.test-framework@7a3849e09bd0/UnityEngine.TestRunner/TestRunner/TestListenerWrapper.cs:24)
UnityEngine.TestRunner.NUnitExtensions.Runner.UnityWorkItem:WorkItemComplete () (at ./Library/PackageCache/com.unity.test-framework@7a3849e09bd0/UnityEngine.TestRunner/NUnitExtensions/Runner/UnityWorkItem.cs:107)
UnityEngine.TestRunner.NUnitExtensions.Runner.CoroutineTestWorkItem/<PerformWork>d__7:<>m__Finally1 () (at ./Library/PackageCache/com.unity.test-framework@7a3849e09bd0/UnityEngine.TestRunner/NUnitExtensions/Runner/CoroutineTestWorkItem.cs:67)
UnityEngine.TestRunner.NUnitExtensions.Runner.CoroutineTestWorkItem/<PerformWork>d__7:MoveNext () (at ./Library/PackageCache/com.unity.test-framework@7a3849e09bd0/UnityEngine.TestRunner/NUnitExtensions/Runner/CoroutineTestWorkItem.cs:64)
UnityEngine.TestRunner.NUnitExtensions.Runner.CompositeWorkItem/<RunChildren>d__17:MoveNext () (at ./Library/PackageCache/com.unity.test-framework@7a3849e09bd0/UnityEngine.TestRunner/NUnitExtensions/Runner/CompositeWorkItem.cs:209)
UnityEngine.TestRunner.NUnitExtensions.Runner.CompositeWorkItem/<PerformWork>d__13:MoveNext () (at ./Library/PackageCache/com.unity.test-framework@7a3849e09bd0/UnityEngine.TestRunner/NUnitExtensions/Runner/CompositeWorkItem.cs:83)
UnityEngine.TestRunner.NUnitExtensions.Runner.CompositeWorkItem/<RunChildren>d__17:MoveNext () (at ./Library/PackageCache/com.unity.test-framework@7a3849e09bd0/UnityEngine.TestRunner/NUnitExtensions/Runner/CompositeWorkItem.cs:209)
UnityEngine.TestRunner.NUnitExtensions.Runner.CompositeWorkItem/<PerformWork>d__13:MoveNext () (at ./Library/PackageCache/com.unity.test-framework@7a3849e09bd0/UnityEngine.TestRunner/NUnitExtensions/Runner/CompositeWorkItem.cs:83)
UnityEngine.TestRunner.NUnitExtensions.Runner.CompositeWorkItem/<RunChildren>d__17:MoveNext () (at ./Library/PackageCache/com.unity.test-framework@7a3849e09bd0/UnityEngine.TestRunner/NUnitExtensions/Runner/CompositeWorkItem.cs:209)
UnityEngine.TestRunner.NUnitExtensions.Runner.CompositeWorkItem/<PerformWork>d__13:MoveNext () (at ./Library/PackageCache/com.unity.test-framework@7a3849e09bd0/UnityEngine.TestRunner/NUnitExtensions/Runner/CompositeWorkItem.cs:83)
UnityEngine.TestRunner.NUnitExtensions.Runner.CompositeWorkItem/<RunChildren>d__17:MoveNext () (at ./Library/PackageCache/com.unity.test-framework@7a3849e09bd0/UnityEngine.TestRunner/NUnitExtensions/Runner/CompositeWorkItem.cs:209)
UnityEngine.TestRunner.NUnitExtensions.Runner.CompositeWorkItem/<PerformWork>d__13:MoveNext () (at ./Library/PackageCache/com.unity.test-framework@7a3849e09bd0/UnityEngine.TestRunner/NUnitExtensions/Runner/CompositeWorkItem.cs:83)
UnityEngine.TestRunner.NUnitExtensions.Runner.CompositeWorkItem/<RunChildren>d__17:MoveNext () (at ./Library/PackageCache/com.unity.test-framework@7a3849e09bd0/UnityEngine.TestRunner/NUnitExtensions/Runner/CompositeWorkItem.cs:209)
UnityEngine.TestRunner.NUnitExtensions.Runner.CompositeWorkItem/<PerformWork>d__13:MoveNext () (at ./Library/PackageCache/com.unity.test-framework@7a3849e09bd0/UnityEngine.TestRunner/NUnitExtensions/Runner/CompositeWorkItem.cs:83)
UnityEngine.TestRunner.NUnitExtensions.Runner.CompositeWorkItem/<RunChildren>d__17:MoveNext () (at ./Library/PackageCache/com.unity.test-framework@7a3849e09bd0/UnityEngine.TestRunner/NUnitExtensions/Runner/CompositeWorkItem.cs:209)
UnityEngine.TestRunner.NUnitExtensions.Runner.CompositeWorkItem/<PerformWork>d__13:MoveNext () (at ./Library/PackageCache/com.unity.test-framework@7a3849e09bd0/UnityEngine.TestRunner/NUnitExtensions/Runner/CompositeWorkItem.cs:83)
UnityEngine.TestTools.TestRunner.PlaymodeTestsController/<TestRunnerCoroutine>d__25:MoveNext () (at ./Library/PackageCache/com.unity.test-framework@7a3849e09bd0/UnityEngine.TestRunner/TestRunner/PlaymodeTestsController.cs:100)
UnityEngine.SetupCoroutine:InvokeMoveNext (System.Collections.IEnumerator,intptr)

(Filename: Assets/Scripts/Editor/Testing/VarginhaBatchTestProgress.cs Line: 26)

QA test: Game.Tests.PlayMode.VarginhaPlayerPolishTests.DialogueCancelsWindupWithoutDamage
UnityEngine.Debug:ExtractStackTraceNoAlloc (byte*,int,string)
UnityEngine.StackTraceUtility:ExtractStackTrace ()
UnityEngine.DebugLogHandler:Internal_Log (UnityEngine.LogType,UnityEngine.LogOption,string,UnityEngine.Object)
UnityEngine.DebugLogHandler:LogFormat (UnityEngine.LogType,UnityEngine.Object,string,object[])
UnityEngine.Logger:Log (UnityEngine.LogType,object)
UnityEngine.Debug:Log (object)
Game.Editor.Testing.VarginhaBatchTestProgress:TestStarted (UnityEditor.TestTools.TestRunner.Api.ITestAdaptor) (at Assets/Scripts/Editor/Testing/VarginhaBatchTestProgress.cs:22)
UnityEditor.TestTools.TestRunner.Api.CallbacksDelegator/<>c__DisplayClass12_0:<TestStarted>b__0 (UnityEditor.TestTools.TestRunner.Api.ICallbacks) (at ./Library/PackageCache/com.unity.test-framework@7a3849e09bd0/UnityEditor.TestRunner/Api/CallbacksDelegator.cs:81)
UnityEditor.TestTools.TestRunner.Api.CallbacksDelegator:TryInvokeAllCallbacks (System.Action`1<UnityEditor.TestTools.TestRunner.Api.ICallbacks>) (at ./Library/PackageCache/com.unity.test-framework@7a3849e09bd0/UnityEditor.TestRunner/Api/CallbacksDelegator.cs:135)
UnityEditor.TestTools.TestRunner.Api.CallbacksDelegator:TestStarted (NUnit.Framework.Interfaces.ITest) (at ./Library/PackageCache/com.unity.test-framework@7a3849e09bd0/UnityEditor.TestRunner/Api/CallbacksDelegator.cs:81)
UnityEngine.Events.InvokableCall`1<NUnit.Framework.Interfaces.ITest>:Invoke (NUnit.Framework.Interfaces.ITest)
UnityEngine.Events.UnityEvent`1<NUnit.Framework.Interfaces.ITest>:Invoke (NUnit.Framework.Interfaces.ITest)
UnityEngine.Events.InvokableCall`1<NUnit.Framework.Interfaces.ITest>:Invoke (NUnit.Framework.Interfaces.ITest)
UnityEngine.Events.UnityEvent`1<NUnit.Framework.Interfaces.ITest>:Invoke (NUnit.Framework.Interfaces.ITest)
UnityEngine.TestTools.TestRunner.TestListenerWrapper:TestStarted (NUnit.Framework.Interfaces.ITest) (at ./Library/PackageCache/com.unity.test-framework@7a3849e09bd0/UnityEngine.TestRunner/TestRunner/TestListenerWrapper.cs:19)
UnityEngine.TestRunner.NUnitExtensions.Runner.UnityWorkItem:Execute () (at ./Library/PackageCache/com.unity.test-framework@7a3849e09bd0/UnityEngine.TestRunner/NUnitExtensions/Runner/UnityWorkItem.cs:83)
UnityEngine.TestRunner.NUnitExtensions.Runner.CompositeWorkItem/<RunChildren>d__17:MoveNext () (at ./Library/PackageCache/com.unity.test-framework@7a3849e09bd0/UnityEngine.TestRunner/NUnitExtensions/Runner/CompositeWorkItem.cs:205)
UnityEngine.TestRunner.NUnitExtensions.Runner.CompositeWorkItem/<PerformWork>d__13:MoveNext () (at ./Library/PackageCache/com.unity.test-framework@7a3849e09bd0/UnityEngine.TestRunner/NUnitExtensions/Runner/CompositeWorkItem.cs:83)
UnityEngine.TestRunner.NUnitExtensions.Runner.CompositeWorkItem/<RunChildren>d__17:MoveNext () (at ./Library/PackageCache/com.unity.test-framework@7a3849e09bd0/UnityEngine.TestRunner/NUnitExtensions/Runner/CompositeWorkItem.cs:209)
UnityEngine.TestRunner.NUnitExtensions.Runner.CompositeWorkItem/<PerformWork>d__13:MoveNext () (at ./Library/PackageCache/com.unity.test-framework@7a3849e09bd0/UnityEngine.TestRunner/NUnitExtensions/Runner/CompositeWorkItem.cs:83)
UnityEngine.TestRunner.NUnitExtensions.Runner.CompositeWorkItem/<RunChildren>d__17:MoveNext () (at ./Library/PackageCache/com.unity.test-framework@7a3849e09bd0/UnityEngine.TestRunner/NUnitExtensions/Runner/CompositeWorkItem.cs:209)
UnityEngine.TestRunner.NUnitExtensions.Runner.CompositeWorkItem/<PerformWork>d__13:MoveNext () (at ./Library/PackageCache/com.unity.test-framework@7a3849e09bd0/UnityEngine.TestRunner/NUnitExtensions/Runner/CompositeWorkItem.cs:83)
UnityEngine.TestRunner.NUnitExtensions.Runner.CompositeWorkItem/<RunChildren>d__17:MoveNext () (at ./Library/PackageCache/com.unity.test-framework@7a3849e09bd0/UnityEngine.TestRunner/NUnitExtensions/Runner/CompositeWorkItem.cs:209)
UnityEngine.TestRunner.NUnitExtensions.Runner.CompositeWorkItem/<PerformWork>d__13:MoveNext () (at ./Library/PackageCache/com.unity.test-framework@7a3849e09bd0/UnityEngine.TestRunner/NUnitExtensions/Runner/CompositeWorkItem.cs:83)
UnityEngine.TestRunner.NUnitExtensions.Runner.CompositeWorkItem/<RunChildren>d__17:MoveNext () (at ./Library/PackageCache/com.unity.test-framework@7a3849e09bd0/UnityEngine.TestRunner/NUnitExtensions/Runner/CompositeWorkItem.cs:209)
UnityEngine.TestRunner.NUnitExtensions.Runner.CompositeWorkItem/<PerformWork>d__13:MoveNext () (at ./Library/PackageCache/com.unity.test-framework@7a3849e09bd0/UnityEngine.TestRunner/NUnitExtensions/Runner/CompositeWorkItem.cs:83)
UnityEngine.TestRunner.NUnitExtensions.Runner.CompositeWorkItem/<RunChildren>d__17:MoveNext () (at ./Library/PackageCache/com.unity.test-framework@7a3849e09bd0/UnityEngine.TestRunner/NUnitExtensions/Runner/CompositeWorkItem.cs:209)
UnityEngine.TestRunner.NUnitExtensions.Runner.CompositeWorkItem/<PerformWork>d__13:MoveNext () (at ./Library/PackageCache/com.unity.test-framework@7a3849e09bd0/UnityEngine.TestRunner/NUnitExtensions/Runner/CompositeWorkItem.cs:83)
UnityEngine.TestTools.TestRunner.PlaymodeTestsController/<TestRunnerCoroutine>d__25:MoveNext () (at ./Library/PackageCache/com.unity.test-framework@7a3849e09bd0/UnityEngine.TestRunner/TestRunner/PlaymodeTestsController.cs:100)
UnityEngine.SetupCoroutine:InvokeMoveNext (System.Collections.IEnumerator,intptr)

(Filename: Assets/Scripts/Editor/Testing/VarginhaBatchTestProgress.cs Line: 22)

QA result: Passed Game.Tests.PlayMode.VarginhaPlayerPolishTests.DialogueCancelsWindupWithoutDamage
UnityEngine.Debug:ExtractStackTraceNoAlloc (byte*,int,string)
UnityEngine.StackTraceUtility:ExtractStackTrace ()
UnityEngine.DebugLogHandler:Internal_Log (UnityEngine.LogType,UnityEngine.LogOption,string,UnityEngine.Object)
UnityEngine.DebugLogHandler:LogFormat (UnityEngine.LogType,UnityEngine.Object,string,object[])
UnityEngine.Logger:Log (UnityEngine.LogType,object)
UnityEngine.Debug:Log (object)
Game.Editor.Testing.VarginhaBatchTestProgress:TestFinished (UnityEditor.TestTools.TestRunner.Api.ITestResultAdaptor) (at Assets/Scripts/Editor/Testing/VarginhaBatchTestProgress.cs:26)
UnityEditor.TestTools.TestRunner.Api.CallbacksDelegator/<>c__DisplayClass14_0:<TestFinished>b__0 (UnityEditor.TestTools.TestRunner.Api.ICallbacks) (at ./Library/PackageCache/com.unity.test-framework@7a3849e09bd0/UnityEditor.TestRunner/Api/CallbacksDelegator.cs:95)
UnityEditor.TestTools.TestRunner.Api.CallbacksDelegator:TryInvokeAllCallbacks (System.Action`1<UnityEditor.TestTools.TestRunner.Api.ICallbacks>) (at ./Library/PackageCache/com.unity.test-framework@7a3849e09bd0/UnityEditor.TestRunner/Api/CallbacksDelegator.cs:135)
UnityEditor.TestTools.TestRunner.Api.CallbacksDelegator:TestFinished (NUnit.Framework.Interfaces.ITestResult) (at ./Library/PackageCache/com.unity.test-framework@7a3849e09bd0/UnityEditor.TestRunner/Api/CallbacksDelegator.cs:95)
UnityEngine.Events.InvokableCall`1<NUnit.Framework.Interfaces.ITestResult>:Invoke (NUnit.Framework.Interfaces.ITestResult)
UnityEngine.Events.UnityEvent`1<NUnit.Framework.Interfaces.ITestResult>:Invoke (NUnit.Framework.Interfaces.ITestResult)
UnityEngine.Events.InvokableCall`1<NUnit.Framework.Interfaces.ITestResult>:Invoke (NUnit.Framework.Interfaces.ITestResult)
UnityEngine.Events.UnityEvent`1<NUnit.Framework.Interfaces.ITestResult>:Invoke (NUnit.Framework.Interfaces.ITestResult)
UnityEngine.TestTools.TestRunner.TestListenerWrapper:TestFinished (NUnit.Framework.Interfaces.ITestResult) (at ./Library/PackageCache/com.unity.test-framework@7a3849e09bd0/UnityEngine.TestRunner/TestRunner/TestListenerWrapper.cs:24)
UnityEngine.TestRunner.NUnitExtensions.Runner.UnityWorkItem:WorkItemComplete () (at ./Library/PackageCache/com.unity.test-framework@7a3849e09bd0/UnityEngine.TestRunner/NUnitExtensions/Runner/UnityWorkItem.cs:107)
UnityEngine.TestRunner.NUnitExtensions.Runner.CoroutineTestWorkItem/<PerformWork>d__7:<>m__Finally1 () (at ./Library/PackageCache/com.unity.test-framework@7a3849e09bd0/UnityEngine.TestRunner/NUnitExtensions/Runner/CoroutineTestWorkItem.cs:67)
UnityEngine.TestRunner.NUnitExtensions.Runner.CoroutineTestWorkItem/<PerformWork>d__7:MoveNext () (at ./Library/PackageCache/com.unity.test-framework@7a3849e09bd0/UnityEngine.TestRunner/NUnitExtensions/Runner/CoroutineTestWorkItem.cs:64)
UnityEngine.TestRunner.NUnitExtensions.Runner.CompositeWorkItem/<RunChildren>d__17:MoveNext () (at ./Library/PackageCache/com.unity.test-framework@7a3849e09bd0/UnityEngine.TestRunner/NUnitExtensions/Runner/CompositeWorkItem.cs:209)
UnityEngine.TestRunner.NUnitExtensions.Runner.CompositeWorkItem/<PerformWork>d__13:MoveNext () (at ./Library/PackageCache/com.unity.test-framework@7a3849e09bd0/UnityEngine.TestRunner/NUnitExtensions/Runner/CompositeWorkItem.cs:83)
UnityEngine.TestRunner.NUnitExtensions.Runner.CompositeWorkItem/<RunChildren>d__17:MoveNext () (at ./Library/PackageCache/com.unity.test-framework@7a3849e09bd0/UnityEngine.TestRunner/NUnitExtensions/Runner/CompositeWorkItem.cs:209)
UnityEngine.TestRunner.NUnitExtensions.Runner.CompositeWorkItem/<PerformWork>d__13:MoveNext () (at ./Library/PackageCache/com.unity.test-framework@7a3849e09bd0/UnityEngine.TestRunner/NUnitExtensions/Runner/CompositeWorkItem.cs:83)
UnityEngine.TestRunner.NUnitExtensions.Runner.CompositeWorkItem/<RunChildren>d__17:MoveNext () (at ./Library/PackageCache/com.unity.test-framework@7a3849e09bd0/UnityEngine.TestRunner/NUnitExtensions/Runner/CompositeWorkItem.cs:209)
UnityEngine.TestRunner.NUnitExtensions.Runner.CompositeWorkItem/<PerformWork>d__13:MoveNext () (at ./Library/PackageCache/com.unity.test-framework@7a3849e09bd0/UnityEngine.TestRunner/NUnitExtensions/Runner/CompositeWorkItem.cs:83)
UnityEngine.TestRunner.NUnitExtensions.Runner.CompositeWorkItem/<RunChildren>d__17:MoveNext () (at ./Library/PackageCache/com.unity.test-framework@7a3849e09bd0/UnityEngine.TestRunner/NUnitExtensions/Runner/CompositeWorkItem.cs:209)
UnityEngine.TestRunner.NUnitExtensions.Runner.CompositeWorkItem/<PerformWork>d__13:MoveNext () (at ./Library/PackageCache/com.unity.test-framework@7a3849e09bd0/UnityEngine.TestRunner/NUnitExtensions/Runner/CompositeWorkItem.cs:83)
UnityEngine.TestRunner.NUnitExtensions.Runner.CompositeWorkItem/<RunChildren>d__17:MoveNext () (at ./Library/PackageCache/com.unity.test-framework@7a3849e09bd0/UnityEngine.TestRunner/NUnitExtensions/Runner/CompositeWorkItem.cs:209)
UnityEngine.TestRunner.NUnitExtensions.Runner.CompositeWorkItem/<PerformWork>d__13:MoveNext () (at ./Library/PackageCache/com.unity.test-framework@7a3849e09bd0/UnityEngine.TestRunner/NUnitExtensions/Runner/CompositeWorkItem.cs:83)
UnityEngine.TestRunner.NUnitExtensions.Runner.CompositeWorkItem/<RunChildren>d__17:MoveNext () (at ./Library/PackageCache/com.unity.test-framework@7a3849e09bd0/UnityEngine.TestRunner/NUnitExtensions/Runner/CompositeWorkItem.cs:209)
UnityEngine.TestRunner.NUnitExtensions.Runner.CompositeWorkItem/<PerformWork>d__13:MoveNext () (at ./Library/PackageCache/com.unity.test-framework@7a3849e09bd0/UnityEngine.TestRunner/NUnitExtensions/Runner/CompositeWorkItem.cs:83)
UnityEngine.TestTools.TestRunner.PlaymodeTestsController/<TestRunnerCoroutine>d__25:MoveNext () (at ./Library/PackageCache/com.unity.test-framework@7a3849e09bd0/UnityEngine.TestRunner/TestRunner/PlaymodeTestsController.cs:100)
UnityEngine.SetupCoroutine:InvokeMoveNext (System.Collections.IEnumerator,intptr)

(Filename: Assets/Scripts/Editor/Testing/VarginhaBatchTestProgress.cs Line: 26)

QA test: Game.Tests.PlayMode.VarginhaPlayerPolishTests.DirectionAndMultipleCollidersProduceOnlyOneHit
UnityEngine.Debug:ExtractStackTraceNoAlloc (byte*,int,string)
UnityEngine.StackTraceUtility:ExtractStackTrace ()
UnityEngine.DebugLogHandler:Internal_Log (UnityEngine.LogType,UnityEngine.LogOption,string,UnityEngine.Object)
UnityEngine.DebugLogHandler:LogFormat (UnityEngine.LogType,UnityEngine.Object,string,object[])
UnityEngine.Logger:Log (UnityEngine.LogType,object)
UnityEngine.Debug:Log (object)
Game.Editor.Testing.VarginhaBatchTestProgress:TestStarted (UnityEditor.TestTools.TestRunner.Api.ITestAdaptor) (at Assets/Scripts/Editor/Testing/VarginhaBatchTestProgress.cs:22)
UnityEditor.TestTools.TestRunner.Api.CallbacksDelegator/<>c__DisplayClass12_0:<TestStarted>b__0 (UnityEditor.TestTools.TestRunner.Api.ICallbacks) (at ./Library/PackageCache/com.unity.test-framework@7a3849e09bd0/UnityEditor.TestRunner/Api/CallbacksDelegator.cs:81)
UnityEditor.TestTools.TestRunner.Api.CallbacksDelegator:TryInvokeAllCallbacks (System.Action`1<UnityEditor.TestTools.TestRunner.Api.ICallbacks>) (at ./Library/PackageCache/com.unity.test-framework@7a3849e09bd0/UnityEditor.TestRunner/Api/CallbacksDelegator.cs:135)
UnityEditor.TestTools.TestRunner.Api.CallbacksDelegator:TestStarted (NUnit.Framework.Interfaces.ITest) (at ./Library/PackageCache/com.unity.test-framework@7a3849e09bd0/UnityEditor.TestRunner/Api/CallbacksDelegator.cs:81)
UnityEngine.Events.InvokableCall`1<NUnit.Framework.Interfaces.ITest>:Invoke (NUnit.Framework.Interfaces.ITest)
UnityEngine.Events.UnityEvent`1<NUnit.Framework.Interfaces.ITest>:Invoke (NUnit.Framework.Interfaces.ITest)
UnityEngine.Events.InvokableCall`1<NUnit.Framework.Interfaces.ITest>:Invoke (NUnit.Framework.Interfaces.ITest)
UnityEngine.Events.UnityEvent`1<NUnit.Framework.Interfaces.ITest>:Invoke (NUnit.Framework.Interfaces.ITest)
UnityEngine.TestTools.TestRunner.TestListenerWrapper:TestStarted (NUnit.Framework.Interfaces.ITest) (at ./Library/PackageCache/com.unity.test-framework@7a3849e09bd0/UnityEngine.TestRunner/TestRunner/TestListenerWrapper.cs:19)
UnityEngine.TestRunner.NUnitExtensions.Runner.UnityWorkItem:Execute () (at ./Library/PackageCache/com.unity.test-framework@7a3849e09bd0/UnityEngine.TestRunner/NUnitExtensions/Runner/UnityWorkItem.cs:83)
UnityEngine.TestRunner.NUnitExtensions.Runner.CompositeWorkItem/<RunChildren>d__17:MoveNext () (at ./Library/PackageCache/com.unity.test-framework@7a3849e09bd0/UnityEngine.TestRunner/NUnitExtensions/Runner/CompositeWorkItem.cs:205)
UnityEngine.TestRunner.NUnitExtensions.Runner.CompositeWorkItem/<PerformWork>d__13:MoveNext () (at ./Library/PackageCache/com.unity.test-framework@7a3849e09bd0/UnityEngine.TestRunner/NUnitExtensions/Runner/CompositeWorkItem.cs:83)
UnityEngine.TestRunner.NUnitExtensions.Runner.CompositeWorkItem/<RunChildren>d__17:MoveNext () (at ./Library/PackageCache/com.unity.test-framework@7a3849e09bd0/UnityEngine.TestRunner/NUnitExtensions/Runner/CompositeWorkItem.cs:209)
UnityEngine.TestRunner.NUnitExtensions.Runner.CompositeWorkItem/<PerformWork>d__13:MoveNext () (at ./Library/PackageCache/com.unity.test-framework@7a3849e09bd0/UnityEngine.TestRunner/NUnitExtensions/Runner/CompositeWorkItem.cs:83)
UnityEngine.TestRunner.NUnitExtensions.Runner.CompositeWorkItem/<RunChildren>d__17:MoveNext () (at ./Library/PackageCache/com.unity.test-framework@7a3849e09bd0/UnityEngine.TestRunner/NUnitExtensions/Runner/CompositeWorkItem.cs:209)
UnityEngine.TestRunner.NUnitExtensions.Runner.CompositeWorkItem/<PerformWork>d__13:MoveNext () (at ./Library/PackageCache/com.unity.test-framework@7a3849e09bd0/UnityEngine.TestRunner/NUnitExtensions/Runner/CompositeWorkItem.cs:83)
UnityEngine.TestRunner.NUnitExtensions.Runner.CompositeWorkItem/<RunChildren>d__17:MoveNext () (at ./Library/PackageCache/com.unity.test-framework@7a3849e09bd0/UnityEngine.TestRunner/NUnitExtensions/Runner/CompositeWorkItem.cs:209)
UnityEngine.TestRunner.NUnitExtensions.Runner.CompositeWorkItem/<PerformWork>d__13:MoveNext () (at ./Library/PackageCache/com.unity.test-framework@7a3849e09bd0/UnityEngine.TestRunner/NUnitExtensions/Runner/CompositeWorkItem.cs:83)
UnityEngine.TestRunner.NUnitExtensions.Runner.CompositeWorkItem/<RunChildren>d__17:MoveNext () (at ./Library/PackageCache/com.unity.test-framework@7a3849e09bd0/UnityEngine.TestRunner/NUnitExtensions/Runner/CompositeWorkItem.cs:209)
UnityEngine.TestRunner.NUnitExtensions.Runner.CompositeWorkItem/<PerformWork>d__13:MoveNext () (at ./Library/PackageCache/com.unity.test-framework@7a3849e09bd0/UnityEngine.TestRunner/NUnitExtensions/Runner/CompositeWorkItem.cs:83)
UnityEngine.TestRunner.NUnitExtensions.Runner.CompositeWorkItem/<RunChildren>d__17:MoveNext () (at ./Library/PackageCache/com.unity.test-framework@7a3849e09bd0/UnityEngine.TestRunner/NUnitExtensions/Runner/CompositeWorkItem.cs:209)
UnityEngine.TestRunner.NUnitExtensions.Runner.CompositeWorkItem/<PerformWork>d__13:MoveNext () (at ./Library/PackageCache/com.unity.test-framework@7a3849e09bd0/UnityEngine.TestRunner/NUnitExtensions/Runner/CompositeWorkItem.cs:83)
UnityEngine.TestTools.TestRunner.PlaymodeTestsController/<TestRunnerCoroutine>d__25:MoveNext () (at ./Library/PackageCache/com.unity.test-framework@7a3849e09bd0/UnityEngine.TestRunner/TestRunner/PlaymodeTestsController.cs:100)
UnityEngine.SetupCoroutine:InvokeMoveNext (System.Collections.IEnumerator,intptr)

(Filename: Assets/Scripts/Editor/Testing/VarginhaBatchTestProgress.cs Line: 22)

There are no audio listeners in the scene. Please ensure there is always one audio listener in the scene
There are no audio listeners in the scene. Please ensure there is always one audio listener in the scene
There are no audio listeners in the scene. Please ensure there is always one audio listener in the scene
There are no audio listeners in the scene. Please ensure there is always one audio listener in the scene
There are no audio listeners in the scene. Please ensure there is always one audio listener in the scene
There are no audio listeners in the scene. Please ensure there is always one audio listener in the scene
There are no audio listeners in the scene. Please ensure there is always one audio listener in the scene
There are no audio listeners in the scene. Please ensure there is always one audio listener in the scene
There are no audio listeners in the scene. Please ensure there is always one audio listener in the scene
There are no audio listeners in the scene. Please ensure there is always one audio listener in the scene
There are no audio listeners in the scene. Please ensure there is always one audio listener in the scene
There are no audio listeners in the scene. Please ensure there is always one audio listener in the scene
There are no audio listeners in the scene. Please ensure there is always one audio listener in the scene
There are no audio listeners in the scene. Please ensure there is always one audio listener in the scene
There are no audio listeners in the scene. Please ensure there is always one audio listener in the scene
There are no audio listeners in the scene. Please ensure there is always one audio listener in the scene
There are no audio listeners in the scene. Please ensure there is always one audio listener in the scene
There are no audio listeners in the scene. Please ensure there is always one audio listener in the scene
There are no audio listeners in the scene. Please ensure there is always one audio listener in the scene
There are no audio listeners in the scene. Please ensure there is always one audio listener in the scene
There are no audio listeners in the scene. Please ensure there is always one audio listener in the scene
There are no audio listeners in the scene. Please ensure there is always one audio listener in the scene
There are no audio listeners in the scene. Please ensure there is always one audio listener in the scene
There are no audio listeners in the scene. Please ensure there is always one audio listener in the scene
There are no audio listeners in the scene. Please ensure there is always one audio listener in the scene
There are no audio listeners in the scene. Please ensure there is always one audio listener in the scene
There are no audio listeners in the scene. Please ensure there is always one audio listener in the scene
There are no audio listeners in the scene. Please ensure there is always one audio listener in the scene
There are no audio listeners in the scene. Please ensure there is always one audio listener in the scene
There are no audio listeners in the scene. Please ensure there is always one audio listener in the scene
There are no audio listeners in the scene. Please ensure there is always one audio listener in the scene
There are no audio listeners in the scene. Please ensure there is always one audio listener in the scene
There are no audio listeners in the scene. Please ensure there is always one audio listener in the scene
There are no audio listeners in the scene. Please ensure there is always one audio listener in the scene
There are no audio listeners in the scene. Please ensure there is always one audio listener in the scene
There are no audio listeners in the scene. Please ensure there is always one audio listener in the scene
There are no audio listeners in the scene. Please ensure there is always one audio listener in the scene
There are no audio listeners in the scene. Please ensure there is always one audio listener in the scene
There are no audio listeners in the scene. Please ensure there is always one audio listener in the scene
There are no audio listeners in the scene. Please ensure there is always one audio listener in the scene
There are no audio listeners in the scene. Please ensure there is always one audio listener in the scene
There are no audio listeners in the scene. Please ensure there is always one audio listener in the scene
There are no audio listeners in the scene. Please ensure there is always one audio listener in the scene
There are no audio listeners in the scene. Please ensure there is always one audio listener in the scene
There are no audio listeners in the scene. Please ensure there is always one audio listener in the scene
There are no audio listeners in the scene. Please ensure there is always one audio listener in the scene
There are no audio listeners in the scene. Please ensure there is always one audio listener in the scene
There are no audio listeners in the scene. Please ensure there is always one audio listener in the scene
There are no audio listeners in the scene. Please ensure there is always one audio listener in the scene
There are no audio listeners in the scene. Please ensure there is always one audio listener in the scene
There are no audio listeners in the scene. Please ensure there is always one audio listener in the scene
There are no audio listeners in the scene. Please ensure there is always one audio listener in the scene
There are no audio listeners in the scene. Please ensure there is always one audio listener in the scene
There are no audio listeners in the scene. Please ensure there is always one audio listener in the scene
There are no audio listeners in the scene. Please ensure there is always one audio listener in the scene
There are no audio listeners in the scene. Please ensure there is always one audio listener in the scene
There are no audio listeners in the scene. Please ensure there is always one audio listener in the scene
There are no audio listeners in the scene. Please ensure there is always one audio listener in the scene
There are no audio listeners in the scene. Please ensure there is always one audio listener in the scene
There are no audio listeners in the scene. Please ensure there is always one audio listener in the scene
There are no audio listeners in the scene. Please ensure there is always one audio listener in the scene
There are no audio listeners in the scene. Please ensure there is always one audio listener in the scene
There are no audio listeners in the scene. Please ensure there is always one audio listener in the scene
There are no audio listeners in the scene. Please ensure there is always one audio listener in the scene
There are no audio listeners in the scene. Please ensure there is always one audio listener in the scene
There are no audio listeners in the scene. Please ensure there is always one audio listener in the scene
There are no audio listeners in the scene. Please ensure there is always one audio listener in the scene
There are no audio listeners in the scene. Please ensure there is always one audio listener in the scene
There are no audio listeners in the scene. Please ensure there is always one audio listener in the scene
There are no audio listeners in the scene. Please ensure there is always one audio listener in the scene
There are no audio listeners in the scene. Please ensure there is always one audio listener in the scene
There are no audio listeners in the scene. Please ensure there is always one audio listener in the scene
There are no audio listeners in the scene. Please ensure there is always one audio listener in the scene
There are no audio listeners in the scene. Please ensure there is always one audio listener in the scene
There are no audio listeners in the scene. Please ensure there is always one audio listener in the scene
There are no audio listeners in the scene. Please ensure there is always one audio listener in the scene
There are no audio listeners in the scene. Please ensure there is always one audio listener in the scene
There are no audio listeners in the scene. Please ensure there is always one audio listener in the scene
There are no audio listeners in the scene. Please ensure there is always one audio listener in the scene
There are no audio listeners in the scene. Please ensure there is always one audio listener in the scene
There are no audio listeners in the scene. Please ensure there is always one audio listener in the scene
There are no audio listeners in the scene. Please ensure there is always one audio listener in the scene
There are no audio listeners in the scene. Please ensure there is always one audio listener in the scene
There are no audio listeners in the scene. Please ensure there is always one audio listener in the scene
There are no audio listeners in the scene. Please ensure there is always one audio listener in the scene
There are no audio listeners in the scene. Please ensure there is always one audio listener in the scene
There are no audio listeners in the scene. Please ensure there is always one audio listener in the scene
There are no audio listeners in the scene. Please ensure there is always one audio listener in the scene
There are no audio listeners in the scene. Please ensure there is always one audio listener in the scene
There are no audio listeners in the scene. Please ensure there is always one audio listener in the scene
There are no audio listeners in the scene. Please ensure there is always one audio listener in the scene
There are no audio listeners in the scene. Please ensure there is always one audio listener in the scene
There are no audio listeners in the scene. Please ensure there is always one audio listener in the scene
There are no audio listeners in the scene. Please ensure there is always one audio listener in the scene
There are no audio listeners in the scene. Please ensure there is always one audio listener in the scene
There are no audio listeners in the scene. Please ensure there is always one audio listener in the scene
There are no audio listeners in the scene. Please ensure there is always one audio listener in the scene
There are no audio listeners in the scene. Please ensure there is always one audio listener in the scene
There are no audio listeners in the scene. Please ensure there is always one audio listener in the scene
There are no audio listeners in the scene. Please ensure there is always one audio listener in the scene
There are no audio listeners in the scene. Please ensure there is always one audio listener in the scene
There are no audio listeners in the scene. Please ensure there is always one audio listener in the scene
There are no audio listeners in the scene. Please ensure there is always one audio listener in the scene
There are no audio listeners in the scene. Please ensure there is always one audio listener in the scene
There are no audio listeners in the scene. Please ensure there is always one audio listener in the scene
There are no audio listeners in the scene. Please ensure there is always one audio listener in the scene
There are no audio listeners in the scene. Please ensure there is always one audio listener in the scene
There are no audio listeners in the scene. Please ensure there is always one audio listener in the scene
There are no audio listeners in the scene. Please ensure there is always one audio listener in the scene
There are no audio listeners in the scene. Please ensure there is always one audio listener in the scene
There are no audio listeners in the scene. Please ensure there is always one audio listener in the scene
There are no audio listeners in the scene. Please ensure there is always one audio listener in the scene
There are no audio listeners in the scene. Please ensure there is always one audio listener in the scene
There are no audio listeners in the scene. Please ensure there is always one audio listener in the scene
There are no audio listeners in the scene. Please ensure there is always one audio listener in the scene
There are no audio listeners in the scene. Please ensure there is always one audio listener in the scene
There are no audio listeners in the scene. Please ensure there is always one audio listener in the scene
There are no audio listeners in the scene. Please ensure there is always one audio listener in the scene
There are no audio listeners in the scene. Please ensure there is always one audio listener in the scene
There are no audio listeners in the scene. Please ensure there is always one audio listener in the scene
There are no audio listeners in the scene. Please ensure there is always one audio listener in the scene
There are no audio listeners in the scene. Please ensure there is always one audio listener in the scene
There are no audio listeners in the scene. Please ensure there is always one audio listener in the scene
There are no audio listeners in the scene. Please ensure there is always one audio listener in the scene
There are no audio listeners in the scene. Please ensure there is always one audio listener in the scene
There are no audio listeners in the scene. Please ensure there is always one audio listener in the scene
There are no audio listeners in the scene. Please ensure there is always one audio listener in the scene
There are no audio listeners in the scene. Please ensure there is always one audio listener in the scene
There are no audio listeners in the scene. Please ensure there is always one audio listener in the scene
There are no audio listeners in the scene. Please ensure there is always one audio listener in the scene
There are no audio listeners in the scene. Please ensure there is always one audio listener in the scene
There are no audio listeners in the scene. Please ensure there is always one audio listener in the scene
There are no audio listeners in the scene. Please ensure there is always one audio listener in the scene
There are no audio listeners in the scene. Please ensure there is always one audio listener in the scene
There are no audio listeners in the scene. Please ensure there is always one audio listener in the scene
There are no audio listeners in the scene. Please ensure there is always one audio listener in the scene
There are no audio listeners in the scene. Please ensure there is always one audio listener in the scene
There are no audio listeners in the scene. Please ensure there is always one audio listener in the scene
There are no audio listeners in the scene. Please ensure there is always one audio listener in the scene
There are no audio listeners in the scene. Please ensure there is always one audio listener in the scene
There are no audio listeners in the scene. Please ensure there is always one audio listener in the scene
There are no audio listeners in the scene. Please ensure there is always one audio listener in the scene
There are no audio listeners in the scene. Please ensure there is always one audio listener in the scene
There are no audio listeners in the scene. Please ensure there is always one audio listener in the scene
There are no audio listeners in the scene. Please ensure there is always one audio listener in the scene
There are no audio listeners in the scene. Please ensure there is always one audio listener in the scene
There are no audio listeners in the scene. Please ensure there is always one audio listener in the scene
There are no audio listeners in the scene. Please ensure there is always one audio listener in the scene
There are no audio listeners in the scene. Please ensure there is always one audio listener in the scene
There are no audio listeners in the scene. Please ensure there is always one audio listener in the scene
There are no audio listeners in the scene. Please ensure there is always one audio listener in the scene
There are no audio listeners in the scene. Please ensure there is always one audio listener in the scene
There are no audio listeners in the scene. Please ensure there is always one audio listener in the scene
There are no audio listeners in the scene. Please ensure there is always one audio listener in the scene
There are no audio listeners in the scene. Please ensure there is always one audio listener in the scene
There are no audio listeners in the scene. Please ensure there is always one audio listener in the scene
There are no audio listeners in the scene. Please ensure there is always one audio listener in the scene
There are no audio listeners in the scene. Please ensure there is always one audio listener in the scene
There are no audio listeners in the scene. Please ensure there is always one audio listener in the scene
There are no audio listeners in the scene. Please ensure there is always one audio listener in the scene
There are no audio listeners in the scene. Please ensure there is always one audio listener in the scene
There are no audio listeners in the scene. Please ensure there is always one audio listener in the scene
There are no audio listeners in the scene. Please ensure there is always one audio listener in the scene
There are no audio listeners in the scene. Please ensure there is always one audio listener in the scene
There are no audio listeners in the scene. Please ensure there is always one audio listener in the scene
There are no audio listeners in the scene. Please ensure there is always one audio listener in the scene
There are no audio listeners in the scene. Please ensure there is always one audio listener in the scene
There are no audio listeners in the scene. Please ensure there is always one audio listener in the scene
There are no audio listeners in the scene. Please ensure there is always one audio listener in the scene
There are no audio listeners in the scene. Please ensure there is always one audio listener in the scene
There are no audio listeners in the scene. Please ensure there is always one audio listener in the scene
There are no audio listeners in the scene. Please ensure there is always one audio listener in the scene
There are no audio listeners in the scene. Please ensure there is always one audio listener in the scene
There are no audio listeners in the scene. Please ensure there is always one audio listener in the scene
There are no audio listeners in the scene. Please ensure there is always one audio listener in the scene
There are no audio listeners in the scene. Please ensure there is always one audio listener in the scene
There are no audio listeners in the scene. Please ensure there is always one audio listener in the scene
There are no audio listeners in the scene. Please ensure there is always one audio listener in the scene
There are no audio listeners in the scene. Please ensure there is always one audio listener in the scene
There are no audio listeners in the scene. Please ensure there is always one audio listener in the scene
There are no audio listeners in the scene. Please ensure there is always one audio listener in the scene
There are no audio listeners in the scene. Please ensure there is always one audio listener in the scene
There are no audio listeners in the scene. Please ensure there is always one audio listener in the scene
There are no audio listeners in the scene. Please ensure there is always one audio listener in the scene
There are no audio listeners in the scene. Please ensure there is always one audio listener in the scene
There are no audio listeners in the scene. Please ensure there is always one audio listener in the scene
There are no audio listeners in the scene. Please ensure there is always one audio listener in the scene
There are no audio listeners in the scene. Please ensure there is always one audio listener in the scene
There are no audio listeners in the scene. Please ensure there is always one audio listener in the scene
There are no audio listeners in the scene. Please ensure there is always one audio listener in the scene
There are no audio listeners in the scene. Please ensure there is always one audio listener in the scene
There are no audio listeners in the scene. Please ensure there is always one audio listener in the scene
There are no audio listeners in the scene. Please ensure there is always one audio listener in the scene
There are no audio listeners in the scene. Please ensure there is always one audio listener in the scene
There are no audio listeners in the scene. Please ensure there is always one audio listener in the scene
There are no audio listeners in the scene. Please ensure there is always one audio listener in the scene
There are no audio listeners in the scene. Please ensure there is always one audio listener in the scene
There are no audio listeners in the scene. Please ensure there is always one audio listener in the scene
There are no audio listeners in the scene. Please ensure there is always one audio listener in the scene
There are no audio listeners in the scene. Please ensure there is always one audio listener in the scene
There are no audio listeners in the scene. Please ensure there is always one audio listener in the scene
There are no audio listeners in the scene. Please ensure there is always one audio listener in the scene
There are no audio listeners in the scene. Please ensure there is always one audio listener in the scene
There are no audio listeners in the scene. Please ensure there is always one audio listener in the scene
There are no audio listeners in the scene. Please ensure there is always one audio listener in the scene
There are no audio listeners in the scene. Please ensure there is always one audio listener in the scene
There are no audio listeners in the scene. Please ensure there is always one audio listener in the scene
There are no audio listeners in the scene. Please ensure there is always one audio listener in the scene
There are no audio listeners in the scene. Please ensure there is always one audio listener in the scene
There are no audio listeners in the scene. Please ensure there is always one audio listener in the scene
There are no audio listeners in the scene. Please ensure there is always one audio listener in the scene
There are no audio listeners in the scene. Please ensure there is always one audio listener in the scene
There are no audio listeners in the scene. Please ensure there is always one audio listener in the scene
There are no audio listeners in the scene. Please ensure there is always one audio listener in the scene
There are no audio listeners in the scene. Please ensure there is always one audio listener in the scene
There are no audio listeners in the scene. Please ensure there is always one audio listener in the scene
There are no audio listeners in the scene. Please ensure there is always one audio listener in the scene
There are no audio listeners in the scene. Please ensure there is always one audio listener in the scene
There are no audio listeners in the scene. Please ensure there is always one audio listener in the scene
There are no audio listeners in the scene. Please ensure there is always one audio listener in the scene
There are no audio listeners in the scene. Please ensure there is always one audio listener in the scene
There are no audio listeners in the scene. Please ensure there is always one audio listener in the scene
There are no audio listeners in the scene. Please ensure there is always one audio listener in the scene
There are no audio listeners in the scene. Please ensure there is always one audio listener in the scene
There are no audio listeners in the scene. Please ensure there is always one audio listener in the scene
There are no audio listeners in the scene. Please ensure there is always one audio listener in the scene
There are no audio listeners in the scene. Please ensure there is always one audio listener in the scene
There are no audio listeners in the scene. Please ensure there is always one audio listener in the scene
There are no audio listeners in the scene. Please ensure there is always one audio listener in the scene
There are no audio listeners in the scene. Please ensure there is always one audio listener in the scene
There are no audio listeners in the scene. Please ensure there is always one audio listener in the scene
There are no audio listeners in the scene. Please ensure there is always one audio listener in the scene
There are no audio listeners in the scene. Please ensure there is always one audio listener in the scene
There are no audio listeners in the scene. Please ensure there is always one audio listener in the scene
There are no audio listeners in the scene. Please ensure there is always one audio listener in the scene
There are no audio listeners in the scene. Please ensure there is always one audio listener in the scene
There are no audio listeners in the scene. Please ensure there is always one audio listener in the scene
There are no audio listeners in the scene. Please ensure there is always one audio listener in the scene
There are no audio listeners in the scene. Please ensure there is always one audio listener in the scene
There are no audio listeners in the scene. Please ensure there is always one audio listener in the scene
There are no audio listeners in the scene. Please ensure there is always one audio listener in the scene
There are no audio listeners in the scene. Please ensure there is always one audio listener in the scene
There are no audio listeners in the scene. Please ensure there is always one audio listener in the scene
There are no audio listeners in the scene. Please ensure there is always one audio listener in the scene
There are no audio listeners in the scene. Please ensure there is always one audio listener in the scene
There are no audio listeners in the scene. Please ensure there is always one audio listener in the scene
There are no audio listeners in the scene. Please ensure there is always one audio listener in the scene
There are no audio listeners in the scene. Please ensure there is always one audio listener in the scene
There are no audio listeners in the scene. Please ensure there is always one audio listener in the scene
There are no audio listeners in the scene. Please ensure there is always one audio listener in the scene
There are no audio listeners in the scene. Please ensure there is always one audio listener in the scene
There are no audio listeners in the scene. Please ensure there is always one audio listener in the scene
There are no audio listeners in the scene. Please ensure there is always one audio listener in the scene
There are no audio listeners in the scene. Please ensure there is always one audio listener in the scene
There are no audio listeners in the scene. Please ensure there is always one audio listener in the scene
There are no audio listeners in the scene. Please ensure there is always one audio listener in the scene
There are no audio listeners in the scene. Please ensure there is always one audio listener in the scene
There are no audio listeners in the scene. Please ensure there is always one audio listener in the scene
There are no audio listeners in the scene. Please ensure there is always one audio listener in the scene
There are no audio listeners in the scene. Please ensure there is always one audio listener in the scene
There are no audio listeners in the scene. Please ensure there is always one audio listener in the scene
There are no audio listeners in the scene. Please ensure there is always one audio listener in the scene
There are no audio listeners in the scene. Please ensure there is always one audio listener in the scene
There are no audio listeners in the scene. Please ensure there is always one audio listener in the scene
There are no audio listeners in the scene. Please ensure there is always one audio listener in the scene
There are no audio listeners in the scene. Please ensure there is always one audio listener in the scene
There are no audio listeners in the scene. Please ensure there is always one audio listener in the scene
There are no audio listeners in the scene. Please ensure there is always one audio listener in the scene
There are no audio listeners in the scene. Please ensure there is always one audio listener in the scene
There are no audio listeners in the scene. Please ensure there is always one audio listener in the scene
There are no audio listeners in the scene. Please ensure there is always one audio listener in the scene
There are no audio listeners in the scene. Please ensure there is always one audio listener in the scene
There are no audio listeners in the scene. Please ensure there is always one audio listener in the scene
There are no audio listeners in the scene. Please ensure there is always one audio listener in the scene
There are no audio listeners in the scene. Please ensure there is always one audio listener in the scene
There are no audio listeners in the scene. Please ensure there is always one audio listener in the scene
There are no audio listeners in the scene. Please ensure there is always one audio listener in the scene
There are no audio listeners in the scene. Please ensure there is always one audio listener in the scene
There are no audio listeners in the scene. Please ensure there is always one audio listener in the scene
There are no audio listeners in the scene. Please ensure there is always one audio listener in the scene
There are no audio listeners in the scene. Please ensure there is always one audio listener in the scene
There are no audio listeners in the scene. Please ensure there is always one audio listener in the scene
There are no audio listeners in the scene. Please ensure there is always one audio listener in the scene
There are no audio listeners in the scene. Please ensure there is always one audio listener in the scene
There are no audio listeners in the scene. Please ensure there is always one audio listener in the scene
There are no audio listeners in the scene. Please ensure there is always one audio listener in the scene
There are no audio listeners in the scene. Please ensure there is always one audio listener in the scene
There are no audio listeners in the scene. Please ensure there is always one audio listener in the scene
There are no audio listeners in the scene. Please ensure there is always one audio listener in the scene
There are no audio listeners in the scene. Please ensure there is always one audio listener in the scene
There are no audio listeners in the scene. Please ensure there is always one audio listener in the scene
There are no audio listeners in the scene. Please ensure there is always one audio listener in the scene
There are no audio listeners in the scene. Please ensure there is always one audio listener in the scene
There are no audio listeners in the scene. Please ensure there is always one audio listener in the scene
There are no audio listeners in the scene. Please ensure there is always one audio listener in the scene
There are no audio listeners in the scene. Please ensure there is always one audio listener in the scene
There are no audio listeners in the scene. Please ensure there is always one audio listener in the scene
There are no audio listeners in the scene. Please ensure there is always one audio listener in the scene
There are no audio listeners in the scene. Please ensure there is always one audio listener in the scene
There are no audio listeners in the scene. Please ensure there is always one audio listener in the scene
There are no audio listeners in the scene. Please ensure there is always one audio listener in the scene
There are no audio listeners in the scene. Please ensure there is always one audio listener in the scene
There are no audio listeners in the scene. Please ensure there is always one audio listener in the scene
There are no audio listeners in the scene. Please ensure there is always one audio listener in the scene
There are no audio listeners in the scene. Please ensure there is always one audio listener in the scene
There are no audio listeners in the scene. Please ensure there is always one audio listener in the scene
There are no audio listeners in the scene. Please ensure there is always one audio listener in the scene
There are no audio listeners in the scene. Please ensure there is always one audio listener in the scene
There are no audio listeners in the scene. Please ensure there is always one audio listener in the scene
There are no audio listeners in the scene. Please ensure there is always one audio listener in the scene
There are no audio listeners in the scene. Please ensure there is always one audio listener in the scene
There are no audio listeners in the scene. Please ensure there is always one audio listener in the scene
There are no audio listeners in the scene. Please ensure there is always one audio listener in the scene
There are no audio listeners in the scene. Please ensure there is always one audio listener in the scene
There are no audio listeners in the scene. Please ensure there is always one audio listener in the scene
There are no audio listeners in the scene. Please ensure there is always one audio listener in the scene
There are no audio listeners in the scene. Please ensure there is always one audio listener in the scene
There are no audio listeners in the scene. Please ensure there is always one audio listener in the scene
There are no audio listeners in the scene. Please ensure there is always one audio listener in the scene
There are no audio listeners in the scene. Please ensure there is always one audio listener in the scene
There are no audio listeners in the scene. Please ensure there is always one audio listener in the scene
There are no audio listeners in the scene. Please ensure there is always one audio listener in the scene
There are no audio listeners in the scene. Please ensure there is always one audio listener in the scene
There are no audio listeners in the scene. Please ensure there is always one audio listener in the scene
There are no audio listeners in the scene. Please ensure there is always one audio listener in the scene
There are no audio listeners in the scene. Please ensure there is always one audio listener in the scene
There are no audio listeners in the scene. Please ensure there is always one audio listener in the scene
There are no audio listeners in the scene. Please ensure there is always one audio listener in the scene
There are no audio listeners in the scene. Please ensure there is always one audio listener in the scene
There are no audio listeners in the scene. Please ensure there is always one audio listener in the scene
There are no audio listeners in the scene. Please ensure there is always one audio listener in the scene
There are no audio listeners in the scene. Please ensure there is always one audio listener in the scene
There are no audio listeners in the scene. Please ensure there is always one audio listener in the scene
There are no audio listeners in the scene. Please ensure there is always one audio listener in the scene
There are no audio listeners in the scene. Please ensure there is always one audio listener in the scene
There are no audio listeners in the scene. Please ensure there is always one audio listener in the scene
There are no audio listeners in the scene. Please ensure there is always one audio listener in the scene
There are no audio listeners in the scene. Please ensure there is always one audio listener in the scene
There are no audio listeners in the scene. Please ensure there is always one audio listener in the scene
There are no audio listeners in the scene. Please ensure there is always one audio listener in the scene
There are no audio listeners in the scene. Please ensure there is always one audio listener in the scene
There are no audio listeners in the scene. Please ensure there is always one audio listener in the scene
There are no audio listeners in the scene. Please ensure there is always one audio listener in the scene
There are no audio listeners in the scene. Please ensure there is always one audio listener in the scene
There are no audio listeners in the scene. Please ensure there is always one audio listener in the scene
There are no audio listeners in the scene. Please ensure there is always one audio listener in the scene
There are no audio listeners in the scene. Please ensure there is always one audio listener in the scene
There are no audio listeners in the scene. Please ensure there is always one audio listener in the scene
There are no audio listeners in the scene. Please ensure there is always one audio listener in the scene
There are no audio listeners in the scene. Please ensure there is always one audio listener in the scene
There are no audio listeners in the scene. Please ensure there is always one audio listener in the scene
There are no audio listeners in the scene. Please ensure there is always one audio listener in the scene
There are no audio listeners in the scene. Please ensure there is always one audio listener in the scene
There are no audio listeners in the scene. Please ensure there is always one audio listener in the scene
There are no audio listeners in the scene. Please ensure there is always one audio listener in the scene
There are no audio listeners in the scene. Please ensure there is always one audio listener in the scene
There are no audio listeners in the scene. Please ensure there is always one audio listener in the scene
There are no audio listeners in the scene. Please ensure there is always one audio listener in the scene
There are no audio listeners in the scene. Please ensure there is always one audio listener in the scene
There are no audio listeners in the scene. Please ensure there is always one audio listener in the scene
There are no audio listeners in the scene. Please ensure there is always one audio listener in the scene
There are no audio listeners in the scene. Please ensure there is always one audio listener in the scene
There are no audio listeners in the scene. Please ensure there is always one audio listener in the scene
There are no audio listeners in the scene. Please ensure there is always one audio listener in the scene
There are no audio listeners in the scene. Please ensure there is always one audio listener in the scene
There are no audio listeners in the scene. Please ensure there is always one audio listener in the scene
There are no audio listeners in the scene. Please ensure there is always one audio listener in the scene
There are no audio listeners in the scene. Please ensure there is always one audio listener in the scene
There are no audio listeners in the scene. Please ensure there is always one audio listener in the scene
There are no audio listeners in the scene. Please ensure there is always one audio listener in the scene
There are no audio listeners in the scene. Please ensure there is always one audio listener in the scene
There are no audio listeners in the scene. Please ensure there is always one audio listener in the scene
There are no audio listeners in the scene. Please ensure there is always one audio listener in the scene
There are no audio listeners in the scene. Please ensure there is always one audio listener in the scene
There are no audio listeners in the scene. Please ensure there is always one audio listener in the scene
There are no audio listeners in the scene. Please ensure there is always one audio listener in the scene
There are no audio listeners in the scene. Please ensure there is always one audio listener in the scene
There are no audio listeners in the scene. Please ensure there is always one audio listener in the scene
There are no audio listeners in the scene. Please ensure there is always one audio listener in the scene
There are no audio listeners in the scene. Please ensure there is always one audio listener in the scene
There are no audio listeners in the scene. Please ensure there is always one audio listener in the scene
There are no audio listeners in the scene. Please ensure there is always one audio listener in the scene
There are no audio listeners in the scene. Please ensure there is always one audio listener in the scene
There are no audio listeners in the scene. Please ensure there is always one audio listener in the scene
There are no audio listeners in the scene. Please ensure there is always one audio listener in the scene
There are no audio listeners in the scene. Please ensure there is always one audio listener in the scene
There are no audio listeners in the scene. Please ensure there is always one audio listener in the scene
There are no audio listeners in the scene. Please ensure there is always one audio listener in the scene
There are no audio listeners in the scene. Please ensure there is always one audio listener in the scene
There are no audio listeners in the scene. Please ensure there is always one audio listener in the scene
There are no audio listeners in the scene. Please ensure there is always one audio listener in the scene
There are no audio listeners in the scene. Please ensure there is always one audio listener in the scene
There are no audio listeners in the scene. Please ensure there is always one audio listener in the scene
There are no audio listeners in the scene. Please ensure there is always one audio listener in the scene
There are no audio listeners in the scene. Please ensure there is always one audio listener in the scene
There are no audio listeners in the scene. Please ensure there is always one audio listener in the scene
There are no audio listeners in the scene. Please ensure there is always one audio listener in the scene
There are no audio listeners in the scene. Please ensure there is always one audio listener in the scene
There are no audio listeners in the scene. Please ensure there is always one audio listener in the scene
There are no audio listeners in the scene. Please ensure there is always one audio listener in the scene
There are no audio listeners in the scene. Please ensure there is always one audio listener in the scene
There are no audio listeners in the scene. Please ensure there is always one audio listener in the scene
There are no audio listeners in the scene. Please ensure there is always one audio listener in the scene
There are no audio listeners in the scene. Please ensure there is always one audio listener in the scene
There are no audio listeners in the scene. Please ensure there is always one audio listener in the scene
There are no audio listeners in the scene. Please ensure there is always one audio listener in the scene
There are no audio listeners in the scene. Please ensure there is always one audio listener in the scene
There are no audio listeners in the scene. Please ensure there is always one audio listener in the scene
There are no audio listeners in the scene. Please ensure there is always one audio listener in the scene
There are no audio listeners in the scene. Please ensure there is always one audio listener in the scene
There are no audio listeners in the scene. Please ensure there is always one audio listener in the scene
There are no audio listeners in the scene. Please ensure there is always one audio listener in the scene
There are no audio listeners in the scene. Please ensure there is always one audio listener in the scene
There are no audio listeners in the scene. Please ensure there is always one audio listener in the scene
There are no audio listeners in the scene. Please ensure there is always one audio listener in the scene
There are no audio listeners in the scene. Please ensure there is always one audio listener in the scene
There are no audio listeners in the scene. Please ensure there is always one audio listener in the scene
There are no audio listeners in the scene. Please ensure there is always one audio listener in the scene
There are no audio listeners in the scene. Please ensure there is always one audio listener in the scene
There are no audio listeners in the scene. Please ensure there is always one audio listener in the scene
There are no audio listeners in the scene. Please ensure there is always one audio listener in the scene
There are no audio listeners in the scene. Please ensure there is always one audio listener in the scene
There are no audio listeners in the scene. Please ensure there is always one audio listener in the scene
There are no audio listeners in the scene. Please ensure there is always one audio listener in the scene
There are no audio listeners in the scene. Please ensure there is always one audio listener in the scene
QA result: Passed Game.Tests.PlayMode.VarginhaPlayerPolishTests.DirectionAndMultipleCollidersProduceOnlyOneHit
UnityEngine.Debug:ExtractStackTraceNoAlloc (byte*,int,string)
UnityEngine.StackTraceUtility:ExtractStackTrace ()
UnityEngine.DebugLogHandler:Internal_Log (UnityEngine.LogType,UnityEngine.LogOption,string,UnityEngine.Object)
UnityEngine.DebugLogHandler:LogFormat (UnityEngine.LogType,UnityEngine.Object,string,object[])
UnityEngine.Logger:Log (UnityEngine.LogType,object)
UnityEngine.Debug:Log (object)
Game.Editor.Testing.VarginhaBatchTestProgress:TestFinished (UnityEditor.TestTools.TestRunner.Api.ITestResultAdaptor) (at Assets/Scripts/Editor/Testing/VarginhaBatchTestProgress.cs:26)
UnityEditor.TestTools.TestRunner.Api.CallbacksDelegator/<>c__DisplayClass14_0:<TestFinished>b__0 (UnityEditor.TestTools.TestRunner.Api.ICallbacks) (at ./Library/PackageCache/com.unity.test-framework@7a3849e09bd0/UnityEditor.TestRunner/Api/CallbacksDelegator.cs:95)
UnityEditor.TestTools.TestRunner.Api.CallbacksDelegator:TryInvokeAllCallbacks (System.Action`1<UnityEditor.TestTools.TestRunner.Api.ICallbacks>) (at ./Library/PackageCache/com.unity.test-framework@7a3849e09bd0/UnityEditor.TestRunner/Api/CallbacksDelegator.cs:135)
UnityEditor.TestTools.TestRunner.Api.CallbacksDelegator:TestFinished (NUnit.Framework.Interfaces.ITestResult) (at ./Library/PackageCache/com.unity.test-framework@7a3849e09bd0/UnityEditor.TestRunner/Api/CallbacksDelegator.cs:95)
UnityEngine.Events.InvokableCall`1<NUnit.Framework.Interfaces.ITestResult>:Invoke (NUnit.Framework.Interfaces.ITestResult)
UnityEngine.Events.UnityEvent`1<NUnit.Framework.Interfaces.ITestResult>:Invoke (NUnit.Framework.Interfaces.ITestResult)
UnityEngine.Events.InvokableCall`1<NUnit.Framework.Interfaces.ITestResult>:Invoke (NUnit.Framework.Interfaces.ITestResult)
UnityEngine.Events.UnityEvent`1<NUnit.Framework.Interfaces.ITestResult>:Invoke (NUnit.Framework.Interfaces.ITestResult)
UnityEngine.TestTools.TestRunner.TestListenerWrapper:TestFinished (NUnit.Framework.Interfaces.ITestResult) (at ./Library/PackageCache/com.unity.test-framework@7a3849e09bd0/UnityEngine.TestRunner/TestRunner/TestListenerWrapper.cs:24)
UnityEngine.TestRunner.NUnitExtensions.Runner.UnityWorkItem:WorkItemComplete () (at ./Library/PackageCache/com.unity.test-framework@7a3849e09bd0/UnityEngine.TestRunner/NUnitExtensions/Runner/UnityWorkItem.cs:107)
UnityEngine.TestRunner.NUnitExtensions.Runner.CoroutineTestWorkItem/<PerformWork>d__7:<>m__Finally1 () (at ./Library/PackageCache/com.unity.test-framework@7a3849e09bd0/UnityEngine.TestRunner/NUnitExtensions/Runner/CoroutineTestWorkItem.cs:67)
UnityEngine.TestRunner.NUnitExtensions.Runner.CoroutineTestWorkItem/<PerformWork>d__7:MoveNext () (at ./Library/PackageCache/com.unity.test-framework@7a3849e09bd0/UnityEngine.TestRunner/NUnitExtensions/Runner/CoroutineTestWorkItem.cs:64)
UnityEngine.TestRunner.NUnitExtensions.Runner.CompositeWorkItem/<RunChildren>d__17:MoveNext () (at ./Library/PackageCache/com.unity.test-framework@7a3849e09bd0/UnityEngine.TestRunner/NUnitExtensions/Runner/CompositeWorkItem.cs:209)
UnityEngine.TestRunner.NUnitExtensions.Runner.CompositeWorkItem/<PerformWork>d__13:MoveNext () (at ./Library/PackageCache/com.unity.test-framework@7a3849e09bd0/UnityEngine.TestRunner/NUnitExtensions/Runner/CompositeWorkItem.cs:83)
UnityEngine.TestRunner.NUnitExtensions.Runner.CompositeWorkItem/<RunChildren>d__17:MoveNext () (at ./Library/PackageCache/com.unity.test-framework@7a3849e09bd0/UnityEngine.TestRunner/NUnitExtensions/Runner/CompositeWorkItem.cs:209)
UnityEngine.TestRunner.NUnitExtensions.Runner.CompositeWorkItem/<PerformWork>d__13:MoveNext () (at ./Library/PackageCache/com.unity.test-framework@7a3849e09bd0/UnityEngine.TestRunner/NUnitExtensions/Runner/CompositeWorkItem.cs:83)
UnityEngine.TestRunner.NUnitExtensions.Runner.CompositeWorkItem/<RunChildren>d__17:MoveNext () (at ./Library/PackageCache/com.unity.test-framework@7a3849e09bd0/UnityEngine.TestRunner/NUnitExtensions/Runner/CompositeWorkItem.cs:209)
UnityEngine.TestRunner.NUnitExtensions.Runner.CompositeWorkItem/<PerformWork>d__13:MoveNext () (at ./Library/PackageCache/com.unity.test-framework@7a3849e09bd0/UnityEngine.TestRunner/NUnitExtensions/Runner/CompositeWorkItem.cs:83)
UnityEngine.TestRunner.NUnitExtensions.Runner.CompositeWorkItem/<RunChildren>d__17:MoveNext () (at ./Library/PackageCache/com.unity.test-framework@7a3849e09bd0/UnityEngine.TestRunner/NUnitExtensions/Runner/CompositeWorkItem.cs:209)
UnityEngine.TestRunner.NUnitExtensions.Runner.CompositeWorkItem/<PerformWork>d__13:MoveNext () (at ./Library/PackageCache/com.unity.test-framework@7a3849e09bd0/UnityEngine.TestRunner/NUnitExtensions/Runner/CompositeWorkItem.cs:83)
UnityEngine.TestRunner.NUnitExtensions.Runner.CompositeWorkItem/<RunChildren>d__17:MoveNext () (at ./Library/PackageCache/com.unity.test-framework@7a3849e09bd0/UnityEngine.TestRunner/NUnitExtensions/Runner/CompositeWorkItem.cs:209)
UnityEngine.TestRunner.NUnitExtensions.Runner.CompositeWorkItem/<PerformWork>d__13:MoveNext () (at ./Library/PackageCache/com.unity.test-framework@7a3849e09bd0/UnityEngine.TestRunner/NUnitExtensions/Runner/CompositeWorkItem.cs:83)
UnityEngine.TestRunner.NUnitExtensions.Runner.CompositeWorkItem/<RunChildren>d__17:MoveNext () (at ./Library/PackageCache/com.unity.test-framework@7a3849e09bd0/UnityEngine.TestRunner/NUnitExtensions/Runner/CompositeWorkItem.cs:209)
UnityEngine.TestRunner.NUnitExtensions.Runner.CompositeWorkItem/<PerformWork>d__13:MoveNext () (at ./Library/PackageCache/com.unity.test-framework@7a3849e09bd0/UnityEngine.TestRunner/NUnitExtensions/Runner/CompositeWorkItem.cs:83)
UnityEngine.TestTools.TestRunner.PlaymodeTestsController/<TestRunnerCoroutine>d__25:MoveNext () (at ./Library/PackageCache/com.unity.test-framework@7a3849e09bd0/UnityEngine.TestRunner/TestRunner/PlaymodeTestsController.cs:100)
UnityEngine.SetupCoroutine:InvokeMoveNext (System.Collections.IEnumerator,intptr)

(Filename: Assets/Scripts/Editor/Testing/VarginhaBatchTestProgress.cs Line: 26)

QA test: Game.Tests.PlayMode.VarginhaPlayerPolishTests.DodgeHasBoundedDurationCooldownAndBlocksAttack
UnityEngine.Debug:ExtractStackTraceNoAlloc (byte*,int,string)
UnityEngine.StackTraceUtility:ExtractStackTrace ()
UnityEngine.DebugLogHandler:Internal_Log (UnityEngine.LogType,UnityEngine.LogOption,string,UnityEngine.Object)
UnityEngine.DebugLogHandler:LogFormat (UnityEngine.LogType,UnityEngine.Object,string,object[])
UnityEngine.Logger:Log (UnityEngine.LogType,object)
UnityEngine.Debug:Log (object)
Game.Editor.Testing.VarginhaBatchTestProgress:TestStarted (UnityEditor.TestTools.TestRunner.Api.ITestAdaptor) (at Assets/Scripts/Editor/Testing/VarginhaBatchTestProgress.cs:22)
UnityEditor.TestTools.TestRunner.Api.CallbacksDelegator/<>c__DisplayClass12_0:<TestStarted>b__0 (UnityEditor.TestTools.TestRunner.Api.ICallbacks) (at ./Library/PackageCache/com.unity.test-framework@7a3849e09bd0/UnityEditor.TestRunner/Api/CallbacksDelegator.cs:81)
UnityEditor.TestTools.TestRunner.Api.CallbacksDelegator:TryInvokeAllCallbacks (System.Action`1<UnityEditor.TestTools.TestRunner.Api.ICallbacks>) (at ./Library/PackageCache/com.unity.test-framework@7a3849e09bd0/UnityEditor.TestRunner/Api/CallbacksDelegator.cs:135)
UnityEditor.TestTools.TestRunner.Api.CallbacksDelegator:TestStarted (NUnit.Framework.Interfaces.ITest) (at ./Library/PackageCache/com.unity.test-framework@7a3849e09bd0/UnityEditor.TestRunner/Api/CallbacksDelegator.cs:81)
UnityEngine.Events.InvokableCall`1<NUnit.Framework.Interfaces.ITest>:Invoke (NUnit.Framework.Interfaces.ITest)
UnityEngine.Events.UnityEvent`1<NUnit.Framework.Interfaces.ITest>:Invoke (NUnit.Framework.Interfaces.ITest)
UnityEngine.Events.InvokableCall`1<NUnit.Framework.Interfaces.ITest>:Invoke (NUnit.Framework.Interfaces.ITest)
UnityEngine.Events.UnityEvent`1<NUnit.Framework.Interfaces.ITest>:Invoke (NUnit.Framework.Interfaces.ITest)
UnityEngine.TestTools.TestRunner.TestListenerWrapper:TestStarted (NUnit.Framework.Interfaces.ITest) (at ./Library/PackageCache/com.unity.test-framework@7a3849e09bd0/UnityEngine.TestRunner/TestRunner/TestListenerWrapper.cs:19)
UnityEngine.TestRunner.NUnitExtensions.Runner.UnityWorkItem:Execute () (at ./Library/PackageCache/com.unity.test-framework@7a3849e09bd0/UnityEngine.TestRunner/NUnitExtensions/Runner/UnityWorkItem.cs:83)
UnityEngine.TestRunner.NUnitExtensions.Runner.CompositeWorkItem/<RunChildren>d__17:MoveNext () (at ./Library/PackageCache/com.unity.test-framework@7a3849e09bd0/UnityEngine.TestRunner/NUnitExtensions/Runner/CompositeWorkItem.cs:205)
UnityEngine.TestRunner.NUnitExtensions.Runner.CompositeWorkItem/<PerformWork>d__13:MoveNext () (at ./Library/PackageCache/com.unity.test-framework@7a3849e09bd0/UnityEngine.TestRunner/NUnitExtensions/Runner/CompositeWorkItem.cs:83)
UnityEngine.TestRunner.NUnitExtensions.Runner.CompositeWorkItem/<RunChildren>d__17:MoveNext () (at ./Library/PackageCache/com.unity.test-framework@7a3849e09bd0/UnityEngine.TestRunner/NUnitExtensions/Runner/CompositeWorkItem.cs:209)
UnityEngine.TestRunner.NUnitExtensions.Runner.CompositeWorkItem/<PerformWork>d__13:MoveNext () (at ./Library/PackageCache/com.unity.test-framework@7a3849e09bd0/UnityEngine.TestRunner/NUnitExtensions/Runner/CompositeWorkItem.cs:83)
UnityEngine.TestRunner.NUnitExtensions.Runner.CompositeWorkItem/<RunChildren>d__17:MoveNext () (at ./Library/PackageCache/com.unity.test-framework@7a3849e09bd0/UnityEngine.TestRunner/NUnitExtensions/Runner/CompositeWorkItem.cs:209)
UnityEngine.TestRunner.NUnitExtensions.Runner.CompositeWorkItem/<PerformWork>d__13:MoveNext () (at ./Library/PackageCache/com.unity.test-framework@7a3849e09bd0/UnityEngine.TestRunner/NUnitExtensions/Runner/CompositeWorkItem.cs:83)
UnityEngine.TestRunner.NUnitExtensions.Runner.CompositeWorkItem/<RunChildren>d__17:MoveNext () (at ./Library/PackageCache/com.unity.test-framework@7a3849e09bd0/UnityEngine.TestRunner/NUnitExtensions/Runner/CompositeWorkItem.cs:209)
UnityEngine.TestRunner.NUnitExtensions.Runner.CompositeWorkItem/<PerformWork>d__13:MoveNext () (at ./Library/PackageCache/com.unity.test-framework@7a3849e09bd0/UnityEngine.TestRunner/NUnitExtensions/Runner/CompositeWorkItem.cs:83)
UnityEngine.TestRunner.NUnitExtensions.Runner.CompositeWorkItem/<RunChildren>d__17:MoveNext () (at ./Library/PackageCache/com.unity.test-framework@7a3849e09bd0/UnityEngine.TestRunner/NUnitExtensions/Runner/CompositeWorkItem.cs:209)
UnityEngine.TestRunner.NUnitExtensions.Runner.CompositeWorkItem/<PerformWork>d__13:MoveNext () (at ./Library/PackageCache/com.unity.test-framework@7a3849e09bd0/UnityEngine.TestRunner/NUnitExtensions/Runner/CompositeWorkItem.cs:83)
UnityEngine.TestRunner.NUnitExtensions.Runner.CompositeWorkItem/<RunChildren>d__17:MoveNext () (at ./Library/PackageCache/com.unity.test-framework@7a3849e09bd0/UnityEngine.TestRunner/NUnitExtensions/Runner/CompositeWorkItem.cs:209)
UnityEngine.TestRunner.NUnitExtensions.Runner.CompositeWorkItem/<PerformWork>d__13:MoveNext () (at ./Library/PackageCache/com.unity.test-framework@7a3849e09bd0/UnityEngine.TestRunner/NUnitExtensions/Runner/CompositeWorkItem.cs:83)
UnityEngine.TestTools.TestRunner.PlaymodeTestsController/<TestRunnerCoroutine>d__25:MoveNext () (at ./Library/PackageCache/com.unity.test-framework@7a3849e09bd0/UnityEngine.TestRunner/TestRunner/PlaymodeTestsController.cs:100)
UnityEngine.SetupCoroutine:InvokeMoveNext (System.Collections.IEnumerator,intptr)

(Filename: Assets/Scripts/Editor/Testing/VarginhaBatchTestProgress.cs Line: 22)

QA result: Passed Game.Tests.PlayMode.VarginhaPlayerPolishTests.DodgeHasBoundedDurationCooldownAndBlocksAttack
UnityEngine.Debug:ExtractStackTraceNoAlloc (byte*,int,string)
UnityEngine.StackTraceUtility:ExtractStackTrace ()
UnityEngine.DebugLogHandler:Internal_Log (UnityEngine.LogType,UnityEngine.LogOption,string,UnityEngine.Object)
UnityEngine.DebugLogHandler:LogFormat (UnityEngine.LogType,UnityEngine.Object,string,object[])
UnityEngine.Logger:Log (UnityEngine.LogType,object)
UnityEngine.Debug:Log (object)
Game.Editor.Testing.VarginhaBatchTestProgress:TestFinished (UnityEditor.TestTools.TestRunner.Api.ITestResultAdaptor) (at Assets/Scripts/Editor/Testing/VarginhaBatchTestProgress.cs:26)
UnityEditor.TestTools.TestRunner.Api.CallbacksDelegator/<>c__DisplayClass14_0:<TestFinished>b__0 (UnityEditor.TestTools.TestRunner.Api.ICallbacks) (at ./Library/PackageCache/com.unity.test-framework@7a3849e09bd0/UnityEditor.TestRunner/Api/CallbacksDelegator.cs:95)
UnityEditor.TestTools.TestRunner.Api.CallbacksDelegator:TryInvokeAllCallbacks (System.Action`1<UnityEditor.TestTools.TestRunner.Api.ICallbacks>) (at ./Library/PackageCache/com.unity.test-framework@7a3849e09bd0/UnityEditor.TestRunner/Api/CallbacksDelegator.cs:135)
UnityEditor.TestTools.TestRunner.Api.CallbacksDelegator:TestFinished (NUnit.Framework.Interfaces.ITestResult) (at ./Library/PackageCache/com.unity.test-framework@7a3849e09bd0/UnityEditor.TestRunner/Api/CallbacksDelegator.cs:95)
UnityEngine.Events.InvokableCall`1<NUnit.Framework.Interfaces.ITestResult>:Invoke (NUnit.Framework.Interfaces.ITestResult)
UnityEngine.Events.UnityEvent`1<NUnit.Framework.Interfaces.ITestResult>:Invoke (NUnit.Framework.Interfaces.ITestResult)
UnityEngine.Events.InvokableCall`1<NUnit.Framework.Interfaces.ITestResult>:Invoke (NUnit.Framework.Interfaces.ITestResult)
UnityEngine.Events.UnityEvent`1<NUnit.Framework.Interfaces.ITestResult>:Invoke (NUnit.Framework.Interfaces.ITestResult)
UnityEngine.TestTools.TestRunner.TestListenerWrapper:TestFinished (NUnit.Framework.Interfaces.ITestResult) (at ./Library/PackageCache/com.unity.test-framework@7a3849e09bd0/UnityEngine.TestRunner/TestRunner/TestListenerWrapper.cs:24)
UnityEngine.TestRunner.NUnitExtensions.Runner.UnityWorkItem:WorkItemComplete () (at ./Library/PackageCache/com.unity.test-framework@7a3849e09bd0/UnityEngine.TestRunner/NUnitExtensions/Runner/UnityWorkItem.cs:107)
UnityEngine.TestRunner.NUnitExtensions.Runner.CoroutineTestWorkItem/<PerformWork>d__7:<>m__Finally1 () (at ./Library/PackageCache/com.unity.test-framework@7a3849e09bd0/UnityEngine.TestRunner/NUnitExtensions/Runner/CoroutineTestWorkItem.cs:67)
UnityEngine.TestRunner.NUnitExtensions.Runner.CoroutineTestWorkItem/<PerformWork>d__7:MoveNext () (at ./Library/PackageCache/com.unity.test-framework@7a3849e09bd0/UnityEngine.TestRunner/NUnitExtensions/Runner/CoroutineTestWorkItem.cs:64)
UnityEngine.TestRunner.NUnitExtensions.Runner.CompositeWorkItem/<RunChildren>d__17:MoveNext () (at ./Library/PackageCache/com.unity.test-framework@7a3849e09bd0/UnityEngine.TestRunner/NUnitExtensions/Runner/CompositeWorkItem.cs:209)
UnityEngine.TestRunner.NUnitExtensions.Runner.CompositeWorkItem/<PerformWork>d__13:MoveNext () (at ./Library/PackageCache/com.unity.test-framework@7a3849e09bd0/UnityEngine.TestRunner/NUnitExtensions/Runner/CompositeWorkItem.cs:83)
UnityEngine.TestRunner.NUnitExtensions.Runner.CompositeWorkItem/<RunChildren>d__17:MoveNext () (at ./Library/PackageCache/com.unity.test-framework@7a3849e09bd0/UnityEngine.TestRunner/NUnitExtensions/Runner/CompositeWorkItem.cs:209)
UnityEngine.TestRunner.NUnitExtensions.Runner.CompositeWorkItem/<PerformWork>d__13:MoveNext () (at ./Library/PackageCache/com.unity.test-framework@7a3849e09bd0/UnityEngine.TestRunner/NUnitExtensions/Runner/CompositeWorkItem.cs:83)
UnityEngine.TestRunner.NUnitExtensions.Runner.CompositeWorkItem/<RunChildren>d__17:MoveNext () (at ./Library/PackageCache/com.unity.test-framework@7a3849e09bd0/UnityEngine.TestRunner/NUnitExtensions/Runner/CompositeWorkItem.cs:209)
UnityEngine.TestRunner.NUnitExtensions.Runner.CompositeWorkItem/<PerformWork>d__13:MoveNext () (at ./Library/PackageCache/com.unity.test-framework@7a3849e09bd0/UnityEngine.TestRunner/NUnitExtensions/Runner/CompositeWorkItem.cs:83)
UnityEngine.TestRunner.NUnitExtensions.Runner.CompositeWorkItem/<RunChildren>d__17:MoveNext () (at ./Library/PackageCache/com.unity.test-framework@7a3849e09bd0/UnityEngine.TestRunner/NUnitExtensions/Runner/CompositeWorkItem.cs:209)
UnityEngine.TestRunner.NUnitExtensions.Runner.CompositeWorkItem/<PerformWork>d__13:MoveNext () (at ./Library/PackageCache/com.unity.test-framework@7a3849e09bd0/UnityEngine.TestRunner/NUnitExtensions/Runner/CompositeWorkItem.cs:83)
UnityEngine.TestRunner.NUnitExtensions.Runner.CompositeWorkItem/<RunChildren>d__17:MoveNext () (at ./Library/PackageCache/com.unity.test-framework@7a3849e09bd0/UnityEngine.TestRunner/NUnitExtensions/Runner/CompositeWorkItem.cs:209)
UnityEngine.TestRunner.NUnitExtensions.Runner.CompositeWorkItem/<PerformWork>d__13:MoveNext () (at ./Library/PackageCache/com.unity.test-framework@7a3849e09bd0/UnityEngine.TestRunner/NUnitExtensions/Runner/CompositeWorkItem.cs:83)
UnityEngine.TestRunner.NUnitExtensions.Runner.CompositeWorkItem/<RunChildren>d__17:MoveNext () (at ./Library/PackageCache/com.unity.test-framework@7a3849e09bd0/UnityEngine.TestRunner/NUnitExtensions/Runner/CompositeWorkItem.cs:209)
UnityEngine.TestRunner.NUnitExtensions.Runner.CompositeWorkItem/<PerformWork>d__13:MoveNext () (at ./Library/PackageCache/com.unity.test-framework@7a3849e09bd0/UnityEngine.TestRunner/NUnitExtensions/Runner/CompositeWorkItem.cs:83)
UnityEngine.TestTools.TestRunner.PlaymodeTestsController/<TestRunnerCoroutine>d__25:MoveNext () (at ./Library/PackageCache/com.unity.test-framework@7a3849e09bd0/UnityEngine.TestRunner/TestRunner/PlaymodeTestsController.cs:100)
UnityEngine.SetupCoroutine:InvokeMoveNext (System.Collections.IEnumerator,intptr)

(Filename: Assets/Scripts/Editor/Testing/VarginhaBatchTestProgress.cs Line: 26)

QA test: Game.Tests.PlayMode.VarginhaPlayerPolishTests.MeleeCannotDamageThroughSolidWall
UnityEngine.Debug:ExtractStackTraceNoAlloc (byte*,int,string)
UnityEngine.StackTraceUtility:ExtractStackTrace ()
UnityEngine.DebugLogHandler:Internal_Log (UnityEngine.LogType,UnityEngine.LogOption,string,UnityEngine.Object)
UnityEngine.DebugLogHandler:LogFormat (UnityEngine.LogType,UnityEngine.Object,string,object[])
UnityEngine.Logger:Log (UnityEngine.LogType,object)
UnityEngine.Debug:Log (object)
Game.Editor.Testing.VarginhaBatchTestProgress:TestStarted (UnityEditor.TestTools.TestRunner.Api.ITestAdaptor) (at Assets/Scripts/Editor/Testing/VarginhaBatchTestProgress.cs:22)
UnityEditor.TestTools.TestRunner.Api.CallbacksDelegator/<>c__DisplayClass12_0:<TestStarted>b__0 (UnityEditor.TestTools.TestRunner.Api.ICallbacks) (at ./Library/PackageCache/com.unity.test-framework@7a3849e09bd0/UnityEditor.TestRunner/Api/CallbacksDelegator.cs:81)
UnityEditor.TestTools.TestRunner.Api.CallbacksDelegator:TryInvokeAllCallbacks (System.Action`1<UnityEditor.TestTools.TestRunner.Api.ICallbacks>) (at ./Library/PackageCache/com.unity.test-framework@7a3849e09bd0/UnityEditor.TestRunner/Api/CallbacksDelegator.cs:135)
UnityEditor.TestTools.TestRunner.Api.CallbacksDelegator:TestStarted (NUnit.Framework.Interfaces.ITest) (at ./Library/PackageCache/com.unity.test-framework@7a3849e09bd0/UnityEditor.TestRunner/Api/CallbacksDelegator.cs:81)
UnityEngine.Events.InvokableCall`1<NUnit.Framework.Interfaces.ITest>:Invoke (NUnit.Framework.Interfaces.ITest)
UnityEngine.Events.UnityEvent`1<NUnit.Framework.Interfaces.ITest>:Invoke (NUnit.Framework.Interfaces.ITest)
UnityEngine.Events.InvokableCall`1<NUnit.Framework.Interfaces.ITest>:Invoke (NUnit.Framework.Interfaces.ITest)
UnityEngine.Events.UnityEvent`1<NUnit.Framework.Interfaces.ITest>:Invoke (NUnit.Framework.Interfaces.ITest)
UnityEngine.TestTools.TestRunner.TestListenerWrapper:TestStarted (NUnit.Framework.Interfaces.ITest) (at ./Library/PackageCache/com.unity.test-framework@7a3849e09bd0/UnityEngine.TestRunner/TestRunner/TestListenerWrapper.cs:19)
UnityEngine.TestRunner.NUnitExtensions.Runner.UnityWorkItem:Execute () (at ./Library/PackageCache/com.unity.test-framework@7a3849e09bd0/UnityEngine.TestRunner/NUnitExtensions/Runner/UnityWorkItem.cs:83)
UnityEngine.TestRunner.NUnitExtensions.Runner.CompositeWorkItem/<RunChildren>d__17:MoveNext () (at ./Library/PackageCache/com.unity.test-framework@7a3849e09bd0/UnityEngine.TestRunner/NUnitExtensions/Runner/CompositeWorkItem.cs:205)
UnityEngine.TestRunner.NUnitExtensions.Runner.CompositeWorkItem/<PerformWork>d__13:MoveNext () (at ./Library/PackageCache/com.unity.test-framework@7a3849e09bd0/UnityEngine.TestRunner/NUnitExtensions/Runner/CompositeWorkItem.cs:83)
UnityEngine.TestRunner.NUnitExtensions.Runner.CompositeWorkItem/<RunChildren>d__17:MoveNext () (at ./Library/PackageCache/com.unity.test-framework@7a3849e09bd0/UnityEngine.TestRunner/NUnitExtensions/Runner/CompositeWorkItem.cs:209)
UnityEngine.TestRunner.NUnitExtensions.Runner.CompositeWorkItem/<PerformWork>d__13:MoveNext () (at ./Library/PackageCache/com.unity.test-framework@7a3849e09bd0/UnityEngine.TestRunner/NUnitExtensions/Runner/CompositeWorkItem.cs:83)
UnityEngine.TestRunner.NUnitExtensions.Runner.CompositeWorkItem/<RunChildren>d__17:MoveNext () (at ./Library/PackageCache/com.unity.test-framework@7a3849e09bd0/UnityEngine.TestRunner/NUnitExtensions/Runner/CompositeWorkItem.cs:209)
UnityEngine.TestRunner.NUnitExtensions.Runner.CompositeWorkItem/<PerformWork>d__13:MoveNext () (at ./Library/PackageCache/com.unity.test-framework@7a3849e09bd0/UnityEngine.TestRunner/NUnitExtensions/Runner/CompositeWorkItem.cs:83)
UnityEngine.TestRunner.NUnitExtensions.Runner.CompositeWorkItem/<RunChildren>d__17:MoveNext () (at ./Library/PackageCache/com.unity.test-framework@7a3849e09bd0/UnityEngine.TestRunner/NUnitExtensions/Runner/CompositeWorkItem.cs:209)
UnityEngine.TestRunner.NUnitExtensions.Runner.CompositeWorkItem/<PerformWork>d__13:MoveNext () (at ./Library/PackageCache/com.unity.test-framework@7a3849e09bd0/UnityEngine.TestRunner/NUnitExtensions/Runner/CompositeWorkItem.cs:83)
UnityEngine.TestRunner.NUnitExtensions.Runner.CompositeWorkItem/<RunChildren>d__17:MoveNext () (at ./Library/PackageCache/com.unity.test-framework@7a3849e09bd0/UnityEngine.TestRunner/NUnitExtensions/Runner/CompositeWorkItem.cs:209)
UnityEngine.TestRunner.NUnitExtensions.Runner.CompositeWorkItem/<PerformWork>d__13:MoveNext () (at ./Library/PackageCache/com.unity.test-framework@7a3849e09bd0/UnityEngine.TestRunner/NUnitExtensions/Runner/CompositeWorkItem.cs:83)
UnityEngine.TestRunner.NUnitExtensions.Runner.CompositeWorkItem/<RunChildren>d__17:MoveNext () (at ./Library/PackageCache/com.unity.test-framework@7a3849e09bd0/UnityEngine.TestRunner/NUnitExtensions/Runner/CompositeWorkItem.cs:209)
UnityEngine.TestRunner.NUnitExtensions.Runner.CompositeWorkItem/<PerformWork>d__13:MoveNext () (at ./Library/PackageCache/com.unity.test-framework@7a3849e09bd0/UnityEngine.TestRunner/NUnitExtensions/Runner/CompositeWorkItem.cs:83)
UnityEngine.TestTools.TestRunner.PlaymodeTestsController/<TestRunnerCoroutine>d__25:MoveNext () (at ./Library/PackageCache/com.unity.test-framework@7a3849e09bd0/UnityEngine.TestRunner/TestRunner/PlaymodeTestsController.cs:100)
UnityEngine.SetupCoroutine:InvokeMoveNext (System.Collections.IEnumerator,intptr)

(Filename: Assets/Scripts/Editor/Testing/VarginhaBatchTestProgress.cs Line: 22)

There are no audio listeners in the scene. Please ensure there is always one audio listener in the scene
There are no audio listeners in the scene. Please ensure there is always one audio listener in the scene
There are no audio listeners in the scene. Please ensure there is always one audio listener in the scene
There are no audio listeners in the scene. Please ensure there is always one audio listener in the scene
There are no audio listeners in the scene. Please ensure there is always one audio listener in the scene
There are no audio listeners in the scene. Please ensure there is always one audio listener in the scene
There are no audio listeners in the scene. Please ensure there is always one audio listener in the scene
There are no audio listeners in the scene. Please ensure there is always one audio listener in the scene
There are no audio listeners in the scene. Please ensure there is always one audio listener in the scene
There are no audio listeners in the scene. Please ensure there is always one audio listener in the scene
There are no audio listeners in the scene. Please ensure there is always one audio listener in the scene
There are no audio listeners in the scene. Please ensure there is always one audio listener in the scene
There are no audio listeners in the scene. Please ensure there is always one audio listener in the scene
There are no audio listeners in the scene. Please ensure there is always one audio listener in the scene
There are no audio listeners in the scene. Please ensure there is always one audio listener in the scene
There are no audio listeners in the scene. Please ensure there is always one audio listener in the scene
There are no audio listeners in the scene. Please ensure there is always one audio listener in the scene
There are no audio listeners in the scene. Please ensure there is always one audio listener in the scene
There are no audio listeners in the scene. Please ensure there is always one audio listener in the scene
There are no audio listeners in the scene. Please ensure there is always one audio listener in the scene
There are no audio listeners in the scene. Please ensure there is always one audio listener in the scene
There are no audio listeners in the scene. Please ensure there is always one audio listener in the scene
There are no audio listeners in the scene. Please ensure there is always one audio listener in the scene
There are no audio listeners in the scene. Please ensure there is always one audio listener in the scene
There are no audio listeners in the scene. Please ensure there is always one audio listener in the scene
There are no audio listeners in the scene. Please ensure there is always one audio listener in the scene
There are no audio listeners in the scene. Please ensure there is always one audio listener in the scene
There are no audio listeners in the scene. Please ensure there is always one audio listener in the scene
There are no audio listeners in the scene. Please ensure there is always one audio listener in the scene
There are no audio listeners in the scene. Please ensure there is always one audio listener in the scene
There are no audio listeners in the scene. Please ensure there is always one audio listener in the scene
There are no audio listeners in the scene. Please ensure there is always one audio listener in the scene
There are no audio listeners in the scene. Please ensure there is always one audio listener in the scene
There are no audio listeners in the scene. Please ensure there is always one audio listener in the scene
There are no audio listeners in the scene. Please ensure there is always one audio listener in the scene
There are no audio listeners in the scene. Please ensure there is always one audio listener in the scene
There are no audio listeners in the scene. Please ensure there is always one audio listener in the scene
There are no audio listeners in the scene. Please ensure there is always one audio listener in the scene
There are no audio listeners in the scene. Please ensure there is always one audio listener in the scene
There are no audio listeners in the scene. Please ensure there is always one audio listener in the scene
There are no audio listeners in the scene. Please ensure there is always one audio listener in the scene
There are no audio listeners in the scene. Please ensure there is always one audio listener in the scene
There are no audio listeners in the scene. Please ensure there is always one audio listener in the scene
There are no audio listeners in the scene. Please ensure there is always one audio listener in the scene
There are no audio listeners in the scene. Please ensure there is always one audio listener in the scene
There are no audio listeners in the scene. Please ensure there is always one audio listener in the scene
There are no audio listeners in the scene. Please ensure there is always one audio listener in the scene
There are no audio listeners in the scene. Please ensure there is always one audio listener in the scene
There are no audio listeners in the scene. Please ensure there is always one audio listener in the scene
There are no audio listeners in the scene. Please ensure there is always one audio listener in the scene
There are no audio listeners in the scene. Please ensure there is always one audio listener in the scene
There are no audio listeners in the scene. Please ensure there is always one audio listener in the scene
There are no audio listeners in the scene. Please ensure there is always one audio listener in the scene
There are no audio listeners in the scene. Please ensure there is always one audio listener in the scene
There are no audio listeners in the scene. Please ensure there is always one audio listener in the scene
There are no audio listeners in the scene. Please ensure there is always one audio listener in the scene
There are no audio listeners in the scene. Please ensure there is always one audio listener in the scene
There are no audio listeners in the scene. Please ensure there is always one audio listener in the scene
There are no audio listeners in the scene. Please ensure there is always one audio listener in the scene
There are no audio listeners in the scene. Please ensure there is always one audio listener in the scene
There are no audio listeners in the scene. Please ensure there is always one audio listener in the scene
There are no audio listeners in the scene. Please ensure there is always one audio listener in the scene
There are no audio listeners in the scene. Please ensure there is always one audio listener in the scene
There are no audio listeners in the scene. Please ensure there is always one audio listener in the scene
There are no audio listeners in the scene. Please ensure there is always one audio listener in the scene
There are no audio listeners in the scene. Please ensure there is always one audio listener in the scene
There are no audio listeners in the scene. Please ensure there is always one audio listener in the scene
There are no audio listeners in the scene. Please ensure there is always one audio listener in the scene
There are no audio listeners in the scene. Please ensure there is always one audio listener in the scene
There are no audio listeners in the scene. Please ensure there is always one audio listener in the scene
There are no audio listeners in the scene. Please ensure there is always one audio listener in the scene
There are no audio listeners in the scene. Please ensure there is always one audio listener in the scene
There are no audio listeners in the scene. Please ensure there is always one audio listener in the scene
There are no audio listeners in the scene. Please ensure there is always one audio listener in the scene
There are no audio listeners in the scene. Please ensure there is always one audio listener in the scene
There are no audio listeners in the scene. Please ensure there is always one audio listener in the scene
There are no audio listeners in the scene. Please ensure there is always one audio listener in the scene
There are no audio listeners in the scene. Please ensure there is always one audio listener in the scene
There are no audio listeners in the scene. Please ensure there is always one audio listener in the scene
There are no audio listeners in the scene. Please ensure there is always one audio listener in the scene
There are no audio listeners in the scene. Please ensure there is always one audio listener in the scene
There are no audio listeners in the scene. Please ensure there is always one audio listener in the scene
There are no audio listeners in the scene. Please ensure there is always one audio listener in the scene
There are no audio listeners in the scene. Please ensure there is always one audio listener in the scene
There are no audio listeners in the scene. Please ensure there is always one audio listener in the scene
There are no audio listeners in the scene. Please ensure there is always one audio listener in the scene
There are no audio listeners in the scene. Please ensure there is always one audio listener in the scene
There are no audio listeners in the scene. Please ensure there is always one audio listener in the scene
There are no audio listeners in the scene. Please ensure there is always one audio listener in the scene
There are no audio listeners in the scene. Please ensure there is always one audio listener in the scene
There are no audio listeners in the scene. Please ensure there is always one audio listener in the scene
There are no audio listeners in the scene. Please ensure there is always one audio listener in the scene
There are no audio listeners in the scene. Please ensure there is always one audio listener in the scene
There are no audio listeners in the scene. Please ensure there is always one audio listener in the scene
There are no audio listeners in the scene. Please ensure there is always one audio listener in the scene
There are no audio listeners in the scene. Please ensure there is always one audio listener in the scene
There are no audio listeners in the scene. Please ensure there is always one audio listener in the scene
There are no audio listeners in the scene. Please ensure there is always one audio listener in the scene
There are no audio listeners in the scene. Please ensure there is always one audio listener in the scene
There are no audio listeners in the scene. Please ensure there is always one audio listener in the scene
There are no audio listeners in the scene. Please ensure there is always one audio listener in the scene
There are no audio listeners in the scene. Please ensure there is always one audio listener in the scene
There are no audio listeners in the scene. Please ensure there is always one audio listener in the scene
There are no audio listeners in the scene. Please ensure there is always one audio listener in the scene
There are no audio listeners in the scene. Please ensure there is always one audio listener in the scene
There are no audio listeners in the scene. Please ensure there is always one audio listener in the scene
There are no audio listeners in the scene. Please ensure there is always one audio listener in the scene
There are no audio listeners in the scene. Please ensure there is always one audio listener in the scene
There are no audio listeners in the scene. Please ensure there is always one audio listener in the scene
There are no audio listeners in the scene. Please ensure there is always one audio listener in the scene
There are no audio listeners in the scene. Please ensure there is always one audio listener in the scene
There are no audio listeners in the scene. Please ensure there is always one audio listener in the scene
There are no audio listeners in the scene. Please ensure there is always one audio listener in the scene
There are no audio listeners in the scene. Please ensure there is always one audio listener in the scene
There are no audio listeners in the scene. Please ensure there is always one audio listener in the scene
There are no audio listeners in the scene. Please ensure there is always one audio listener in the scene
There are no audio listeners in the scene. Please ensure there is always one audio listener in the scene
There are no audio listeners in the scene. Please ensure there is always one audio listener in the scene
There are no audio listeners in the scene. Please ensure there is always one audio listener in the scene
There are no audio listeners in the scene. Please ensure there is always one audio listener in the scene
There are no audio listeners in the scene. Please ensure there is always one audio listener in the scene
There are no audio listeners in the scene. Please ensure there is always one audio listener in the scene
There are no audio listeners in the scene. Please ensure there is always one audio listener in the scene
There are no audio listeners in the scene. Please ensure there is always one audio listener in the scene
There are no audio listeners in the scene. Please ensure there is always one audio listener in the scene
There are no audio listeners in the scene. Please ensure there is always one audio listener in the scene
There are no audio listeners in the scene. Please ensure there is always one audio listener in the scene
There are no audio listeners in the scene. Please ensure there is always one audio listener in the scene
There are no audio listeners in the scene. Please ensure there is always one audio listener in the scene
There are no audio listeners in the scene. Please ensure there is always one audio listener in the scene
There are no audio listeners in the scene. Please ensure there is always one audio listener in the scene
There are no audio listeners in the scene. Please ensure there is always one audio listener in the scene
There are no audio listeners in the scene. Please ensure there is always one audio listener in the scene
There are no audio listeners in the scene. Please ensure there is always one audio listener in the scene
There are no audio listeners in the scene. Please ensure there is always one audio listener in the scene
There are no audio listeners in the scene. Please ensure there is always one audio listener in the scene
There are no audio listeners in the scene. Please ensure there is always one audio listener in the scene
There are no audio listeners in the scene. Please ensure there is always one audio listener in the scene
There are no audio listeners in the scene. Please ensure there is always one audio listener in the scene
There are no audio listeners in the scene. Please ensure there is always one audio listener in the scene
There are no audio listeners in the scene. Please ensure there is always one audio listener in the scene
There are no audio listeners in the scene. Please ensure there is always one audio listener in the scene
There are no audio listeners in the scene. Please ensure there is always one audio listener in the scene
There are no audio listeners in the scene. Please ensure there is always one audio listener in the scene
There are no audio listeners in the scene. Please ensure there is always one audio listener in the scene
There are no audio listeners in the scene. Please ensure there is always one audio listener in the scene
There are no audio listeners in the scene. Please ensure there is always one audio listener in the scene
There are no audio listeners in the scene. Please ensure there is always one audio listener in the scene
There are no audio listeners in the scene. Please ensure there is always one audio listener in the scene
There are no audio listeners in the scene. Please ensure there is always one audio listener in the scene
There are no audio listeners in the scene. Please ensure there is always one audio listener in the scene
There are no audio listeners in the scene. Please ensure there is always one audio listener in the scene
There are no audio listeners in the scene. Please ensure there is always one audio listener in the scene
There are no audio listeners in the scene. Please ensure there is always one audio listener in the scene
There are no audio listeners in the scene. Please ensure there is always one audio listener in the scene
There are no audio listeners in the scene. Please ensure there is always one audio listener in the scene
There are no audio listeners in the scene. Please ensure there is always one audio listener in the scene
There are no audio listeners in the scene. Please ensure there is always one audio listener in the scene
There are no audio listeners in the scene. Please ensure there is always one audio listener in the scene
There are no audio listeners in the scene. Please ensure there is always one audio listener in the scene
There are no audio listeners in the scene. Please ensure there is always one audio listener in the scene
There are no audio listeners in the scene. Please ensure there is always one audio listener in the scene
There are no audio listeners in the scene. Please ensure there is always one audio listener in the scene
There are no audio listeners in the scene. Please ensure there is always one audio listener in the scene
There are no audio listeners in the scene. Please ensure there is always one audio listener in the scene
There are no audio listeners in the scene. Please ensure there is always one audio listener in the scene
There are no audio listeners in the scene. Please ensure there is always one audio listener in the scene
There are no audio listeners in the scene. Please ensure there is always one audio listener in the scene
There are no audio listeners in the scene. Please ensure there is always one audio listener in the scene
There are no audio listeners in the scene. Please ensure there is always one audio listener in the scene
There are no audio listeners in the scene. Please ensure there is always one audio listener in the scene
There are no audio listeners in the scene. Please ensure there is always one audio listener in the scene
There are no audio listeners in the scene. Please ensure there is always one audio listener in the scene
There are no audio listeners in the scene. Please ensure there is always one audio listener in the scene
There are no audio listeners in the scene. Please ensure there is always one audio listener in the scene
There are no audio listeners in the scene. Please ensure there is always one audio listener in the scene
There are no audio listeners in the scene. Please ensure there is always one audio listener in the scene
There are no audio listeners in the scene. Please ensure there is always one audio listener in the scene
There are no audio listeners in the scene. Please ensure there is always one audio listener in the scene
There are no audio listeners in the scene. Please ensure there is always one audio listener in the scene
There are no audio listeners in the scene. Please ensure there is always one audio listener in the scene
There are no audio listeners in the scene. Please ensure there is always one audio listener in the scene
There are no audio listeners in the scene. Please ensure there is always one audio listener in the scene
There are no audio listeners in the scene. Please ensure there is always one audio listener in the scene
There are no audio listeners in the scene. Please ensure there is always one audio listener in the scene
There are no audio listeners in the scene. Please ensure there is always one audio listener in the scene
There are no audio listeners in the scene. Please ensure there is always one audio listener in the scene
There are no audio listeners in the scene. Please ensure there is always one audio listener in the scene
There are no audio listeners in the scene. Please ensure there is always one audio listener in the scene
There are no audio listeners in the scene. Please ensure there is always one audio listener in the scene
There are no audio listeners in the scene. Please ensure there is always one audio listener in the scene
There are no audio listeners in the scene. Please ensure there is always one audio listener in the scene
There are no audio listeners in the scene. Please ensure there is always one audio listener in the scene
There are no audio listeners in the scene. Please ensure there is always one audio listener in the scene
There are no audio listeners in the scene. Please ensure there is always one audio listener in the scene
There are no audio listeners in the scene. Please ensure there is always one audio listener in the scene
There are no audio listeners in the scene. Please ensure there is always one audio listener in the scene
There are no audio listeners in the scene. Please ensure there is always one audio listener in the scene
There are no audio listeners in the scene. Please ensure there is always one audio listener in the scene
There are no audio listeners in the scene. Please ensure there is always one audio listener in the scene
There are no audio listeners in the scene. Please ensure there is always one audio listener in the scene
There are no audio listeners in the scene. Please ensure there is always one audio listener in the scene
There are no audio listeners in the scene. Please ensure there is always one audio listener in the scene
There are no audio listeners in the scene. Please ensure there is always one audio listener in the scene
There are no audio listeners in the scene. Please ensure there is always one audio listener in the scene
There are no audio listeners in the scene. Please ensure there is always one audio listener in the scene
There are no audio listeners in the scene. Please ensure there is always one audio listener in the scene
There are no audio listeners in the scene. Please ensure there is always one audio listener in the scene
There are no audio listeners in the scene. Please ensure there is always one audio listener in the scene
There are no audio listeners in the scene. Please ensure there is always one audio listener in the scene
There are no audio listeners in the scene. Please ensure there is always one audio listener in the scene
There are no audio listeners in the scene. Please ensure there is always one audio listener in the scene
There are no audio listeners in the scene. Please ensure there is always one audio listener in the scene
There are no audio listeners in the scene. Please ensure there is always one audio listener in the scene
There are no audio listeners in the scene. Please ensure there is always one audio listener in the scene
There are no audio listeners in the scene. Please ensure there is always one audio listener in the scene
There are no audio listeners in the scene. Please ensure there is always one audio listener in the scene
There are no audio listeners in the scene. Please ensure there is always one audio listener in the scene
There are no audio listeners in the scene. Please ensure there is always one audio listener in the scene
There are no audio listeners in the scene. Please ensure there is always one audio listener in the scene
There are no audio listeners in the scene. Please ensure there is always one audio listener in the scene
There are no audio listeners in the scene. Please ensure there is always one audio listener in the scene
There are no audio listeners in the scene. Please ensure there is always one audio listener in the scene
There are no audio listeners in the scene. Please ensure there is always one audio listener in the scene
There are no audio listeners in the scene. Please ensure there is always one audio listener in the scene
There are no audio listeners in the scene. Please ensure there is always one audio listener in the scene
There are no audio listeners in the scene. Please ensure there is always one audio listener in the scene
There are no audio listeners in the scene. Please ensure there is always one audio listener in the scene
There are no audio listeners in the scene. Please ensure there is always one audio listener in the scene
There are no audio listeners in the scene. Please ensure there is always one audio listener in the scene
There are no audio listeners in the scene. Please ensure there is always one audio listener in the scene
There are no audio listeners in the scene. Please ensure there is always one audio listener in the scene
There are no audio listeners in the scene. Please ensure there is always one audio listener in the scene
There are no audio listeners in the scene. Please ensure there is always one audio listener in the scene
There are no audio listeners in the scene. Please ensure there is always one audio listener in the scene
There are no audio listeners in the scene. Please ensure there is always one audio listener in the scene
There are no audio listeners in the scene. Please ensure there is always one audio listener in the scene
There are no audio listeners in the scene. Please ensure there is always one audio listener in the scene
There are no audio listeners in the scene. Please ensure there is always one audio listener in the scene
There are no audio listeners in the scene. Please ensure there is always one audio listener in the scene
There are no audio listeners in the scene. Please ensure there is always one audio listener in the scene
There are no audio listeners in the scene. Please ensure there is always one audio listener in the scene
There are no audio listeners in the scene. Please ensure there is always one audio listener in the scene
There are no audio listeners in the scene. Please ensure there is always one audio listener in the scene
There are no audio listeners in the scene. Please ensure there is always one audio listener in the scene
There are no audio listeners in the scene. Please ensure there is always one audio listener in the scene
There are no audio listeners in the scene. Please ensure there is always one audio listener in the scene
There are no audio listeners in the scene. Please ensure there is always one audio listener in the scene
There are no audio listeners in the scene. Please ensure there is always one audio listener in the scene
There are no audio listeners in the scene. Please ensure there is always one audio listener in the scene
There are no audio listeners in the scene. Please ensure there is always one audio listener in the scene
There are no audio listeners in the scene. Please ensure there is always one audio listener in the scene
There are no audio listeners in the scene. Please ensure there is always one audio listener in the scene
There are no audio listeners in the scene. Please ensure there is always one audio listener in the scene
There are no audio listeners in the scene. Please ensure there is always one audio listener in the scene
There are no audio listeners in the scene. Please ensure there is always one audio listener in the scene
There are no audio listeners in the scene. Please ensure there is always one audio listener in the scene
There are no audio listeners in the scene. Please ensure there is always one audio listener in the scene
There are no audio listeners in the scene. Please ensure there is always one audio listener in the scene
There are no audio listeners in the scene. Please ensure there is always one audio listener in the scene
There are no audio listeners in the scene. Please ensure there is always one audio listener in the scene
There are no audio listeners in the scene. Please ensure there is always one audio listener in the scene
There are no audio listeners in the scene. Please ensure there is always one audio listener in the scene
There are no audio listeners in the scene. Please ensure there is always one audio listener in the scene
There are no audio listeners in the scene. Please ensure there is always one audio listener in the scene
There are no audio listeners in the scene. Please ensure there is always one audio listener in the scene
There are no audio listeners in the scene. Please ensure there is always one audio listener in the scene
There are no audio listeners in the scene. Please ensure there is always one audio listener in the scene
There are no audio listeners in the scene. Please ensure there is always one audio listener in the scene
There are no audio listeners in the scene. Please ensure there is always one audio listener in the scene
There are no audio listeners in the scene. Please ensure there is always one audio listener in the scene
There are no audio listeners in the scene. Please ensure there is always one audio listener in the scene
There are no audio listeners in the scene. Please ensure there is always one audio listener in the scene
There are no audio listeners in the scene. Please ensure there is always one audio listener in the scene
There are no audio listeners in the scene. Please ensure there is always one audio listener in the scene
There are no audio listeners in the scene. Please ensure there is always one audio listener in the scene
There are no audio listeners in the scene. Please ensure there is always one audio listener in the scene
There are no audio listeners in the scene. Please ensure there is always one audio listener in the scene
There are no audio listeners in the scene. Please ensure there is always one audio listener in the scene
There are no audio listeners in the scene. Please ensure there is always one audio listener in the scene
There are no audio listeners in the scene. Please ensure there is always one audio listener in the scene
There are no audio listeners in the scene. Please ensure there is always one audio listener in the scene
There are no audio listeners in the scene. Please ensure there is always one audio listener in the scene
There are no audio listeners in the scene. Please ensure there is always one audio listener in the scene
There are no audio listeners in the scene. Please ensure there is always one audio listener in the scene
There are no audio listeners in the scene. Please ensure there is always one audio listener in the scene
There are no audio listeners in the scene. Please ensure there is always one audio listener in the scene
There are no audio listeners in the scene. Please ensure there is always one audio listener in the scene
There are no audio listeners in the scene. Please ensure there is always one audio listener in the scene
There are no audio listeners in the scene. Please ensure there is always one audio listener in the scene
There are no audio listeners in the scene. Please ensure there is always one audio listener in the scene
There are no audio listeners in the scene. Please ensure there is always one audio listener in the scene
There are no audio listeners in the scene. Please ensure there is always one audio listener in the scene
There are no audio listeners in the scene. Please ensure there is always one audio listener in the scene
There are no audio listeners in the scene. Please ensure there is always one audio listener in the scene
There are no audio listeners in the scene. Please ensure there is always one audio listener in the scene
There are no audio listeners in the scene. Please ensure there is always one audio listener in the scene
There are no audio listeners in the scene. Please ensure there is always one audio listener in the scene
There are no audio listeners in the scene. Please ensure there is always one audio listener in the scene
There are no audio listeners in the scene. Please ensure there is always one audio listener in the scene
There are no audio listeners in the scene. Please ensure there is always one audio listener in the scene
There are no audio listeners in the scene. Please ensure there is always one audio listener in the scene
There are no audio listeners in the scene. Please ensure there is always one audio listener in the scene
There are no audio listeners in the scene. Please ensure there is always one audio listener in the scene
There are no audio listeners in the scene. Please ensure there is always one audio listener in the scene
There are no audio listeners in the scene. Please ensure there is always one audio listener in the scene
There are no audio listeners in the scene. Please ensure there is always one audio listener in the scene
There are no audio listeners in the scene. Please ensure there is always one audio listener in the scene
There are no audio listeners in the scene. Please ensure there is always one audio listener in the scene
There are no audio listeners in the scene. Please ensure there is always one audio listener in the scene
There are no audio listeners in the scene. Please ensure there is always one audio listener in the scene
There are no audio listeners in the scene. Please ensure there is always one audio listener in the scene
There are no audio listeners in the scene. Please ensure there is always one audio listener in the scene
There are no audio listeners in the scene. Please ensure there is always one audio listener in the scene
There are no audio listeners in the scene. Please ensure there is always one audio listener in the scene
There are no audio listeners in the scene. Please ensure there is always one audio listener in the scene
There are no audio listeners in the scene. Please ensure there is always one audio listener in the scene
There are no audio listeners in the scene. Please ensure there is always one audio listener in the scene
There are no audio listeners in the scene. Please ensure there is always one audio listener in the scene
There are no audio listeners in the scene. Please ensure there is always one audio listener in the scene
There are no audio listeners in the scene. Please ensure there is always one audio listener in the scene
There are no audio listeners in the scene. Please ensure there is always one audio listener in the scene
There are no audio listeners in the scene. Please ensure there is always one audio listener in the scene
There are no audio listeners in the scene. Please ensure there is always one audio listener in the scene
QA result: Passed Game.Tests.PlayMode.VarginhaPlayerPolishTests.MeleeCannotDamageThroughSolidWall
UnityEngine.Debug:ExtractStackTraceNoAlloc (byte*,int,string)
UnityEngine.StackTraceUtility:ExtractStackTrace ()
UnityEngine.DebugLogHandler:Internal_Log (UnityEngine.LogType,UnityEngine.LogOption,string,UnityEngine.Object)
UnityEngine.DebugLogHandler:LogFormat (UnityEngine.LogType,UnityEngine.Object,string,object[])
UnityEngine.Logger:Log (UnityEngine.LogType,object)
UnityEngine.Debug:Log (object)
Game.Editor.Testing.VarginhaBatchTestProgress:TestFinished (UnityEditor.TestTools.TestRunner.Api.ITestResultAdaptor) (at Assets/Scripts/Editor/Testing/VarginhaBatchTestProgress.cs:26)
UnityEditor.TestTools.TestRunner.Api.CallbacksDelegator/<>c__DisplayClass14_0:<TestFinished>b__0 (UnityEditor.TestTools.TestRunner.Api.ICallbacks) (at ./Library/PackageCache/com.unity.test-framework@7a3849e09bd0/UnityEditor.TestRunner/Api/CallbacksDelegator.cs:95)
UnityEditor.TestTools.TestRunner.Api.CallbacksDelegator:TryInvokeAllCallbacks (System.Action`1<UnityEditor.TestTools.TestRunner.Api.ICallbacks>) (at ./Library/PackageCache/com.unity.test-framework@7a3849e09bd0/UnityEditor.TestRunner/Api/CallbacksDelegator.cs:135)
UnityEditor.TestTools.TestRunner.Api.CallbacksDelegator:TestFinished (NUnit.Framework.Interfaces.ITestResult) (at ./Library/PackageCache/com.unity.test-framework@7a3849e09bd0/UnityEditor.TestRunner/Api/CallbacksDelegator.cs:95)
UnityEngine.Events.InvokableCall`1<NUnit.Framework.Interfaces.ITestResult>:Invoke (NUnit.Framework.Interfaces.ITestResult)
UnityEngine.Events.UnityEvent`1<NUnit.Framework.Interfaces.ITestResult>:Invoke (NUnit.Framework.Interfaces.ITestResult)
UnityEngine.Events.InvokableCall`1<NUnit.Framework.Interfaces.ITestResult>:Invoke (NUnit.Framework.Interfaces.ITestResult)
UnityEngine.Events.UnityEvent`1<NUnit.Framework.Interfaces.ITestResult>:Invoke (NUnit.Framework.Interfaces.ITestResult)
UnityEngine.TestTools.TestRunner.TestListenerWrapper:TestFinished (NUnit.Framework.Interfaces.ITestResult) (at ./Library/PackageCache/com.unity.test-framework@7a3849e09bd0/UnityEngine.TestRunner/TestRunner/TestListenerWrapper.cs:24)
UnityEngine.TestRunner.NUnitExtensions.Runner.UnityWorkItem:WorkItemComplete () (at ./Library/PackageCache/com.unity.test-framework@7a3849e09bd0/UnityEngine.TestRunner/NUnitExtensions/Runner/UnityWorkItem.cs:107)
UnityEngine.TestRunner.NUnitExtensions.Runner.CoroutineTestWorkItem/<PerformWork>d__7:<>m__Finally1 () (at ./Library/PackageCache/com.unity.test-framework@7a3849e09bd0/UnityEngine.TestRunner/NUnitExtensions/Runner/CoroutineTestWorkItem.cs:67)
UnityEngine.TestRunner.NUnitExtensions.Runner.CoroutineTestWorkItem/<PerformWork>d__7:MoveNext () (at ./Library/PackageCache/com.unity.test-framework@7a3849e09bd0/UnityEngine.TestRunner/NUnitExtensions/Runner/CoroutineTestWorkItem.cs:64)
UnityEngine.TestRunner.NUnitExtensions.Runner.CompositeWorkItem/<RunChildren>d__17:MoveNext () (at ./Library/PackageCache/com.unity.test-framework@7a3849e09bd0/UnityEngine.TestRunner/NUnitExtensions/Runner/CompositeWorkItem.cs:209)
UnityEngine.TestRunner.NUnitExtensions.Runner.CompositeWorkItem/<PerformWork>d__13:MoveNext () (at ./Library/PackageCache/com.unity.test-framework@7a3849e09bd0/UnityEngine.TestRunner/NUnitExtensions/Runner/CompositeWorkItem.cs:83)
UnityEngine.TestRunner.NUnitExtensions.Runner.CompositeWorkItem/<RunChildren>d__17:MoveNext () (at ./Library/PackageCache/com.unity.test-framework@7a3849e09bd0/UnityEngine.TestRunner/NUnitExtensions/Runner/CompositeWorkItem.cs:209)
UnityEngine.TestRunner.NUnitExtensions.Runner.CompositeWorkItem/<PerformWork>d__13:MoveNext () (at ./Library/PackageCache/com.unity.test-framework@7a3849e09bd0/UnityEngine.TestRunner/NUnitExtensions/Runner/CompositeWorkItem.cs:83)
UnityEngine.TestRunner.NUnitExtensions.Runner.CompositeWorkItem/<RunChildren>d__17:MoveNext () (at ./Library/PackageCache/com.unity.test-framework@7a3849e09bd0/UnityEngine.TestRunner/NUnitExtensions/Runner/CompositeWorkItem.cs:209)
UnityEngine.TestRunner.NUnitExtensions.Runner.CompositeWorkItem/<PerformWork>d__13:MoveNext () (at ./Library/PackageCache/com.unity.test-framework@7a3849e09bd0/UnityEngine.TestRunner/NUnitExtensions/Runner/CompositeWorkItem.cs:83)
UnityEngine.TestRunner.NUnitExtensions.Runner.CompositeWorkItem/<RunChildren>d__17:MoveNext () (at ./Library/PackageCache/com.unity.test-framework@7a3849e09bd0/UnityEngine.TestRunner/NUnitExtensions/Runner/CompositeWorkItem.cs:209)
UnityEngine.TestRunner.NUnitExtensions.Runner.CompositeWorkItem/<PerformWork>d__13:MoveNext () (at ./Library/PackageCache/com.unity.test-framework@7a3849e09bd0/UnityEngine.TestRunner/NUnitExtensions/Runner/CompositeWorkItem.cs:83)
UnityEngine.TestRunner.NUnitExtensions.Runner.CompositeWorkItem/<RunChildren>d__17:MoveNext () (at ./Library/PackageCache/com.unity.test-framework@7a3849e09bd0/UnityEngine.TestRunner/NUnitExtensions/Runner/CompositeWorkItem.cs:209)
UnityEngine.TestRunner.NUnitExtensions.Runner.CompositeWorkItem/<PerformWork>d__13:MoveNext () (at ./Library/PackageCache/com.unity.test-framework@7a3849e09bd0/UnityEngine.TestRunner/NUnitExtensions/Runner/CompositeWorkItem.cs:83)
UnityEngine.TestRunner.NUnitExtensions.Runner.CompositeWorkItem/<RunChildren>d__17:MoveNext () (at ./Library/PackageCache/com.unity.test-framework@7a3849e09bd0/UnityEngine.TestRunner/NUnitExtensions/Runner/CompositeWorkItem.cs:209)
UnityEngine.TestRunner.NUnitExtensions.Runner.CompositeWorkItem/<PerformWork>d__13:MoveNext () (at ./Library/PackageCache/com.unity.test-framework@7a3849e09bd0/UnityEngine.TestRunner/NUnitExtensions/Runner/CompositeWorkItem.cs:83)
UnityEngine.TestTools.TestRunner.PlaymodeTestsController/<TestRunnerCoroutine>d__25:MoveNext () (at ./Library/PackageCache/com.unity.test-framework@7a3849e09bd0/UnityEngine.TestRunner/TestRunner/PlaymodeTestsController.cs:100)
UnityEngine.SetupCoroutine:InvokeMoveNext (System.Collections.IEnumerator,intptr)

(Filename: Assets/Scripts/Editor/Testing/VarginhaBatchTestProgress.cs Line: 26)

QA test: Game.Tests.PlayMode.VarginhaPlayerPolishTests.PauseAndDialogueBlockDodgeAndAttack
UnityEngine.Debug:ExtractStackTraceNoAlloc (byte*,int,string)
UnityEngine.StackTraceUtility:ExtractStackTrace ()
UnityEngine.DebugLogHandler:Internal_Log (UnityEngine.LogType,UnityEngine.LogOption,string,UnityEngine.Object)
UnityEngine.DebugLogHandler:LogFormat (UnityEngine.LogType,UnityEngine.Object,string,object[])
UnityEngine.Logger:Log (UnityEngine.LogType,object)
UnityEngine.Debug:Log (object)
Game.Editor.Testing.VarginhaBatchTestProgress:TestStarted (UnityEditor.TestTools.TestRunner.Api.ITestAdaptor) (at Assets/Scripts/Editor/Testing/VarginhaBatchTestProgress.cs:22)
UnityEditor.TestTools.TestRunner.Api.CallbacksDelegator/<>c__DisplayClass12_0:<TestStarted>b__0 (UnityEditor.TestTools.TestRunner.Api.ICallbacks) (at ./Library/PackageCache/com.unity.test-framework@7a3849e09bd0/UnityEditor.TestRunner/Api/CallbacksDelegator.cs:81)
UnityEditor.TestTools.TestRunner.Api.CallbacksDelegator:TryInvokeAllCallbacks (System.Action`1<UnityEditor.TestTools.TestRunner.Api.ICallbacks>) (at ./Library/PackageCache/com.unity.test-framework@7a3849e09bd0/UnityEditor.TestRunner/Api/CallbacksDelegator.cs:135)
UnityEditor.TestTools.TestRunner.Api.CallbacksDelegator:TestStarted (NUnit.Framework.Interfaces.ITest) (at ./Library/PackageCache/com.unity.test-framework@7a3849e09bd0/UnityEditor.TestRunner/Api/CallbacksDelegator.cs:81)
UnityEngine.Events.InvokableCall`1<NUnit.Framework.Interfaces.ITest>:Invoke (NUnit.Framework.Interfaces.ITest)
UnityEngine.Events.UnityEvent`1<NUnit.Framework.Interfaces.ITest>:Invoke (NUnit.Framework.Interfaces.ITest)
UnityEngine.Events.InvokableCall`1<NUnit.Framework.Interfaces.ITest>:Invoke (NUnit.Framework.Interfaces.ITest)
UnityEngine.Events.UnityEvent`1<NUnit.Framework.Interfaces.ITest>:Invoke (NUnit.Framework.Interfaces.ITest)
UnityEngine.TestTools.TestRunner.TestListenerWrapper:TestStarted (NUnit.Framework.Interfaces.ITest) (at ./Library/PackageCache/com.unity.test-framework@7a3849e09bd0/UnityEngine.TestRunner/TestRunner/TestListenerWrapper.cs:19)
UnityEngine.TestRunner.NUnitExtensions.Runner.UnityWorkItem:Execute () (at ./Library/PackageCache/com.unity.test-framework@7a3849e09bd0/UnityEngine.TestRunner/NUnitExtensions/Runner/UnityWorkItem.cs:83)
UnityEngine.TestRunner.NUnitExtensions.Runner.CompositeWorkItem/<RunChildren>d__17:MoveNext () (at ./Library/PackageCache/com.unity.test-framework@7a3849e09bd0/UnityEngine.TestRunner/NUnitExtensions/Runner/CompositeWorkItem.cs:205)
UnityEngine.TestRunner.NUnitExtensions.Runner.CompositeWorkItem/<PerformWork>d__13:MoveNext () (at ./Library/PackageCache/com.unity.test-framework@7a3849e09bd0/UnityEngine.TestRunner/NUnitExtensions/Runner/CompositeWorkItem.cs:83)
UnityEngine.TestRunner.NUnitExtensions.Runner.CompositeWorkItem/<RunChildren>d__17:MoveNext () (at ./Library/PackageCache/com.unity.test-framework@7a3849e09bd0/UnityEngine.TestRunner/NUnitExtensions/Runner/CompositeWorkItem.cs:209)
UnityEngine.TestRunner.NUnitExtensions.Runner.CompositeWorkItem/<PerformWork>d__13:MoveNext () (at ./Library/PackageCache/com.unity.test-framework@7a3849e09bd0/UnityEngine.TestRunner/NUnitExtensions/Runner/CompositeWorkItem.cs:83)
UnityEngine.TestRunner.NUnitExtensions.Runner.CompositeWorkItem/<RunChildren>d__17:MoveNext () (at ./Library/PackageCache/com.unity.test-framework@7a3849e09bd0/UnityEngine.TestRunner/NUnitExtensions/Runner/CompositeWorkItem.cs:209)
UnityEngine.TestRunner.NUnitExtensions.Runner.CompositeWorkItem/<PerformWork>d__13:MoveNext () (at ./Library/PackageCache/com.unity.test-framework@7a3849e09bd0/UnityEngine.TestRunner/NUnitExtensions/Runner/CompositeWorkItem.cs:83)
UnityEngine.TestRunner.NUnitExtensions.Runner.CompositeWorkItem/<RunChildren>d__17:MoveNext () (at ./Library/PackageCache/com.unity.test-framework@7a3849e09bd0/UnityEngine.TestRunner/NUnitExtensions/Runner/CompositeWorkItem.cs:209)
UnityEngine.TestRunner.NUnitExtensions.Runner.CompositeWorkItem/<PerformWork>d__13:MoveNext () (at ./Library/PackageCache/com.unity.test-framework@7a3849e09bd0/UnityEngine.TestRunner/NUnitExtensions/Runner/CompositeWorkItem.cs:83)
UnityEngine.TestRunner.NUnitExtensions.Runner.CompositeWorkItem/<RunChildren>d__17:MoveNext () (at ./Library/PackageCache/com.unity.test-framework@7a3849e09bd0/UnityEngine.TestRunner/NUnitExtensions/Runner/CompositeWorkItem.cs:209)
UnityEngine.TestRunner.NUnitExtensions.Runner.CompositeWorkItem/<PerformWork>d__13:MoveNext () (at ./Library/PackageCache/com.unity.test-framework@7a3849e09bd0/UnityEngine.TestRunner/NUnitExtensions/Runner/CompositeWorkItem.cs:83)
UnityEngine.TestRunner.NUnitExtensions.Runner.CompositeWorkItem/<RunChildren>d__17:MoveNext () (at ./Library/PackageCache/com.unity.test-framework@7a3849e09bd0/UnityEngine.TestRunner/NUnitExtensions/Runner/CompositeWorkItem.cs:209)
UnityEngine.TestRunner.NUnitExtensions.Runner.CompositeWorkItem/<PerformWork>d__13:MoveNext () (at ./Library/PackageCache/com.unity.test-framework@7a3849e09bd0/UnityEngine.TestRunner/NUnitExtensions/Runner/CompositeWorkItem.cs:83)
UnityEngine.TestTools.TestRunner.PlaymodeTestsController/<TestRunnerCoroutine>d__25:MoveNext () (at ./Library/PackageCache/com.unity.test-framework@7a3849e09bd0/UnityEngine.TestRunner/TestRunner/PlaymodeTestsController.cs:100)
UnityEngine.SetupCoroutine:InvokeMoveNext (System.Collections.IEnumerator,intptr)

(Filename: Assets/Scripts/Editor/Testing/VarginhaBatchTestProgress.cs Line: 22)

QA result: Passed Game.Tests.PlayMode.VarginhaPlayerPolishTests.PauseAndDialogueBlockDodgeAndAttack
UnityEngine.Debug:ExtractStackTraceNoAlloc (byte*,int,string)
UnityEngine.StackTraceUtility:ExtractStackTrace ()
UnityEngine.DebugLogHandler:Internal_Log (UnityEngine.LogType,UnityEngine.LogOption,string,UnityEngine.Object)
UnityEngine.DebugLogHandler:LogFormat (UnityEngine.LogType,UnityEngine.Object,string,object[])
UnityEngine.Logger:Log (UnityEngine.LogType,object)
UnityEngine.Debug:Log (object)
Game.Editor.Testing.VarginhaBatchTestProgress:TestFinished (UnityEditor.TestTools.TestRunner.Api.ITestResultAdaptor) (at Assets/Scripts/Editor/Testing/VarginhaBatchTestProgress.cs:26)
UnityEditor.TestTools.TestRunner.Api.CallbacksDelegator/<>c__DisplayClass14_0:<TestFinished>b__0 (UnityEditor.TestTools.TestRunner.Api.ICallbacks) (at ./Library/PackageCache/com.unity.test-framework@7a3849e09bd0/UnityEditor.TestRunner/Api/CallbacksDelegator.cs:95)
UnityEditor.TestTools.TestRunner.Api.CallbacksDelegator:TryInvokeAllCallbacks (System.Action`1<UnityEditor.TestTools.TestRunner.Api.ICallbacks>) (at ./Library/PackageCache/com.unity.test-framework@7a3849e09bd0/UnityEditor.TestRunner/Api/CallbacksDelegator.cs:135)
UnityEditor.TestTools.TestRunner.Api.CallbacksDelegator:TestFinished (NUnit.Framework.Interfaces.ITestResult) (at ./Library/PackageCache/com.unity.test-framework@7a3849e09bd0/UnityEditor.TestRunner/Api/CallbacksDelegator.cs:95)
UnityEngine.Events.InvokableCall`1<NUnit.Framework.Interfaces.ITestResult>:Invoke (NUnit.Framework.Interfaces.ITestResult)
UnityEngine.Events.UnityEvent`1<NUnit.Framework.Interfaces.ITestResult>:Invoke (NUnit.Framework.Interfaces.ITestResult)
UnityEngine.Events.InvokableCall`1<NUnit.Framework.Interfaces.ITestResult>:Invoke (NUnit.Framework.Interfaces.ITestResult)
UnityEngine.Events.UnityEvent`1<NUnit.Framework.Interfaces.ITestResult>:Invoke (NUnit.Framework.Interfaces.ITestResult)
UnityEngine.TestTools.TestRunner.TestListenerWrapper:TestFinished (NUnit.Framework.Interfaces.ITestResult) (at ./Library/PackageCache/com.unity.test-framework@7a3849e09bd0/UnityEngine.TestRunner/TestRunner/TestListenerWrapper.cs:24)
UnityEngine.TestRunner.NUnitExtensions.Runner.UnityWorkItem:WorkItemComplete () (at ./Library/PackageCache/com.unity.test-framework@7a3849e09bd0/UnityEngine.TestRunner/NUnitExtensions/Runner/UnityWorkItem.cs:107)
UnityEngine.TestRunner.NUnitExtensions.Runner.DefaultTestWorkItem/<PerformWork>d__2:<>m__Finally1 () (at ./Library/PackageCache/com.unity.test-framework@7a3849e09bd0/UnityEngine.TestRunner/NUnitExtensions/Runner/DefaultTestWorkItem.cs:98)
UnityEngine.TestRunner.NUnitExtensions.Runner.DefaultTestWorkItem/<PerformWork>d__2:MoveNext () (at ./Library/PackageCache/com.unity.test-framework@7a3849e09bd0/UnityEngine.TestRunner/NUnitExtensions/Runner/DefaultTestWorkItem.cs:95)
UnityEngine.TestRunner.NUnitExtensions.Runner.CompositeWorkItem/<RunChildren>d__17:MoveNext () (at ./Library/PackageCache/com.unity.test-framework@7a3849e09bd0/UnityEngine.TestRunner/NUnitExtensions/Runner/CompositeWorkItem.cs:209)
UnityEngine.TestRunner.NUnitExtensions.Runner.CompositeWorkItem/<PerformWork>d__13:MoveNext () (at ./Library/PackageCache/com.unity.test-framework@7a3849e09bd0/UnityEngine.TestRunner/NUnitExtensions/Runner/CompositeWorkItem.cs:83)
UnityEngine.TestRunner.NUnitExtensions.Runner.CompositeWorkItem/<RunChildren>d__17:MoveNext () (at ./Library/PackageCache/com.unity.test-framework@7a3849e09bd0/UnityEngine.TestRunner/NUnitExtensions/Runner/CompositeWorkItem.cs:209)
UnityEngine.TestRunner.NUnitExtensions.Runner.CompositeWorkItem/<PerformWork>d__13:MoveNext () (at ./Library/PackageCache/com.unity.test-framework@7a3849e09bd0/UnityEngine.TestRunner/NUnitExtensions/Runner/CompositeWorkItem.cs:83)
UnityEngine.TestRunner.NUnitExtensions.Runner.CompositeWorkItem/<RunChildren>d__17:MoveNext () (at ./Library/PackageCache/com.unity.test-framework@7a3849e09bd0/UnityEngine.TestRunner/NUnitExtensions/Runner/CompositeWorkItem.cs:209)
UnityEngine.TestRunner.NUnitExtensions.Runner.CompositeWorkItem/<PerformWork>d__13:MoveNext () (at ./Library/PackageCache/com.unity.test-framework@7a3849e09bd0/UnityEngine.TestRunner/NUnitExtensions/Runner/CompositeWorkItem.cs:83)
UnityEngine.TestRunner.NUnitExtensions.Runner.CompositeWorkItem/<RunChildren>d__17:MoveNext () (at ./Library/PackageCache/com.unity.test-framework@7a3849e09bd0/UnityEngine.TestRunner/NUnitExtensions/Runner/CompositeWorkItem.cs:209)
UnityEngine.TestRunner.NUnitExtensions.Runner.CompositeWorkItem/<PerformWork>d__13:MoveNext () (at ./Library/PackageCache/com.unity.test-framework@7a3849e09bd0/UnityEngine.TestRunner/NUnitExtensions/Runner/CompositeWorkItem.cs:83)
UnityEngine.TestRunner.NUnitExtensions.Runner.CompositeWorkItem/<RunChildren>d__17:MoveNext () (at ./Library/PackageCache/com.unity.test-framework@7a3849e09bd0/UnityEngine.TestRunner/NUnitExtensions/Runner/CompositeWorkItem.cs:209)
UnityEngine.TestRunner.NUnitExtensions.Runner.CompositeWorkItem/<PerformWork>d__13:MoveNext () (at ./Library/PackageCache/com.unity.test-framework@7a3849e09bd0/UnityEngine.TestRunner/NUnitExtensions/Runner/CompositeWorkItem.cs:83)
UnityEngine.TestRunner.NUnitExtensions.Runner.CompositeWorkItem/<RunChildren>d__17:MoveNext () (at ./Library/PackageCache/com.unity.test-framework@7a3849e09bd0/UnityEngine.TestRunner/NUnitExtensions/Runner/CompositeWorkItem.cs:209)
UnityEngine.TestRunner.NUnitExtensions.Runner.CompositeWorkItem/<PerformWork>d__13:MoveNext () (at ./Library/PackageCache/com.unity.test-framework@7a3849e09bd0/UnityEngine.TestRunner/NUnitExtensions/Runner/CompositeWorkItem.cs:83)
UnityEngine.TestTools.TestRunner.PlaymodeTestsController/<TestRunnerCoroutine>d__25:MoveNext () (at ./Library/PackageCache/com.unity.test-framework@7a3849e09bd0/UnityEngine.TestRunner/TestRunner/PlaymodeTestsController.cs:100)
UnityEngine.SetupCoroutine:InvokeMoveNext (System.Collections.IEnumerator,intptr)

(Filename: Assets/Scripts/Editor/Testing/VarginhaBatchTestProgress.cs Line: 26)

QA test: Game.Tests.PlayMode.VarginhaPlayerPolishTests.PausingDuringHitstopDoesNotResumeGame
UnityEngine.Debug:ExtractStackTraceNoAlloc (byte*,int,string)
UnityEngine.StackTraceUtility:ExtractStackTrace ()
UnityEngine.DebugLogHandler:Internal_Log (UnityEngine.LogType,UnityEngine.LogOption,string,UnityEngine.Object)
UnityEngine.DebugLogHandler:LogFormat (UnityEngine.LogType,UnityEngine.Object,string,object[])
UnityEngine.Logger:Log (UnityEngine.LogType,object)
UnityEngine.Debug:Log (object)
Game.Editor.Testing.VarginhaBatchTestProgress:TestStarted (UnityEditor.TestTools.TestRunner.Api.ITestAdaptor) (at Assets/Scripts/Editor/Testing/VarginhaBatchTestProgress.cs:22)
UnityEditor.TestTools.TestRunner.Api.CallbacksDelegator/<>c__DisplayClass12_0:<TestStarted>b__0 (UnityEditor.TestTools.TestRunner.Api.ICallbacks) (at ./Library/PackageCache/com.unity.test-framework@7a3849e09bd0/UnityEditor.TestRunner/Api/CallbacksDelegator.cs:81)
UnityEditor.TestTools.TestRunner.Api.CallbacksDelegator:TryInvokeAllCallbacks (System.Action`1<UnityEditor.TestTools.TestRunner.Api.ICallbacks>) (at ./Library/PackageCache/com.unity.test-framework@7a3849e09bd0/UnityEditor.TestRunner/Api/CallbacksDelegator.cs:135)
UnityEditor.TestTools.TestRunner.Api.CallbacksDelegator:TestStarted (NUnit.Framework.Interfaces.ITest) (at ./Library/PackageCache/com.unity.test-framework@7a3849e09bd0/UnityEditor.TestRunner/Api/CallbacksDelegator.cs:81)
UnityEngine.Events.InvokableCall`1<NUnit.Framework.Interfaces.ITest>:Invoke (NUnit.Framework.Interfaces.ITest)
UnityEngine.Events.UnityEvent`1<NUnit.Framework.Interfaces.ITest>:Invoke (NUnit.Framework.Interfaces.ITest)
UnityEngine.Events.InvokableCall`1<NUnit.Framework.Interfaces.ITest>:Invoke (NUnit.Framework.Interfaces.ITest)
UnityEngine.Events.UnityEvent`1<NUnit.Framework.Interfaces.ITest>:Invoke (NUnit.Framework.Interfaces.ITest)
UnityEngine.TestTools.TestRunner.TestListenerWrapper:TestStarted (NUnit.Framework.Interfaces.ITest) (at ./Library/PackageCache/com.unity.test-framework@7a3849e09bd0/UnityEngine.TestRunner/TestRunner/TestListenerWrapper.cs:19)
UnityEngine.TestRunner.NUnitExtensions.Runner.UnityWorkItem:Execute () (at ./Library/PackageCache/com.unity.test-framework@7a3849e09bd0/UnityEngine.TestRunner/NUnitExtensions/Runner/UnityWorkItem.cs:83)
UnityEngine.TestRunner.NUnitExtensions.Runner.CompositeWorkItem/<RunChildren>d__17:MoveNext () (at ./Library/PackageCache/com.unity.test-framework@7a3849e09bd0/UnityEngine.TestRunner/NUnitExtensions/Runner/CompositeWorkItem.cs:205)
UnityEngine.TestRunner.NUnitExtensions.Runner.CompositeWorkItem/<PerformWork>d__13:MoveNext () (at ./Library/PackageCache/com.unity.test-framework@7a3849e09bd0/UnityEngine.TestRunner/NUnitExtensions/Runner/CompositeWorkItem.cs:83)
UnityEngine.TestRunner.NUnitExtensions.Runner.CompositeWorkItem/<RunChildren>d__17:MoveNext () (at ./Library/PackageCache/com.unity.test-framework@7a3849e09bd0/UnityEngine.TestRunner/NUnitExtensions/Runner/CompositeWorkItem.cs:209)
UnityEngine.TestRunner.NUnitExtensions.Runner.CompositeWorkItem/<PerformWork>d__13:MoveNext () (at ./Library/PackageCache/com.unity.test-framework@7a3849e09bd0/UnityEngine.TestRunner/NUnitExtensions/Runner/CompositeWorkItem.cs:83)
UnityEngine.TestRunner.NUnitExtensions.Runner.CompositeWorkItem/<RunChildren>d__17:MoveNext () (at ./Library/PackageCache/com.unity.test-framework@7a3849e09bd0/UnityEngine.TestRunner/NUnitExtensions/Runner/CompositeWorkItem.cs:209)
UnityEngine.TestRunner.NUnitExtensions.Runner.CompositeWorkItem/<PerformWork>d__13:MoveNext () (at ./Library/PackageCache/com.unity.test-framework@7a3849e09bd0/UnityEngine.TestRunner/NUnitExtensions/Runner/CompositeWorkItem.cs:83)
UnityEngine.TestRunner.NUnitExtensions.Runner.CompositeWorkItem/<RunChildren>d__17:MoveNext () (at ./Library/PackageCache/com.unity.test-framework@7a3849e09bd0/UnityEngine.TestRunner/NUnitExtensions/Runner/CompositeWorkItem.cs:209)
UnityEngine.TestRunner.NUnitExtensions.Runner.CompositeWorkItem/<PerformWork>d__13:MoveNext () (at ./Library/PackageCache/com.unity.test-framework@7a3849e09bd0/UnityEngine.TestRunner/NUnitExtensions/Runner/CompositeWorkItem.cs:83)
UnityEngine.TestRunner.NUnitExtensions.Runner.CompositeWorkItem/<RunChildren>d__17:MoveNext () (at ./Library/PackageCache/com.unity.test-framework@7a3849e09bd0/UnityEngine.TestRunner/NUnitExtensions/Runner/CompositeWorkItem.cs:209)
UnityEngine.TestRunner.NUnitExtensions.Runner.CompositeWorkItem/<PerformWork>d__13:MoveNext () (at ./Library/PackageCache/com.unity.test-framework@7a3849e09bd0/UnityEngine.TestRunner/NUnitExtensions/Runner/CompositeWorkItem.cs:83)
UnityEngine.TestRunner.NUnitExtensions.Runner.CompositeWorkItem/<RunChildren>d__17:MoveNext () (at ./Library/PackageCache/com.unity.test-framework@7a3849e09bd0/UnityEngine.TestRunner/NUnitExtensions/Runner/CompositeWorkItem.cs:209)
UnityEngine.TestRunner.NUnitExtensions.Runner.CompositeWorkItem/<PerformWork>d__13:MoveNext () (at ./Library/PackageCache/com.unity.test-framework@7a3849e09bd0/UnityEngine.TestRunner/NUnitExtensions/Runner/CompositeWorkItem.cs:83)
UnityEngine.TestTools.TestRunner.PlaymodeTestsController/<TestRunnerCoroutine>d__25:MoveNext () (at ./Library/PackageCache/com.unity.test-framework@7a3849e09bd0/UnityEngine.TestRunner/TestRunner/PlaymodeTestsController.cs:100)
UnityEngine.SetupCoroutine:InvokeMoveNext (System.Collections.IEnumerator,intptr)

(Filename: Assets/Scripts/Editor/Testing/VarginhaBatchTestProgress.cs Line: 22)

There are no audio listeners in the scene. Please ensure there is always one audio listener in the scene
There are no audio listeners in the scene. Please ensure there is always one audio listener in the scene
There are no audio listeners in the scene. Please ensure there is always one audio listener in the scene
There are no audio listeners in the scene. Please ensure there is always one audio listener in the scene
There are no audio listeners in the scene. Please ensure there is always one audio listener in the scene
There are no audio listeners in the scene. Please ensure there is always one audio listener in the scene
There are no audio listeners in the scene. Please ensure there is always one audio listener in the scene
There are no audio listeners in the scene. Please ensure there is always one audio listener in the scene
There are no audio listeners in the scene. Please ensure there is always one audio listener in the scene
There are no audio listeners in the scene. Please ensure there is always one audio listener in the scene
There are no audio listeners in the scene. Please ensure there is always one audio listener in the scene
There are no audio listeners in the scene. Please ensure there is always one audio listener in the scene
There are no audio listeners in the scene. Please ensure there is always one audio listener in the scene
There are no audio listeners in the scene. Please ensure there is always one audio listener in the scene
There are no audio listeners in the scene. Please ensure there is always one audio listener in the scene
There are no audio listeners in the scene. Please ensure there is always one audio listener in the scene
There are no audio listeners in the scene. Please ensure there is always one audio listener in the scene
There are no audio listeners in the scene. Please ensure there is always one audio listener in the scene
There are no audio listeners in the scene. Please ensure there is always one audio listener in the scene
There are no audio listeners in the scene. Please ensure there is always one audio listener in the scene
There are no audio listeners in the scene. Please ensure there is always one audio listener in the scene
There are no audio listeners in the scene. Please ensure there is always one audio listener in the scene
There are no audio listeners in the scene. Please ensure there is always one audio listener in the scene
There are no audio listeners in the scene. Please ensure there is always one audio listener in the scene
There are no audio listeners in the scene. Please ensure there is always one audio listener in the scene
There are no audio listeners in the scene. Please ensure there is always one audio listener in the scene
There are no audio listeners in the scene. Please ensure there is always one audio listener in the scene
There are no audio listeners in the scene. Please ensure there is always one audio listener in the scene
There are no audio listeners in the scene. Please ensure there is always one audio listener in the scene
There are no audio listeners in the scene. Please ensure there is always one audio listener in the scene
There are no audio listeners in the scene. Please ensure there is always one audio listener in the scene
There are no audio listeners in the scene. Please ensure there is always one audio listener in the scene
There are no audio listeners in the scene. Please ensure there is always one audio listener in the scene
There are no audio listeners in the scene. Please ensure there is always one audio listener in the scene
There are no audio listeners in the scene. Please ensure there is always one audio listener in the scene
There are no audio listeners in the scene. Please ensure there is always one audio listener in the scene
There are no audio listeners in the scene. Please ensure there is always one audio listener in the scene
There are no audio listeners in the scene. Please ensure there is always one audio listener in the scene
There are no audio listeners in the scene. Please ensure there is always one audio listener in the scene
There are no audio listeners in the scene. Please ensure there is always one audio listener in the scene
There are no audio listeners in the scene. Please ensure there is always one audio listener in the scene
There are no audio listeners in the scene. Please ensure there is always one audio listener in the scene
There are no audio listeners in the scene. Please ensure there is always one audio listener in the scene
There are no audio listeners in the scene. Please ensure there is always one audio listener in the scene
There are no audio listeners in the scene. Please ensure there is always one audio listener in the scene
There are no audio listeners in the scene. Please ensure there is always one audio listener in the scene
There are no audio listeners in the scene. Please ensure there is always one audio listener in the scene
There are no audio listeners in the scene. Please ensure there is always one audio listener in the scene
There are no audio listeners in the scene. Please ensure there is always one audio listener in the scene
There are no audio listeners in the scene. Please ensure there is always one audio listener in the scene
There are no audio listeners in the scene. Please ensure there is always one audio listener in the scene
There are no audio listeners in the scene. Please ensure there is always one audio listener in the scene
There are no audio listeners in the scene. Please ensure there is always one audio listener in the scene
There are no audio listeners in the scene. Please ensure there is always one audio listener in the scene
There are no audio listeners in the scene. Please ensure there is always one audio listener in the scene
There are no audio listeners in the scene. Please ensure there is always one audio listener in the scene
There are no audio listeners in the scene. Please ensure there is always one audio listener in the scene
There are no audio listeners in the scene. Please ensure there is always one audio listener in the scene
There are no audio listeners in the scene. Please ensure there is always one audio listener in the scene
There are no audio listeners in the scene. Please ensure there is always one audio listener in the scene
There are no audio listeners in the scene. Please ensure there is always one audio listener in the scene
There are no audio listeners in the scene. Please ensure there is always one audio listener in the scene
There are no audio listeners in the scene. Please ensure there is always one audio listener in the scene
There are no audio listeners in the scene. Please ensure there is always one audio listener in the scene
There are no audio listeners in the scene. Please ensure there is always one audio listener in the scene
There are no audio listeners in the scene. Please ensure there is always one audio listener in the scene
There are no audio listeners in the scene. Please ensure there is always one audio listener in the scene
There are no audio listeners in the scene. Please ensure there is always one audio listener in the scene
There are no audio listeners in the scene. Please ensure there is always one audio listener in the scene
There are no audio listeners in the scene. Please ensure there is always one audio listener in the scene
There are no audio listeners in the scene. Please ensure there is always one audio listener in the scene
There are no audio listeners in the scene. Please ensure there is always one audio listener in the scene
There are no audio listeners in the scene. Please ensure there is always one audio listener in the scene
There are no audio listeners in the scene. Please ensure there is always one audio listener in the scene
There are no audio listeners in the scene. Please ensure there is always one audio listener in the scene
There are no audio listeners in the scene. Please ensure there is always one audio listener in the scene
There are no audio listeners in the scene. Please ensure there is always one audio listener in the scene
There are no audio listeners in the scene. Please ensure there is always one audio listener in the scene
There are no audio listeners in the scene. Please ensure there is always one audio listener in the scene
There are no audio listeners in the scene. Please ensure there is always one audio listener in the scene
There are no audio listeners in the scene. Please ensure there is always one audio listener in the scene
There are no audio listeners in the scene. Please ensure there is always one audio listener in the scene
There are no audio listeners in the scene. Please ensure there is always one audio listener in the scene
There are no audio listeners in the scene. Please ensure there is always one audio listener in the scene
There are no audio listeners in the scene. Please ensure there is always one audio listener in the scene
There are no audio listeners in the scene. Please ensure there is always one audio listener in the scene
There are no audio listeners in the scene. Please ensure there is always one audio listener in the scene
There are no audio listeners in the scene. Please ensure there is always one audio listener in the scene
There are no audio listeners in the scene. Please ensure there is always one audio listener in the scene
There are no audio listeners in the scene. Please ensure there is always one audio listener in the scene
There are no audio listeners in the scene. Please ensure there is always one audio listener in the scene
There are no audio listeners in the scene. Please ensure there is always one audio listener in the scene
There are no audio listeners in the scene. Please ensure there is always one audio listener in the scene
There are no audio listeners in the scene. Please ensure there is always one audio listener in the scene
There are no audio listeners in the scene. Please ensure there is always one audio listener in the scene
There are no audio listeners in the scene. Please ensure there is always one audio listener in the scene
There are no audio listeners in the scene. Please ensure there is always one audio listener in the scene
There are no audio listeners in the scene. Please ensure there is always one audio listener in the scene
There are no audio listeners in the scene. Please ensure there is always one audio listener in the scene
There are no audio listeners in the scene. Please ensure there is always one audio listener in the scene
There are no audio listeners in the scene. Please ensure there is always one audio listener in the scene
There are no audio listeners in the scene. Please ensure there is always one audio listener in the scene
There are no audio listeners in the scene. Please ensure there is always one audio listener in the scene
There are no audio listeners in the scene. Please ensure there is always one audio listener in the scene
There are no audio listeners in the scene. Please ensure there is always one audio listener in the scene
There are no audio listeners in the scene. Please ensure there is always one audio listener in the scene
There are no audio listeners in the scene. Please ensure there is always one audio listener in the scene
There are no audio listeners in the scene. Please ensure there is always one audio listener in the scene
There are no audio listeners in the scene. Please ensure there is always one audio listener in the scene
There are no audio listeners in the scene. Please ensure there is always one audio listener in the scene
There are no audio listeners in the scene. Please ensure there is always one audio listener in the scene
There are no audio listeners in the scene. Please ensure there is always one audio listener in the scene
There are no audio listeners in the scene. Please ensure there is always one audio listener in the scene
There are no audio listeners in the scene. Please ensure there is always one audio listener in the scene
There are no audio listeners in the scene. Please ensure there is always one audio listener in the scene
There are no audio listeners in the scene. Please ensure there is always one audio listener in the scene
There are no audio listeners in the scene. Please ensure there is always one audio listener in the scene
There are no audio listeners in the scene. Please ensure there is always one audio listener in the scene
There are no audio listeners in the scene. Please ensure there is always one audio listener in the scene
There are no audio listeners in the scene. Please ensure there is always one audio listener in the scene
There are no audio listeners in the scene. Please ensure there is always one audio listener in the scene
There are no audio listeners in the scene. Please ensure there is always one audio listener in the scene
There are no audio listeners in the scene. Please ensure there is always one audio listener in the scene
There are no audio listeners in the scene. Please ensure there is always one audio listener in the scene
There are no audio listeners in the scene. Please ensure there is always one audio listener in the scene
There are no audio listeners in the scene. Please ensure there is always one audio listener in the scene
There are no audio listeners in the scene. Please ensure there is always one audio listener in the scene
There are no audio listeners in the scene. Please ensure there is always one audio listener in the scene
There are no audio listeners in the scene. Please ensure there is always one audio listener in the scene
There are no audio listeners in the scene. Please ensure there is always one audio listener in the scene
There are no audio listeners in the scene. Please ensure there is always one audio listener in the scene
There are no audio listeners in the scene. Please ensure there is always one audio listener in the scene
There are no audio listeners in the scene. Please ensure there is always one audio listener in the scene
There are no audio listeners in the scene. Please ensure there is always one audio listener in the scene
There are no audio listeners in the scene. Please ensure there is always one audio listener in the scene
There are no audio listeners in the scene. Please ensure there is always one audio listener in the scene
There are no audio listeners in the scene. Please ensure there is always one audio listener in the scene
There are no audio listeners in the scene. Please ensure there is always one audio listener in the scene
There are no audio listeners in the scene. Please ensure there is always one audio listener in the scene
There are no audio listeners in the scene. Please ensure there is always one audio listener in the scene
There are no audio listeners in the scene. Please ensure there is always one audio listener in the scene
There are no audio listeners in the scene. Please ensure there is always one audio listener in the scene
There are no audio listeners in the scene. Please ensure there is always one audio listener in the scene
There are no audio listeners in the scene. Please ensure there is always one audio listener in the scene
There are no audio listeners in the scene. Please ensure there is always one audio listener in the scene
There are no audio listeners in the scene. Please ensure there is always one audio listener in the scene
There are no audio listeners in the scene. Please ensure there is always one audio listener in the scene
There are no audio listeners in the scene. Please ensure there is always one audio listener in the scene
There are no audio listeners in the scene. Please ensure there is always one audio listener in the scene
There are no audio listeners in the scene. Please ensure there is always one audio listener in the scene
There are no audio listeners in the scene. Please ensure there is always one audio listener in the scene
There are no audio listeners in the scene. Please ensure there is always one audio listener in the scene
There are no audio listeners in the scene. Please ensure there is always one audio listener in the scene
There are no audio listeners in the scene. Please ensure there is always one audio listener in the scene
There are no audio listeners in the scene. Please ensure there is always one audio listener in the scene
There are no audio listeners in the scene. Please ensure there is always one audio listener in the scene
There are no audio listeners in the scene. Please ensure there is always one audio listener in the scene
There are no audio listeners in the scene. Please ensure there is always one audio listener in the scene
There are no audio listeners in the scene. Please ensure there is always one audio listener in the scene
There are no audio listeners in the scene. Please ensure there is always one audio listener in the scene
There are no audio listeners in the scene. Please ensure there is always one audio listener in the scene
There are no audio listeners in the scene. Please ensure there is always one audio listener in the scene
There are no audio listeners in the scene. Please ensure there is always one audio listener in the scene
There are no audio listeners in the scene. Please ensure there is always one audio listener in the scene
There are no audio listeners in the scene. Please ensure there is always one audio listener in the scene
There are no audio listeners in the scene. Please ensure there is always one audio listener in the scene
There are no audio listeners in the scene. Please ensure there is always one audio listener in the scene
There are no audio listeners in the scene. Please ensure there is always one audio listener in the scene
There are no audio listeners in the scene. Please ensure there is always one audio listener in the scene
There are no audio listeners in the scene. Please ensure there is always one audio listener in the scene
There are no audio listeners in the scene. Please ensure there is always one audio listener in the scene
There are no audio listeners in the scene. Please ensure there is always one audio listener in the scene
There are no audio listeners in the scene. Please ensure there is always one audio listener in the scene
There are no audio listeners in the scene. Please ensure there is always one audio listener in the scene
There are no audio listeners in the scene. Please ensure there is always one audio listener in the scene
There are no audio listeners in the scene. Please ensure there is always one audio listener in the scene
There are no audio listeners in the scene. Please ensure there is always one audio listener in the scene
There are no audio listeners in the scene. Please ensure there is always one audio listener in the scene
There are no audio listeners in the scene. Please ensure there is always one audio listener in the scene
There are no audio listeners in the scene. Please ensure there is always one audio listener in the scene
There are no audio listeners in the scene. Please ensure there is always one audio listener in the scene
There are no audio listeners in the scene. Please ensure there is always one audio listener in the scene
There are no audio listeners in the scene. Please ensure there is always one audio listener in the scene
There are no audio listeners in the scene. Please ensure there is always one audio listener in the scene
There are no audio listeners in the scene. Please ensure there is always one audio listener in the scene
There are no audio listeners in the scene. Please ensure there is always one audio listener in the scene
There are no audio listeners in the scene. Please ensure there is always one audio listener in the scene
There are no audio listeners in the scene. Please ensure there is always one audio listener in the scene
There are no audio listeners in the scene. Please ensure there is always one audio listener in the scene
There are no audio listeners in the scene. Please ensure there is always one audio listener in the scene
There are no audio listeners in the scene. Please ensure there is always one audio listener in the scene
There are no audio listeners in the scene. Please ensure there is always one audio listener in the scene
There are no audio listeners in the scene. Please ensure there is always one audio listener in the scene
There are no audio listeners in the scene. Please ensure there is always one audio listener in the scene
There are no audio listeners in the scene. Please ensure there is always one audio listener in the scene
There are no audio listeners in the scene. Please ensure there is always one audio listener in the scene
There are no audio listeners in the scene. Please ensure there is always one audio listener in the scene
There are no audio listeners in the scene. Please ensure there is always one audio listener in the scene
There are no audio listeners in the scene. Please ensure there is always one audio listener in the scene
There are no audio listeners in the scene. Please ensure there is always one audio listener in the scene
There are no audio listeners in the scene. Please ensure there is always one audio listener in the scene
There are no audio listeners in the scene. Please ensure there is always one audio listener in the scene
There are no audio listeners in the scene. Please ensure there is always one audio listener in the scene
There are no audio listeners in the scene. Please ensure there is always one audio listener in the scene
There are no audio listeners in the scene. Please ensure there is always one audio listener in the scene
There are no audio listeners in the scene. Please ensure there is always one audio listener in the scene
There are no audio listeners in the scene. Please ensure there is always one audio listener in the scene
There are no audio listeners in the scene. Please ensure there is always one audio listener in the scene
There are no audio listeners in the scene. Please ensure there is always one audio listener in the scene
There are no audio listeners in the scene. Please ensure there is always one audio listener in the scene
There are no audio listeners in the scene. Please ensure there is always one audio listener in the scene
There are no audio listeners in the scene. Please ensure there is always one audio listener in the scene
There are no audio listeners in the scene. Please ensure there is always one audio listener in the scene
There are no audio listeners in the scene. Please ensure there is always one audio listener in the scene
There are no audio listeners in the scene. Please ensure there is always one audio listener in the scene
There are no audio listeners in the scene. Please ensure there is always one audio listener in the scene
There are no audio listeners in the scene. Please ensure there is always one audio listener in the scene
There are no audio listeners in the scene. Please ensure there is always one audio listener in the scene
There are no audio listeners in the scene. Please ensure there is always one audio listener in the scene
There are no audio listeners in the scene. Please ensure there is always one audio listener in the scene
There are no audio listeners in the scene. Please ensure there is always one audio listener in the scene
There are no audio listeners in the scene. Please ensure there is always one audio listener in the scene
There are no audio listeners in the scene. Please ensure there is always one audio listener in the scene
There are no audio listeners in the scene. Please ensure there is always one audio listener in the scene
There are no audio listeners in the scene. Please ensure there is always one audio listener in the scene
There are no audio listeners in the scene. Please ensure there is always one audio listener in the scene
There are no audio listeners in the scene. Please ensure there is always one audio listener in the scene
There are no audio listeners in the scene. Please ensure there is always one audio listener in the scene
There are no audio listeners in the scene. Please ensure there is always one audio listener in the scene
There are no audio listeners in the scene. Please ensure there is always one audio listener in the scene
There are no audio listeners in the scene. Please ensure there is always one audio listener in the scene
There are no audio listeners in the scene. Please ensure there is always one audio listener in the scene
There are no audio listeners in the scene. Please ensure there is always one audio listener in the scene
There are no audio listeners in the scene. Please ensure there is always one audio listener in the scene
There are no audio listeners in the scene. Please ensure there is always one audio listener in the scene
There are no audio listeners in the scene. Please ensure there is always one audio listener in the scene
There are no audio listeners in the scene. Please ensure there is always one audio listener in the scene
There are no audio listeners in the scene. Please ensure there is always one audio listener in the scene
There are no audio listeners in the scene. Please ensure there is always one audio listener in the scene
There are no audio listeners in the scene. Please ensure there is always one audio listener in the scene
There are no audio listeners in the scene. Please ensure there is always one audio listener in the scene
There are no audio listeners in the scene. Please ensure there is always one audio listener in the scene
There are no audio listeners in the scene. Please ensure there is always one audio listener in the scene
There are no audio listeners in the scene. Please ensure there is always one audio listener in the scene
There are no audio listeners in the scene. Please ensure there is always one audio listener in the scene
There are no audio listeners in the scene. Please ensure there is always one audio listener in the scene
There are no audio listeners in the scene. Please ensure there is always one audio listener in the scene
There are no audio listeners in the scene. Please ensure there is always one audio listener in the scene
There are no audio listeners in the scene. Please ensure there is always one audio listener in the scene
There are no audio listeners in the scene. Please ensure there is always one audio listener in the scene
There are no audio listeners in the scene. Please ensure there is always one audio listener in the scene
There are no audio listeners in the scene. Please ensure there is always one audio listener in the scene
There are no audio listeners in the scene. Please ensure there is always one audio listener in the scene
There are no audio listeners in the scene. Please ensure there is always one audio listener in the scene
There are no audio listeners in the scene. Please ensure there is always one audio listener in the scene
There are no audio listeners in the scene. Please ensure there is always one audio listener in the scene
There are no audio listeners in the scene. Please ensure there is always one audio listener in the scene
There are no audio listeners in the scene. Please ensure there is always one audio listener in the scene
There are no audio listeners in the scene. Please ensure there is always one audio listener in the scene
There are no audio listeners in the scene. Please ensure there is always one audio listener in the scene
There are no audio listeners in the scene. Please ensure there is always one audio listener in the scene
There are no audio listeners in the scene. Please ensure there is always one audio listener in the scene
There are no audio listeners in the scene. Please ensure there is always one audio listener in the scene
There are no audio listeners in the scene. Please ensure there is always one audio listener in the scene
There are no audio listeners in the scene. Please ensure there is always one audio listener in the scene
There are no audio listeners in the scene. Please ensure there is always one audio listener in the scene
There are no audio listeners in the scene. Please ensure there is always one audio listener in the scene
There are no audio listeners in the scene. Please ensure there is always one audio listener in the scene
There are no audio listeners in the scene. Please ensure there is always one audio listener in the scene
There are no audio listeners in the scene. Please ensure there is always one audio listener in the scene
There are no audio listeners in the scene. Please ensure there is always one audio listener in the scene
There are no audio listeners in the scene. Please ensure there is always one audio listener in the scene
There are no audio listeners in the scene. Please ensure there is always one audio listener in the scene
There are no audio listeners in the scene. Please ensure there is always one audio listener in the scene
There are no audio listeners in the scene. Please ensure there is always one audio listener in the scene
There are no audio listeners in the scene. Please ensure there is always one audio listener in the scene
There are no audio listeners in the scene. Please ensure there is always one audio listener in the scene
There are no audio listeners in the scene. Please ensure there is always one audio listener in the scene
There are no audio listeners in the scene. Please ensure there is always one audio listener in the scene
There are no audio listeners in the scene. Please ensure there is always one audio listener in the scene
There are no audio listeners in the scene. Please ensure there is always one audio listener in the scene
There are no audio listeners in the scene. Please ensure there is always one audio listener in the scene
There are no audio listeners in the scene. Please ensure there is always one audio listener in the scene
There are no audio listeners in the scene. Please ensure there is always one audio listener in the scene
There are no audio listeners in the scene. Please ensure there is always one audio listener in the scene
There are no audio listeners in the scene. Please ensure there is always one audio listener in the scene
There are no audio listeners in the scene. Please ensure there is always one audio listener in the scene
There are no audio listeners in the scene. Please ensure there is always one audio listener in the scene
There are no audio listeners in the scene. Please ensure there is always one audio listener in the scene
There are no audio listeners in the scene. Please ensure there is always one audio listener in the scene
There are no audio listeners in the scene. Please ensure there is always one audio listener in the scene
There are no audio listeners in the scene. Please ensure there is always one audio listener in the scene
There are no audio listeners in the scene. Please ensure there is always one audio listener in the scene
There are no audio listeners in the scene. Please ensure there is always one audio listener in the scene
There are no audio listeners in the scene. Please ensure there is always one audio listener in the scene
There are no audio listeners in the scene. Please ensure there is always one audio listener in the scene
There are no audio listeners in the scene. Please ensure there is always one audio listener in the scene
There are no audio listeners in the scene. Please ensure there is always one audio listener in the scene
There are no audio listeners in the scene. Please ensure there is always one audio listener in the scene
There are no audio listeners in the scene. Please ensure there is always one audio listener in the scene
There are no audio listeners in the scene. Please ensure there is always one audio listener in the scene
There are no audio listeners in the scene. Please ensure there is always one audio listener in the scene
There are no audio listeners in the scene. Please ensure there is always one audio listener in the scene
There are no audio listeners in the scene. Please ensure there is always one audio listener in the scene
There are no audio listeners in the scene. Please ensure there is always one audio listener in the scene
There are no audio listeners in the scene. Please ensure there is always one audio listener in the scene
There are no audio listeners in the scene. Please ensure there is always one audio listener in the scene
There are no audio listeners in the scene. Please ensure there is always one audio listener in the scene
There are no audio listeners in the scene. Please ensure there is always one audio listener in the scene
There are no audio listeners in the scene. Please ensure there is always one audio listener in the scene
There are no audio listeners in the scene. Please ensure there is always one audio listener in the scene
There are no audio listeners in the scene. Please ensure there is always one audio listener in the scene
There are no audio listeners in the scene. Please ensure there is always one audio listener in the scene
There are no audio listeners in the scene. Please ensure there is always one audio listener in the scene
There are no audio listeners in the scene. Please ensure there is always one audio listener in the scene
There are no audio listeners in the scene. Please ensure there is always one audio listener in the scene
There are no audio listeners in the scene. Please ensure there is always one audio listener in the scene
There are no audio listeners in the scene. Please ensure there is always one audio listener in the scene
There are no audio listeners in the scene. Please ensure there is always one audio listener in the scene
There are no audio listeners in the scene. Please ensure there is always one audio listener in the scene
There are no audio listeners in the scene. Please ensure there is always one audio listener in the scene
There are no audio listeners in the scene. Please ensure there is always one audio listener in the scene
There are no audio listeners in the scene. Please ensure there is always one audio listener in the scene
There are no audio listeners in the scene. Please ensure there is always one audio listener in the scene
There are no audio listeners in the scene. Please ensure there is always one audio listener in the scene
There are no audio listeners in the scene. Please ensure there is always one audio listener in the scene
There are no audio listeners in the scene. Please ensure there is always one audio listener in the scene
There are no audio listeners in the scene. Please ensure there is always one audio listener in the scene
There are no audio listeners in the scene. Please ensure there is always one audio listener in the scene
There are no audio listeners in the scene. Please ensure there is always one audio listener in the scene
There are no audio listeners in the scene. Please ensure there is always one audio listener in the scene
There are no audio listeners in the scene. Please ensure there is always one audio listener in the scene
There are no audio listeners in the scene. Please ensure there is always one audio listener in the scene
There are no audio listeners in the scene. Please ensure there is always one audio listener in the scene
There are no audio listeners in the scene. Please ensure there is always one audio listener in the scene
There are no audio listeners in the scene. Please ensure there is always one audio listener in the scene
There are no audio listeners in the scene. Please ensure there is always one audio listener in the scene
There are no audio listeners in the scene. Please ensure there is always one audio listener in the scene
There are no audio listeners in the scene. Please ensure there is always one audio listener in the scene
There are no audio listeners in the scene. Please ensure there is always one audio listener in the scene
There are no audio listeners in the scene. Please ensure there is always one audio listener in the scene
There are no audio listeners in the scene. Please ensure there is always one audio listener in the scene
There are no audio listeners in the scene. Please ensure there is always one audio listener in the scene
There are no audio listeners in the scene. Please ensure there is always one audio listener in the scene
There are no audio listeners in the scene. Please ensure there is always one audio listener in the scene
There are no audio listeners in the scene. Please ensure there is always one audio listener in the scene
There are no audio listeners in the scene. Please ensure there is always one audio listener in the scene
There are no audio listeners in the scene. Please ensure there is always one audio listener in the scene
There are no audio listeners in the scene. Please ensure there is always one audio listener in the scene
There are no audio listeners in the scene. Please ensure there is always one audio listener in the scene
There are no audio listeners in the scene. Please ensure there is always one audio listener in the scene
There are no audio listeners in the scene. Please ensure there is always one audio listener in the scene
There are no audio listeners in the scene. Please ensure there is always one audio listener in the scene
There are no audio listeners in the scene. Please ensure there is always one audio listener in the scene
There are no audio listeners in the scene. Please ensure there is always one audio listener in the scene
There are no audio listeners in the scene. Please ensure there is always one audio listener in the scene
There are no audio listeners in the scene. Please ensure there is always one audio listener in the scene
There are no audio listeners in the scene. Please ensure there is always one audio listener in the scene
There are no audio listeners in the scene. Please ensure there is always one audio listener in the scene
There are no audio listeners in the scene. Please ensure there is always one audio listener in the scene
There are no audio listeners in the scene. Please ensure there is always one audio listener in the scene
There are no audio listeners in the scene. Please ensure there is always one audio listener in the scene
There are no audio listeners in the scene. Please ensure there is always one audio listener in the scene
There are no audio listeners in the scene. Please ensure there is always one audio listener in the scene
There are no audio listeners in the scene. Please ensure there is always one audio listener in the scene
There are no audio listeners in the scene. Please ensure there is always one audio listener in the scene
There are no audio listeners in the scene. Please ensure there is always one audio listener in the scene
There are no audio listeners in the scene. Please ensure there is always one audio listener in the scene
There are no audio listeners in the scene. Please ensure there is always one audio listener in the scene
There are no audio listeners in the scene. Please ensure there is always one audio listener in the scene
There are no audio listeners in the scene. Please ensure there is always one audio listener in the scene
There are no audio listeners in the scene. Please ensure there is always one audio listener in the scene
There are no audio listeners in the scene. Please ensure there is always one audio listener in the scene
There are no audio listeners in the scene. Please ensure there is always one audio listener in the scene
There are no audio listeners in the scene. Please ensure there is always one audio listener in the scene
There are no audio listeners in the scene. Please ensure there is always one audio listener in the scene
There are no audio listeners in the scene. Please ensure there is always one audio listener in the scene
There are no audio listeners in the scene. Please ensure there is always one audio listener in the scene
There are no audio listeners in the scene. Please ensure there is always one audio listener in the scene
There are no audio listeners in the scene. Please ensure there is always one audio listener in the scene
There are no audio listeners in the scene. Please ensure there is always one audio listener in the scene
There are no audio listeners in the scene. Please ensure there is always one audio listener in the scene
There are no audio listeners in the scene. Please ensure there is always one audio listener in the scene
There are no audio listeners in the scene. Please ensure there is always one audio listener in the scene
There are no audio listeners in the scene. Please ensure there is always one audio listener in the scene
There are no audio listeners in the scene. Please ensure there is always one audio listener in the scene
There are no audio listeners in the scene. Please ensure there is always one audio listener in the scene
There are no audio listeners in the scene. Please ensure there is always one audio listener in the scene
There are no audio listeners in the scene. Please ensure there is always one audio listener in the scene
There are no audio listeners in the scene. Please ensure there is always one audio listener in the scene
There are no audio listeners in the scene. Please ensure there is always one audio listener in the scene
There are no audio listeners in the scene. Please ensure there is always one audio listener in the scene
There are no audio listeners in the scene. Please ensure there is always one audio listener in the scene
There are no audio listeners in the scene. Please ensure there is always one audio listener in the scene
There are no audio listeners in the scene. Please ensure there is always one audio listener in the scene
There are no audio listeners in the scene. Please ensure there is always one audio listener in the scene
There are no audio listeners in the scene. Please ensure there is always one audio listener in the scene
There are no audio listeners in the scene. Please ensure there is always one audio listener in the scene
There are no audio listeners in the scene. Please ensure there is always one audio listener in the scene
There are no audio listeners in the scene. Please ensure there is always one audio listener in the scene
There are no audio listeners in the scene. Please ensure there is always one audio listener in the scene
There are no audio listeners in the scene. Please ensure there is always one audio listener in the scene
There are no audio listeners in the scene. Please ensure there is always one audio listener in the scene
There are no audio listeners in the scene. Please ensure there is always one audio listener in the scene
There are no audio listeners in the scene. Please ensure there is always one audio listener in the scene
There are no audio listeners in the scene. Please ensure there is always one audio listener in the scene
There are no audio listeners in the scene. Please ensure there is always one audio listener in the scene
There are no audio listeners in the scene. Please ensure there is always one audio listener in the scene
There are no audio listeners in the scene. Please ensure there is always one audio listener in the scene
There are no audio listeners in the scene. Please ensure there is always one audio listener in the scene
There are no audio listeners in the scene. Please ensure there is always one audio listener in the scene
There are no audio listeners in the scene. Please ensure there is always one audio listener in the scene
There are no audio listeners in the scene. Please ensure there is always one audio listener in the scene
There are no audio listeners in the scene. Please ensure there is always one audio listener in the scene
There are no audio listeners in the scene. Please ensure there is always one audio listener in the scene
There are no audio listeners in the scene. Please ensure there is always one audio listener in the scene
There are no audio listeners in the scene. Please ensure there is always one audio listener in the scene
There are no audio listeners in the scene. Please ensure there is always one audio listener in the scene
There are no audio listeners in the scene. Please ensure there is always one audio listener in the scene
There are no audio listeners in the scene. Please ensure there is always one audio listener in the scene
There are no audio listeners in the scene. Please ensure there is always one audio listener in the scene
There are no audio listeners in the scene. Please ensure there is always one audio listener in the scene
There are no audio listeners in the scene. Please ensure there is always one audio listener in the scene
There are no audio listeners in the scene. Please ensure there is always one audio listener in the scene
There are no audio listeners in the scene. Please ensure there is always one audio listener in the scene
There are no audio listeners in the scene. Please ensure there is always one audio listener in the scene
There are no audio listeners in the scene. Please ensure there is always one audio listener in the scene
QA result: Passed Game.Tests.PlayMode.VarginhaPlayerPolishTests.PausingDuringHitstopDoesNotResumeGame
UnityEngine.Debug:ExtractStackTraceNoAlloc (byte*,int,string)
UnityEngine.StackTraceUtility:ExtractStackTrace ()
UnityEngine.DebugLogHandler:Internal_Log (UnityEngine.LogType,UnityEngine.LogOption,string,UnityEngine.Object)
UnityEngine.DebugLogHandler:LogFormat (UnityEngine.LogType,UnityEngine.Object,string,object[])
UnityEngine.Logger:Log (UnityEngine.LogType,object)
UnityEngine.Debug:Log (object)
Game.Editor.Testing.VarginhaBatchTestProgress:TestFinished (UnityEditor.TestTools.TestRunner.Api.ITestResultAdaptor) (at Assets/Scripts/Editor/Testing/VarginhaBatchTestProgress.cs:26)
UnityEditor.TestTools.TestRunner.Api.CallbacksDelegator/<>c__DisplayClass14_0:<TestFinished>b__0 (UnityEditor.TestTools.TestRunner.Api.ICallbacks) (at ./Library/PackageCache/com.unity.test-framework@7a3849e09bd0/UnityEditor.TestRunner/Api/CallbacksDelegator.cs:95)
UnityEditor.TestTools.TestRunner.Api.CallbacksDelegator:TryInvokeAllCallbacks (System.Action`1<UnityEditor.TestTools.TestRunner.Api.ICallbacks>) (at ./Library/PackageCache/com.unity.test-framework@7a3849e09bd0/UnityEditor.TestRunner/Api/CallbacksDelegator.cs:135)
UnityEditor.TestTools.TestRunner.Api.CallbacksDelegator:TestFinished (NUnit.Framework.Interfaces.ITestResult) (at ./Library/PackageCache/com.unity.test-framework@7a3849e09bd0/UnityEditor.TestRunner/Api/CallbacksDelegator.cs:95)
UnityEngine.Events.InvokableCall`1<NUnit.Framework.Interfaces.ITestResult>:Invoke (NUnit.Framework.Interfaces.ITestResult)
UnityEngine.Events.UnityEvent`1<NUnit.Framework.Interfaces.ITestResult>:Invoke (NUnit.Framework.Interfaces.ITestResult)
UnityEngine.Events.InvokableCall`1<NUnit.Framework.Interfaces.ITestResult>:Invoke (NUnit.Framework.Interfaces.ITestResult)
UnityEngine.Events.UnityEvent`1<NUnit.Framework.Interfaces.ITestResult>:Invoke (NUnit.Framework.Interfaces.ITestResult)
UnityEngine.TestTools.TestRunner.TestListenerWrapper:TestFinished (NUnit.Framework.Interfaces.ITestResult) (at ./Library/PackageCache/com.unity.test-framework@7a3849e09bd0/UnityEngine.TestRunner/TestRunner/TestListenerWrapper.cs:24)
UnityEngine.TestRunner.NUnitExtensions.Runner.UnityWorkItem:WorkItemComplete () (at ./Library/PackageCache/com.unity.test-framework@7a3849e09bd0/UnityEngine.TestRunner/NUnitExtensions/Runner/UnityWorkItem.cs:107)
UnityEngine.TestRunner.NUnitExtensions.Runner.CoroutineTestWorkItem/<PerformWork>d__7:<>m__Finally1 () (at ./Library/PackageCache/com.unity.test-framework@7a3849e09bd0/UnityEngine.TestRunner/NUnitExtensions/Runner/CoroutineTestWorkItem.cs:67)
UnityEngine.TestRunner.NUnitExtensions.Runner.CoroutineTestWorkItem/<PerformWork>d__7:MoveNext () (at ./Library/PackageCache/com.unity.test-framework@7a3849e09bd0/UnityEngine.TestRunner/NUnitExtensions/Runner/CoroutineTestWorkItem.cs:64)
UnityEngine.TestRunner.NUnitExtensions.Runner.CompositeWorkItem/<RunChildren>d__17:MoveNext () (at ./Library/PackageCache/com.unity.test-framework@7a3849e09bd0/UnityEngine.TestRunner/NUnitExtensions/Runner/CompositeWorkItem.cs:209)
UnityEngine.TestRunner.NUnitExtensions.Runner.CompositeWorkItem/<PerformWork>d__13:MoveNext () (at ./Library/PackageCache/com.unity.test-framework@7a3849e09bd0/UnityEngine.TestRunner/NUnitExtensions/Runner/CompositeWorkItem.cs:83)
UnityEngine.TestRunner.NUnitExtensions.Runner.CompositeWorkItem/<RunChildren>d__17:MoveNext () (at ./Library/PackageCache/com.unity.test-framework@7a3849e09bd0/UnityEngine.TestRunner/NUnitExtensions/Runner/CompositeWorkItem.cs:209)
UnityEngine.TestRunner.NUnitExtensions.Runner.CompositeWorkItem/<PerformWork>d__13:MoveNext () (at ./Library/PackageCache/com.unity.test-framework@7a3849e09bd0/UnityEngine.TestRunner/NUnitExtensions/Runner/CompositeWorkItem.cs:83)
UnityEngine.TestRunner.NUnitExtensions.Runner.CompositeWorkItem/<RunChildren>d__17:MoveNext () (at ./Library/PackageCache/com.unity.test-framework@7a3849e09bd0/UnityEngine.TestRunner/NUnitExtensions/Runner/CompositeWorkItem.cs:209)
UnityEngine.TestRunner.NUnitExtensions.Runner.CompositeWorkItem/<PerformWork>d__13:MoveNext () (at ./Library/PackageCache/com.unity.test-framework@7a3849e09bd0/UnityEngine.TestRunner/NUnitExtensions/Runner/CompositeWorkItem.cs:83)
UnityEngine.TestRunner.NUnitExtensions.Runner.CompositeWorkItem/<RunChildren>d__17:MoveNext () (at ./Library/PackageCache/com.unity.test-framework@7a3849e09bd0/UnityEngine.TestRunner/NUnitExtensions/Runner/CompositeWorkItem.cs:209)
UnityEngine.TestRunner.NUnitExtensions.Runner.CompositeWorkItem/<PerformWork>d__13:MoveNext () (at ./Library/PackageCache/com.unity.test-framework@7a3849e09bd0/UnityEngine.TestRunner/NUnitExtensions/Runner/CompositeWorkItem.cs:83)
UnityEngine.TestRunner.NUnitExtensions.Runner.CompositeWorkItem/<RunChildren>d__17:MoveNext () (at ./Library/PackageCache/com.unity.test-framework@7a3849e09bd0/UnityEngine.TestRunner/NUnitExtensions/Runner/CompositeWorkItem.cs:209)
UnityEngine.TestRunner.NUnitExtensions.Runner.CompositeWorkItem/<PerformWork>d__13:MoveNext () (at ./Library/PackageCache/com.unity.test-framework@7a3849e09bd0/UnityEngine.TestRunner/NUnitExtensions/Runner/CompositeWorkItem.cs:83)
UnityEngine.TestRunner.NUnitExtensions.Runner.CompositeWorkItem/<RunChildren>d__17:MoveNext () (at ./Library/PackageCache/com.unity.test-framework@7a3849e09bd0/UnityEngine.TestRunner/NUnitExtensions/Runner/CompositeWorkItem.cs:209)
UnityEngine.TestRunner.NUnitExtensions.Runner.CompositeWorkItem/<PerformWork>d__13:MoveNext () (at ./Library/PackageCache/com.unity.test-framework@7a3849e09bd0/UnityEngine.TestRunner/NUnitExtensions/Runner/CompositeWorkItem.cs:83)
UnityEngine.TestTools.TestRunner.PlaymodeTestsController/<TestRunnerCoroutine>d__25:MoveNext () (at ./Library/PackageCache/com.unity.test-framework@7a3849e09bd0/UnityEngine.TestRunner/TestRunner/PlaymodeTestsController.cs:100)
UnityEngine.SetupCoroutine:InvokeMoveNext (System.Collections.IEnumerator,intptr)

(Filename: Assets/Scripts/Editor/Testing/VarginhaBatchTestProgress.cs Line: 26)

QA test: Game.Tests.PlayMode.VarginhaRequestedGameplayTests.ChurchHasDarknessAltarPriestAndClearFlashlightCone
UnityEngine.Debug:ExtractStackTraceNoAlloc (byte*,int,string)
UnityEngine.StackTraceUtility:ExtractStackTrace ()
UnityEngine.DebugLogHandler:Internal_Log (UnityEngine.LogType,UnityEngine.LogOption,string,UnityEngine.Object)
UnityEngine.DebugLogHandler:LogFormat (UnityEngine.LogType,UnityEngine.Object,string,object[])
UnityEngine.Logger:Log (UnityEngine.LogType,object)
UnityEngine.Debug:Log (object)
Game.Editor.Testing.VarginhaBatchTestProgress:TestStarted (UnityEditor.TestTools.TestRunner.Api.ITestAdaptor) (at Assets/Scripts/Editor/Testing/VarginhaBatchTestProgress.cs:22)
UnityEditor.TestTools.TestRunner.Api.CallbacksDelegator/<>c__DisplayClass12_0:<TestStarted>b__0 (UnityEditor.TestTools.TestRunner.Api.ICallbacks) (at ./Library/PackageCache/com.unity.test-framework@7a3849e09bd0/UnityEditor.TestRunner/Api/CallbacksDelegator.cs:81)
UnityEditor.TestTools.TestRunner.Api.CallbacksDelegator:TryInvokeAllCallbacks (System.Action`1<UnityEditor.TestTools.TestRunner.Api.ICallbacks>) (at ./Library/PackageCache/com.unity.test-framework@7a3849e09bd0/UnityEditor.TestRunner/Api/CallbacksDelegator.cs:135)
UnityEditor.TestTools.TestRunner.Api.CallbacksDelegator:TestStarted (NUnit.Framework.Interfaces.ITest) (at ./Library/PackageCache/com.unity.test-framework@7a3849e09bd0/UnityEditor.TestRunner/Api/CallbacksDelegator.cs:81)
UnityEngine.Events.InvokableCall`1<NUnit.Framework.Interfaces.ITest>:Invoke (NUnit.Framework.Interfaces.ITest)
UnityEngine.Events.UnityEvent`1<NUnit.Framework.Interfaces.ITest>:Invoke (NUnit.Framework.Interfaces.ITest)
UnityEngine.Events.InvokableCall`1<NUnit.Framework.Interfaces.ITest>:Invoke (NUnit.Framework.Interfaces.ITest)
UnityEngine.Events.UnityEvent`1<NUnit.Framework.Interfaces.ITest>:Invoke (NUnit.Framework.Interfaces.ITest)
UnityEngine.TestTools.TestRunner.TestListenerWrapper:TestStarted (NUnit.Framework.Interfaces.ITest) (at ./Library/PackageCache/com.unity.test-framework@7a3849e09bd0/UnityEngine.TestRunner/TestRunner/TestListenerWrapper.cs:19)
UnityEngine.TestRunner.NUnitExtensions.Runner.UnityWorkItem:Execute () (at ./Library/PackageCache/com.unity.test-framework@7a3849e09bd0/UnityEngine.TestRunner/NUnitExtensions/Runner/UnityWorkItem.cs:83)
UnityEngine.TestRunner.NUnitExtensions.Runner.CompositeWorkItem/<RunChildren>d__17:MoveNext () (at ./Library/PackageCache/com.unity.test-framework@7a3849e09bd0/UnityEngine.TestRunner/NUnitExtensions/Runner/CompositeWorkItem.cs:205)
UnityEngine.TestRunner.NUnitExtensions.Runner.CompositeWorkItem/<PerformWork>d__13:MoveNext () (at ./Library/PackageCache/com.unity.test-framework@7a3849e09bd0/UnityEngine.TestRunner/NUnitExtensions/Runner/CompositeWorkItem.cs:83)
UnityEngine.TestRunner.NUnitExtensions.Runner.CompositeWorkItem/<RunChildren>d__17:MoveNext () (at ./Library/PackageCache/com.unity.test-framework@7a3849e09bd0/UnityEngine.TestRunner/NUnitExtensions/Runner/CompositeWorkItem.cs:209)
UnityEngine.TestRunner.NUnitExtensions.Runner.CompositeWorkItem/<PerformWork>d__13:MoveNext () (at ./Library/PackageCache/com.unity.test-framework@7a3849e09bd0/UnityEngine.TestRunner/NUnitExtensions/Runner/CompositeWorkItem.cs:83)
UnityEngine.TestRunner.NUnitExtensions.Runner.CompositeWorkItem/<RunChildren>d__17:MoveNext () (at ./Library/PackageCache/com.unity.test-framework@7a3849e09bd0/UnityEngine.TestRunner/NUnitExtensions/Runner/CompositeWorkItem.cs:209)
UnityEngine.TestRunner.NUnitExtensions.Runner.CompositeWorkItem/<PerformWork>d__13:MoveNext () (at ./Library/PackageCache/com.unity.test-framework@7a3849e09bd0/UnityEngine.TestRunner/NUnitExtensions/Runner/CompositeWorkItem.cs:83)
UnityEngine.TestRunner.NUnitExtensions.Runner.CompositeWorkItem/<RunChildren>d__17:MoveNext () (at ./Library/PackageCache/com.unity.test-framework@7a3849e09bd0/UnityEngine.TestRunner/NUnitExtensions/Runner/CompositeWorkItem.cs:209)
UnityEngine.TestRunner.NUnitExtensions.Runner.CompositeWorkItem/<PerformWork>d__13:MoveNext () (at ./Library/PackageCache/com.unity.test-framework@7a3849e09bd0/UnityEngine.TestRunner/NUnitExtensions/Runner/CompositeWorkItem.cs:83)
UnityEngine.TestRunner.NUnitExtensions.Runner.CompositeWorkItem/<RunChildren>d__17:MoveNext () (at ./Library/PackageCache/com.unity.test-framework@7a3849e09bd0/UnityEngine.TestRunner/NUnitExtensions/Runner/CompositeWorkItem.cs:209)
UnityEngine.TestRunner.NUnitExtensions.Runner.CompositeWorkItem/<PerformWork>d__13:MoveNext () (at ./Library/PackageCache/com.unity.test-framework@7a3849e09bd0/UnityEngine.TestRunner/NUnitExtensions/Runner/CompositeWorkItem.cs:83)
UnityEngine.TestRunner.NUnitExtensions.Runner.CompositeWorkItem/<RunChildren>d__17:MoveNext () (at ./Library/PackageCache/com.unity.test-framework@7a3849e09bd0/UnityEngine.TestRunner/NUnitExtensions/Runner/CompositeWorkItem.cs:209)
UnityEngine.TestRunner.NUnitExtensions.Runner.CompositeWorkItem/<PerformWork>d__13:MoveNext () (at ./Library/PackageCache/com.unity.test-framework@7a3849e09bd0/UnityEngine.TestRunner/NUnitExtensions/Runner/CompositeWorkItem.cs:83)
UnityEngine.TestTools.TestRunner.PlaymodeTestsController/<TestRunnerCoroutine>d__25:MoveNext () (at ./Library/PackageCache/com.unity.test-framework@7a3849e09bd0/UnityEngine.TestRunner/TestRunner/PlaymodeTestsController.cs:100)
UnityEngine.SetupCoroutine:InvokeMoveNext (System.Collections.IEnumerator,intptr)

(Filename: Assets/Scripts/Editor/Testing/VarginhaBatchTestProgress.cs Line: 22)

MissingComponentException: There is no 'BoxCollider2D' attached to the "CenarioV2_Banco_Igreja_0" game object, but a script is trying to access it.
You probably need to add a BoxCollider2D to the game object "CenarioV2_Banco_Igreja_0". Or your script needs to check if the component is attached before using it.
  at UnityEngine.Object+MarshalledUnityObject.TryThrowEditorNullExceptionObject (UnityEngine.Object unityObj, System.String parameterName) [0x000b4] in <d5ea965f39d74501b56f4006ef80da34>:0 
  at UnityEngine.Bindings.ThrowHelper.ThrowNullReferenceException (System.Object obj) [0x0000a] in <d5ea965f39d74501b56f4006ef80da34>:0 
  at UnityEngine.Collider2D.set_isTrigger (System.Boolean value) [0x00006] in <868e9c9a483244e3805f8f00fb1d55d7>:0 
  at Game.Varginha.VarginhaEnvironmentPolish.EnsurePewCollisions (UnityEngine.Transform church) [0x0005a] in C:\Users\Usuario\misterio_de_varginha-jogofeiratecnica-2026-prot-tipo_principal-2026-09-22-10-19-30\Assets\Scripts\Game\Varginha\VarginhaEnvironmentPolish.cs:122 
  at Game.Varginha.VarginhaEnvironmentPolish.EnsureDiocese (UnityEngine.Transform church) [0x00006] in C:\Users\Usuario\misterio_de_varginha-jogofeiratecnica-2026-prot-tipo_principal-2026-09-22-10-19-30\Assets\Scripts\Game\Varginha\VarginhaEnvironmentPolish.cs:53 
  at Game.Varginha.VarginhaEnvironmentArt.BuildDiocese (UnityEngine.Transform parent) [0x0073f] in C:\Users\Usuario\misterio_de_varginha-jogofeiratecnica-2026-prot-tipo_principal-2026-09-22-10-19-30\Assets\Scripts\Game\Varginha\VarginhaEnvironmentArt.cs:214 
  at Game.Varginha.VarginhaEnvironmentArt.EnsureDiocese (UnityEngine.Transform root) [0x00050] in C:\Users\Usuario\misterio_de_varginha-jogofeiratecnica-2026-prot-tipo_principal-2026-09-22-10-19-30\Assets\Scripts\Game\Varginha\VarginhaEnvironmentArt.cs:48 
  at Game.Varginha.VarginhaPhase3RuntimeFactory.BuildChurch (UnityEngine.Transform root) [0x00000] in C:\Users\Usuario\misterio_de_varginha-jogofeiratecnica-2026-prot-tipo_principal-2026-09-22-10-19-30\Assets\Scripts\Game\Varginha\VarginhaPhase3Controller.cs:397 
  at Game.Varginha.VarginhaPhase3RuntimeFactory.Build (UnityEngine.Transform root) [0x00032] in C:\Users\Usuario\misterio_de_varginha-jogofeiratecnica-2026-prot-tipo_principal-2026-09-22-10-19-30\Assets\Scripts\Game\Varginha\VarginhaPhase3Controller.cs:310 
  at Game.Varginha.VarginhaPhase3Controller.Start () [0x00017] in C:\Users\Usuario\misterio_de_varginha-jogofeiratecnica-2026-prot-tipo_principal-2026-09-22-10-19-30\Assets\Scripts\Game\Varginha\VarginhaPhase3Controller.cs:43 
UnityEngine.StackTraceUtility:ExtractStringFromExceptionInternal(Object, String&, String&)

(Filename: Assets/Scripts/Game/Varginha/VarginhaEnvironmentPolish.cs Line: 122)

QA result: Failed Game.Tests.PlayMode.VarginhaRequestedGameplayTests.ChurchHasDarknessAltarPriestAndClearFlashlightCone
UnityEngine.Debug:ExtractStackTraceNoAlloc (byte*,int,string)
UnityEngine.StackTraceUtility:ExtractStackTrace ()
UnityEngine.DebugLogHandler:Internal_Log (UnityEngine.LogType,UnityEngine.LogOption,string,UnityEngine.Object)
UnityEngine.DebugLogHandler:LogFormat (UnityEngine.LogType,UnityEngine.Object,string,object[])
UnityEngine.Logger:Log (UnityEngine.LogType,object)
UnityEngine.Debug:Log (object)
Game.Editor.Testing.VarginhaBatchTestProgress:TestFinished (UnityEditor.TestTools.TestRunner.Api.ITestResultAdaptor) (at Assets/Scripts/Editor/Testing/VarginhaBatchTestProgress.cs:26)
UnityEditor.TestTools.TestRunner.Api.CallbacksDelegator/<>c__DisplayClass14_0:<TestFinished>b__0 (UnityEditor.TestTools.TestRunner.Api.ICallbacks) (at ./Library/PackageCache/com.unity.test-framework@7a3849e09bd0/UnityEditor.TestRunner/Api/CallbacksDelegator.cs:95)
UnityEditor.TestTools.TestRunner.Api.CallbacksDelegator:TryInvokeAllCallbacks (System.Action`1<UnityEditor.TestTools.TestRunner.Api.ICallbacks>) (at ./Library/PackageCache/com.unity.test-framework@7a3849e09bd0/UnityEditor.TestRunner/Api/CallbacksDelegator.cs:135)
UnityEditor.TestTools.TestRunner.Api.CallbacksDelegator:TestFinished (NUnit.Framework.Interfaces.ITestResult) (at ./Library/PackageCache/com.unity.test-framework@7a3849e09bd0/UnityEditor.TestRunner/Api/CallbacksDelegator.cs:95)
UnityEngine.Events.InvokableCall`1<NUnit.Framework.Interfaces.ITestResult>:Invoke (NUnit.Framework.Interfaces.ITestResult)
UnityEngine.Events.UnityEvent`1<NUnit.Framework.Interfaces.ITestResult>:Invoke (NUnit.Framework.Interfaces.ITestResult)
UnityEngine.Events.InvokableCall`1<NUnit.Framework.Interfaces.ITestResult>:Invoke (NUnit.Framework.Interfaces.ITestResult)
UnityEngine.Events.UnityEvent`1<NUnit.Framework.Interfaces.ITestResult>:Invoke (NUnit.Framework.Interfaces.ITestResult)
UnityEngine.TestTools.TestRunner.TestListenerWrapper:TestFinished (NUnit.Framework.Interfaces.ITestResult) (at ./Library/PackageCache/com.unity.test-framework@7a3849e09bd0/UnityEngine.TestRunner/TestRunner/TestListenerWrapper.cs:24)
UnityEngine.TestRunner.NUnitExtensions.Runner.UnityWorkItem:WorkItemComplete () (at ./Library/PackageCache/com.unity.test-framework@7a3849e09bd0/UnityEngine.TestRunner/NUnitExtensions/Runner/UnityWorkItem.cs:107)
UnityEngine.TestRunner.NUnitExtensions.Runner.CoroutineTestWorkItem/<PerformWork>d__7:<>m__Finally1 () (at ./Library/PackageCache/com.unity.test-framework@7a3849e09bd0/UnityEngine.TestRunner/NUnitExtensions/Runner/CoroutineTestWorkItem.cs:67)
UnityEngine.TestRunner.NUnitExtensions.Runner.CoroutineTestWorkItem/<PerformWork>d__7:MoveNext () (at ./Library/PackageCache/com.unity.test-framework@7a3849e09bd0/UnityEngine.TestRunner/NUnitExtensions/Runner/CoroutineTestWorkItem.cs:64)
UnityEngine.TestRunner.NUnitExtensions.Runner.CompositeWorkItem/<RunChildren>d__17:MoveNext () (at ./Library/PackageCache/com.unity.test-framework@7a3849e09bd0/UnityEngine.TestRunner/NUnitExtensions/Runner/CompositeWorkItem.cs:209)
UnityEngine.TestRunner.NUnitExtensions.Runner.CompositeWorkItem/<PerformWork>d__13:MoveNext () (at ./Library/PackageCache/com.unity.test-framework@7a3849e09bd0/UnityEngine.TestRunner/NUnitExtensions/Runner/CompositeWorkItem.cs:83)
UnityEngine.TestRunner.NUnitExtensions.Runner.CompositeWorkItem/<RunChildren>d__17:MoveNext () (at ./Library/PackageCache/com.unity.test-framework@7a3849e09bd0/UnityEngine.TestRunner/NUnitExtensions/Runner/CompositeWorkItem.cs:209)
UnityEngine.TestRunner.NUnitExtensions.Runner.CompositeWorkItem/<PerformWork>d__13:MoveNext () (at ./Library/PackageCache/com.unity.test-framework@7a3849e09bd0/UnityEngine.TestRunner/NUnitExtensions/Runner/CompositeWorkItem.cs:83)
UnityEngine.TestRunner.NUnitExtensions.Runner.CompositeWorkItem/<RunChildren>d__17:MoveNext () (at ./Library/PackageCache/com.unity.test-framework@7a3849e09bd0/UnityEngine.TestRunner/NUnitExtensions/Runner/CompositeWorkItem.cs:209)
UnityEngine.TestRunner.NUnitExtensions.Runner.CompositeWorkItem/<PerformWork>d__13:MoveNext () (at ./Library/PackageCache/com.unity.test-framework@7a3849e09bd0/UnityEngine.TestRunner/NUnitExtensions/Runner/CompositeWorkItem.cs:83)
UnityEngine.TestRunner.NUnitExtensions.Runner.CompositeWorkItem/<RunChildren>d__17:MoveNext () (at ./Library/PackageCache/com.unity.test-framework@7a3849e09bd0/UnityEngine.TestRunner/NUnitExtensions/Runner/CompositeWorkItem.cs:209)
UnityEngine.TestRunner.NUnitExtensions.Runner.CompositeWorkItem/<PerformWork>d__13:MoveNext () (at ./Library/PackageCache/com.unity.test-framework@7a3849e09bd0/UnityEngine.TestRunner/NUnitExtensions/Runner/CompositeWorkItem.cs:83)
UnityEngine.TestRunner.NUnitExtensions.Runner.CompositeWorkItem/<RunChildren>d__17:MoveNext () (at ./Library/PackageCache/com.unity.test-framework@7a3849e09bd0/UnityEngine.TestRunner/NUnitExtensions/Runner/CompositeWorkItem.cs:209)
UnityEngine.TestRunner.NUnitExtensions.Runner.CompositeWorkItem/<PerformWork>d__13:MoveNext () (at ./Library/PackageCache/com.unity.test-framework@7a3849e09bd0/UnityEngine.TestRunner/NUnitExtensions/Runner/CompositeWorkItem.cs:83)
UnityEngine.TestRunner.NUnitExtensions.Runner.CompositeWorkItem/<RunChildren>d__17:MoveNext () (at ./Library/PackageCache/com.unity.test-framework@7a3849e09bd0/UnityEngine.TestRunner/NUnitExtensions/Runner/CompositeWorkItem.cs:209)
UnityEngine.TestRunner.NUnitExtensions.Runner.CompositeWorkItem/<PerformWork>d__13:MoveNext () (at ./Library/PackageCache/com.unity.test-framework@7a3849e09bd0/UnityEngine.TestRunner/NUnitExtensions/Runner/CompositeWorkItem.cs:83)
UnityEngine.TestTools.TestRunner.PlaymodeTestsController/<TestRunnerCoroutine>d__25:MoveNext () (at ./Library/PackageCache/com.unity.test-framework@7a3849e09bd0/UnityEngine.TestRunner/TestRunner/PlaymodeTestsController.cs:100)
UnityEngine.SetupCoroutine:InvokeMoveNext (System.Collections.IEnumerator,intptr)

(Filename: Assets/Scripts/Editor/Testing/VarginhaBatchTestProgress.cs Line: 26)

QA test: Game.Tests.PlayMode.VarginhaRequestedGameplayTests.FuscaBoardsImmediatelyWithoutDoorAndKeepsRequirements
UnityEngine.Debug:ExtractStackTraceNoAlloc (byte*,int,string)
UnityEngine.StackTraceUtility:ExtractStackTrace ()
UnityEngine.DebugLogHandler:Internal_Log (UnityEngine.LogType,UnityEngine.LogOption,string,UnityEngine.Object)
UnityEngine.DebugLogHandler:LogFormat (UnityEngine.LogType,UnityEngine.Object,string,object[])
UnityEngine.Logger:Log (UnityEngine.LogType,object)
UnityEngine.Debug:Log (object)
Game.Editor.Testing.VarginhaBatchTestProgress:TestStarted (UnityEditor.TestTools.TestRunner.Api.ITestAdaptor) (at Assets/Scripts/Editor/Testing/VarginhaBatchTestProgress.cs:22)
UnityEditor.TestTools.TestRunner.Api.CallbacksDelegator/<>c__DisplayClass12_0:<TestStarted>b__0 (UnityEditor.TestTools.TestRunner.Api.ICallbacks) (at ./Library/PackageCache/com.unity.test-framework@7a3849e09bd0/UnityEditor.TestRunner/Api/CallbacksDelegator.cs:81)
UnityEditor.TestTools.TestRunner.Api.CallbacksDelegator:TryInvokeAllCallbacks (System.Action`1<UnityEditor.TestTools.TestRunner.Api.ICallbacks>) (at ./Library/PackageCache/com.unity.test-framework@7a3849e09bd0/UnityEditor.TestRunner/Api/CallbacksDelegator.cs:135)
UnityEditor.TestTools.TestRunner.Api.CallbacksDelegator:TestStarted (NUnit.Framework.Interfaces.ITest) (at ./Library/PackageCache/com.unity.test-framework@7a3849e09bd0/UnityEditor.TestRunner/Api/CallbacksDelegator.cs:81)
UnityEngine.Events.InvokableCall`1<NUnit.Framework.Interfaces.ITest>:Invoke (NUnit.Framework.Interfaces.ITest)
UnityEngine.Events.UnityEvent`1<NUnit.Framework.Interfaces.ITest>:Invoke (NUnit.Framework.Interfaces.ITest)
UnityEngine.Events.InvokableCall`1<NUnit.Framework.Interfaces.ITest>:Invoke (NUnit.Framework.Interfaces.ITest)
UnityEngine.Events.UnityEvent`1<NUnit.Framework.Interfaces.ITest>:Invoke (NUnit.Framework.Interfaces.ITest)
UnityEngine.TestTools.TestRunner.TestListenerWrapper:TestStarted (NUnit.Framework.Interfaces.ITest) (at ./Library/PackageCache/com.unity.test-framework@7a3849e09bd0/UnityEngine.TestRunner/TestRunner/TestListenerWrapper.cs:19)
UnityEngine.TestRunner.NUnitExtensions.Runner.UnityWorkItem:Execute () (at ./Library/PackageCache/com.unity.test-framework@7a3849e09bd0/UnityEngine.TestRunner/NUnitExtensions/Runner/UnityWorkItem.cs:83)
UnityEngine.TestRunner.NUnitExtensions.Runner.CompositeWorkItem/<RunChildren>d__17:MoveNext () (at ./Library/PackageCache/com.unity.test-framework@7a3849e09bd0/UnityEngine.TestRunner/NUnitExtensions/Runner/CompositeWorkItem.cs:205)
UnityEngine.TestRunner.NUnitExtensions.Runner.CompositeWorkItem/<PerformWork>d__13:MoveNext () (at ./Library/PackageCache/com.unity.test-framework@7a3849e09bd0/UnityEngine.TestRunner/NUnitExtensions/Runner/CompositeWorkItem.cs:83)
UnityEngine.TestRunner.NUnitExtensions.Runner.CompositeWorkItem/<RunChildren>d__17:MoveNext () (at ./Library/PackageCache/com.unity.test-framework@7a3849e09bd0/UnityEngine.TestRunner/NUnitExtensions/Runner/CompositeWorkItem.cs:209)
UnityEngine.TestRunner.NUnitExtensions.Runner.CompositeWorkItem/<PerformWork>d__13:MoveNext () (at ./Library/PackageCache/com.unity.test-framework@7a3849e09bd0/UnityEngine.TestRunner/NUnitExtensions/Runner/CompositeWorkItem.cs:83)
UnityEngine.TestRunner.NUnitExtensions.Runner.CompositeWorkItem/<RunChildren>d__17:MoveNext () (at ./Library/PackageCache/com.unity.test-framework@7a3849e09bd0/UnityEngine.TestRunner/NUnitExtensions/Runner/CompositeWorkItem.cs:209)
UnityEngine.TestRunner.NUnitExtensions.Runner.CompositeWorkItem/<PerformWork>d__13:MoveNext () (at ./Library/PackageCache/com.unity.test-framework@7a3849e09bd0/UnityEngine.TestRunner/NUnitExtensions/Runner/CompositeWorkItem.cs:83)
UnityEngine.TestRunner.NUnitExtensions.Runner.CompositeWorkItem/<RunChildren>d__17:MoveNext () (at ./Library/PackageCache/com.unity.test-framework@7a3849e09bd0/UnityEngine.TestRunner/NUnitExtensions/Runner/CompositeWorkItem.cs:209)
UnityEngine.TestRunner.NUnitExtensions.Runner.CompositeWorkItem/<PerformWork>d__13:MoveNext () (at ./Library/PackageCache/com.unity.test-framework@7a3849e09bd0/UnityEngine.TestRunner/NUnitExtensions/Runner/CompositeWorkItem.cs:83)
UnityEngine.TestRunner.NUnitExtensions.Runner.CompositeWorkItem/<RunChildren>d__17:MoveNext () (at ./Library/PackageCache/com.unity.test-framework@7a3849e09bd0/UnityEngine.TestRunner/NUnitExtensions/Runner/CompositeWorkItem.cs:209)
UnityEngine.TestRunner.NUnitExtensions.Runner.CompositeWorkItem/<PerformWork>d__13:MoveNext () (at ./Library/PackageCache/com.unity.test-framework@7a3849e09bd0/UnityEngine.TestRunner/NUnitExtensions/Runner/CompositeWorkItem.cs:83)
UnityEngine.TestRunner.NUnitExtensions.Runner.CompositeWorkItem/<RunChildren>d__17:MoveNext () (at ./Library/PackageCache/com.unity.test-framework@7a3849e09bd0/UnityEngine.TestRunner/NUnitExtensions/Runner/CompositeWorkItem.cs:209)
UnityEngine.TestRunner.NUnitExtensions.Runner.CompositeWorkItem/<PerformWork>d__13:MoveNext () (at ./Library/PackageCache/com.unity.test-framework@7a3849e09bd0/UnityEngine.TestRunner/NUnitExtensions/Runner/CompositeWorkItem.cs:83)
UnityEngine.TestTools.TestRunner.PlaymodeTestsController/<TestRunnerCoroutine>d__25:MoveNext () (at ./Library/PackageCache/com.unity.test-framework@7a3849e09bd0/UnityEngine.TestRunner/TestRunner/PlaymodeTestsController.cs:100)
UnityEngine.SetupCoroutine:InvokeMoveNext (System.Collections.IEnumerator,intptr)

(Filename: Assets/Scripts/Editor/Testing/VarginhaBatchTestProgress.cs Line: 22)

Adding component failed. Add required component of type 'BoxCollider2D' or 'CapsuleCollider2D' or 'CircleCollider2D' or 'CompositeCollider2D' or 'CustomCollider2D' or 'EdgeCollider2D' or 'PolygonCollider2D' or 'TilemapCollider2D' to the game object 'Fusca_Test' first.
UnityEngine.Debug:ExtractStackTraceNoAlloc (byte*,int,string)
UnityEngine.StackTraceUtility:ExtractStackTrace ()
UnityEngine.GameObject:Internal_AddComponentWithType (System.Type)
UnityEngine.GameObject:AddComponent (System.Type)
UnityEngine.GameObject:AddComponent<Game.Varginha.FuscaLevelExit> ()
Game.Tests.PlayMode.VarginhaRequestedGameplayTests/<FuscaBoardsImmediatelyWithoutDoorAndKeepsRequirements>d__6:MoveNext () (at Assets/Tests/PlayMode/VarginhaRequestedGameplayTests.cs:88)
UnityEngine.TestTools.TestEnumerator/<Execute>d__8:MoveNext () (at ./Library/PackageCache/com.unity.test-framework@7a3849e09bd0/UnityEngine.TestRunner/NUnitExtensions/Attributes/TestEnumerator.cs:52)
UnityEngine.TestTools.EnumerableTestMethodCommand/<ExecuteEnumerableAndRecordExceptions>d__4:MoveNext () (at ./Library/PackageCache/com.unity.test-framework@7a3849e09bd0/UnityEngine.TestRunner/NUnitExtensions/Commands/EnumerableTestMethodCommand.cs:85)
UnityEngine.TestTools.EnumerableTestMethodCommand:AdvanceEnumerator (System.Collections.IEnumerator) (at ./Library/PackageCache/com.unity.test-framework@7a3849e09bd0/UnityEngine.TestRunner/NUnitExtensions/Commands/EnumerableTestMethodCommand.cs:64)
UnityEngine.TestTools.EnumerableTestMethodCommand/<ExecuteEnumerable>d__2:MoveNext () (at ./Library/PackageCache/com.unity.test-framework@7a3849e09bd0/UnityEngine.TestRunner/NUnitExtensions/Commands/EnumerableTestMethodCommand.cs:47)
UnityEngine.TestRunner.NUnitExtensions.Runner.UnityLogCheckDelegatingCommand/<ExecuteEnumerable>d__4:MoveNext () (at ./Library/PackageCache/com.unity.test-framework@7a3849e09bd0/UnityEngine.TestRunner/NUnitExtensions/Runner/UnityLogCheckDelegatingCommand.cs:66)
UnityEngine.TestTools.BeforeAfterTestCommandBase`1/<ExecuteEnumerable>d__16<NUnit.Framework.ITestAction>:MoveNext () (at ./Library/PackageCache/com.unity.test-framework@7a3849e09bd0/UnityEngine.TestRunner/NUnitExtensions/Commands/BeforeAfterTestCommandBase.cs:213)
UnityEngine.TestTools.BeforeAfterTestCommandBase`1/<ExecuteEnumerable>d__16<System.Reflection.MethodInfo>:MoveNext () (at ./Library/PackageCache/com.unity.test-framework@7a3849e09bd0/UnityEngine.TestRunner/NUnitExtensions/Commands/BeforeAfterTestCommandBase.cs:213)
UnityEngine.TestTools.BeforeAfterTestCommandBase`1/<ExecuteEnumerable>d__16<System.Reflection.MethodInfo>:MoveNext () (at ./Library/PackageCache/com.unity.test-framework@7a3849e09bd0/UnityEngine.TestRunner/NUnitExtensions/Commands/BeforeAfterTestCommandBase.cs:213)
UnityEngine.TestTools.BeforeAfterTestCommandBase`1/<ExecuteEnumerable>d__16<UnityEngine.TestTools.IOuterUnityTestAction>:MoveNext () (at ./Library/PackageCache/com.unity.test-framework@7a3849e09bd0/UnityEngine.TestRunner/NUnitExtensions/Commands/BeforeAfterTestCommandBase.cs:213)
UnityEngine.TestTools.RetryCommand/<ExecuteEnumerable>d__2:MoveNext () (at ./Library/PackageCache/com.unity.test-framework@7a3849e09bd0/UnityEngine.TestRunner/NUnitExtensions/Commands/RetryCommand.cs:37)
UnityEngine.TestTools.RepeatCommand/<ExecuteEnumerable>d__2:MoveNext () (at ./Library/PackageCache/com.unity.test-framework@7a3849e09bd0/UnityEngine.TestRunner/NUnitExtensions/Commands/RepeatCommand.cs:36)
UnityEngine.TestTools.IgnoreTestCommand/<ExecuteEnumerable>d__3:MoveNext () (at ./Library/PackageCache/com.unity.test-framework@7a3849e09bd0/UnityEngine.TestRunner/NUnitExtensions/Commands/IgnoreTestCommand.cs:42)
UnityEngine.TestTools.StrictCheckCommand/<ExecuteEnumerable>d__2:MoveNext () (at ./Library/PackageCache/com.unity.test-framework@7a3849e09bd0/UnityEngine.TestRunner/NUnitExtensions/Commands/StrictCheckCommand.cs:29)
UnityEngine.TestTools.Utils.CoroutineRunner/<WrapEnumeratorForChecks>d__8:MoveNext () (at ./Library/PackageCache/com.unity.test-framework@7a3849e09bd0/UnityEngine.TestRunner/Utils/CoroutineRunner.cs:58)
UnityEngine.SetupCoroutine:InvokeMoveNext (System.Collections.IEnumerator,intptr)

[Assets/Tests/PlayMode/VarginhaRequestedGameplayTests.cs line 88]

QA result: Failed:Error Game.Tests.PlayMode.VarginhaRequestedGameplayTests.FuscaBoardsImmediatelyWithoutDoorAndKeepsRequirements
UnityEngine.Debug:ExtractStackTraceNoAlloc (byte*,int,string)
UnityEngine.StackTraceUtility:ExtractStackTrace ()
UnityEngine.DebugLogHandler:Internal_Log (UnityEngine.LogType,UnityEngine.LogOption,string,UnityEngine.Object)
UnityEngine.DebugLogHandler:LogFormat (UnityEngine.LogType,UnityEngine.Object,string,object[])
UnityEngine.Logger:Log (UnityEngine.LogType,object)
UnityEngine.Debug:Log (object)
Game.Editor.Testing.VarginhaBatchTestProgress:TestFinished (UnityEditor.TestTools.TestRunner.Api.ITestResultAdaptor) (at Assets/Scripts/Editor/Testing/VarginhaBatchTestProgress.cs:26)
UnityEditor.TestTools.TestRunner.Api.CallbacksDelegator/<>c__DisplayClass14_0:<TestFinished>b__0 (UnityEditor.TestTools.TestRunner.Api.ICallbacks) (at ./Library/PackageCache/com.unity.test-framework@7a3849e09bd0/UnityEditor.TestRunner/Api/CallbacksDelegator.cs:95)
UnityEditor.TestTools.TestRunner.Api.CallbacksDelegator:TryInvokeAllCallbacks (System.Action`1<UnityEditor.TestTools.TestRunner.Api.ICallbacks>) (at ./Library/PackageCache/com.unity.test-framework@7a3849e09bd0/UnityEditor.TestRunner/Api/CallbacksDelegator.cs:135)
UnityEditor.TestTools.TestRunner.Api.CallbacksDelegator:TestFinished (NUnit.Framework.Interfaces.ITestResult) (at ./Library/PackageCache/com.unity.test-framework@7a3849e09bd0/UnityEditor.TestRunner/Api/CallbacksDelegator.cs:95)
UnityEngine.Events.InvokableCall`1<NUnit.Framework.Interfaces.ITestResult>:Invoke (NUnit.Framework.Interfaces.ITestResult)
UnityEngine.Events.UnityEvent`1<NUnit.Framework.Interfaces.ITestResult>:Invoke (NUnit.Framework.Interfaces.ITestResult)
UnityEngine.Events.InvokableCall`1<NUnit.Framework.Interfaces.ITestResult>:Invoke (NUnit.Framework.Interfaces.ITestResult)
UnityEngine.Events.UnityEvent`1<NUnit.Framework.Interfaces.ITestResult>:Invoke (NUnit.Framework.Interfaces.ITestResult)
UnityEngine.TestTools.TestRunner.TestListenerWrapper:TestFinished (NUnit.Framework.Interfaces.ITestResult) (at ./Library/PackageCache/com.unity.test-framework@7a3849e09bd0/UnityEngine.TestRunner/TestRunner/TestListenerWrapper.cs:24)
UnityEngine.TestRunner.NUnitExtensions.Runner.UnityWorkItem:WorkItemComplete () (at ./Library/PackageCache/com.unity.test-framework@7a3849e09bd0/UnityEngine.TestRunner/NUnitExtensions/Runner/UnityWorkItem.cs:107)
UnityEngine.TestRunner.NUnitExtensions.Runner.CoroutineTestWorkItem/<PerformWork>d__7:<>m__Finally1 () (at ./Library/PackageCache/com.unity.test-framework@7a3849e09bd0/UnityEngine.TestRunner/NUnitExtensions/Runner/CoroutineTestWorkItem.cs:67)
UnityEngine.TestRunner.NUnitExtensions.Runner.CoroutineTestWorkItem/<PerformWork>d__7:MoveNext () (at ./Library/PackageCache/com.unity.test-framework@7a3849e09bd0/UnityEngine.TestRunner/NUnitExtensions/Runner/CoroutineTestWorkItem.cs:64)
UnityEngine.TestRunner.NUnitExtensions.Runner.CompositeWorkItem/<RunChildren>d__17:MoveNext () (at ./Library/PackageCache/com.unity.test-framework@7a3849e09bd0/UnityEngine.TestRunner/NUnitExtensions/Runner/CompositeWorkItem.cs:209)
UnityEngine.TestRunner.NUnitExtensions.Runner.CompositeWorkItem/<PerformWork>d__13:MoveNext () (at ./Library/PackageCache/com.unity.test-framework@7a3849e09bd0/UnityEngine.TestRunner/NUnitExtensions/Runner/CompositeWorkItem.cs:83)
UnityEngine.TestRunner.NUnitExtensions.Runner.CompositeWorkItem/<RunChildren>d__17:MoveNext () (at ./Library/PackageCache/com.unity.test-framework@7a3849e09bd0/UnityEngine.TestRunner/NUnitExtensions/Runner/CompositeWorkItem.cs:209)
UnityEngine.TestRunner.NUnitExtensions.Runner.CompositeWorkItem/<PerformWork>d__13:MoveNext () (at ./Library/PackageCache/com.unity.test-framework@7a3849e09bd0/UnityEngine.TestRunner/NUnitExtensions/Runner/CompositeWorkItem.cs:83)
UnityEngine.TestRunner.NUnitExtensions.Runner.CompositeWorkItem/<RunChildren>d__17:MoveNext () (at ./Library/PackageCache/com.unity.test-framework@7a3849e09bd0/UnityEngine.TestRunner/NUnitExtensions/Runner/CompositeWorkItem.cs:209)
UnityEngine.TestRunner.NUnitExtensions.Runner.CompositeWorkItem/<PerformWork>d__13:MoveNext () (at ./Library/PackageCache/com.unity.test-framework@7a3849e09bd0/UnityEngine.TestRunner/NUnitExtensions/Runner/CompositeWorkItem.cs:83)
UnityEngine.TestRunner.NUnitExtensions.Runner.CompositeWorkItem/<RunChildren>d__17:MoveNext () (at ./Library/PackageCache/com.unity.test-framework@7a3849e09bd0/UnityEngine.TestRunner/NUnitExtensions/Runner/CompositeWorkItem.cs:209)
UnityEngine.TestRunner.NUnitExtensions.Runner.CompositeWorkItem/<PerformWork>d__13:MoveNext () (at ./Library/PackageCache/com.unity.test-framework@7a3849e09bd0/UnityEngine.TestRunner/NUnitExtensions/Runner/CompositeWorkItem.cs:83)
UnityEngine.TestRunner.NUnitExtensions.Runner.CompositeWorkItem/<RunChildren>d__17:MoveNext () (at ./Library/PackageCache/com.unity.test-framework@7a3849e09bd0/UnityEngine.TestRunner/NUnitExtensions/Runner/CompositeWorkItem.cs:209)
UnityEngine.TestRunner.NUnitExtensions.Runner.CompositeWorkItem/<PerformWork>d__13:MoveNext () (at ./Library/PackageCache/com.unity.test-framework@7a3849e09bd0/UnityEngine.TestRunner/NUnitExtensions/Runner/CompositeWorkItem.cs:83)
UnityEngine.TestRunner.NUnitExtensions.Runner.CompositeWorkItem/<RunChildren>d__17:MoveNext () (at ./Library/PackageCache/com.unity.test-framework@7a3849e09bd0/UnityEngine.TestRunner/NUnitExtensions/Runner/CompositeWorkItem.cs:209)
UnityEngine.TestRunner.NUnitExtensions.Runner.CompositeWorkItem/<PerformWork>d__13:MoveNext () (at ./Library/PackageCache/com.unity.test-framework@7a3849e09bd0/UnityEngine.TestRunner/NUnitExtensions/Runner/CompositeWorkItem.cs:83)
UnityEngine.TestTools.TestRunner.PlaymodeTestsController/<TestRunnerCoroutine>d__25:MoveNext () (at ./Library/PackageCache/com.unity.test-framework@7a3849e09bd0/UnityEngine.TestRunner/TestRunner/PlaymodeTestsController.cs:100)
UnityEngine.SetupCoroutine:InvokeMoveNext (System.Collections.IEnumerator,intptr)

(Filename: Assets/Scripts/Editor/Testing/VarginhaBatchTestProgress.cs Line: 26)

QA test: Game.Tests.PlayMode.VarginhaRequestedGameplayTests.HouseFurnitureResizesOnceAndSurgesIncludeRecovery
UnityEngine.Debug:ExtractStackTraceNoAlloc (byte*,int,string)
UnityEngine.StackTraceUtility:ExtractStackTrace ()
UnityEngine.DebugLogHandler:Internal_Log (UnityEngine.LogType,UnityEngine.LogOption,string,UnityEngine.Object)
UnityEngine.DebugLogHandler:LogFormat (UnityEngine.LogType,UnityEngine.Object,string,object[])
UnityEngine.Logger:Log (UnityEngine.LogType,object)
UnityEngine.Debug:Log (object)
Game.Editor.Testing.VarginhaBatchTestProgress:TestStarted (UnityEditor.TestTools.TestRunner.Api.ITestAdaptor) (at Assets/Scripts/Editor/Testing/VarginhaBatchTestProgress.cs:22)
UnityEditor.TestTools.TestRunner.Api.CallbacksDelegator/<>c__DisplayClass12_0:<TestStarted>b__0 (UnityEditor.TestTools.TestRunner.Api.ICallbacks) (at ./Library/PackageCache/com.unity.test-framework@7a3849e09bd0/UnityEditor.TestRunner/Api/CallbacksDelegator.cs:81)
UnityEditor.TestTools.TestRunner.Api.CallbacksDelegator:TryInvokeAllCallbacks (System.Action`1<UnityEditor.TestTools.TestRunner.Api.ICallbacks>) (at ./Library/PackageCache/com.unity.test-framework@7a3849e09bd0/UnityEditor.TestRunner/Api/CallbacksDelegator.cs:135)
UnityEditor.TestTools.TestRunner.Api.CallbacksDelegator:TestStarted (NUnit.Framework.Interfaces.ITest) (at ./Library/PackageCache/com.unity.test-framework@7a3849e09bd0/UnityEditor.TestRunner/Api/CallbacksDelegator.cs:81)
UnityEngine.Events.InvokableCall`1<NUnit.Framework.Interfaces.ITest>:Invoke (NUnit.Framework.Interfaces.ITest)
UnityEngine.Events.UnityEvent`1<NUnit.Framework.Interfaces.ITest>:Invoke (NUnit.Framework.Interfaces.ITest)
UnityEngine.Events.InvokableCall`1<NUnit.Framework.Interfaces.ITest>:Invoke (NUnit.Framework.Interfaces.ITest)
UnityEngine.Events.UnityEvent`1<NUnit.Framework.Interfaces.ITest>:Invoke (NUnit.Framework.Interfaces.ITest)
UnityEngine.TestTools.TestRunner.TestListenerWrapper:TestStarted (NUnit.Framework.Interfaces.ITest) (at ./Library/PackageCache/com.unity.test-framework@7a3849e09bd0/UnityEngine.TestRunner/TestRunner/TestListenerWrapper.cs:19)
UnityEngine.TestRunner.NUnitExtensions.Runner.UnityWorkItem:Execute () (at ./Library/PackageCache/com.unity.test-framework@7a3849e09bd0/UnityEngine.TestRunner/NUnitExtensions/Runner/UnityWorkItem.cs:83)
UnityEngine.TestRunner.NUnitExtensions.Runner.CompositeWorkItem/<RunChildren>d__17:MoveNext () (at ./Library/PackageCache/com.unity.test-framework@7a3849e09bd0/UnityEngine.TestRunner/NUnitExtensions/Runner/CompositeWorkItem.cs:205)
UnityEngine.TestRunner.NUnitExtensions.Runner.CompositeWorkItem/<PerformWork>d__13:MoveNext () (at ./Library/PackageCache/com.unity.test-framework@7a3849e09bd0/UnityEngine.TestRunner/NUnitExtensions/Runner/CompositeWorkItem.cs:83)
UnityEngine.TestRunner.NUnitExtensions.Runner.CompositeWorkItem/<RunChildren>d__17:MoveNext () (at ./Library/PackageCache/com.unity.test-framework@7a3849e09bd0/UnityEngine.TestRunner/NUnitExtensions/Runner/CompositeWorkItem.cs:209)
UnityEngine.TestRunner.NUnitExtensions.Runner.CompositeWorkItem/<PerformWork>d__13:MoveNext () (at ./Library/PackageCache/com.unity.test-framework@7a3849e09bd0/UnityEngine.TestRunner/NUnitExtensions/Runner/CompositeWorkItem.cs:83)
UnityEngine.TestRunner.NUnitExtensions.Runner.CompositeWorkItem/<RunChildren>d__17:MoveNext () (at ./Library/PackageCache/com.unity.test-framework@7a3849e09bd0/UnityEngine.TestRunner/NUnitExtensions/Runner/CompositeWorkItem.cs:209)
UnityEngine.TestRunner.NUnitExtensions.Runner.CompositeWorkItem/<PerformWork>d__13:MoveNext () (at ./Library/PackageCache/com.unity.test-framework@7a3849e09bd0/UnityEngine.TestRunner/NUnitExtensions/Runner/CompositeWorkItem.cs:83)
UnityEngine.TestRunner.NUnitExtensions.Runner.CompositeWorkItem/<RunChildren>d__17:MoveNext () (at ./Library/PackageCache/com.unity.test-framework@7a3849e09bd0/UnityEngine.TestRunner/NUnitExtensions/Runner/CompositeWorkItem.cs:209)
UnityEngine.TestRunner.NUnitExtensions.Runner.CompositeWorkItem/<PerformWork>d__13:MoveNext () (at ./Library/PackageCache/com.unity.test-framework@7a3849e09bd0/UnityEngine.TestRunner/NUnitExtensions/Runner/CompositeWorkItem.cs:83)
UnityEngine.TestRunner.NUnitExtensions.Runner.CompositeWorkItem/<RunChildren>d__17:MoveNext () (at ./Library/PackageCache/com.unity.test-framework@7a3849e09bd0/UnityEngine.TestRunner/NUnitExtensions/Runner/CompositeWorkItem.cs:209)
UnityEngine.TestRunner.NUnitExtensions.Runner.CompositeWorkItem/<PerformWork>d__13:MoveNext () (at ./Library/PackageCache/com.unity.test-framework@7a3849e09bd0/UnityEngine.TestRunner/NUnitExtensions/Runner/CompositeWorkItem.cs:83)
UnityEngine.TestRunner.NUnitExtensions.Runner.CompositeWorkItem/<RunChildren>d__17:MoveNext () (at ./Library/PackageCache/com.unity.test-framework@7a3849e09bd0/UnityEngine.TestRunner/NUnitExtensions/Runner/CompositeWorkItem.cs:209)
UnityEngine.TestRunner.NUnitExtensions.Runner.CompositeWorkItem/<PerformWork>d__13:MoveNext () (at ./Library/PackageCache/com.unity.test-framework@7a3849e09bd0/UnityEngine.TestRunner/NUnitExtensions/Runner/CompositeWorkItem.cs:83)
UnityEngine.TestTools.TestRunner.PlaymodeTestsController/<TestRunnerCoroutine>d__25:MoveNext () (at ./Library/PackageCache/com.unity.test-framework@7a3849e09bd0/UnityEngine.TestRunner/TestRunner/PlaymodeTestsController.cs:100)
UnityEngine.SetupCoroutine:InvokeMoveNext (System.Collections.IEnumerator,intptr)

(Filename: Assets/Scripts/Editor/Testing/VarginhaBatchTestProgress.cs Line: 22)

QA result: Passed Game.Tests.PlayMode.VarginhaRequestedGameplayTests.HouseFurnitureResizesOnceAndSurgesIncludeRecovery
UnityEngine.Debug:ExtractStackTraceNoAlloc (byte*,int,string)
UnityEngine.StackTraceUtility:ExtractStackTrace ()
UnityEngine.DebugLogHandler:Internal_Log (UnityEngine.LogType,UnityEngine.LogOption,string,UnityEngine.Object)
UnityEngine.DebugLogHandler:LogFormat (UnityEngine.LogType,UnityEngine.Object,string,object[])
UnityEngine.Logger:Log (UnityEngine.LogType,object)
UnityEngine.Debug:Log (object)
Game.Editor.Testing.VarginhaBatchTestProgress:TestFinished (UnityEditor.TestTools.TestRunner.Api.ITestResultAdaptor) (at Assets/Scripts/Editor/Testing/VarginhaBatchTestProgress.cs:26)
UnityEditor.TestTools.TestRunner.Api.CallbacksDelegator/<>c__DisplayClass14_0:<TestFinished>b__0 (UnityEditor.TestTools.TestRunner.Api.ICallbacks) (at ./Library/PackageCache/com.unity.test-framework@7a3849e09bd0/UnityEditor.TestRunner/Api/CallbacksDelegator.cs:95)
UnityEditor.TestTools.TestRunner.Api.CallbacksDelegator:TryInvokeAllCallbacks (System.Action`1<UnityEditor.TestTools.TestRunner.Api.ICallbacks>) (at ./Library/PackageCache/com.unity.test-framework@7a3849e09bd0/UnityEditor.TestRunner/Api/CallbacksDelegator.cs:135)
UnityEditor.TestTools.TestRunner.Api.CallbacksDelegator:TestFinished (NUnit.Framework.Interfaces.ITestResult) (at ./Library/PackageCache/com.unity.test-framework@7a3849e09bd0/UnityEditor.TestRunner/Api/CallbacksDelegator.cs:95)
UnityEngine.Events.InvokableCall`1<NUnit.Framework.Interfaces.ITestResult>:Invoke (NUnit.Framework.Interfaces.ITestResult)
UnityEngine.Events.UnityEvent`1<NUnit.Framework.Interfaces.ITestResult>:Invoke (NUnit.Framework.Interfaces.ITestResult)
UnityEngine.Events.InvokableCall`1<NUnit.Framework.Interfaces.ITestResult>:Invoke (NUnit.Framework.Interfaces.ITestResult)
UnityEngine.Events.UnityEvent`1<NUnit.Framework.Interfaces.ITestResult>:Invoke (NUnit.Framework.Interfaces.ITestResult)
UnityEngine.TestTools.TestRunner.TestListenerWrapper:TestFinished (NUnit.Framework.Interfaces.ITestResult) (at ./Library/PackageCache/com.unity.test-framework@7a3849e09bd0/UnityEngine.TestRunner/TestRunner/TestListenerWrapper.cs:24)
UnityEngine.TestRunner.NUnitExtensions.Runner.UnityWorkItem:WorkItemComplete () (at ./Library/PackageCache/com.unity.test-framework@7a3849e09bd0/UnityEngine.TestRunner/NUnitExtensions/Runner/UnityWorkItem.cs:107)
UnityEngine.TestRunner.NUnitExtensions.Runner.DefaultTestWorkItem/<PerformWork>d__2:<>m__Finally1 () (at ./Library/PackageCache/com.unity.test-framework@7a3849e09bd0/UnityEngine.TestRunner/NUnitExtensions/Runner/DefaultTestWorkItem.cs:98)
UnityEngine.TestRunner.NUnitExtensions.Runner.DefaultTestWorkItem/<PerformWork>d__2:MoveNext () (at ./Library/PackageCache/com.unity.test-framework@7a3849e09bd0/UnityEngine.TestRunner/NUnitExtensions/Runner/DefaultTestWorkItem.cs:95)
UnityEngine.TestRunner.NUnitExtensions.Runner.CompositeWorkItem/<RunChildren>d__17:MoveNext () (at ./Library/PackageCache/com.unity.test-framework@7a3849e09bd0/UnityEngine.TestRunner/NUnitExtensions/Runner/CompositeWorkItem.cs:209)
UnityEngine.TestRunner.NUnitExtensions.Runner.CompositeWorkItem/<PerformWork>d__13:MoveNext () (at ./Library/PackageCache/com.unity.test-framework@7a3849e09bd0/UnityEngine.TestRunner/NUnitExtensions/Runner/CompositeWorkItem.cs:83)
UnityEngine.TestRunner.NUnitExtensions.Runner.CompositeWorkItem/<RunChildren>d__17:MoveNext () (at ./Library/PackageCache/com.unity.test-framework@7a3849e09bd0/UnityEngine.TestRunner/NUnitExtensions/Runner/CompositeWorkItem.cs:209)
UnityEngine.TestRunner.NUnitExtensions.Runner.CompositeWorkItem/<PerformWork>d__13:MoveNext () (at ./Library/PackageCache/com.unity.test-framework@7a3849e09bd0/UnityEngine.TestRunner/NUnitExtensions/Runner/CompositeWorkItem.cs:83)
UnityEngine.TestRunner.NUnitExtensions.Runner.CompositeWorkItem/<RunChildren>d__17:MoveNext () (at ./Library/PackageCache/com.unity.test-framework@7a3849e09bd0/UnityEngine.TestRunner/NUnitExtensions/Runner/CompositeWorkItem.cs:209)
UnityEngine.TestRunner.NUnitExtensions.Runner.CompositeWorkItem/<PerformWork>d__13:MoveNext () (at ./Library/PackageCache/com.unity.test-framework@7a3849e09bd0/UnityEngine.TestRunner/NUnitExtensions/Runner/CompositeWorkItem.cs:83)
UnityEngine.TestRunner.NUnitExtensions.Runner.CompositeWorkItem/<RunChildren>d__17:MoveNext () (at ./Library/PackageCache/com.unity.test-framework@7a3849e09bd0/UnityEngine.TestRunner/NUnitExtensions/Runner/CompositeWorkItem.cs:209)
UnityEngine.TestRunner.NUnitExtensions.Runner.CompositeWorkItem/<PerformWork>d__13:MoveNext () (at ./Library/PackageCache/com.unity.test-framework@7a3849e09bd0/UnityEngine.TestRunner/NUnitExtensions/Runner/CompositeWorkItem.cs:83)
UnityEngine.TestRunner.NUnitExtensions.Runner.CompositeWorkItem/<RunChildren>d__17:MoveNext () (at ./Library/PackageCache/com.unity.test-framework@7a3849e09bd0/UnityEngine.TestRunner/NUnitExtensions/Runner/CompositeWorkItem.cs:209)
UnityEngine.TestRunner.NUnitExtensions.Runner.CompositeWorkItem/<PerformWork>d__13:MoveNext () (at ./Library/PackageCache/com.unity.test-framework@7a3849e09bd0/UnityEngine.TestRunner/NUnitExtensions/Runner/CompositeWorkItem.cs:83)
UnityEngine.TestRunner.NUnitExtensions.Runner.CompositeWorkItem/<RunChildren>d__17:MoveNext () (at ./Library/PackageCache/com.unity.test-framework@7a3849e09bd0/UnityEngine.TestRunner/NUnitExtensions/Runner/CompositeWorkItem.cs:209)
UnityEngine.TestRunner.NUnitExtensions.Runner.CompositeWorkItem/<PerformWork>d__13:MoveNext () (at ./Library/PackageCache/com.unity.test-framework@7a3849e09bd0/UnityEngine.TestRunner/NUnitExtensions/Runner/CompositeWorkItem.cs:83)
UnityEngine.TestTools.TestRunner.PlaymodeTestsController/<TestRunnerCoroutine>d__25:MoveNext () (at ./Library/PackageCache/com.unity.test-framework@7a3849e09bd0/UnityEngine.TestRunner/TestRunner/PlaymodeTestsController.cs:100)
UnityEngine.SetupCoroutine:InvokeMoveNext (System.Collections.IEnumerator,intptr)

(Filename: Assets/Scripts/Editor/Testing/VarginhaBatchTestProgress.cs Line: 26)

QA test: Game.Tests.PlayMode.VarginhaRequestedGameplayTests.PewStopsWalkingAndSeatRestoresCollisionWhenInterrupted
UnityEngine.Debug:ExtractStackTraceNoAlloc (byte*,int,string)
UnityEngine.StackTraceUtility:ExtractStackTrace ()
UnityEngine.DebugLogHandler:Internal_Log (UnityEngine.LogType,UnityEngine.LogOption,string,UnityEngine.Object)
UnityEngine.DebugLogHandler:LogFormat (UnityEngine.LogType,UnityEngine.Object,string,object[])
UnityEngine.Logger:Log (UnityEngine.LogType,object)
UnityEngine.Debug:Log (object)
Game.Editor.Testing.VarginhaBatchTestProgress:TestStarted (UnityEditor.TestTools.TestRunner.Api.ITestAdaptor) (at Assets/Scripts/Editor/Testing/VarginhaBatchTestProgress.cs:22)
UnityEditor.TestTools.TestRunner.Api.CallbacksDelegator/<>c__DisplayClass12_0:<TestStarted>b__0 (UnityEditor.TestTools.TestRunner.Api.ICallbacks) (at ./Library/PackageCache/com.unity.test-framework@7a3849e09bd0/UnityEditor.TestRunner/Api/CallbacksDelegator.cs:81)
UnityEditor.TestTools.TestRunner.Api.CallbacksDelegator:TryInvokeAllCallbacks (System.Action`1<UnityEditor.TestTools.TestRunner.Api.ICallbacks>) (at ./Library/PackageCache/com.unity.test-framework@7a3849e09bd0/UnityEditor.TestRunner/Api/CallbacksDelegator.cs:135)
UnityEditor.TestTools.TestRunner.Api.CallbacksDelegator:TestStarted (NUnit.Framework.Interfaces.ITest) (at ./Library/PackageCache/com.unity.test-framework@7a3849e09bd0/UnityEditor.TestRunner/Api/CallbacksDelegator.cs:81)
UnityEngine.Events.InvokableCall`1<NUnit.Framework.Interfaces.ITest>:Invoke (NUnit.Framework.Interfaces.ITest)
UnityEngine.Events.UnityEvent`1<NUnit.Framework.Interfaces.ITest>:Invoke (NUnit.Framework.Interfaces.ITest)
UnityEngine.Events.InvokableCall`1<NUnit.Framework.Interfaces.ITest>:Invoke (NUnit.Framework.Interfaces.ITest)
UnityEngine.Events.UnityEvent`1<NUnit.Framework.Interfaces.ITest>:Invoke (NUnit.Framework.Interfaces.ITest)
UnityEngine.TestTools.TestRunner.TestListenerWrapper:TestStarted (NUnit.Framework.Interfaces.ITest) (at ./Library/PackageCache/com.unity.test-framework@7a3849e09bd0/UnityEngine.TestRunner/TestRunner/TestListenerWrapper.cs:19)
UnityEngine.TestRunner.NUnitExtensions.Runner.UnityWorkItem:Execute () (at ./Library/PackageCache/com.unity.test-framework@7a3849e09bd0/UnityEngine.TestRunner/NUnitExtensions/Runner/UnityWorkItem.cs:83)
UnityEngine.TestRunner.NUnitExtensions.Runner.CompositeWorkItem/<RunChildren>d__17:MoveNext () (at ./Library/PackageCache/com.unity.test-framework@7a3849e09bd0/UnityEngine.TestRunner/NUnitExtensions/Runner/CompositeWorkItem.cs:205)
UnityEngine.TestRunner.NUnitExtensions.Runner.CompositeWorkItem/<PerformWork>d__13:MoveNext () (at ./Library/PackageCache/com.unity.test-framework@7a3849e09bd0/UnityEngine.TestRunner/NUnitExtensions/Runner/CompositeWorkItem.cs:83)
UnityEngine.TestRunner.NUnitExtensions.Runner.CompositeWorkItem/<RunChildren>d__17:MoveNext () (at ./Library/PackageCache/com.unity.test-framework@7a3849e09bd0/UnityEngine.TestRunner/NUnitExtensions/Runner/CompositeWorkItem.cs:209)
UnityEngine.TestRunner.NUnitExtensions.Runner.CompositeWorkItem/<PerformWork>d__13:MoveNext () (at ./Library/PackageCache/com.unity.test-framework@7a3849e09bd0/UnityEngine.TestRunner/NUnitExtensions/Runner/CompositeWorkItem.cs:83)
UnityEngine.TestRunner.NUnitExtensions.Runner.CompositeWorkItem/<RunChildren>d__17:MoveNext () (at ./Library/PackageCache/com.unity.test-framework@7a3849e09bd0/UnityEngine.TestRunner/NUnitExtensions/Runner/CompositeWorkItem.cs:209)
UnityEngine.TestRunner.NUnitExtensions.Runner.CompositeWorkItem/<PerformWork>d__13:MoveNext () (at ./Library/PackageCache/com.unity.test-framework@7a3849e09bd0/UnityEngine.TestRunner/NUnitExtensions/Runner/CompositeWorkItem.cs:83)
UnityEngine.TestRunner.NUnitExtensions.Runner.CompositeWorkItem/<RunChildren>d__17:MoveNext () (at ./Library/PackageCache/com.unity.test-framework@7a3849e09bd0/UnityEngine.TestRunner/NUnitExtensions/Runner/CompositeWorkItem.cs:209)
UnityEngine.TestRunner.NUnitExtensions.Runner.CompositeWorkItem/<PerformWork>d__13:MoveNext () (at ./Library/PackageCache/com.unity.test-framework@7a3849e09bd0/UnityEngine.TestRunner/NUnitExtensions/Runner/CompositeWorkItem.cs:83)
UnityEngine.TestRunner.NUnitExtensions.Runner.CompositeWorkItem/<RunChildren>d__17:MoveNext () (at ./Library/PackageCache/com.unity.test-framework@7a3849e09bd0/UnityEngine.TestRunner/NUnitExtensions/Runner/CompositeWorkItem.cs:209)
UnityEngine.TestRunner.NUnitExtensions.Runner.CompositeWorkItem/<PerformWork>d__13:MoveNext () (at ./Library/PackageCache/com.unity.test-framework@7a3849e09bd0/UnityEngine.TestRunner/NUnitExtensions/Runner/CompositeWorkItem.cs:83)
UnityEngine.TestRunner.NUnitExtensions.Runner.CompositeWorkItem/<RunChildren>d__17:MoveNext () (at ./Library/PackageCache/com.unity.test-framework@7a3849e09bd0/UnityEngine.TestRunner/NUnitExtensions/Runner/CompositeWorkItem.cs:209)
UnityEngine.TestRunner.NUnitExtensions.Runner.CompositeWorkItem/<PerformWork>d__13:MoveNext () (at ./Library/PackageCache/com.unity.test-framework@7a3849e09bd0/UnityEngine.TestRunner/NUnitExtensions/Runner/CompositeWorkItem.cs:83)
UnityEngine.TestTools.TestRunner.PlaymodeTestsController/<TestRunnerCoroutine>d__25:MoveNext () (at ./Library/PackageCache/com.unity.test-framework@7a3849e09bd0/UnityEngine.TestRunner/TestRunner/PlaymodeTestsController.cs:100)
UnityEngine.SetupCoroutine:InvokeMoveNext (System.Collections.IEnumerator,intptr)

(Filename: Assets/Scripts/Editor/Testing/VarginhaBatchTestProgress.cs Line: 22)

QA result: Failed:Error Game.Tests.PlayMode.VarginhaRequestedGameplayTests.PewStopsWalkingAndSeatRestoresCollisionWhenInterrupted
UnityEngine.Debug:ExtractStackTraceNoAlloc (byte*,int,string)
UnityEngine.StackTraceUtility:ExtractStackTrace ()
UnityEngine.DebugLogHandler:Internal_Log (UnityEngine.LogType,UnityEngine.LogOption,string,UnityEngine.Object)
UnityEngine.DebugLogHandler:LogFormat (UnityEngine.LogType,UnityEngine.Object,string,object[])
UnityEngine.Logger:Log (UnityEngine.LogType,object)
UnityEngine.Debug:Log (object)
Game.Editor.Testing.VarginhaBatchTestProgress:TestFinished (UnityEditor.TestTools.TestRunner.Api.ITestResultAdaptor) (at Assets/Scripts/Editor/Testing/VarginhaBatchTestProgress.cs:26)
UnityEditor.TestTools.TestRunner.Api.CallbacksDelegator/<>c__DisplayClass14_0:<TestFinished>b__0 (UnityEditor.TestTools.TestRunner.Api.ICallbacks) (at ./Library/PackageCache/com.unity.test-framework@7a3849e09bd0/UnityEditor.TestRunner/Api/CallbacksDelegator.cs:95)
UnityEditor.TestTools.TestRunner.Api.CallbacksDelegator:TryInvokeAllCallbacks (System.Action`1<UnityEditor.TestTools.TestRunner.Api.ICallbacks>) (at ./Library/PackageCache/com.unity.test-framework@7a3849e09bd0/UnityEditor.TestRunner/Api/CallbacksDelegator.cs:135)
UnityEditor.TestTools.TestRunner.Api.CallbacksDelegator:TestFinished (NUnit.Framework.Interfaces.ITestResult) (at ./Library/PackageCache/com.unity.test-framework@7a3849e09bd0/UnityEditor.TestRunner/Api/CallbacksDelegator.cs:95)
UnityEngine.Events.InvokableCall`1<NUnit.Framework.Interfaces.ITestResult>:Invoke (NUnit.Framework.Interfaces.ITestResult)
UnityEngine.Events.UnityEvent`1<NUnit.Framework.Interfaces.ITestResult>:Invoke (NUnit.Framework.Interfaces.ITestResult)
UnityEngine.Events.InvokableCall`1<NUnit.Framework.Interfaces.ITestResult>:Invoke (NUnit.Framework.Interfaces.ITestResult)
UnityEngine.Events.UnityEvent`1<NUnit.Framework.Interfaces.ITestResult>:Invoke (NUnit.Framework.Interfaces.ITestResult)
UnityEngine.TestTools.TestRunner.TestListenerWrapper:TestFinished (NUnit.Framework.Interfaces.ITestResult) (at ./Library/PackageCache/com.unity.test-framework@7a3849e09bd0/UnityEngine.TestRunner/TestRunner/TestListenerWrapper.cs:24)
UnityEngine.TestRunner.NUnitExtensions.Runner.UnityWorkItem:WorkItemComplete () (at ./Library/PackageCache/com.unity.test-framework@7a3849e09bd0/UnityEngine.TestRunner/NUnitExtensions/Runner/UnityWorkItem.cs:107)
UnityEngine.TestRunner.NUnitExtensions.Runner.CoroutineTestWorkItem/<PerformWork>d__7:<>m__Finally1 () (at ./Library/PackageCache/com.unity.test-framework@7a3849e09bd0/UnityEngine.TestRunner/NUnitExtensions/Runner/CoroutineTestWorkItem.cs:67)
UnityEngine.TestRunner.NUnitExtensions.Runner.CoroutineTestWorkItem/<PerformWork>d__7:MoveNext () (at ./Library/PackageCache/com.unity.test-framework@7a3849e09bd0/UnityEngine.TestRunner/NUnitExtensions/Runner/CoroutineTestWorkItem.cs:64)
UnityEngine.TestRunner.NUnitExtensions.Runner.CompositeWorkItem/<RunChildren>d__17:MoveNext () (at ./Library/PackageCache/com.unity.test-framework@7a3849e09bd0/UnityEngine.TestRunner/NUnitExtensions/Runner/CompositeWorkItem.cs:209)
UnityEngine.TestRunner.NUnitExtensions.Runner.CompositeWorkItem/<PerformWork>d__13:MoveNext () (at ./Library/PackageCache/com.unity.test-framework@7a3849e09bd0/UnityEngine.TestRunner/NUnitExtensions/Runner/CompositeWorkItem.cs:83)
UnityEngine.TestRunner.NUnitExtensions.Runner.CompositeWorkItem/<RunChildren>d__17:MoveNext () (at ./Library/PackageCache/com.unity.test-framework@7a3849e09bd0/UnityEngine.TestRunner/NUnitExtensions/Runner/CompositeWorkItem.cs:209)
UnityEngine.TestRunner.NUnitExtensions.Runner.CompositeWorkItem/<PerformWork>d__13:MoveNext () (at ./Library/PackageCache/com.unity.test-framework@7a3849e09bd0/UnityEngine.TestRunner/NUnitExtensions/Runner/CompositeWorkItem.cs:83)
UnityEngine.TestRunner.NUnitExtensions.Runner.CompositeWorkItem/<RunChildren>d__17:MoveNext () (at ./Library/PackageCache/com.unity.test-framework@7a3849e09bd0/UnityEngine.TestRunner/NUnitExtensions/Runner/CompositeWorkItem.cs:209)
UnityEngine.TestRunner.NUnitExtensions.Runner.CompositeWorkItem/<PerformWork>d__13:MoveNext () (at ./Library/PackageCache/com.unity.test-framework@7a3849e09bd0/UnityEngine.TestRunner/NUnitExtensions/Runner/CompositeWorkItem.cs:83)
UnityEngine.TestRunner.NUnitExtensions.Runner.CompositeWorkItem/<RunChildren>d__17:MoveNext () (at ./Library/PackageCache/com.unity.test-framework@7a3849e09bd0/UnityEngine.TestRunner/NUnitExtensions/Runner/CompositeWorkItem.cs:209)
UnityEngine.TestRunner.NUnitExtensions.Runner.CompositeWorkItem/<PerformWork>d__13:MoveNext () (at ./Library/PackageCache/com.unity.test-framework@7a3849e09bd0/UnityEngine.TestRunner/NUnitExtensions/Runner/CompositeWorkItem.cs:83)
UnityEngine.TestRunner.NUnitExtensions.Runner.CompositeWorkItem/<RunChildren>d__17:MoveNext () (at ./Library/PackageCache/com.unity.test-framework@7a3849e09bd0/UnityEngine.TestRunner/NUnitExtensions/Runner/CompositeWorkItem.cs:209)
UnityEngine.TestRunner.NUnitExtensions.Runner.CompositeWorkItem/<PerformWork>d__13:MoveNext () (at ./Library/PackageCache/com.unity.test-framework@7a3849e09bd0/UnityEngine.TestRunner/NUnitExtensions/Runner/CompositeWorkItem.cs:83)
UnityEngine.TestRunner.NUnitExtensions.Runner.CompositeWorkItem/<RunChildren>d__17:MoveNext () (at ./Library/PackageCache/com.unity.test-framework@7a3849e09bd0/UnityEngine.TestRunner/NUnitExtensions/Runner/CompositeWorkItem.cs:209)
UnityEngine.TestRunner.NUnitExtensions.Runner.CompositeWorkItem/<PerformWork>d__13:MoveNext () (at ./Library/PackageCache/com.unity.test-framework@7a3849e09bd0/UnityEngine.TestRunner/NUnitExtensions/Runner/CompositeWorkItem.cs:83)
UnityEngine.TestTools.TestRunner.PlaymodeTestsController/<TestRunnerCoroutine>d__25:MoveNext () (at ./Library/PackageCache/com.unity.test-framework@7a3849e09bd0/UnityEngine.TestRunner/TestRunner/PlaymodeTestsController.cs:100)
UnityEngine.SetupCoroutine:InvokeMoveNext (System.Collections.IEnumerator,intptr)

(Filename: Assets/Scripts/Editor/Testing/VarginhaBatchTestProgress.cs Line: 26)

QA test: Game.Tests.PlayMode.VarginhaSchoolRescueTests.ConfirmedEncounterRescuesStudentsWhenDefeatedEnemiesWereRemoved
UnityEngine.Debug:ExtractStackTraceNoAlloc (byte*,int,string)
UnityEngine.StackTraceUtility:ExtractStackTrace ()
UnityEngine.DebugLogHandler:Internal_Log (UnityEngine.LogType,UnityEngine.LogOption,string,UnityEngine.Object)
UnityEngine.DebugLogHandler:LogFormat (UnityEngine.LogType,UnityEngine.Object,string,object[])
UnityEngine.Logger:Log (UnityEngine.LogType,object)
UnityEngine.Debug:Log (object)
Game.Editor.Testing.VarginhaBatchTestProgress:TestStarted (UnityEditor.TestTools.TestRunner.Api.ITestAdaptor) (at Assets/Scripts/Editor/Testing/VarginhaBatchTestProgress.cs:22)
UnityEditor.TestTools.TestRunner.Api.CallbacksDelegator/<>c__DisplayClass12_0:<TestStarted>b__0 (UnityEditor.TestTools.TestRunner.Api.ICallbacks) (at ./Library/PackageCache/com.unity.test-framework@7a3849e09bd0/UnityEditor.TestRunner/Api/CallbacksDelegator.cs:81)
UnityEditor.TestTools.TestRunner.Api.CallbacksDelegator:TryInvokeAllCallbacks (System.Action`1<UnityEditor.TestTools.TestRunner.Api.ICallbacks>) (at ./Library/PackageCache/com.unity.test-framework@7a3849e09bd0/UnityEditor.TestRunner/Api/CallbacksDelegator.cs:135)
UnityEditor.TestTools.TestRunner.Api.CallbacksDelegator:TestStarted (NUnit.Framework.Interfaces.ITest) (at ./Library/PackageCache/com.unity.test-framework@7a3849e09bd0/UnityEditor.TestRunner/Api/CallbacksDelegator.cs:81)
UnityEngine.Events.InvokableCall`1<NUnit.Framework.Interfaces.ITest>:Invoke (NUnit.Framework.Interfaces.ITest)
UnityEngine.Events.UnityEvent`1<NUnit.Framework.Interfaces.ITest>:Invoke (NUnit.Framework.Interfaces.ITest)
UnityEngine.Events.InvokableCall`1<NUnit.Framework.Interfaces.ITest>:Invoke (NUnit.Framework.Interfaces.ITest)
UnityEngine.Events.UnityEvent`1<NUnit.Framework.Interfaces.ITest>:Invoke (NUnit.Framework.Interfaces.ITest)
UnityEngine.TestTools.TestRunner.TestListenerWrapper:TestStarted (NUnit.Framework.Interfaces.ITest) (at ./Library/PackageCache/com.unity.test-framework@7a3849e09bd0/UnityEngine.TestRunner/TestRunner/TestListenerWrapper.cs:19)
UnityEngine.TestRunner.NUnitExtensions.Runner.UnityWorkItem:Execute () (at ./Library/PackageCache/com.unity.test-framework@7a3849e09bd0/UnityEngine.TestRunner/NUnitExtensions/Runner/UnityWorkItem.cs:83)
UnityEngine.TestRunner.NUnitExtensions.Runner.CompositeWorkItem/<RunChildren>d__17:MoveNext () (at ./Library/PackageCache/com.unity.test-framework@7a3849e09bd0/UnityEngine.TestRunner/NUnitExtensions/Runner/CompositeWorkItem.cs:205)
UnityEngine.TestRunner.NUnitExtensions.Runner.CompositeWorkItem/<PerformWork>d__13:MoveNext () (at ./Library/PackageCache/com.unity.test-framework@7a3849e09bd0/UnityEngine.TestRunner/NUnitExtensions/Runner/CompositeWorkItem.cs:83)
UnityEngine.TestRunner.NUnitExtensions.Runner.CompositeWorkItem/<RunChildren>d__17:MoveNext () (at ./Library/PackageCache/com.unity.test-framework@7a3849e09bd0/UnityEngine.TestRunner/NUnitExtensions/Runner/CompositeWorkItem.cs:209)
UnityEngine.TestRunner.NUnitExtensions.Runner.CompositeWorkItem/<PerformWork>d__13:MoveNext () (at ./Library/PackageCache/com.unity.test-framework@7a3849e09bd0/UnityEngine.TestRunner/NUnitExtensions/Runner/CompositeWorkItem.cs:83)
UnityEngine.TestRunner.NUnitExtensions.Runner.CompositeWorkItem/<RunChildren>d__17:MoveNext () (at ./Library/PackageCache/com.unity.test-framework@7a3849e09bd0/UnityEngine.TestRunner/NUnitExtensions/Runner/CompositeWorkItem.cs:209)
UnityEngine.TestRunner.NUnitExtensions.Runner.CompositeWorkItem/<PerformWork>d__13:MoveNext () (at ./Library/PackageCache/com.unity.test-framework@7a3849e09bd0/UnityEngine.TestRunner/NUnitExtensions/Runner/CompositeWorkItem.cs:83)
UnityEngine.TestRunner.NUnitExtensions.Runner.CompositeWorkItem/<RunChildren>d__17:MoveNext () (at ./Library/PackageCache/com.unity.test-framework@7a3849e09bd0/UnityEngine.TestRunner/NUnitExtensions/Runner/CompositeWorkItem.cs:209)
UnityEngine.TestRunner.NUnitExtensions.Runner.CompositeWorkItem/<PerformWork>d__13:MoveNext () (at ./Library/PackageCache/com.unity.test-framework@7a3849e09bd0/UnityEngine.TestRunner/NUnitExtensions/Runner/CompositeWorkItem.cs:83)
UnityEngine.TestRunner.NUnitExtensions.Runner.CompositeWorkItem/<RunChildren>d__17:MoveNext () (at ./Library/PackageCache/com.unity.test-framework@7a3849e09bd0/UnityEngine.TestRunner/NUnitExtensions/Runner/CompositeWorkItem.cs:209)
UnityEngine.TestRunner.NUnitExtensions.Runner.CompositeWorkItem/<PerformWork>d__13:MoveNext () (at ./Library/PackageCache/com.unity.test-framework@7a3849e09bd0/UnityEngine.TestRunner/NUnitExtensions/Runner/CompositeWorkItem.cs:83)
UnityEngine.TestRunner.NUnitExtensions.Runner.CompositeWorkItem/<RunChildren>d__17:MoveNext () (at ./Library/PackageCache/com.unity.test-framework@7a3849e09bd0/UnityEngine.TestRunner/NUnitExtensions/Runner/CompositeWorkItem.cs:209)
UnityEngine.TestRunner.NUnitExtensions.Runner.CompositeWorkItem/<PerformWork>d__13:MoveNext () (at ./Library/PackageCache/com.unity.test-framework@7a3849e09bd0/UnityEngine.TestRunner/NUnitExtensions/Runner/CompositeWorkItem.cs:83)
UnityEngine.TestTools.TestRunner.PlaymodeTestsController/<TestRunnerCoroutine>d__25:MoveNext () (at ./Library/PackageCache/com.unity.test-framework@7a3849e09bd0/UnityEngine.TestRunner/TestRunner/PlaymodeTestsController.cs:100)
UnityEngine.SetupCoroutine:InvokeMoveNext (System.Collections.IEnumerator,intptr)

(Filename: Assets/Scripts/Editor/Testing/VarginhaBatchTestProgress.cs Line: 22)

QA result: Passed Game.Tests.PlayMode.VarginhaSchoolRescueTests.ConfirmedEncounterRescuesStudentsWhenDefeatedEnemiesWereRemoved
UnityEngine.Debug:ExtractStackTraceNoAlloc (byte*,int,string)
UnityEngine.StackTraceUtility:ExtractStackTrace ()
UnityEngine.DebugLogHandler:Internal_Log (UnityEngine.LogType,UnityEngine.LogOption,string,UnityEngine.Object)
UnityEngine.DebugLogHandler:LogFormat (UnityEngine.LogType,UnityEngine.Object,string,object[])
UnityEngine.Logger:Log (UnityEngine.LogType,object)
UnityEngine.Debug:Log (object)
Game.Editor.Testing.VarginhaBatchTestProgress:TestFinished (UnityEditor.TestTools.TestRunner.Api.ITestResultAdaptor) (at Assets/Scripts/Editor/Testing/VarginhaBatchTestProgress.cs:26)
UnityEditor.TestTools.TestRunner.Api.CallbacksDelegator/<>c__DisplayClass14_0:<TestFinished>b__0 (UnityEditor.TestTools.TestRunner.Api.ICallbacks) (at ./Library/PackageCache/com.unity.test-framework@7a3849e09bd0/UnityEditor.TestRunner/Api/CallbacksDelegator.cs:95)
UnityEditor.TestTools.TestRunner.Api.CallbacksDelegator:TryInvokeAllCallbacks (System.Action`1<UnityEditor.TestTools.TestRunner.Api.ICallbacks>) (at ./Library/PackageCache/com.unity.test-framework@7a3849e09bd0/UnityEditor.TestRunner/Api/CallbacksDelegator.cs:135)
UnityEditor.TestTools.TestRunner.Api.CallbacksDelegator:TestFinished (NUnit.Framework.Interfaces.ITestResult) (at ./Library/PackageCache/com.unity.test-framework@7a3849e09bd0/UnityEditor.TestRunner/Api/CallbacksDelegator.cs:95)
UnityEngine.Events.InvokableCall`1<NUnit.Framework.Interfaces.ITestResult>:Invoke (NUnit.Framework.Interfaces.ITestResult)
UnityEngine.Events.UnityEvent`1<NUnit.Framework.Interfaces.ITestResult>:Invoke (NUnit.Framework.Interfaces.ITestResult)
UnityEngine.Events.InvokableCall`1<NUnit.Framework.Interfaces.ITestResult>:Invoke (NUnit.Framework.Interfaces.ITestResult)
UnityEngine.Events.UnityEvent`1<NUnit.Framework.Interfaces.ITestResult>:Invoke (NUnit.Framework.Interfaces.ITestResult)
UnityEngine.TestTools.TestRunner.TestListenerWrapper:TestFinished (NUnit.Framework.Interfaces.ITestResult) (at ./Library/PackageCache/com.unity.test-framework@7a3849e09bd0/UnityEngine.TestRunner/TestRunner/TestListenerWrapper.cs:24)
UnityEngine.TestRunner.NUnitExtensions.Runner.UnityWorkItem:WorkItemComplete () (at ./Library/PackageCache/com.unity.test-framework@7a3849e09bd0/UnityEngine.TestRunner/NUnitExtensions/Runner/UnityWorkItem.cs:107)
UnityEngine.TestRunner.NUnitExtensions.Runner.DefaultTestWorkItem/<PerformWork>d__2:<>m__Finally1 () (at ./Library/PackageCache/com.unity.test-framework@7a3849e09bd0/UnityEngine.TestRunner/NUnitExtensions/Runner/DefaultTestWorkItem.cs:98)
UnityEngine.TestRunner.NUnitExtensions.Runner.DefaultTestWorkItem/<PerformWork>d__2:MoveNext () (at ./Library/PackageCache/com.unity.test-framework@7a3849e09bd0/UnityEngine.TestRunner/NUnitExtensions/Runner/DefaultTestWorkItem.cs:95)
UnityEngine.TestRunner.NUnitExtensions.Runner.CompositeWorkItem/<RunChildren>d__17:MoveNext () (at ./Library/PackageCache/com.unity.test-framework@7a3849e09bd0/UnityEngine.TestRunner/NUnitExtensions/Runner/CompositeWorkItem.cs:209)
UnityEngine.TestRunner.NUnitExtensions.Runner.CompositeWorkItem/<PerformWork>d__13:MoveNext () (at ./Library/PackageCache/com.unity.test-framework@7a3849e09bd0/UnityEngine.TestRunner/NUnitExtensions/Runner/CompositeWorkItem.cs:83)
UnityEngine.TestRunner.NUnitExtensions.Runner.CompositeWorkItem/<RunChildren>d__17:MoveNext () (at ./Library/PackageCache/com.unity.test-framework@7a3849e09bd0/UnityEngine.TestRunner/NUnitExtensions/Runner/CompositeWorkItem.cs:209)
UnityEngine.TestRunner.NUnitExtensions.Runner.CompositeWorkItem/<PerformWork>d__13:MoveNext () (at ./Library/PackageCache/com.unity.test-framework@7a3849e09bd0/UnityEngine.TestRunner/NUnitExtensions/Runner/CompositeWorkItem.cs:83)
UnityEngine.TestRunner.NUnitExtensions.Runner.CompositeWorkItem/<RunChildren>d__17:MoveNext () (at ./Library/PackageCache/com.unity.test-framework@7a3849e09bd0/UnityEngine.TestRunner/NUnitExtensions/Runner/CompositeWorkItem.cs:209)
UnityEngine.TestRunner.NUnitExtensions.Runner.CompositeWorkItem/<PerformWork>d__13:MoveNext () (at ./Library/PackageCache/com.unity.test-framework@7a3849e09bd0/UnityEngine.TestRunner/NUnitExtensions/Runner/CompositeWorkItem.cs:83)
UnityEngine.TestRunner.NUnitExtensions.Runner.CompositeWorkItem/<RunChildren>d__17:MoveNext () (at ./Library/PackageCache/com.unity.test-framework@7a3849e09bd0/UnityEngine.TestRunner/NUnitExtensions/Runner/CompositeWorkItem.cs:209)
UnityEngine.TestRunner.NUnitExtensions.Runner.CompositeWorkItem/<PerformWork>d__13:MoveNext () (at ./Library/PackageCache/com.unity.test-framework@7a3849e09bd0/UnityEngine.TestRunner/NUnitExtensions/Runner/CompositeWorkItem.cs:83)
UnityEngine.TestRunner.NUnitExtensions.Runner.CompositeWorkItem/<RunChildren>d__17:MoveNext () (at ./Library/PackageCache/com.unity.test-framework@7a3849e09bd0/UnityEngine.TestRunner/NUnitExtensions/Runner/CompositeWorkItem.cs:209)
UnityEngine.TestRunner.NUnitExtensions.Runner.CompositeWorkItem/<PerformWork>d__13:MoveNext () (at ./Library/PackageCache/com.unity.test-framework@7a3849e09bd0/UnityEngine.TestRunner/NUnitExtensions/Runner/CompositeWorkItem.cs:83)
UnityEngine.TestRunner.NUnitExtensions.Runner.CompositeWorkItem/<RunChildren>d__17:MoveNext () (at ./Library/PackageCache/com.unity.test-framework@7a3849e09bd0/UnityEngine.TestRunner/NUnitExtensions/Runner/CompositeWorkItem.cs:209)
UnityEngine.TestRunner.NUnitExtensions.Runner.CompositeWorkItem/<PerformWork>d__13:MoveNext () (at ./Library/PackageCache/com.unity.test-framework@7a3849e09bd0/UnityEngine.TestRunner/NUnitExtensions/Runner/CompositeWorkItem.cs:83)
UnityEngine.TestTools.TestRunner.PlaymodeTestsController/<TestRunnerCoroutine>d__25:MoveNext () (at ./Library/PackageCache/com.unity.test-framework@7a3849e09bd0/UnityEngine.TestRunner/TestRunner/PlaymodeTestsController.cs:100)
UnityEngine.SetupCoroutine:InvokeMoveNext (System.Collections.IEnumerator,intptr)

(Filename: Assets/Scripts/Editor/Testing/VarginhaBatchTestProgress.cs Line: 26)

QA test: Game.Tests.PlayMode.VarginhaSchoolRescueTests.NineReleasedStudentsWalkOutTheDoorAndReachExternalFusca
UnityEngine.Debug:ExtractStackTraceNoAlloc (byte*,int,string)
UnityEngine.StackTraceUtility:ExtractStackTrace ()
UnityEngine.DebugLogHandler:Internal_Log (UnityEngine.LogType,UnityEngine.LogOption,string,UnityEngine.Object)
UnityEngine.DebugLogHandler:LogFormat (UnityEngine.LogType,UnityEngine.Object,string,object[])
UnityEngine.Logger:Log (UnityEngine.LogType,object)
UnityEngine.Debug:Log (object)
Game.Editor.Testing.VarginhaBatchTestProgress:TestStarted (UnityEditor.TestTools.TestRunner.Api.ITestAdaptor) (at Assets/Scripts/Editor/Testing/VarginhaBatchTestProgress.cs:22)
UnityEditor.TestTools.TestRunner.Api.CallbacksDelegator/<>c__DisplayClass12_0:<TestStarted>b__0 (UnityEditor.TestTools.TestRunner.Api.ICallbacks) (at ./Library/PackageCache/com.unity.test-framework@7a3849e09bd0/UnityEditor.TestRunner/Api/CallbacksDelegator.cs:81)
UnityEditor.TestTools.TestRunner.Api.CallbacksDelegator:TryInvokeAllCallbacks (System.Action`1<UnityEditor.TestTools.TestRunner.Api.ICallbacks>) (at ./Library/PackageCache/com.unity.test-framework@7a3849e09bd0/UnityEditor.TestRunner/Api/CallbacksDelegator.cs:135)
UnityEditor.TestTools.TestRunner.Api.CallbacksDelegator:TestStarted (NUnit.Framework.Interfaces.ITest) (at ./Library/PackageCache/com.unity.test-framework@7a3849e09bd0/UnityEditor.TestRunner/Api/CallbacksDelegator.cs:81)
UnityEngine.Events.InvokableCall`1<NUnit.Framework.Interfaces.ITest>:Invoke (NUnit.Framework.Interfaces.ITest)
UnityEngine.Events.UnityEvent`1<NUnit.Framework.Interfaces.ITest>:Invoke (NUnit.Framework.Interfaces.ITest)
UnityEngine.Events.InvokableCall`1<NUnit.Framework.Interfaces.ITest>:Invoke (NUnit.Framework.Interfaces.ITest)
UnityEngine.Events.UnityEvent`1<NUnit.Framework.Interfaces.ITest>:Invoke (NUnit.Framework.Interfaces.ITest)
UnityEngine.TestTools.TestRunner.TestListenerWrapper:TestStarted (NUnit.Framework.Interfaces.ITest) (at ./Library/PackageCache/com.unity.test-framework@7a3849e09bd0/UnityEngine.TestRunner/TestRunner/TestListenerWrapper.cs:19)
UnityEngine.TestRunner.NUnitExtensions.Runner.UnityWorkItem:Execute () (at ./Library/PackageCache/com.unity.test-framework@7a3849e09bd0/UnityEngine.TestRunner/NUnitExtensions/Runner/UnityWorkItem.cs:83)
UnityEngine.TestRunner.NUnitExtensions.Runner.CompositeWorkItem/<RunChildren>d__17:MoveNext () (at ./Library/PackageCache/com.unity.test-framework@7a3849e09bd0/UnityEngine.TestRunner/NUnitExtensions/Runner/CompositeWorkItem.cs:205)
UnityEngine.TestRunner.NUnitExtensions.Runner.CompositeWorkItem/<PerformWork>d__13:MoveNext () (at ./Library/PackageCache/com.unity.test-framework@7a3849e09bd0/UnityEngine.TestRunner/NUnitExtensions/Runner/CompositeWorkItem.cs:83)
UnityEngine.TestRunner.NUnitExtensions.Runner.CompositeWorkItem/<RunChildren>d__17:MoveNext () (at ./Library/PackageCache/com.unity.test-framework@7a3849e09bd0/UnityEngine.TestRunner/NUnitExtensions/Runner/CompositeWorkItem.cs:209)
UnityEngine.TestRunner.NUnitExtensions.Runner.CompositeWorkItem/<PerformWork>d__13:MoveNext () (at ./Library/PackageCache/com.unity.test-framework@7a3849e09bd0/UnityEngine.TestRunner/NUnitExtensions/Runner/CompositeWorkItem.cs:83)
UnityEngine.TestRunner.NUnitExtensions.Runner.CompositeWorkItem/<RunChildren>d__17:MoveNext () (at ./Library/PackageCache/com.unity.test-framework@7a3849e09bd0/UnityEngine.TestRunner/NUnitExtensions/Runner/CompositeWorkItem.cs:209)
UnityEngine.TestRunner.NUnitExtensions.Runner.CompositeWorkItem/<PerformWork>d__13:MoveNext () (at ./Library/PackageCache/com.unity.test-framework@7a3849e09bd0/UnityEngine.TestRunner/NUnitExtensions/Runner/CompositeWorkItem.cs:83)
UnityEngine.TestRunner.NUnitExtensions.Runner.CompositeWorkItem/<RunChildren>d__17:MoveNext () (at ./Library/PackageCache/com.unity.test-framework@7a3849e09bd0/UnityEngine.TestRunner/NUnitExtensions/Runner/CompositeWorkItem.cs:209)
UnityEngine.TestRunner.NUnitExtensions.Runner.CompositeWorkItem/<PerformWork>d__13:MoveNext () (at ./Library/PackageCache/com.unity.test-framework@7a3849e09bd0/UnityEngine.TestRunner/NUnitExtensions/Runner/CompositeWorkItem.cs:83)
UnityEngine.TestRunner.NUnitExtensions.Runner.CompositeWorkItem/<RunChildren>d__17:MoveNext () (at ./Library/PackageCache/com.unity.test-framework@7a3849e09bd0/UnityEngine.TestRunner/NUnitExtensions/Runner/CompositeWorkItem.cs:209)
UnityEngine.TestRunner.NUnitExtensions.Runner.CompositeWorkItem/<PerformWork>d__13:MoveNext () (at ./Library/PackageCache/com.unity.test-framework@7a3849e09bd0/UnityEngine.TestRunner/NUnitExtensions/Runner/CompositeWorkItem.cs:83)
UnityEngine.TestRunner.NUnitExtensions.Runner.CompositeWorkItem/<RunChildren>d__17:MoveNext () (at ./Library/PackageCache/com.unity.test-framework@7a3849e09bd0/UnityEngine.TestRunner/NUnitExtensions/Runner/CompositeWorkItem.cs:209)
UnityEngine.TestRunner.NUnitExtensions.Runner.CompositeWorkItem/<PerformWork>d__13:MoveNext () (at ./Library/PackageCache/com.unity.test-framework@7a3849e09bd0/UnityEngine.TestRunner/NUnitExtensions/Runner/CompositeWorkItem.cs:83)
UnityEngine.TestTools.TestRunner.PlaymodeTestsController/<TestRunnerCoroutine>d__25:MoveNext () (at ./Library/PackageCache/com.unity.test-framework@7a3849e09bd0/UnityEngine.TestRunner/TestRunner/PlaymodeTestsController.cs:100)
UnityEngine.SetupCoroutine:InvokeMoveNext (System.Collections.IEnumerator,intptr)

(Filename: Assets/Scripts/Editor/Testing/VarginhaBatchTestProgress.cs Line: 22)

QA result: Failed Game.Tests.PlayMode.VarginhaSchoolRescueTests.NineReleasedStudentsWalkOutTheDoorAndReachExternalFusca
UnityEngine.Debug:ExtractStackTraceNoAlloc (byte*,int,string)
UnityEngine.StackTraceUtility:ExtractStackTrace ()
UnityEngine.DebugLogHandler:Internal_Log (UnityEngine.LogType,UnityEngine.LogOption,string,UnityEngine.Object)
UnityEngine.DebugLogHandler:LogFormat (UnityEngine.LogType,UnityEngine.Object,string,object[])
UnityEngine.Logger:Log (UnityEngine.LogType,object)
UnityEngine.Debug:Log (object)
Game.Editor.Testing.VarginhaBatchTestProgress:TestFinished (UnityEditor.TestTools.TestRunner.Api.ITestResultAdaptor) (at Assets/Scripts/Editor/Testing/VarginhaBatchTestProgress.cs:26)
UnityEditor.TestTools.TestRunner.Api.CallbacksDelegator/<>c__DisplayClass14_0:<TestFinished>b__0 (UnityEditor.TestTools.TestRunner.Api.ICallbacks) (at ./Library/PackageCache/com.unity.test-framework@7a3849e09bd0/UnityEditor.TestRunner/Api/CallbacksDelegator.cs:95)
UnityEditor.TestTools.TestRunner.Api.CallbacksDelegator:TryInvokeAllCallbacks (System.Action`1<UnityEditor.TestTools.TestRunner.Api.ICallbacks>) (at ./Library/PackageCache/com.unity.test-framework@7a3849e09bd0/UnityEditor.TestRunner/Api/CallbacksDelegator.cs:135)
UnityEditor.TestTools.TestRunner.Api.CallbacksDelegator:TestFinished (NUnit.Framework.Interfaces.ITestResult) (at ./Library/PackageCache/com.unity.test-framework@7a3849e09bd0/UnityEditor.TestRunner/Api/CallbacksDelegator.cs:95)
UnityEngine.Events.InvokableCall`1<NUnit.Framework.Interfaces.ITestResult>:Invoke (NUnit.Framework.Interfaces.ITestResult)
UnityEngine.Events.UnityEvent`1<NUnit.Framework.Interfaces.ITestResult>:Invoke (NUnit.Framework.Interfaces.ITestResult)
UnityEngine.Events.InvokableCall`1<NUnit.Framework.Interfaces.ITestResult>:Invoke (NUnit.Framework.Interfaces.ITestResult)
UnityEngine.Events.UnityEvent`1<NUnit.Framework.Interfaces.ITestResult>:Invoke (NUnit.Framework.Interfaces.ITestResult)
UnityEngine.TestTools.TestRunner.TestListenerWrapper:TestFinished (NUnit.Framework.Interfaces.ITestResult) (at ./Library/PackageCache/com.unity.test-framework@7a3849e09bd0/UnityEngine.TestRunner/TestRunner/TestListenerWrapper.cs:24)
UnityEngine.TestRunner.NUnitExtensions.Runner.UnityWorkItem:WorkItemComplete () (at ./Library/PackageCache/com.unity.test-framework@7a3849e09bd0/UnityEngine.TestRunner/NUnitExtensions/Runner/UnityWorkItem.cs:107)
UnityEngine.TestRunner.NUnitExtensions.Runner.CoroutineTestWorkItem/<PerformWork>d__7:<>m__Finally1 () (at ./Library/PackageCache/com.unity.test-framework@7a3849e09bd0/UnityEngine.TestRunner/NUnitExtensions/Runner/CoroutineTestWorkItem.cs:67)
UnityEngine.TestRunner.NUnitExtensions.Runner.CoroutineTestWorkItem/<PerformWork>d__7:MoveNext () (at ./Library/PackageCache/com.unity.test-framework@7a3849e09bd0/UnityEngine.TestRunner/NUnitExtensions/Runner/CoroutineTestWorkItem.cs:64)
UnityEngine.TestRunner.NUnitExtensions.Runner.CompositeWorkItem/<RunChildren>d__17:MoveNext () (at ./Library/PackageCache/com.unity.test-framework@7a3849e09bd0/UnityEngine.TestRunner/NUnitExtensions/Runner/CompositeWorkItem.cs:209)
UnityEngine.TestRunner.NUnitExtensions.Runner.CompositeWorkItem/<PerformWork>d__13:MoveNext () (at ./Library/PackageCache/com.unity.test-framework@7a3849e09bd0/UnityEngine.TestRunner/NUnitExtensions/Runner/CompositeWorkItem.cs:83)
UnityEngine.TestRunner.NUnitExtensions.Runner.CompositeWorkItem/<RunChildren>d__17:MoveNext () (at ./Library/PackageCache/com.unity.test-framework@7a3849e09bd0/UnityEngine.TestRunner/NUnitExtensions/Runner/CompositeWorkItem.cs:209)
UnityEngine.TestRunner.NUnitExtensions.Runner.CompositeWorkItem/<PerformWork>d__13:MoveNext () (at ./Library/PackageCache/com.unity.test-framework@7a3849e09bd0/UnityEngine.TestRunner/NUnitExtensions/Runner/CompositeWorkItem.cs:83)
UnityEngine.TestRunner.NUnitExtensions.Runner.CompositeWorkItem/<RunChildren>d__17:MoveNext () (at ./Library/PackageCache/com.unity.test-framework@7a3849e09bd0/UnityEngine.TestRunner/NUnitExtensions/Runner/CompositeWorkItem.cs:209)
UnityEngine.TestRunner.NUnitExtensions.Runner.CompositeWorkItem/<PerformWork>d__13:MoveNext () (at ./Library/PackageCache/com.unity.test-framework@7a3849e09bd0/UnityEngine.TestRunner/NUnitExtensions/Runner/CompositeWorkItem.cs:83)
UnityEngine.TestRunner.NUnitExtensions.Runner.CompositeWorkItem/<RunChildren>d__17:MoveNext () (at ./Library/PackageCache/com.unity.test-framework@7a3849e09bd0/UnityEngine.TestRunner/NUnitExtensions/Runner/CompositeWorkItem.cs:209)
UnityEngine.TestRunner.NUnitExtensions.Runner.CompositeWorkItem/<PerformWork>d__13:MoveNext () (at ./Library/PackageCache/com.unity.test-framework@7a3849e09bd0/UnityEngine.TestRunner/NUnitExtensions/Runner/CompositeWorkItem.cs:83)
UnityEngine.TestRunner.NUnitExtensions.Runner.CompositeWorkItem/<RunChildren>d__17:MoveNext () (at ./Library/PackageCache/com.unity.test-framework@7a3849e09bd0/UnityEngine.TestRunner/NUnitExtensions/Runner/CompositeWorkItem.cs:209)
UnityEngine.TestRunner.NUnitExtensions.Runner.CompositeWorkItem/<PerformWork>d__13:MoveNext () (at ./Library/PackageCache/com.unity.test-framework@7a3849e09bd0/UnityEngine.TestRunner/NUnitExtensions/Runner/CompositeWorkItem.cs:83)
UnityEngine.TestRunner.NUnitExtensions.Runner.CompositeWorkItem/<RunChildren>d__17:MoveNext () (at ./Library/PackageCache/com.unity.test-framework@7a3849e09bd0/UnityEngine.TestRunner/NUnitExtensions/Runner/CompositeWorkItem.cs:209)
UnityEngine.TestRunner.NUnitExtensions.Runner.CompositeWorkItem/<PerformWork>d__13:MoveNext () (at ./Library/PackageCache/com.unity.test-framework@7a3849e09bd0/UnityEngine.TestRunner/NUnitExtensions/Runner/CompositeWorkItem.cs:83)
UnityEngine.TestTools.TestRunner.PlaymodeTestsController/<TestRunnerCoroutine>d__25:MoveNext () (at ./Library/PackageCache/com.unity.test-framework@7a3849e09bd0/UnityEngine.TestRunner/TestRunner/PlaymodeTestsController.cs:100)
UnityEngine.SetupCoroutine:InvokeMoveNext (System.Collections.IEnumerator,intptr)

(Filename: Assets/Scripts/Editor/Testing/VarginhaBatchTestProgress.cs Line: 26)

Saving results to: C:/Users/Usuario/AppData/LocalLow/DefaultCompany/Template 2D Kit\TestResults.xml
QA run finished: Failed(Child)
UnityEngine.Debug:ExtractStackTraceNoAlloc (byte*,int,string)
UnityEngine.StackTraceUtility:ExtractStackTrace ()
UnityEngine.DebugLogHandler:Internal_Log (UnityEngine.LogType,UnityEngine.LogOption,string,UnityEngine.Object)
UnityEngine.DebugLogHandler:LogFormat (UnityEngine.LogType,UnityEngine.Object,string,object[])
UnityEngine.Logger:Log (UnityEngine.LogType,object)
UnityEngine.Debug:Log (object)
Game.Editor.Testing.VarginhaBatchTestProgress:RunFinished (UnityEditor.TestTools.TestRunner.Api.ITestResultAdaptor) (at Assets/Scripts/Editor/Testing/VarginhaBatchTestProgress.cs:19)
UnityEditor.TestTools.TestRunner.Api.CallbacksDelegator/<>c__DisplayClass9_0:<RunFinished>b__0 (UnityEditor.TestTools.TestRunner.Api.ICallbacks) (at ./Library/PackageCache/com.unity.test-framework@7a3849e09bd0/UnityEditor.TestRunner/Api/CallbacksDelegator.cs:55)
UnityEditor.TestTools.TestRunner.Api.CallbacksDelegator:TryInvokeAllCallbacks (System.Action`1<UnityEditor.TestTools.TestRunner.Api.ICallbacks>) (at ./Library/PackageCache/com.unity.test-framework@7a3849e09bd0/UnityEditor.TestRunner/Api/CallbacksDelegator.cs:135)
UnityEditor.TestTools.TestRunner.Api.CallbacksDelegator:RunFinished (NUnit.Framework.Interfaces.ITestResult) (at ./Library/PackageCache/com.unity.test-framework@7a3849e09bd0/UnityEditor.TestRunner/Api/CallbacksDelegator.cs:55)
UnityEngine.Events.InvokableCall`1<NUnit.Framework.Interfaces.ITestResult>:Invoke (NUnit.Framework.Interfaces.ITestResult)
UnityEngine.Events.UnityEvent`1<NUnit.Framework.Interfaces.ITestResult>:Invoke (NUnit.Framework.Interfaces.ITestResult)
UnityEngine.Events.InvokableCall`1<NUnit.Framework.Interfaces.ITestResult>:Invoke (NUnit.Framework.Interfaces.ITestResult)
UnityEngine.Events.UnityEvent`1<NUnit.Framework.Interfaces.ITestResult>:Invoke (NUnit.Framework.Interfaces.ITestResult)
UnityEngine.TestTools.TestRunner.PlaymodeTestsController/<TestRunnerCoroutine>d__25:MoveNext () (at ./Library/PackageCache/com.unity.test-framework@7a3849e09bd0/UnityEngine.TestRunner/TestRunner/PlaymodeTestsController.cs:116)
UnityEngine.SetupCoroutine:InvokeMoveNext (System.Collections.IEnumerator,intptr)

(Filename: Assets/Scripts/Editor/Testing/VarginhaBatchTestProgress.cs Line: 19)

Saving results to: C:\Users\Usuario\misterio_de_varginha-jogofeiratecnica-2026-prot-tipo_principal-2026-09-22-10-19-30\scratch\gameplay-regression.xml
Unloading 33 Unused Serialized files (Serialized files now loaded: 0)
Loaded scene 'Temp/__Backupscenes/0.backup'
	Deserialize:            0.596 ms
	Integration:            111.000 ms
	Integration of assets:  0.002 ms
	Thread Wait Time:       0.015 ms
	Total Operation Time:   111.612 ms
Unloading 179 unused Assets / (1.2 MB). Loaded Objects now: 9137.
Memory consumption went from 0.53 GB to 0.52 GB.
Total: 63.844800 ms (FindLiveObjects: 3.017700 ms CreateObjectMapping: 2.000500 ms MarkObjects: 55.967200 ms  DeleteObjects: 1.932300 ms)

Executing IPostBuildCleanup for: Unity.PerformanceTesting.Editor.TestRunBuilder.
UnityEngine.Debug:ExtractStackTraceNoAlloc (byte*,int,string)
UnityEngine.StackTraceUtility:ExtractStackTrace ()
UnityEngine.DebugLogHandler:Internal_Log (UnityEngine.LogType,UnityEngine.LogOption,string,UnityEngine.Object)
UnityEngine.DebugLogHandler:LogFormat (UnityEngine.LogType,UnityEngine.Object,string,object[])
UnityEngine.Logger:Log (UnityEngine.LogType,object)
UnityEngine.Debug:Log (object)
UnityEditor.TestTools.TestRunner.TestRun.Tasks.BuildActionTaskBase`1/<ExecuteMethods>d__8<UnityEngine.TestTools.IPostBuildCleanup>:MoveNext () (at ./Library/PackageCache/com.unity.test-framework@7a3849e09bd0/UnityEditor.TestRunner/TestRun/Tasks/BuildActionTaskBase.cs:48)
UnityEditor.TestTools.TestRunner.TestRun.Tasks.BuildActionTaskBase`1/<Execute>d__7<UnityEngine.TestTools.IPostBuildCleanup>:MoveNext () (at ./Library/PackageCache/com.unity.test-framework@7a3849e09bd0/UnityEditor.TestRunner/TestRun/Tasks/BuildActionTaskBase.cs:34)
UnityEditor.TestTools.TestRunner.TestRun.TestJobRunner:ExecuteStep () (at ./Library/PackageCache/com.unity.test-framework@7a3849e09bd0/UnityEditor.TestRunner/TestRun/TestJobRunner.cs:194)
UnityEditor.TestTools.TestRunner.TestRun.TestJobRunner:ExecuteCallback () (at ./Library/PackageCache/com.unity.test-framework@7a3849e09bd0/UnityEditor.TestRunner/TestRun/TestJobRunner.cs:129)
UnityEditor.EditorApplication:Internal_CallUpdateFunctions ()

(Filename: ./Library/PackageCache/com.unity.test-framework@7a3849e09bd0/UnityEditor.TestRunner/TestRun/Tasks/BuildActionTaskBase.cs Line: 48)

Unloading 0 Unused Serialized files (Serialized files now loaded: 0)
Unloading 0 unused Assets / (Unknown). Loaded Objects now: 9139.
Memory consumption went from 0.51 GB to 0.51 GB.
Total: 38.231900 ms (FindLiveObjects: 1.050700 ms CreateObjectMapping: 0.362100 ms MarkObjects: 36.400300 ms  DeleteObjects: 0.032600 ms)

Refreshing native plugins compatible for Editor in 3.92 ms, found 5 plugins.
Asset Pipeline Refresh (id=4f4c00478ce5cc04e82801bebe093d04): Total: 0.108 seconds - Initiated by StopAssetImportingV2(NoUpdateAssetOptions)
DisplayProgressbar: Undo
Test run completed. Exiting with code 2 (Failed). One or more tests failed.
UnityEngine.Debug:ExtractStackTraceNoAlloc (byte*,int,string)
UnityEngine.StackTraceUtility:ExtractStackTrace ()
UnityEngine.DebugLogHandler:Internal_Log (UnityEngine.LogType,UnityEngine.LogOption,string,UnityEngine.Object)
UnityEngine.DebugLogHandler:LogFormat (UnityEngine.LogType,UnityEngine.Object,string,object[])
UnityEngine.Logger:Log (UnityEngine.LogType,object)
UnityEngine.Debug:Log (object)
UnityEditor.TestTools.TestRunner.CommandLineTest.Executer:ExitApplication (UnityEditor.TestTools.TestRunner.CommandLineTest.Executer/ReturnCodes,string) (at ./Library/PackageCache/com.unity.test-framework@7a3849e09bd0/UnityEditor.TestRunner/CommandLineTest/Executer.cs:81)
UnityEditor.TestTools.TestRunner.CommandLineTest.Executer:ExitIfRunIsCompleted () (at ./Library/PackageCache/com.unity.test-framework@7a3849e09bd0/UnityEditor.TestRunner/CommandLineTest/Executer.cs:74)
UnityEditor.EditorApplication:Internal_CallUpdateFunctions ()

(Filename: ./Library/PackageCache/com.unity.test-framework@7a3849e09bd0/UnityEditor.TestRunner/CommandLineTest/Executer.cs Line: 81)

MonoPathRemapper: Attempts to remap: 47255; Successful remaps: 26386
Serialized file version minimum: 22, current 23
Pipeline Server stopped
[Physics::Module] Cleanup current backend.
[Physics::Module] Id: 0xf2b8ea05
Input System module state changed to: ShutdownInProgress.
Input Polling Thread exited.
Input System module state changed to: Shutdown.
[Licensing::IpcConnector] LicenseClient-Usuario-notifications channel disconnected successfully.
[Licensing::IpcConnector] LicenseClient-Usuario channel disconnected successfully.
Shut down.
Lingering sessions upon destruction of worker manager
Unity Data Store service was successfully shut down
UDS shutting down local client system
Shut down UDS service system complete
AcceleratorClientConnectionCallback - disconnected - :0
Cleanup mono
CodeReloadManager destroyed
abort_threads: Failed aborting id: 0000000000004278, mono_thread_manage will ignore it

abort_threads: Failed aborting id: 0000000000005200, mono_thread_manage will ignore it

abort_threads: Failed aborting id: 0000000000004278, mono_thread_manage will ignore it

abort_threads: Failed aborting id: 0000000000005200, mono_thread_manage will ignore it

Leak Detected : Persistent allocates 1 individual allocations. To find out more please enable 'Preferences > Jobs > Leak Detection Level > Enabled With Stack Trace' and reproduce the leak again.
debugger-agent: Unable to listen on 3428
Checking for leaked weakptr:
  Found no leaked weakptrs.
[Package Manager] Server process was shutdown
##utp:{"type":"MemoryLeaks","version":2,"phase":"Immediate","time":1790698871262,"processId":8484,"allocatedMemory":16261703,"memoryLabels":[{"Default":198741},{"Permanent":15516},{"NewDelete":70503},{"Thread":4118136},{"Manager":33253},{"VertexData":8},{"Geometry":816},{"Texture":24},{"Shader":857068},{"Material":24},{"GfxDevice":56072},{"Animation":952},{"FreeType":8},{"FontEngine":736},{"Physics":1970},{"Physics2D":16},{"Serialization":16768},{"Input":42840},{"JobScheduler":256},{"TextLib":336},{"Mono":48},{"MonoCode":64},{"ScriptingNativeRuntime":1439832},{"BaseObject":130704},{"Resource":1208},{"Renderer":2376},{"Transform":4685},{"File":13323},{"WebCam":616},{"Culling":32},{"Terrain":11442},{"Wind":24},{"STL":40},{"String":955581},{"StaticString":3808},{"Utility":2674262},{"Curl":2498},{"PoolAlloc":2264},{"AI":80},{"TypeTree":14869},{"ScriptManager":18960},{"CodeReload":448},{"RuntimeInitializeOnLoadManager":64},{"Sprites":102},{"SpriteAtlas":120},{"GI":7816},{"Director":8296},{"CloudService":432},{"WebRequest":552},{"VR":49650},{"SceneManager":608},{"Video":112},{"LazyScriptCache":32},{"Camera":729},{"Secure":2377},{"SerializationCache":9256},{"APIUpdating":10320},{"Subsystems":336},{"VirtualTexturing":57888},{"StaticSafetyDebugInfo":278528},{"Analytics":464},{"Hierarchy":1188},{"UIElements":40},{"CoreStats":14456},{"Identifiers":7152},{"Gui":128},{"EditorUtility":117392},{"VersionControl":8},{"Undo":931},{"AssetDatabase":4944495},{"AssetImporter":40},{"EditorGi":328},{"UnityConnect":40513},{"Upm":1912},{"UpmDiagnostics":8},{"AssetCompliance":96},{"DrivenProperties":72},{"LocalIPC":213},{"ProfilerEditor":9746},{"CoreBusinessMetrics":3208},{"Windowing":456},{"Licensing":1264},{"AssetReference":32},{"IPCStream":32}]}
